first_name,last_name,gender,email,phone
Katlin,Tyzack,Female,ktyzack0@usatoday.com,397 733 4777
Philip,Caulcott,Male,pcaulcott1@nih.gov,619 986 2388
Katy,Luffman,Female,kluffman2@businessweek.com,288 599 5371
Goober,Rodell,Male,grodell3@shareasale.com,557 190 5680
Silvester,Pooke,Male,spooke4@oracle.com,270 330 3705
Danella,Leathlay,Female,dleathlay5@cbc.ca,277 478 7365
Xylia,Brugger,Female,xbrugger6@tuttocitta.it,232 341 2712
Rebecka,Van Dalen,Female,rvandalen7@dropbox.com,913 310 5660
Amitie,Glassborow,Female,aglassborow8@diigo.com,578 564 8710
Son,Studde,Male,sstudde9@marketwatch.com,417 854 0695
Robb,Monday,Bigender,rmondaya@time.com,216 749 6973
Sidnee,Isakovitch,Genderqueer,sisakovitchb@scribd.com,520 600 4495
Finlay,Furmedge,Non-binary,ffurmedgec@miitbeian.gov.cn,357 760 0985
Olivia,Honisch,Female,ohonischd@mediafire.com,519 707 3142
Ellynn,Teall,Female,etealle@hp.com,127 192 1150
Armando,Rittelmeyer,Male,arittelmeyerf@un.org,367 248 9284
Germain,Georgiev,Genderqueer,ggeorgievg@mediafire.com,468 629 9653
Elijah,Plewman,Bigender,eplewmanh@hc360.com,244 855 1584
Lanae,Dearsley,Female,ldearsleyi@boston.com,899 384 4745
Ethelred,Cramphorn,Male,ecramphornj@unicef.org,919 655 1993
Merwin,Rosenbush,Male,mrosenbushk@theguardian.com,755 390 3776
Marget,Drewson,Female,mdrewsonl@fotki.com,898 672 9386
Demetrius,Edgeon,Male,dedgeonm@hostgator.com,363 380 6878
Charlie,Dawidman,Male,cdawidmann@cargocollective.com,555 701 3269
Sandro,Theaker,Male,stheakero@google.com.br,410 872 6927
Dane,Sillito,Male,dsillitop@dropbox.com,410 626 2108
Batsheva,Aldwich,Female,baldwichq@themeforest.net,364 551 3810
Odo,Brownstein,Male,obrownsteinr@theglobeandmail.com,146 970 6730
Ardisj,Knocker,Female,aknockers@scribd.com,492 876 3017
Malvina,Browning,Female,mbrowningt@pen.io,564 282 5920
Agna,Hufton,Agender,ahuftonu@shutterfly.com,657 295 0570
Sindee,Paulazzi,Female,spaulazziv@prweb.com,401 515 6956
Earlie,Feckey,Male,efeckeyw@163.com,702 125 1057
Brittney,Henric,Female,bhenricx@fda.gov,223 617 8741
Harriot,Mustoe,Female,hmustoey@bravesites.com,233 393 1975
Leigh,Pfeffel,Female,lpfeffelz@blogger.com,261 149 3787
Win,Heakey,Male,wheakey10@etsy.com,614 670 7101
Cristian,Jecks,Male,cjecks11@adobe.com,681 535 0032
Lucilia,Guilloneau,Female,lguilloneau12@cbsnews.com,955 829 5895
Sheffield,Longmate,Male,slongmate13@cam.ac.uk,585 949 4277
Dallas,Chatelain,Female,dchatelain14@flavors.me,187 202 3243
Kasper,Iddons,Male,kiddons15@examiner.com,992 262 1343
Dallis,Davinet,Male,ddavinet16@surveymonkey.com,364 277 7990
Amalea,Duffill,Female,aduffill17@house.gov,150 126 0462
Kingsley,Niesegen,Male,kniesegen18@dion.ne.jp,966 920 6103
Ainslie,Sturge,Female,asturge19@t-online.de,129 369 6443
Arv,Burdass,Male,aburdass1a@paginegialle.it,764 195 2420
Clayton,Malitrott,Male,cmalitrott1b@flickr.com,478 311 4972
Murielle,Muir,Female,mmuir1c@e-recht24.de,503 184 4947
Mommy,Saffrin,Female,msaffrin1d@theguardian.com,958 588 6857
Saxon,Oran,Male,soran1e@cpanel.net,292 616 6314
Zilvia,Twidle,Female,ztwidle1f@about.com,303 750 0527
Torry,Quernel,Male,tquernel1g@boston.com,981 997 6852
Page,Empringham,Male,pempringham1h@squarespace.com,925 596 4505
Sylvia,Cave,Female,scave1i@who.int,182 894 3104
Luigi,Kops,Male,lkops1j@51.la,386 267 1716
Armin,Ronchka,Male,aronchka1k@phpbb.com,825 826 6198
Harlin,Funnell,Male,hfunnell1l@dell.com,451 378 9824
Zacharie,Mosdell,Male,zmosdell1m@sitemeter.com,481 336 1787
Jamison,Lockier,Male,jlockier1n@hp.com,555 379 4848
Elia,Ungerer,Non-binary,eungerer1o@facebook.com,872 604 9020
Sydelle,Bulter,Female,sbulter1p@mediafire.com,824 225 9756
Jeramey,Ridewood,Male,jridewood1q@theglobeandmail.com,593 158 1853
Olly,Fasse,Female,ofasse1r@mit.edu,436 538 2645
Isa,Suston,Male,isuston1s@hp.com,711 260 7794
Pembroke,Birchill,Male,pbirchill1t@netscape.com,643 561 3331
Ashely,Hawford,Female,ahawford1u@csmonitor.com,866 955 6520
Tanner,Longhorne,Male,tlonghorne1v@youtube.com,221 332 7232
Steffie,Northey,Female,snorthey1w@admin.ch,372 151 0002
Loleta,Lynskey,Female,llynskey1x@unc.edu,610 124 2752
Edwin,Perren,Male,eperren1y@google.it,421 673 6497
Aldus,Vinnicombe,Male,avinnicombe1z@abc.net.au,524 868 1018
Erin,Touret,Female,etouret20@eepurl.com,653 869 1897
Sharleen,Shapland,Female,sshapland21@bluehost.com,392 690 7679
Ariel,Lupton,Female,alupton22@nydailynews.com,753 103 5565
Amalie,Stanislaw,Agender,astanislaw23@independent.co.uk,487 552 6581
Merwin,Garza,Male,mgarza24@arstechnica.com,838 850 3733
Elena,Aspole,Female,easpole25@oracle.com,302 394 4558
Linnell,Cornils,Female,lcornils26@hao123.com,152 421 1205
Decca,Coombes,Genderqueer,dcoombes27@devhub.com,119 636 1439
Michal,Turfitt,Male,mturfitt28@goo.gl,434 590 2750
Care,Poytheras,Male,cpoytheras29@sakura.ne.jp,565 688 1253
Aryn,Went,Female,awent2a@list-manage.com,481 434 2551
Sarge,Gambell,Male,sgambell2b@soup.io,565 304 2043
Tripp,Newbury,Male,tnewbury2c@auda.org.au,394 768 7860
Karita,Batalini,Female,kbatalini2d@utexas.edu,667 770 9976
Adorne,Pendre,Female,apendre2e@ted.com,519 572 5392
Verge,Danielczyk,Male,vdanielczyk2f@fda.gov,291 619 3137
Grace,Auton,Male,gauton2g@gov.uk,988 461 4674
Dermot,Janiak,Male,djaniak2h@taobao.com,771 779 1870
Freddy,Wolton,Male,fwolton2i@amazon.co.jp,486 187 8117
Tarrah,Reijmers,Female,treijmers2j@hexun.com,958 548 0620
Simona,Ronnay,Female,sronnay2k@eepurl.com,376 835 3950
Webb,Santostefano.,Male,wsantostefano2l@yahoo.com,864 625 1503
Laraine,Matthiae,Female,lmatthiae2m@prlog.org,279 229 9185
Trey,Clendennen,Male,tclendennen2n@discovery.com,134 943 9778
Aubrey,Adamov,Female,aadamov2o@ehow.com,235 886 9779
Boone,Pywell,Agender,bpywell2p@amazon.co.uk,666 585 9309
Katusha,Hamby,Female,khamby2q@tiny.cc,693 374 5952
Cookie,Minerdo,Female,cminerdo2r@wikispaces.com,113 383 4724
Aloisia,Cranmer,Female,acranmer2s@ocn.ne.jp,463 932 4061
Isadora,Wolstencroft,Female,iwolstencroft2t@jalbum.net,158 817 3749
Wakefield,Wastall,Male,wwastall2u@bandcamp.com,881 647 5835
Ezmeralda,Oleshunin,Female,eoleshunin2v@ucoz.ru,867 637 6167
Niel,Eacle,Genderfluid,neacle2w@msu.edu,643 380 6299
Conant,Saul,Male,csaul2x@pinterest.com,967 141 0075
Cobby,Tordiffe,Male,ctordiffe2y@tinypic.com,458 330 5920
Thebault,Schwaiger,Male,tschwaiger2z@abc.net.au,820 141 0710
Aloisia,Rachuig,Female,arachuig30@techcrunch.com,916 669 0106
Mason,Asaaf,Male,masaaf31@shop-pro.jp,438 320 8073
Ophelia,Kinworthy,Female,okinworthy32@marriott.com,283 955 9236
Berti,Blake,Male,bblake33@theguardian.com,672 318 8070
Emeline,Puckring,Female,epuckring34@cbc.ca,335 575 4953
Nestor,Aim,Male,naim35@cnn.com,982 571 7236
Rhona,Nares,Polygender,rnares36@sciencedaily.com,335 421 0396
Marlena,Morville,Female,mmorville37@gizmodo.com,289 304 7889
Tabb,Burgwyn,Male,tburgwyn38@zdnet.com,534 841 3007
Paule,Greig,Female,pgreig39@google.es,543 408 5540
Pascale,Lidyard,Male,plidyard3a@earthlink.net,991 307 1164
Calv,Harbard,Male,charbard3b@sitemeter.com,979 389 1301
Oralle,Dudenie,Female,odudenie3c@chicagotribune.com,179 364 5301
Aindrea,Vicker,Female,avicker3d@networkadvertising.org,447 513 8860
Lydia,Henrion,Female,lhenrion3e@rakuten.co.jp,126 327 8212
Herold,Brimblecombe,Male,hbrimblecombe3f@homestead.com,717 467 0237
Toddie,Maguire,Male,tmaguire3g@cdc.gov,846 608 7150
Archambault,Vasnev,Male,avasnev3h@purevolume.com,614 821 3099
Christan,Trowl,Female,ctrowl3i@sakura.ne.jp,569 611 4897
Justus,Yantsurev,Male,jyantsurev3j@woothemes.com,289 551 8034
Hebert,Airdrie,Male,hairdrie3k@webs.com,792 753 2815
Patrice,Wildey,Polygender,pwildey3l@buzzfeed.com,829 186 2789
Barbra,Frowing,Female,bfrowing3m@dell.com,244 719 2215
Antoni,Gale,Male,agale3n@yellowpages.com,827 727 3704
Murdoch,Tall,Male,mtall3o@whitehouse.gov,902 978 7042
Windham,Banbury,Male,wbanbury3p@purevolume.com,732 588 0013
Chris,Corde,Female,ccorde3q@cbc.ca,324 795 3169
Rupert,Regi,Male,rregi3r@cloudflare.com,379 237 2057
Corrianne,Stripp,Female,cstripp3s@sphinn.com,546 445 4977
Rebeka,Chessil,Female,rchessil3t@army.mil,398 709 7981
Dara,Clymer,Non-binary,dclymer3u@amazonaws.com,245 756 6429
Cacilia,Cocozza,Female,ccocozza3v@privacy.gov.au,273 238 1925
Gizela,Mathwin,Female,gmathwin3w@godaddy.com,439 570 4756
Elsey,Fewless,Female,efewless3x@live.com,607 898 2980
Tiebold,Parrish,Male,tparrish3y@feedburner.com,789 339 4624
Manny,Dennidge,Male,mdennidge3z@rediff.com,279 969 3566
Nadeen,Coveney,Female,ncoveney40@forbes.com,938 252 4269
Grover,Mateev,Male,gmateev41@china.com.cn,230 841 2125
Timotheus,Sharman,Male,tsharman42@miibeian.gov.cn,599 783 3553
Jaine,Payle,Female,jpayle43@nhs.uk,287 676 9108
Consuela,Bellwood,Female,cbellwood44@booking.com,519 405 4532
Gran,Hayles,Male,ghayles45@un.org,602 216 4281
Bertie,Faux,Female,bfaux46@mashable.com,914 782 6013
Skippie,Chaney,Male,schaney47@yellowbook.com,187 881 6983
Denyse,Hallowes,Female,dhallowes48@google.cn,352 352 5537
Betsey,Turbat,Female,bturbat49@yellowbook.com,163 678 4382
Gerry,Vearncombe,Polygender,gvearncombe4a@alibaba.com,359 611 4519
Rosaleen,Curle,Genderfluid,rcurle4b@hud.gov,663 848 8676
Yelena,Zecchi,Polygender,yzecchi4c@infoseek.co.jp,805 526 6200
Clemmy,Guillet,Polygender,cguillet4d@cnet.com,660 339 2493
Maybelle,Cholonin,Female,mcholonin4e@facebook.com,751 131 5779
Shellie,Faithorn,Female,sfaithorn4f@gmpg.org,827 451 8665
Howey,Groocock,Male,hgroocock4g@psu.edu,490 375 4937
Carlie,McKim,Male,cmckim4h@house.gov,985 482 7155
Palmer,Clemitt,Male,pclemitt4i@yahoo.com,863 854 4201
Susanetta,Dods,Female,sdods4j@cocolog-nifty.com,601 186 8328
Doralynn,Thoms,Polygender,dthoms4k@blinklist.com,511 749 8324
Caritta,Kinneally,Female,ckinneally4l@livejournal.com,931 398 3491
Thayne,Pardon,Male,tpardon4m@weibo.com,864 968 5379
Harbert,Thomason,Male,hthomason4n@dot.gov,380 296 2711
Nestor,Shilito,Male,nshilito4o@com.com,635 822 1255
Jecho,Buswell,Male,jbuswell4p@pagesperso-orange.fr,343 870 9128
Valina,Crut,Female,vcrut4q@soup.io,585 511 7210
Benedict,Domney,Male,bdomney4r@a8.net,537 573 8667
Elvis,Foro,Non-binary,eforo4s@youku.com,183 522 0273
Brennen,Kochlin,Male,bkochlin4t@prnewswire.com,152 925 5759
Tiffany,Kale,Polygender,tkale4u@cyberchimps.com,894 320 1578
Ives,Korda,Male,ikorda4v@unc.edu,114 152 7524
Reilly,Fairfoull,Male,rfairfoull4w@mit.edu,917 201 7697
Grannie,Filipchikov,Male,gfilipchikov4x@nba.com,868 888 0997
Stafani,Baynton,Female,sbaynton4y@google.com,743 999 9499
Benton,Raisher,Male,braisher4z@ovh.net,302 339 0430
Rogers,Theobold,Male,rtheobold50@pcworld.com,358 668 4312
Panchito,Bigham,Male,pbigham51@ning.com,563 923 4251
Zebulen,Loiterton,Male,zloiterton52@msn.com,766 933 9817
Fitz,Exelby,Male,fexelby53@shop-pro.jp,895 922 0411
Marin,Williamson,Female,mwilliamson54@marketwatch.com,717 511 3018
Basilio,Simenet,Male,bsimenet55@aboutads.info,441 441 3095
Sylvan,Borchardt,Male,sborchardt56@pinterest.com,936 234 0882
Joli,Goldfinch,Female,jgoldfinch57@ted.com,276 864 2712
Alden,Hundy,Male,ahundy58@google.com.hk,165 117 3771
Nola,Penni,Female,npenni59@w3.org,257 250 6117
Abbe,Jenman,Female,ajenman5a@fema.gov,324 359 8097
Nonnah,Zucker,Female,nzucker5b@soundcloud.com,711 124 2795
Wynny,Hudghton,Female,whudghton5c@icio.us,589 232 9467
Marguerite,Skaid,Female,mskaid5d@globo.com,797 908 0046
Jobina,Sycamore,Female,jsycamore5e@baidu.com,579 370 1351
Chickie,Lavell,Female,clavell5f@ocn.ne.jp,644 365 8928
Francisco,Cellier,Male,fcellier5g@cpanel.net,223 789 2196
Seumas,MacCardle,Male,smaccardle5h@nps.gov,786 451 3597
Sandi,Gallymore,Female,sgallymore5i@ning.com,422 128 9254
Shaylah,O' Culligan,Female,soculligan5j@tripadvisor.com,360 470 7690
Bjorn,Worsam,Male,bworsam5k@princeton.edu,715 286 4310
Joaquin,Verillo,Male,jverillo5l@newyorker.com,549 418 0115
Kaile,Dionisetti,Female,kdionisetti5m@house.gov,459 686 8973
Raddie,Dodding,Polygender,rdodding5n@scribd.com,310 908 6283
Layla,Cristofolini,Female,lcristofolini5o@skyrock.com,938 872 2563
Jocko,Kahn,Male,jkahn5p@oaic.gov.au,682 833 3736
Paolo,Hurich,Male,phurich5q@tuttocitta.it,249 199 3385
Sena,Kenyon,Female,skenyon5r@yahoo.co.jp,218 405 5509
Sabrina,Brabon,Female,sbrabon5s@samsung.com,848 494 9087
Livia,Dagg,Genderqueer,ldagg5t@reuters.com,289 224 1779
Deeyn,Priver,Female,dpriver5u@timesonline.co.uk,803 139 6707
Dorita,Romanetti,Genderfluid,dromanetti5v@1688.com,717 859 3746
Shellysheldon,Morando,Male,smorando5w@redcross.org,611 370 7052
Morgana,Miebes,Female,mmiebes5x@ibm.com,650 681 5273
Carlos,Royall,Genderqueer,croyall5y@ustream.tv,869 694 9347
Patricio,Stonhouse,Male,pstonhouse5z@google.ru,200 233 5497
Lek,Assiratti,Male,lassiratti60@google.co.jp,726 386 0522
Kirby,Kohnemann,Female,kkohnemann61@cisco.com,587 497 0256
Kory,Aslam,Male,kaslam62@hhs.gov,898 729 8550
Monty,O'Bruen,Genderfluid,mobruen63@skype.com,111 751 5354
Cati,Sadler,Female,csadler64@sohu.com,336 720 2663
Lucias,Richmond,Male,lrichmond65@linkedin.com,420 632 0313
Benny,Ducarne,Male,bducarne66@uol.com.br,888 192 5329
Odo,Aicheson,Male,oaicheson67@arizona.edu,149 447 4961
Eva,McGhee,Female,emcghee68@simplemachines.org,366 270 5974
Siward,Appleyard,Male,sappleyard69@tinyurl.com,996 822 3874
Mellie,Spinas,Female,mspinas6a@livejournal.com,271 694 5734
Merrile,Fantham,Female,mfantham6b@jigsy.com,582 735 1953
Lyman,Ovendon,Non-binary,lovendon6c@google.es,386 838 6668
Duane,Novotna,Male,dnovotna6d@plala.or.jp,640 386 5022
Tallou,Keattch,Female,tkeattch6e@nifty.com,737 766 6343
Percy,Allen,Male,pallen6f@yellowpages.com,193 397 0796
Maggi,Olenov,Female,molenov6g@blog.com,823 696 9720
Jimmie,Denisot,Male,jdenisot6h@ox.ac.uk,408 636 3711
Noach,Swindle,Male,nswindle6i@surveymonkey.com,254 168 6497
Garrard,Gives,Male,ggives6j@earthlink.net,230 987 9476
Winny,Phalp,Agender,wphalp6k@mac.com,764 839 8791
Teddi,McConnell,Female,tmcconnell6l@slate.com,959 782 5697
Vittorio,Collett,Non-binary,vcollett6m@histats.com,952 157 1043
Davy,Matthaus,Male,dmatthaus6n@amazon.co.uk,459 153 0978
Mozelle,Tull,Female,mtull6o@whitehouse.gov,703 669 8215
Sullivan,Kilian,Male,skilian6p@hud.gov,427 986 2345
Bette-ann,Ashall,Female,bashall6q@alexa.com,704 271 4392
Ariel,Maxwale,Male,amaxwale6r@sbwire.com,651 996 4958
Tamarah,Oakenfall,Female,toakenfall6s@webs.com,882 382 8547
Town,Mitcheson,Genderqueer,tmitcheson6t@wikispaces.com,850 911 5247
Abram,Mattusevich,Male,amattusevich6u@1und1.de,413 519 3582
Farrel,Halls,Male,fhalls6v@wikispaces.com,539 156 0759
Lindsey,Harken,Male,lharken6w@taobao.com,797 791 8388
Tiffany,Donwell,Female,tdonwell6x@buzzfeed.com,169 491 0482
Erwin,Just,Male,ejust6y@ehow.com,108 296 0293
Gray,Fassam,Male,gfassam6z@abc.net.au,984 589 5183
Wang,Gerardeaux,Genderfluid,wgerardeaux70@businesswire.com,604 140 7996
Barby,Wybron,Female,bwybron71@sohu.com,631 822 1036
Elvira,Crosse,Female,ecrosse72@jiathis.com,111 672 0727
Eduino,Canti,Male,ecanti73@bizjournals.com,357 646 5016
Vivienne,Yarnton,Female,vyarnton74@bravesites.com,651 730 4992
Dorie,Bourton,Polygender,dbourton75@narod.ru,227 359 9259
Liam,Durbin,Male,ldurbin76@surveymonkey.com,723 946 8618
Cullin,Hryskiewicz,Male,chryskiewicz77@dagondesign.com,626 389 9150
Maudie,Huddy,Female,mhuddy78@istockphoto.com,986 216 9984
Starlin,Trevallion,Agender,strevallion79@nymag.com,531 560 9146
Ferdinande,Armin,Genderfluid,farmin7a@theatlantic.com,121 696 0859
Elmore,Roakes,Male,eroakes7b@toplist.cz,386 785 0013
Webster,Stronge,Male,wstronge7c@ucoz.com,705 837 8058
Natal,Bobasch,Male,nbobasch7d@yelp.com,775 737 5384
Carita,Grabb,Polygender,cgrabb7e@un.org,280 752 0138
Madelyn,Poulton,Female,mpoulton7f@vistaprint.com,102 980 5109
Jeffie,Condliffe,Male,jcondliffe7g@nhs.uk,973 906 7491
Sigismund,Swanborrow,Male,sswanborrow7h@bandcamp.com,270 709 1117
Roley,Aries,Male,raries7i@telegraph.co.uk,417 790 8062
De witt,Rosenkrantz,Bigender,drosenkrantz7j@google.es,252 263 1342
Fairleigh,Hof,Male,fhof7k@blogtalkradio.com,973 566 7238
Melvin,Songer,Male,msonger7l@imageshack.us,275 143 3497
Leonid,Hender,Male,lhender7m@noaa.gov,424 581 4750
Fawnia,Rock,Female,frock7n@businessweek.com,703 875 6996
Saw,Stook,Male,sstook7o@dagondesign.com,685 976 4197
Halette,Braizier,Female,hbraizier7p@wufoo.com,560 189 1327
Kenny,Valiant,Male,kvaliant7q@omniture.com,373 873 2498
Ken,Clopton,Male,kclopton7r@wordpress.com,396 653 4276
Davy,Micklem,Male,dmicklem7s@pbs.org,565 934 1336
Maria,Tothacot,Female,mtothacot7t@free.fr,573 362 8154
Cello,Hurle,Bigender,churle7u@usa.gov,107 157 8370
Noelle,Campos,Female,ncampos7v@wikispaces.com,443 148 8559
Alfie,Bowcock,Male,abowcock7w@fc2.com,259 847 1545
Prinz,Nealon,Male,pnealon7x@mtv.com,155 144 1834
Meris,Pickhaver,Female,mpickhaver7y@cpanel.net,666 623 2531
Missie,Hanrahan,Female,mhanrahan7z@typepad.com,817 939 1792
Wendi,Dixey,Female,wdixey80@homestead.com,233 519 1142
Joachim,Benoiton,Male,jbenoiton81@ihg.com,230 234 2295
Maryanna,Volett,Female,mvolett82@guardian.co.uk,482 858 2466
Guglielmo,Iacovini,Genderfluid,giacovini83@mayoclinic.com,968 506 9248
Auberon,Broscombe,Male,abroscombe84@wufoo.com,320 490 9742
Any,Pearcy,Polygender,apearcy85@scribd.com,724 897 3100
Luce,Wilder,Female,lwilder86@alibaba.com,311 448 9291
Yule,Wrightim,Male,ywrightim87@wunderground.com,680 283 9601
Fifine,Persse,Female,fpersse88@gravatar.com,133 155 7075
Yolande,Haisell,Female,yhaisell89@independent.co.uk,925 747 8822
Herbie,Tuddenham,Male,htuddenham8a@ed.gov,567 132 5043
Clyde,Le Estut,Polygender,cleestut8b@simplemachines.org,207 165 3825
Donnell,Serjeant,Male,dserjeant8c@symantec.com,343 341 0826
Emmery,Thunderchief,Male,ethunderchief8d@springer.com,915 259 5757
Rafa,Ivimey,Female,rivimey8e@ezinearticles.com,596 695 4049
Artair,Sparshatt,Male,asparshatt8f@tiny.cc,852 936 0038
Roanna,Comizzoli,Female,rcomizzoli8g@hao123.com,644 375 2437
Beniamino,Helwig,Male,bhelwig8h@wikipedia.org,644 789 6611
Sigismund,Fernao,Genderqueer,sfernao8i@shareasale.com,854 542 2652
Ranice,Balchin,Female,rbalchin8j@alibaba.com,729 526 0369
Mariette,Mulqueen,Genderfluid,mmulqueen8k@businessweek.com,856 520 2781
Cthrine,Faragher,Female,cfaragher8l@example.com,644 995 4289
Isak,Wort,Male,iwort8m@posterous.com,597 482 3857
Mame,Pitone,Female,mpitone8n@google.pl,511 512 2923
Glen,Farrin,Female,gfarrin8o@cdc.gov,344 803 3010
Theresa,Sargent,Female,tsargent8p@cdbaby.com,558 301 1786
Bald,Mylan,Male,bmylan8q@goo.ne.jp,414 599 5662
Virgie,Magson,Non-binary,vmagson8r@yale.edu,644 460 4835
Delilah,Tremethack,Female,dtremethack8s@icq.com,656 880 0314
Breena,Burgoyne,Female,bburgoyne8t@naver.com,431 833 8607
Bearnard,Jobbings,Male,bjobbings8u@yellowbook.com,240 536 6871
Lanie,MacDermand,Male,lmacdermand8v@europa.eu,930 415 5890
Margaux,Thyer,Female,mthyer8w@ed.gov,230 503 2966
Aubrey,Bradnum,Female,abradnum8x@princeton.edu,459 901 9146
David,Crichton,Male,dcrichton8y@skyrock.com,994 920 9515
Lilla,Duding,Female,lduding8z@miibeian.gov.cn,217 478 4545
Tulley,Moar,Male,tmoar90@mashable.com,316 506 9986
Bibbie,Suthren,Genderfluid,bsuthren91@bigcartel.com,866 361 3665
Yalonda,Skains,Female,yskains92@angelfire.com,992 357 0943
Ashlie,Luxon,Female,aluxon93@army.mil,692 361 2923
Ailina,Borrett,Non-binary,aborrett94@pbs.org,389 834 5161
Dillon,Moorhouse,Male,dmoorhouse95@reference.com,220 996 5450
Cherida,Ilott,Polygender,cilott96@hugedomains.com,348 383 1188
Dorolisa,Deeks,Female,ddeeks97@omniture.com,245 508 5464
Briano,Woolveridge,Male,bwoolveridge98@blogspot.com,536 352 0640
Grove,Baise,Male,gbaise99@sina.com.cn,276 235 7381
Albie,McOnie,Male,amconie9a@list-manage.com,381 533 2758
Robby,Bosenworth,Polygender,rbosenworth9b@creativecommons.org,859 130 9216
Jarad,Fairhead,Bigender,jfairhead9c@wikia.com,925 977 6184
Shermy,Brixey,Male,sbrixey9d@aol.com,343 814 0533
Laurianne,Nealand,Agender,lnealand9e@cmu.edu,423 624 6903
Malachi,Braybrook,Agender,mbraybrook9f@hubpages.com,320 667 0852
Yetty,Jemmison,Female,yjemmison9g@netvibes.com,673 148 8798
Quillan,Sowerby,Male,qsowerby9h@moonfruit.com,579 830 1607
Jackie,McCaughey,Male,jmccaughey9i@kickstarter.com,606 376 1105
Leone,Uvedale,Female,luvedale9j@uiuc.edu,274 657 5182
Cris,Castro,Male,ccastro9k@symantec.com,904 146 0319
Byran,Aggiss,Male,baggiss9l@mlb.com,396 781 8550
Olwen,Cregg,Female,ocregg9m@deliciousdays.com,773 671 3518
Chancey,Durban,Male,cdurban9n@wordpress.com,101 573 0836
Celestina,Rubinfajn,Female,crubinfajn9o@utexas.edu,328 823 4271
Jeff,Gregory,Male,jgregory9p@wsj.com,374 812 5493
Bird,Bratcher,Female,bbratcher9q@slate.com,919 270 9272
Cathi,Eam,Female,ceam9r@amazon.de,299 203 9526
Normie,Skipping,Male,nskipping9s@histats.com,281 925 2479
Joceline,Beeres,Female,jbeeres9t@vinaora.com,441 958 1274
Kahlil,Bracken,Male,kbracken9u@infoseek.co.jp,611 303 4030
Mavis,Rummer,Female,mrummer9v@jalbum.net,860 184 0875
Ephraim,Ziemsen,Male,eziemsen9w@vimeo.com,266 866 9495
Olympe,Easun,Female,oeasun9x@berkeley.edu,104 725 5254
Livia,Gilardengo,Female,lgilardengo9y@oaic.gov.au,309 128 2086
Wiley,Wolver,Genderqueer,wwolver9z@businessinsider.com,395 641 6937
Neil,Dimsdale,Male,ndimsdalea0@usda.gov,652 366 4908
Genvieve,Nisen,Female,gnisena1@usnews.com,807 441 8004
Maribeth,Seamer,Female,mseamera2@squidoo.com,160 932 6228
Rosina,Deakins,Female,rdeakinsa3@cornell.edu,692 115 8734
Amberly,Hiddsley,Female,ahiddsleya4@w3.org,731 809 7517
Hatti,Stendell,Female,hstendella5@examiner.com,467 571 9335
Cory,Pedden,Female,cpeddena6@cbc.ca,766 951 0950
Georgena,Litton,Female,glittona7@lulu.com,865 526 6710
Camila,Greenough,Bigender,cgreenougha8@nba.com,166 411 4548
Agnola,Wheatcroft,Female,awheatcrofta9@upenn.edu,935 811 1500
Brena,Sarney,Female,bsarneyaa@imgur.com,537 474 3072
Boony,Smithers,Male,bsmithersab@redcross.org,853 418 8073
Mira,Coward,Female,mcowardac@tinypic.com,523 293 0804
Albertine,Hyndson,Female,ahyndsonad@theguardian.com,611 201 1032
Caril,Grgic,Female,cgrgicae@xrea.com,294 667 9886
Sharona,Wincom,Female,swincomaf@go.com,346 301 8435
Victor,Foddy,Male,vfoddyag@apple.com,198 893 9819
Marlane,Simnell,Female,msimnellah@smugmug.com,891 465 9761
Sibel,Fattori,Female,sfattoriai@princeton.edu,892 615 0715
Sunny,Sreenan,Male,ssreenanaj@pinterest.com,274 303 6831
Frans,Bracci,Male,fbracciak@ovh.net,527 350 2171
Ariella,Roset,Bigender,arosetal@csmonitor.com,313 227 5395
Kasper,Fealey,Male,kfealeyam@friendfeed.com,250 306 9313
Boot,Ragat,Male,bragatan@live.com,386 145 0393
Edgardo,Cowerd,Male,ecowerdao@deliciousdays.com,748 652 8051
Morgen,Goodliffe,Female,mgoodliffeap@example.com,571 604 6208
Aldin,Boykett,Male,aboykettaq@cloudflare.com,782 575 8252
Caesar,Ramelot,Male,cramelotar@booking.com,418 190 2723
Sheba,Hamper,Bigender,shamperas@marriott.com,989 802 9559
Donny,Medgewick,Female,dmedgewickat@booking.com,493 995 6001
Norbie,Butfield,Male,nbutfieldau@multiply.com,591 777 7552
Aloysius,Garlee,Male,agarleeav@wired.com,900 516 6037
Hart,Philps,Male,hphilpsaw@npr.org,432 236 7590
Kiley,Durtnel,Male,kdurtnelax@npr.org,626 739 8630
Mellisent,Caroline,Female,mcarolineay@vistaprint.com,757 149 2025
Alisun,Bassingden,Female,abassingdenaz@businessweek.com,532 235 2516
Jolee,Guthrum,Female,jguthrumb0@eventbrite.com,256 190 9434
Waiter,Elstob,Male,welstobb1@unc.edu,213 702 5495
Gib,Szimoni,Male,gszimonib2@linkedin.com,512 331 2567
Tine,Busek,Female,tbusekb3@sciencedirect.com,509 800 3915
Mechelle,Wimmers,Female,mwimmersb4@vkontakte.ru,700 928 1421
Jaymee,Gilchriest,Female,jgilchriestb5@google.nl,364 296 5049
Maryann,Boulter,Female,mboulterb6@amazon.com,692 183 4284
Barret,Rraundl,Male,brraundlb7@wikimedia.org,204 296 1499
Bar,Beedle,Bigender,bbeedleb8@e-recht24.de,296 831 3229
Karoline,Infantino,Female,kinfantinob9@princeton.edu,884 264 7787
Barris,Panas,Male,bpanasba@jugem.jp,257 934 7564
Torrey,Cready,Male,tcreadybb@mac.com,679 230 6729
Ber,Cossar,Male,bcossarbc@ftc.gov,356 289 2234
Enriqueta,Laidlow,Female,elaidlowbd@alibaba.com,298 847 6735
Amata,Gabbitis,Non-binary,agabbitisbe@examiner.com,505 703 5075
Charmain,Dachey,Female,cdacheybf@shop-pro.jp,414 571 5457
Zebadiah,Fairlamb,Male,zfairlambbg@nationalgeographic.com,160 566 2030
Homerus,Frascone,Male,hfrasconebh@rambler.ru,698 588 2881
Sonnie,Stares,Male,sstaresbi@omniture.com,875 310 9267
Albie,Gullivent,Male,agulliventbj@a8.net,696 280 2760
Reinold,Hartrick,Male,rhartrickbk@unc.edu,817 706 2703
Mahmud,Droghan,Male,mdroghanbl@prweb.com,882 797 0258
Josselyn,Healey,Female,jhealeybm@tinypic.com,786 162 6409
Jerrilee,Bartzen,Female,jbartzenbn@bloglines.com,796 675 6967
Nita,Pigrome,Female,npigromebo@dyndns.org,854 498 4922
Helenka,Geffcock,Female,hgeffcockbp@studiopress.com,571 103 9441
Felizio,Basek,Male,fbasekbq@who.int,818 991 9755
Olenolin,Lebrun,Male,olebrunbr@biblegateway.com,258 530 4747
Sherwood,Pigdon,Male,spigdonbs@shutterfly.com,251 654 1379
Amandie,Merrall,Female,amerrallbt@japanpost.jp,215 287 5753
Tanney,Mosconi,Male,tmosconibu@discuz.net,532 343 5193
Franz,Tattersdill,Male,ftattersdillbv@zimbio.com,955 172 0343
Burtie,Moulson,Non-binary,bmoulsonbw@imgur.com,810 108 0280
Marlow,Skeel,Male,mskeelbx@vimeo.com,788 332 4143
Chev,Vigors,Male,cvigorsby@jimdo.com,387 332 5157
Alec,January 1st,Male,ajanuarystbz@dyndns.org,615 771 3786
Brose,Denmead,Male,bdenmeadc0@fc2.com,365 692 8824
Christoforo,Misson,Male,cmissonc1@hp.com,473 190 1375
Tandie,Gritten,Female,tgrittenc2@economist.com,539 592 2577
Carolyne,Betty,Female,cbettyc3@netvibes.com,992 480 1987
Ariadne,Wetherhead,Female,awetherheadc4@infoseek.co.jp,650 434 0193
Minette,Wilprecht,Female,mwilprechtc5@fema.gov,914 942 0206
Norrie,Brusby,Male,nbrusbyc6@smugmug.com,241 322 0165
Mohandas,Brogioni,Male,mbrogionic7@prlog.org,719 108 4281
Roslyn,Doog,Female,rdoogc8@dailymotion.com,183 607 3352
Woodie,Pedroni,Male,wpedronic9@msu.edu,703 442 4760
Jules,Flaverty,Male,jflavertyca@reverbnation.com,969 267 1076
Hettie,Van T'Hoog,Female,hvanthoogcb@businessweek.com,662 269 5104
Forbes,Ros,Male,froscc@godaddy.com,359 688 1427
Elnora,Bielby,Female,ebielbycd@bandcamp.com,461 684 6332
Molli,Rathbourne,Female,mrathbournece@eepurl.com,414 208 5010
Timmy,Baillie,Non-binary,tbailliecf@blinklist.com,759 458 6450
Vassily,Matthessen,Male,vmatthessencg@techcrunch.com,610 528 2849
Babita,Fenner,Female,bfennerch@meetup.com,559 518 7370
Maryrose,McFee,Female,mmcfeeci@europa.eu,596 561 7044
Evered,Mattiussi,Male,emattiussicj@eepurl.com,775 287 2444
Dallon,De Roeck,Male,dderoeckck@clickbank.net,163 305 3667
Ignace,Drage,Genderqueer,idragecl@netlog.com,373 127 7819
Lela,Garie,Bigender,lgariecm@opensource.org,787 268 2848
Denni,Athowe,Female,dathowecn@drupal.org,554 530 1627
Zacharia,Golden of Ireland,Male,zgoldenofirelandco@vkontakte.ru,286 373 4337
Hansiain,Stockow,Male,hstockowcp@cnn.com,440 796 8131
Micah,McCandless,Male,mmccandlesscq@elpais.com,554 450 3190
Tiebout,Fletcher,Male,tfletchercr@artisteer.com,920 627 7277
Rowney,Haveline,Male,rhavelinecs@ow.ly,832 324 2511
Gaylord,Papen,Male,gpapenct@meetup.com,637 599 8528
Ericha,Sancias,Female,esanciascu@plala.or.jp,867 924 6085
Reinwald,Bustin,Male,rbustincv@youtube.com,697 375 5180
Giorgia,Matyukon,Female,gmatyukoncw@woothemes.com,313 265 2074
Rosalynd,Greenhaugh,Female,rgreenhaughcx@utexas.edu,837 855 2554
Aubree,Howell,Female,ahowellcy@dagondesign.com,281 747 2432
Greta,Bern,Female,gberncz@printfriendly.com,511 376 7036
Eyde,Geator,Female,egeatord0@lycos.com,576 446 3998
Debee,Maharg,Female,dmahargd1@ezinearticles.com,278 920 9763
Fenelia,Stapforth,Female,fstapforthd2@umich.edu,680 763 5536
Karylin,Keeves,Female,kkeevesd3@java.com,898 673 3836
Kayne,Stanaway,Male,kstanawayd4@vistaprint.com,694 936 6378
Erminia,McElmurray,Female,emcelmurrayd5@biblegateway.com,531 823 5618
Shaina,Blincko,Female,sblinckod6@oracle.com,552 184 4627
Maggie,Tysall,Female,mtysalld7@hugedomains.com,627 245 8280
Olag,Houlaghan,Male,ohoulaghand8@exblog.jp,884 841 4046
Sarah,Joule,Female,sjouled9@creativecommons.org,380 169 4299
Cory,Donald,Female,cdonaldda@networksolutions.com,114 119 2650
Fabian,Habens,Male,fhabensdb@google.es,145 256 0449
Barnebas,Munning,Male,bmunningdc@jigsy.com,882 776 4173
Georgetta,Bettleson,Female,gbettlesondd@about.com,856 917 6249
Zorina,Stuckow,Female,zstuckowde@springer.com,244 503 2352
Patricio,Kedge,Male,pkedgedf@vk.com,595 347 6569
Goober,Eyckelberg,Male,geyckelbergdg@dropbox.com,937 707 0351
Hewett,Grog,Male,hgrogdh@storify.com,679 634 5682
Mame,Casham,Female,mcashamdi@zimbio.com,589 826 0556
Karrah,Kiddie,Female,kkiddiedj@purevolume.com,142 145 3418
Aile,Clayfield,Female,aclayfielddk@myspace.com,406 431 0634
Ailee,Simeoni,Female,asimeonidl@alexa.com,525 409 2334
Levi,Sarver,Male,lsarverdm@de.vu,991 751 7064
Howard,Imason,Male,himasondn@weather.com,353 836 8065
Eamon,Cano,Male,ecanodo@umn.edu,291 405 0193
Hadrian,Thick,Male,hthickdp@digg.com,648 825 9806
Darelle,Topling,Female,dtoplingdq@indiegogo.com,625 689 0535
Marylynne,Meachan,Female,mmeachandr@opera.com,318 254 4375
Carmine,Denny,Male,cdennyds@ustream.tv,469 136 6104
Moses,Cardo,Male,mcardodt@mit.edu,975 301 9498
Claire,Spyer,Male,cspyerdu@nhs.uk,757 435 4293
Stanton,Colleck,Bigender,scolleckdv@wikipedia.org,806 313 3100
Aluin,Cureton,Male,acuretondw@macromedia.com,626 871 6232
Janet,Minear,Female,jmineardx@theguardian.com,775 557 0615
Wendeline,Katz,Female,wkatzdy@boston.com,247 483 1683
Pris,Thompstone,Female,pthompstonedz@opensource.org,369 229 3822
Lizzie,Platt,Female,lplatte0@scribd.com,201 340 6788
Drucie,Jarvie,Female,djarviee1@accuweather.com,642 388 3628
Minetta,McClurg,Female,mmcclurge2@51.la,484 844 5246
Freeman,Emburey,Male,fembureye3@barnesandnoble.com,101 619 5954
Jennee,Batchley,Bigender,jbatchleye4@bigcartel.com,604 643 0158
Egan,Froude,Male,efroudee5@rambler.ru,717 845 2445
Fransisco,Bownd,Male,fbownde6@ftc.gov,161 621 2902
Myrah,Elfe,Female,melfee7@themeforest.net,121 795 9796
Berkley,Ivashchenko,Male,bivashchenkoe8@exblog.jp,972 756 3755
Rourke,Keppel,Male,rkeppele9@macromedia.com,845 325 1799
Margot,Lavrinov,Female,mlavrinovea@over-blog.com,702 283 0330
Elysee,Daout,Polygender,edaouteb@ucoz.ru,917 211 0144
Hurleigh,Boncore,Male,hboncoreec@diigo.com,643 243 6710
Arny,Gaven,Genderqueer,agavened@dailymail.co.uk,234 407 9554
Emlyn,Thackwray,Agender,ethackwrayee@flavors.me,492 135 6866
Clarinda,Pordal,Female,cpordalef@cocolog-nifty.com,339 595 9035
Link,Fallow,Male,lfalloweg@typepad.com,906 679 8564
Skell,Robberts,Male,srobbertseh@shutterfly.com,574 633 6362
Annamarie,Crighten,Genderfluid,acrightenei@cargocollective.com,193 826 4101
Nerty,Crombleholme,Female,ncrombleholmeej@state.tx.us,640 182 8748
Bess,Harbidge,Female,bharbidgeek@mapy.cz,177 112 2685
Penelope,Fines,Genderfluid,pfinesel@is.gd,548 965 8779
Kerrie,Dando,Female,kdandoem@nbcnews.com,860 328 2710
Joanie,Wilacot,Female,jwilacoten@go.com,760 249 9298
Codee,Stoffer,Female,cstoffereo@dailymotion.com,998 532 6472
Nestor,Yashaev,Male,nyashaevep@smugmug.com,477 390 7939
Rolando,Cloke,Male,rclokeeq@naver.com,695 683 8607
Derk,Hempshall,Male,dhempshaller@naver.com,541 123 5286
Nariko,Heindrich,Female,nheindriches@army.mil,467 617 8987
Shelly,Halsall,Female,shalsallet@ustream.tv,121 246 2675
Georgeanna,Boik,Female,gboikeu@dedecms.com,201 234 4443
Hewett,Baseke,Male,hbasekeev@meetup.com,295 382 1201
Herc,Ranscome,Male,hranscomeew@berkeley.edu,372 475 7899
Arnuad,Cool,Male,acoolex@e-recht24.de,517 898 6959
Percival,Tabert,Male,ptabertey@deviantart.com,248 169 9313
Joellyn,Burlingame,Bigender,jburlingameez@businessweek.com,405 357 2264
Otes,Whittier,Male,owhittierf0@altervista.org,672 649 1803
Belva,Wheldon,Female,bwheldonf1@ezinearticles.com,976 657 2239
Reena,Mulchrone,Female,rmulchronef2@360.cn,607 760 6690
Jimmy,Avrashin,Male,javrashinf3@yandex.ru,758 344 5887
Malina,Fayer,Female,mfayerf4@narod.ru,851 458 4489
Bobby,Kenninghan,Female,bkenninghanf5@umich.edu,192 859 3202
Jerad,Pallas,Male,jpallasf6@hibu.com,791 310 5701
Nicky,Lissemore,Female,nlissemoref7@usnews.com,704 787 4850
Moshe,Dancy,Male,mdancyf8@bloomberg.com,950 359 6141
Doretta,Clow,Female,dclowf9@t.co,163 512 9762
Caralie,Costock,Female,ccostockfa@senate.gov,906 736 0252
Jess,Ciobotaro,Male,jciobotarofb@youku.com,650 114 1661
Igor,Vynoll,Male,ivynollfc@bbc.co.uk,206 245 1972
Jacquelyn,Eble,Female,jeblefd@google.ru,215 932 3198
Emalia,Barkas,Female,ebarkasfe@deviantart.com,778 924 5624
Betteanne,Merritt,Female,bmerrittff@csmonitor.com,512 440 4545
Helen-elizabeth,Brunesco,Female,hbrunescofg@so-net.ne.jp,185 538 1479
Ardelis,Oglesbee,Female,aoglesbeefh@plala.or.jp,585 808 4161
Kleon,Aubrey,Male,kaubreyfi@paypal.com,945 749 1170
Shalna,Brosch,Female,sbroschfj@is.gd,378 341 6582
Lurette,Lidell,Female,llidellfk@foxnews.com,925 905 3173
Demeter,Mahaffey,Female,dmahaffeyfl@clickbank.net,427 662 8265
Mechelle,Mould,Female,mmouldfm@va.gov,354 466 3782
Eadie,Colleck,Female,ecolleckfn@imdb.com,442 548 1541
Nevil,Beardwell,Male,nbeardwellfo@oaic.gov.au,392 541 9370
Opalina,Breese,Female,obreesefp@washingtonpost.com,258 600 8111
Peta,Garvagh,Non-binary,pgarvaghfq@eventbrite.com,471 863 6544
Hewie,Everiss,Male,heverissfr@posterous.com,658 127 1351
Kelvin,Kienle,Polygender,kkienlefs@archive.org,957 933 4635
Reider,Vogele,Male,rvogeleft@hexun.com,936 915 6103
Dorthea,Fateley,Female,dfateleyfu@unicef.org,701 207 8888
Wesley,Covotti,Male,wcovottifv@over-blog.com,527 332 1564
Giraldo,Haugen,Male,ghaugenfw@fc2.com,307 899 3015
Vicki,Archdeacon,Agender,varchdeaconfx@illinois.edu,858 232 4758
Glynda,Bortol,Female,gbortolfy@meetup.com,549 854 4287
Papagena,Newcome,Female,pnewcomefz@apache.org,366 800 4384
Ewell,Chestney,Male,echestneyg0@ezinearticles.com,270 538 4519
Adrian,Dredge,Male,adredgeg1@mit.edu,151 658 1485
Leighton,Wyleman,Male,lwylemang2@apple.com,561 849 7455
Vincenty,Larby,Genderqueer,vlarbyg3@rediff.com,237 965 5709
Beatrix,Sherwen,Polygender,bsherweng4@foxnews.com,742 404 2221
Cloe,Brech,Female,cbrechg5@ihg.com,282 693 7151
Rea,Ellcock,Female,rellcockg6@howstuffworks.com,897 975 5259
Sandi,Mouan,Female,smouang7@columbia.edu,810 378 6330
Normie,Leates,Male,nleatesg8@amazon.co.uk,322 603 4826
Sammy,Klimowicz,Genderfluid,sklimowiczg9@vimeo.com,759 137 7480
Jedd,Ledwith,Male,jledwithga@jugem.jp,627 822 7389
Garner,Skaife d'Ingerthorpe,Male,gskaifedingerthorpegb@harvard.edu,179 588 2499
Arabele,Bentinck,Female,abentinckgc@sohu.com,711 372 4767
Sherwood,Silber,Bigender,ssilbergd@google.com.hk,539 238 1025
Hadley,Meysham,Male,hmeyshamge@histats.com,105 506 0984
Merry,Giacobillo,Male,mgiacobillogf@aboutads.info,403 261 1796
Nikolos,Tevelov,Genderqueer,ntevelovgg@stumbleupon.com,957 893 8189
Read,Birtonshaw,Agender,rbirtonshawgh@msu.edu,429 530 6166
Hedy,Burree,Female,hburreegi@lulu.com,370 509 0636
Suzy,Henstridge,Female,shenstridgegj@1und1.de,804 267 9497
Walker,Suttling,Male,wsuttlinggk@mozilla.org,333 431 5750
Frayda,Schachter,Agender,fschachtergl@hc360.com,285 361 5537
Maxwell,Schoffel,Male,mschoffelgm@nhs.uk,529 632 3761
Iris,Corradino,Female,icorradinogn@hugedomains.com,219 475 0941
Nari,Sandells,Female,nsandellsgo@sitemeter.com,335 283 4474
Magdaia,Blanpein,Female,mblanpeingp@artisteer.com,662 222 5249
Filberte,Kynforth,Male,fkynforthgq@4shared.com,980 405 0647
Grenville,Glauber,Male,gglaubergr@homestead.com,881 423 9897
Tandy,Drogan,Female,tdrogangs@wikipedia.org,461 117 2706
Kaleb,Levene,Male,klevenegt@tiny.cc,361 945 3485
Kamila,Schonfeld,Female,kschonfeldgu@nymag.com,725 188 5288
Olivia,Baldwin,Female,obaldwingv@nih.gov,567 186 4322
Christyna,Winterborne,Female,cwinterbornegw@shinystat.com,890 646 3367
Catlin,Goutcher,Female,cgoutchergx@sun.com,348 602 6628
Giorgia,Lowcock,Female,glowcockgy@earthlink.net,540 908 4350
Janella,Denial,Female,jdenialgz@wix.com,559 439 8606
Webster,Gabbott,Male,wgabbotth0@independent.co.uk,119 191 8750
Lenci,Nortunen,Male,lnortunenh1@nbcnews.com,447 476 6817
Filippo,Carlos,Male,fcarlosh2@scribd.com,540 483 1410
Patricio,Geeves,Male,pgeevesh3@slate.com,967 114 1558
Perl,Winslett,Female,pwinsletth4@elegantthemes.com,353 416 1530
Row,Langan,Female,rlanganh5@wp.com,487 733 8767
Gustav,Uzielli,Male,guziellih6@creativecommons.org,629 793 4201
Odette,Gidney,Female,ogidneyh7@quantcast.com,486 239 5233
Gilbertina,Radbourn,Female,gradbournh8@aboutads.info,560 525 2226
Bryce,Fydo,Male,bfydoh9@ning.com,433 492 8165
Jerrilyn,Momery,Female,jmomeryha@sciencedirect.com,716 768 5972
Morgana,McGready,Female,mmcgreadyhb@furl.net,966 110 8918
Karia,Birrane,Female,kbirranehc@umn.edu,609 864 1263
Yard,Coytes,Male,ycoyteshd@myspace.com,466 155 3747
Valma,Guilaem,Female,vguilaemhe@wsj.com,177 395 8490
Frederica,Aspital,Female,faspitalhf@cam.ac.uk,379 102 4590
Sammy,Bamlet,Male,sbamlethg@weather.com,357 429 1322
Melisenda,Durdy,Female,mdurdyhh@google.com.hk,922 457 2465
Lanie,Tibbits,Male,ltibbitshi@blog.com,529 384 8505
Bourke,Durrant,Male,bdurranthj@army.mil,314 493 5210
North,Dyas,Male,ndyashk@irs.gov,670 556 2474
Kania,Bushe,Female,kbushehl@foxnews.com,557 759 4386
Deck,Greest,Male,dgreesthm@huffingtonpost.com,775 643 6240
Ted,Macallam,Female,tmacallamhn@surveymonkey.com,179 522 6148
Koo,Hattiff,Female,khattiffho@miitbeian.gov.cn,704 697 9967
Zitella,Kettlesing,Female,zkettlesinghp@engadget.com,755 917 8011
Marven,Peggram,Male,mpeggramhq@meetup.com,501 234 4130
Sylvan,Knappen,Male,sknappenhr@xrea.com,446 952 0544
Xylina,Klemt,Female,xklemths@ycombinator.com,984 136 5954
Ediva,Durtnell,Female,edurtnellht@topsy.com,877 111 7739
Gaultiero,Dunnet,Male,gdunnethu@fastcompany.com,209 489 9132
Berky,Varah,Male,bvarahhv@dailymotion.com,325 839 7727
Kenny,Kinrade,Male,kkinradehw@ameblo.jp,882 330 9923
Ximenez,Leadbeater,Male,xleadbeaterhx@ftc.gov,669 893 7419
Hervey,Spoure,Male,hspourehy@stumbleupon.com,893 281 3980
Lidia,Conkie,Female,lconkiehz@sogou.com,347 511 0550
Cleveland,Hellis,Male,chellisi0@wp.com,729 485 2226
Ruddie,Hansed,Male,rhansedi1@cbc.ca,471 603 2262
Jasen,Arstall,Male,jarstalli2@imgur.com,509 235 0969
Sam,Gillion,Genderqueer,sgillioni3@telegraph.co.uk,594 420 2301
Garwin,Murfett,Male,gmurfetti4@webs.com,398 285 7856
Saunders,Chasemore,Male,schasemorei5@elegantthemes.com,396 515 9256
Jeramey,Shinefield,Male,jshinefieldi6@zdnet.com,577 342 6098
Marcy,Debenham,Female,mdebenhami7@51.la,732 294 0203
Waly,Pembry,Female,wpembryi8@vistaprint.com,805 844 4488
Albrecht,Shaylor,Male,ashaylori9@linkedin.com,905 214 4606
Garrard,Corradeschi,Male,gcorradeschiia@arizona.edu,894 852 4313
Zacharia,Matisoff,Male,zmatisoffib@soup.io,538 899 3444
Peg,Grimme,Agender,pgrimmeic@odnoklassniki.ru,401 706 7757
Hillier,Dumbar,Male,hdumbarid@angelfire.com,110 796 4838
Marna,Claibourn,Female,mclaibournie@nyu.edu,228 438 9049
Neely,Pillifant,Female,npillifantif@sun.com,365 900 0858
Belicia,Kik,Female,bkikig@webnode.com,179 931 3457
Tracie,Burgoine,Female,tburgoineih@ca.gov,600 936 1217
Laurice,Illyes,Female,lillyesii@histats.com,639 894 1668
Rora,McAlpin,Agender,rmcalpinij@goo.gl,286 805 8579
Stillmann,Blazej,Male,sblazejik@plala.or.jp,935 506 9252
Hamlen,Dopson,Male,hdopsonil@istockphoto.com,621 805 1514
Kinsley,Michell,Male,kmichellim@ustream.tv,747 136 5965
Uta,Backe,Female,ubackein@unc.edu,361 288 1506
Ash,Guare,Male,aguareio@people.com.cn,624 787 8376
Russ,McLane,Male,rmclaneip@surveymonkey.com,247 330 5715
Gwendolyn,Meletti,Female,gmelettiiq@facebook.com,642 300 8942
Damian,O'Leary,Male,dolearyir@fc2.com,367 492 8566
Madelin,Murrhardt,Female,mmurrhardtis@vkontakte.ru,650 501 7016
Blanch,Marshalleck,Female,bmarshalleckit@scribd.com,832 756 9778
Carlie,Meritt,Female,cmerittiu@reference.com,844 554 0155
Atlanta,Lilleman,Female,alillemaniv@godaddy.com,688 934 5238
Sherman,Heibel,Male,sheibeliw@si.edu,781 485 0850
Asa,Durnill,Male,adurnillix@sciencedirect.com,275 329 8773
Herman,Drillingcourt,Male,hdrillingcourtiy@microsoft.com,470 811 3477
Herbie,Assiter,Male,hassiteriz@youtube.com,671 586 5246
Adele,Rowbotham,Female,arowbothamj0@behance.net,918 611 7953
Torry,Rhodef,Male,trhodefj1@webnode.com,380 278 3921
Celle,Catherick,Female,ccatherickj2@fema.gov,404 685 8576
Clarke,Last,Male,clastj3@tripod.com,887 115 2380
Rozamond,Helks,Female,rhelksj4@domainmarket.com,232 567 8176
Caralie,Belvin,Female,cbelvinj5@bravesites.com,636 988 3612
Jessey,Tichelaar,Male,jtichelaarj6@behance.net,741 523 8396
Collin,Indgs,Male,cindgsj7@constantcontact.com,913 542 8600
Rey,Mercey,Female,rmerceyj8@boston.com,627 381 7607
Evyn,Dreng,Male,edrengj9@kickstarter.com,834 993 4652
Lorianna,Paoletti,Female,lpaolettija@diigo.com,607 239 6128
Mariette,Antonov,Female,mantonovjb@ehow.com,878 923 8385
Hendrika,Barringer,Genderqueer,hbarringerjc@sina.com.cn,818 318 6838
Cyrille,Stickings,Male,cstickingsjd@dedecms.com,771 256 6189
Gwennie,Degoy,Female,gdegoyje@youtu.be,861 800 7981
Wolfie,Dayly,Male,wdaylyjf@economist.com,194 252 1225
Mart,Idale,Male,midalejg@clickbank.net,575 555 2721
Truda,Daouze,Female,tdaouzejh@goo.ne.jp,125 356 6225
Emiline,Ricarde,Female,ericardeji@yellowpages.com,912 379 7003
Mehetabel,Gofford,Female,mgoffordjj@europa.eu,135 727 7051
Alberik,Gersam,Male,agersamjk@smh.com.au,744 604 3719
Gerome,Clery,Male,gcleryjl@oaic.gov.au,793 303 0798
Darrick,Leftbridge,Male,dleftbridgejm@rediff.com,344 173 0651
Waneta,Kinner,Genderqueer,wkinnerjn@vkontakte.ru,734 633 8912
Adrien,Swigg,Male,aswiggjo@mysql.com,140 390 3948
Kiley,Bolstridge,Non-binary,kbolstridgejp@google.ca,260 601 3828
Colby,Sills,Male,csillsjq@seattletimes.com,494 276 1396
Monti,L'Homme,Male,mlhommejr@wufoo.com,745 295 2750
Archaimbaud,Zambon,Male,azambonjs@wikispaces.com,323 987 4898
Wash,Thurgood,Non-binary,wthurgoodjt@hud.gov,213 948 3188
Rickert,Sperski,Male,rsperskiju@livejournal.com,566 285 0214
Durant,Cathie,Male,dcathiejv@youtube.com,642 338 1943
Cristen,Saw,Female,csawjw@dyndns.org,670 131 7093
Johnathan,MacGaughie,Male,jmacgaughiejx@washington.edu,127 463 8397
Lishe,Vyvyan,Female,lvyvyanjy@alibaba.com,407 282 5920
Creigh,O'Dreain,Agender,codreainjz@pagesperso-orange.fr,375 287 0785
Page,Mardling,Female,pmardlingk0@youtu.be,948 953 4793
Gaspard,Grimme,Male,ggrimmek1@ameblo.jp,724 984 4768
Fritz,Dietsche,Male,fdietschek2@rediff.com,735 697 7805
Sonnie,Botger,Male,sbotgerk3@pcworld.com,545 212 2101
Davidson,Starmore,Male,dstarmorek4@icq.com,441 888 5612
Halie,Coslett,Female,hcoslettk5@ucoz.com,238 238 7073
Darlleen,Sawley,Female,dsawleyk6@oaic.gov.au,303 575 5617
Colan,Pascall,Male,cpascallk7@macromedia.com,951 753 1962
Brandice,Connell,Female,bconnellk8@unicef.org,547 530 7010
Kermy,Kubicka,Male,kkubickak9@columbia.edu,110 995 6558
Jonie,McIlwaine,Female,jmcilwaineka@geocities.jp,485 238 8610
Shandee,Seward,Female,ssewardkb@studiopress.com,821 277 7719
Kin,Rintoul,Male,krintoulkc@wikimedia.org,312 683 9221
Pooh,Leppingwell,Male,pleppingwellkd@seesaa.net,229 834 6195
Brade,Growcock,Male,bgrowcockke@hc360.com,161 434 0202
Elliot,Erdis,Male,eerdiskf@cloudflare.com,507 976 0906
Obadias,Dunbobbin,Male,odunbobbinkg@privacy.gov.au,659 379 4200
Merl,Ableson,Female,mablesonkh@state.tx.us,310 657 8047
Ernesta,Queen,Female,equeenki@istockphoto.com,617 161 1878
Steffi,Allibone,Female,sallibonekj@chicagotribune.com,760 130 8052
Benedicta,Zanetello,Female,bzanetellokk@google.nl,940 256 2699
Rowland,Renouf,Male,rrenoufkl@nydailynews.com,678 138 2929
Ashlan,Tinham,Female,atinhamkm@whitehouse.gov,893 801 3258
Raffaello,Merriday,Male,rmerridaykn@icio.us,996 296 5190
Kare,Urling,Female,kurlingko@163.com,296 322 0721
Kacy,Palley,Female,kpalleykp@yellowpages.com,484 900 4315
Jacobo,Cunnington,Male,jcunningtonkq@skype.com,111 304 5679
Lindsay,Duckhouse,Male,lduckhousekr@yahoo.com,690 372 5124
Miquela,Bailles,Female,mbaillesks@yellowpages.com,524 553 7979
Nannette,Liddle,Bigender,nliddlekt@psu.edu,474 761 6696
Vito,Blasing,Male,vblasingku@vk.com,907 314 4670
Francoise,Fawlo,Female,ffawlokv@hostgator.com,351 377 2182
Eda,Scutts,Female,escuttskw@adobe.com,369 591 5296
Milton,Hirtzmann,Male,mhirtzmannkx@about.me,851 179 5415
Pen,Healeas,Male,phealeasky@discovery.com,680 257 3095
Dael,Denisevich,Genderqueer,ddenisevichkz@hao123.com,284 702 8980
Myra,Benoist,Female,mbenoistl0@soundcloud.com,707 403 6513
Kerwin,Reitenbach,Male,kreitenbachl1@nature.com,122 642 6417
Marleah,Roloff,Female,mroloffl2@so-net.ne.jp,536 670 1412
Elena,Hammerberger,Female,ehammerbergerl3@i2i.jp,851 842 5030
Hadleigh,Bogey,Male,hbogeyl4@github.com,330 816 7187
Editha,O'Gavin,Female,eogavinl5@ycombinator.com,439 161 1644
Lind,Keilty,Male,lkeiltyl6@berkeley.edu,993 673 0675
Sollie,Empringham,Male,sempringhaml7@ezinearticles.com,292 252 2347
Forster,Akitt,Agender,fakittl8@spiegel.de,981 763 7340
Gabriel,Crampsy,Male,gcrampsyl9@msu.edu,868 256 1880
Slade,Triggle,Male,strigglela@elegantthemes.com,835 618 3571
Giovanni,Kempshall,Male,gkempshalllb@dyndns.org,787 984 8980
Lilyan,Rizzillo,Female,lrizzillolc@odnoklassniki.ru,556 199 8145
Barth,McMennum,Male,bmcmennumld@ustream.tv,516 195 6460
Jana,Whiley,Non-binary,jwhileyle@go.com,971 352 1415
Angelia,Di Napoli,Non-binary,adinapolilf@census.gov,980 704 4305
Dorice,Apark,Female,daparklg@independent.co.uk,869 501 3654
Clementine,Mynott,Female,cmynottlh@themeforest.net,801 782 6236
Fee,Gaddas,Genderfluid,fgaddasli@cam.ac.uk,607 303 9940
Eydie,Collihole,Female,ecolliholelj@un.org,268 460 8292
Kent,Caselli,Male,kcasellilk@taobao.com,307 772 7767
Patrizio,Gaskins,Male,pgaskinsll@nba.com,262 981 3253
Baxy,Estcourt,Male,bestcourtlm@jugem.jp,367 502 0473
Ingaborg,Bellwood,Female,ibellwoodln@list-manage.com,793 361 5141
Cyndia,Crosoer,Female,ccrosoerlo@behance.net,189 138 1793
Keri,Christoffe,Female,kchristoffelp@msu.edu,211 886 5759
Tarrance,Allpress,Male,tallpresslq@myspace.com,636 210 1801
Jennica,Wheelwright,Female,jwheelwrightlr@loc.gov,901 345 8180
Whitney,Zanitti,Male,wzanittils@cam.ac.uk,345 336 0269
Lacee,Pedel,Female,lpedellt@wufoo.com,762 427 8249
Tim,Ropkes,Genderfluid,tropkeslu@usa.gov,421 703 9988
Gifford,Kuschel,Male,gkuschellv@naver.com,829 570 1740
Nat,Morrilly,Female,nmorrillylw@smugmug.com,146 472 9782
Kean,Salkeld,Male,ksalkeldlx@paginegialle.it,847 524 7830
Shawnee,Hounson,Female,shounsonly@miibeian.gov.cn,441 608 2063
Sonia,Lenham,Female,slenhamlz@tumblr.com,939 576 8267
Nickolaus,Skyram,Male,nskyramm0@devhub.com,727 831 8174
Romain,Jeannenet,Male,rjeannenetm1@mtv.com,950 818 4400
Rudy,Hansod,Bigender,rhansodm2@washingtonpost.com,828 774 3074
Zebulen,Gummory,Male,zgummorym3@reverbnation.com,586 512 6383
Ole,Rozanski,Male,orozanskim4@about.me,655 981 2926
Sigfried,Shurlock,Male,sshurlockm5@1und1.de,402 462 4510
Alain,Moodey,Male,amoodeym6@qq.com,859 440 8019
Selig,Bovis,Male,sbovism7@marketwatch.com,569 407 4365
Boycie,Fenelon,Male,bfenelonm8@nhs.uk,127 105 4584
Maribeth,Mallabon,Female,mmallabonm9@blogspot.com,235 298 9339
Randi,Wace,Male,rwacema@admin.ch,798 454 0284
Pen,Domingues,Male,pdominguesmb@joomla.org,830 505 9451
Curry,MacCambridge,Male,cmaccambridgemc@businessweek.com,142 519 9674
Doria,Chapelhow,Female,dchapelhowmd@slate.com,162 701 9066
Elmore,Creer,Male,ecreerme@skyrock.com,610 594 1799
Shandie,Gaddie,Female,sgaddiemf@barnesandnoble.com,469 158 3715
Tito,Lindenbaum,Male,tlindenbaummg@usatoday.com,443 454 4979
Isac,Gippes,Male,igippesmh@ox.ac.uk,754 144 9906
Elvina,Rawet,Female,erawetmi@pbs.org,944 150 7698
Titos,Davidescu,Male,tdavidescumj@tumblr.com,596 881 4227
Darbee,Woodington,Male,dwoodingtonmk@angelfire.com,160 785 6423
Tito,Bodesson,Male,tbodessonml@scientificamerican.com,113 105 9200
Karlotta,Lamke,Genderqueer,klamkemm@blogs.com,501 404 5035
Sileas,Grishinov,Polygender,sgrishinovmn@ning.com,209 884 4922
Augie,Firth,Male,afirthmo@hugedomains.com,978 795 8498
Diandra,Jewster,Agender,djewstermp@privacy.gov.au,323 756 4606
Micky,Lowles,Male,mlowlesmq@psu.edu,687 242 3789
Jany,Keedy,Female,jkeedymr@fda.gov,401 608 1415
Jocelyne,Emson,Female,jemsonms@irs.gov,570 261 7670
Wilma,Eynald,Female,weynaldmt@sohu.com,922 998 9451
Ginni,Orans,Female,goransmu@canalblog.com,746 776 2565
Angie,Whooley,Female,awhooleymv@tripadvisor.com,349 896 7485
Almeta,Ruegg,Female,arueggmw@wiley.com,474 122 8431
Ichabod,Klaas,Non-binary,iklaasmx@zimbio.com,766 790 0553
Ellswerth,Dillistone,Male,edillistonemy@free.fr,711 671 3670
Priscilla,Licence,Female,plicencemz@g.co,889 386 9827
Lucian,Rumgay,Male,lrumgayn0@comcast.net,191 130 3234
Humberto,Abbs,Male,habbsn1@icq.com,287 574 4497
Jeri,Ewbanke,Female,jewbanken2@yellowbook.com,630 378 3055
Nobe,Acarson,Male,nacarsonn3@mozilla.org,838 261 4490
Royce,Culverhouse,Agender,rculverhousen4@wisc.edu,182 723 9902
Ervin,Sergeant,Male,esergeantn5@gizmodo.com,138 378 6236
Bron,Botton,Male,bbottonn6@nba.com,962 678 1093
Sib,Como,Female,scomon7@dropbox.com,750 558 8881
Magdalene,Corrett,Female,mcorrettn8@japanpost.jp,894 301 8073
Isahella,Goady,Female,igoadyn9@google.com.au,781 145 3144
Jorry,Collens,Female,jcollensna@constantcontact.com,175 692 1372
Bale,Buckland,Non-binary,bbucklandnb@examiner.com,420 128 6282
Haydon,Henker,Male,hhenkernc@miibeian.gov.cn,719 897 4609
Nisse,Brodeau,Female,nbrodeaund@desdev.cn,374 460 9772
Andres,Torrijos,Male,atorrijosne@jalbum.net,310 646 2311
Dolf,Lytton,Male,dlyttonnf@gizmodo.com,323 835 0629
Damon,Lackie,Male,dlackieng@godaddy.com,524 567 5180
Luther,Keggin,Male,lkegginnh@slideshare.net,776 211 4084
Terence,Nurcombe,Non-binary,tnurcombeni@slideshare.net,416 883 6801
Alleyn,Paulitschke,Male,apaulitschkenj@mysql.com,518 951 7175
Carolann,Dumbell,Female,cdumbellnk@privacy.gov.au,746 430 5730
Carola,Lammie,Female,clammienl@oakley.com,546 916 5964
Tamar,Smye,Female,tsmyenm@chronoengine.com,643 436 4949
Lonnard,Hebblethwaite,Polygender,lhebblethwaitenn@ovh.net,659 648 7670
Dilly,Leavy,Male,dleavyno@ca.gov,776 635 9725
Odo,Colliar,Male,ocolliarnp@freewebs.com,441 842 7263
Donovan,Fireman,Male,dfiremannq@weebly.com,523 222 7701
Amye,O'Sheerin,Female,aosheerinnr@shareasale.com,414 244 5380
Shaine,Colliar,Male,scolliarns@taobao.com,885 292 2889
Linoel,Dutton,Male,lduttonnt@ca.gov,185 715 4333
Deloria,Matessian,Female,dmatessiannu@is.gd,112 762 2955
Tabor,Hedau,Male,thedaunv@ifeng.com,355 117 3324
Cleveland,Francello,Male,cfrancellonw@lulu.com,525 693 4413
Herold,Cantle,Male,hcantlenx@hexun.com,785 424 6879
Alaster,Clatworthy,Male,aclatworthyny@mozilla.com,267 387 7827
Reinold,Gori,Genderfluid,rgorinz@51.la,865 408 1811
Devy,Dikelin,Male,ddikelino0@washingtonpost.com,298 584 0923
Anica,Underhill,Female,aunderhillo1@ucsd.edu,535 163 9486
Clayborn,Wasling,Male,cwaslingo2@pen.io,137 507 2781
Vivianne,Meynell,Female,vmeynello3@wikia.com,748 774 1072
Trina,Pollard,Female,tpollardo4@e-recht24.de,453 594 5121
Ethelin,Attryde,Female,eattrydeo5@rediff.com,295 739 4433
Onfre,Hort,Male,ohorto6@yahoo.co.jp,213 930 2228
Leda,Winear,Bigender,lwinearo7@tiny.cc,790 414 3740
Tanny,Playle,Male,tplayleo8@auda.org.au,364 871 0350
Barrett,Erasmus,Male,berasmuso9@seesaa.net,682 169 8448
Alia,Wasselin,Female,awasselinoa@bing.com,725 132 3250
Diahann,Coldbreath,Female,dcoldbreathob@mayoclinic.com,989 204 4341
Gayla,Pennicard,Female,gpennicardoc@360.cn,624 183 8254
Charles,Langford,Male,clangfordod@phoca.cz,584 428 8261
Ernaline,Mardlin,Bigender,emardlinoe@webmd.com,167 803 1953
Pancho,Alyutin,Male,palyutinof@etsy.com,623 111 0811
Cortney,Middas,Female,cmiddasog@amazon.com,535 717 7961
Gert,Andreolli,Female,gandreollioh@cpanel.net,391 545 1248
Silvester,Gipps,Male,sgippsoi@ca.gov,458 587 1783
Tobey,Yes,Female,tyesoj@shop-pro.jp,877 299 6798
Katheryn,Rego,Female,kregook@patch.com,244 852 5619
Lorrie,Whiteoak,Male,lwhiteoakol@infoseek.co.jp,838 753 7152
Gianna,Stothart,Female,gstothartom@yale.edu,333 674 4332
Nat,Balme,Female,nbalmeon@apple.com,212 646 7285
Benny,Metcalf,Male,bmetcalfoo@nih.gov,316 839 1320
Wang,Simeonov,Male,wsimeonovop@dagondesign.com,313 383 5476
Marysa,Winman,Female,mwinmanoq@blog.com,917 581 2729
Lothaire,Lassells,Male,llassellsor@goodreads.com,365 876 6156
Maxi,Glader,Female,mgladeros@salon.com,442 801 1934
Antony,Harral,Bigender,aharralot@ca.gov,905 762 3955
Baron,Bamborough,Male,bbamboroughou@wunderground.com,131 418 8997
Ruthie,Inseal,Genderfluid,rinsealov@hatena.ne.jp,712 155 7760
Tildy,Widdicombe,Female,twiddicombeow@topsy.com,124 376 9823
Marylou,Stefi,Female,mstefiox@freewebs.com,221 265 6670
Pearline,Mozzetti,Polygender,pmozzettioy@angelfire.com,105 864 8716
Jasmina,Worden,Genderqueer,jwordenoz@printfriendly.com,610 444 8648
Lanie,Scarratt,Male,lscarrattp0@google.com.br,568 499 7222
Sansone,Bownes,Male,sbownesp1@house.gov,300 673 5460
Benita,Carillo,Female,bcarillop2@oakley.com,881 367 3537
Bald,Gaukroger,Male,bgaukrogerp3@gnu.org,680 474 5502
Tymon,Edginton,Male,tedgintonp4@ocn.ne.jp,905 310 0510
Thatcher,Gemson,Male,tgemsonp5@npr.org,407 992 8487
Oberon,Nevett,Genderqueer,onevettp6@simplemachines.org,569 784 6473
Rabbi,Alexander,Male,ralexanderp7@de.vu,555 191 4257
Skye,Sneesbie,Male,ssneesbiep8@seesaa.net,173 739 9473
Darill,Greville,Genderqueer,dgrevillep9@businesswire.com,997 798 9307
Delano,Stag,Male,dstagpa@stanford.edu,339 440 6922
Osborne,Biddlecombe,Genderqueer,obiddlecombepb@bravesites.com,839 455 3039
Maitilde,Seebert,Female,mseebertpc@webeden.co.uk,863 909 2136
Belinda,Stuttman,Female,bstuttmanpd@cnet.com,412 355 0234
Hilary,Lesek,Female,hlesekpe@canalblog.com,746 230 0849
Meg,Sabatier,Female,msabatierpf@hao123.com,238 485 1156
Gilli,Denisot,Female,gdenisotpg@fastcompany.com,201 343 2681
Johnette,Slateford,Genderfluid,jslatefordph@nationalgeographic.com,982 481 6645
Stefa,Jaksic,Female,sjaksicpi@accuweather.com,189 102 2504
Hastings,Coleiro,Male,hcoleiropj@oakley.com,785 737 5397
Jeramie,Turneaux,Genderfluid,jturneauxpk@yandex.ru,526 676 4046
Barrett,Osgerby,Male,bosgerbypl@mozilla.org,574 922 0489
Boyd,MacAlinden,Bigender,bmacalindenpm@example.com,863 987 1902
Madeline,Bozward,Female,mbozwardpn@sfgate.com,512 272 1074
Carlin,Joriot,Male,cjoriotpo@cdc.gov,224 616 0461
Arnaldo,MacNeil,Male,amacneilpp@cyberchimps.com,697 507 7976
Casie,Trevethan,Female,ctrevethanpq@diigo.com,569 408 0004
Hansiain,Bridie,Male,hbridiepr@usa.gov,715 504 7214
Joseito,Haldane,Genderqueer,jhaldaneps@apache.org,367 991 7661
Selma,Holyard,Female,sholyardpt@mit.edu,802 268 0681
Linnea,Guerner,Female,lguernerpu@globo.com,112 274 6999
Cal,Cowden,Male,ccowdenpv@gov.uk,932 566 9633
Warren,McKillop,Male,wmckilloppw@gravatar.com,434 853 1652
Lee,Arzu,Male,larzupx@lulu.com,466 735 2419
Freemon,McIlwrath,Male,fmcilwrathpy@home.pl,624 688 2094
Joelle,Bayman,Female,jbaymanpz@goodreads.com,679 987 9684
Bendix,Cristofol,Male,bcristofolq0@shareasale.com,591 697 3271
Sallie,Halligan,Female,shalliganq1@yahoo.co.jp,750 839 2186
Cyril,Clawson,Male,cclawsonq2@amazonaws.com,476 435 5046
Burnard,Hendriks,Male,bhendriksq3@about.me,127 357 0521
Eb,Lauga,Bigender,elaugaq4@soundcloud.com,176 759 5952
Ketty,Croome,Female,kcroomeq5@icq.com,222 729 7192
Claudius,Jobke,Male,cjobkeq6@vk.com,874 685 9695
Noemi,Van der Velde,Female,nvanderveldeq7@chron.com,375 606 9487
Ewan,Brearty,Male,ebreartyq8@prlog.org,637 187 5133
Haleigh,Galbraeth,Male,hgalbraethq9@google.ca,316 298 8459
Fern,Klassmann,Female,fklassmannqa@yellowpages.com,622 435 8562
Anissa,Bangle,Female,abangleqb@dailymotion.com,363 188 6961
Maribelle,Loram,Female,mloramqc@wikia.com,339 800 1862
Zechariah,St. John,Male,zstjohnqd@rambler.ru,418 388 9851
Gery,Floris,Male,gflorisqe@joomla.org,661 919 1195
Vernon,Cotterill,Male,vcotterillqf@sohu.com,312 447 2928
Mattie,Vinton,Male,mvintonqg@drupal.org,516 541 9751
Marion,Dumper,Genderqueer,mdumperqh@yolasite.com,731 159 8747
Kimberlee,Habron,Female,khabronqi@skype.com,520 110 3350
Waverley,Medendorp,Male,wmedendorpqj@cloudflare.com,198 685 5759
Cornell,Arch,Male,carchqk@studiopress.com,620 777 1257
Lil,Carlisle,Female,lcarlisleql@domainmarket.com,406 792 3309
Rosalind,Ruprecht,Female,rruprechtqm@alibaba.com,186 131 1865
Carol,Ropkes,Agender,cropkesqn@nyu.edu,579 543 7403
Ema,Joule,Polygender,ejouleqo@seesaa.net,408 341 0952
Kevan,Antoniat,Male,kantoniatqp@seattletimes.com,772 501 4743
Charity,Hallum,Female,challumqq@paginegialle.it,902 541 3567
Abdel,Harvett,Male,aharvettqr@blog.com,512 285 0082
Joelle,Kleinschmidt,Female,jkleinschmidtqs@jalbum.net,874 929 1317
Stuart,Kempster,Male,skempsterqt@xinhuanet.com,943 359 4662
Leonerd,Myderscough,Male,lmyderscoughqu@ebay.co.uk,339 979 8256
Maiga,Bonsul,Female,mbonsulqv@wikipedia.org,324 297 0842
Estell,Glew,Female,eglewqw@google.it,463 411 3054
Alfy,McMichael,Female,amcmichaelqx@eepurl.com,386 399 6463
Marvin,MacKinnon,Male,mmackinnonqy@hostgator.com,546 348 9289
Trefor,Titterton,Male,ttittertonqz@mit.edu,239 124 5524
Abbey,Chadbourne,Male,achadbourner0@guardian.co.uk,623 884 7820
Lorelei,Cant,Female,lcantr1@bbb.org,412 696 9891
Laurel,McDoual,Female,lmcdoualr2@china.com.cn,778 716 1011
Dwain,Sidon,Male,dsidonr3@ihg.com,921 885 6435
Naoma,Eilles,Female,neillesr4@howstuffworks.com,315 338 1930
Renae,Memory,Female,rmemoryr5@t-online.de,733 255 8233
Clayborn,Twigg,Male,ctwiggr6@paypal.com,853 233 8328
Charissa,Alentyev,Female,calentyevr7@t.co,792 133 7263
Carlotta,Killiner,Female,ckillinerr8@fotki.com,692 910 0446
Danita,Havoc,Genderqueer,dhavocr9@uiuc.edu,971 899 6835
Cristin,Bernt,Female,cberntra@ucoz.ru,844 432 9688
Johan,Northbridge,Male,jnorthbridgerb@pcworld.com,744 859 2035
Shena,Trittam,Female,strittamrc@paginegialle.it,568 820 9351
Dareen,Gauford,Female,dgaufordrd@oaic.gov.au,447 580 9126
Rici,Leete,Female,rleetere@youku.com,895 110 7049
Kore,Daykin,Non-binary,kdaykinrf@cnet.com,329 124 8578
Geri,Smalles,Female,gsmallesrg@tripod.com,277 819 7952
Arlen,Kingwell,Female,akingwellrh@cdbaby.com,574 304 5543
Petey,Sincock,Male,psincockri@biglobe.ne.jp,254 623 7755
Jude,Geoghegan,Male,jgeogheganrj@mediafire.com,523 416 3786
Marlon,Limer,Male,mlimerrk@hc360.com,337 975 0964
Robbie,Gudde,Female,rgudderl@virginia.edu,378 555 6099
Christos,Cianelli,Male,ccianellirm@posterous.com,626 395 1243
Nikola,Harler,Male,nharlerrn@archive.org,663 857 8983
Henrie,Sysland,Bigender,hsyslandro@hibu.com,107 635 8618
Gerick,Harbor,Agender,gharborrp@ycombinator.com,334 143 5308
Kate,Brewitt,Female,kbrewittrq@census.gov,515 373 1422
Gordan,Blitzer,Male,gblitzerrr@prweb.com,127 323 1669
