first_name,last_name,gender,email,phone
Willie,Paolicchi,Male,wpaolicchi0@shareasale.com,107 432 0042
Wally,Bristow,Female,wbristow1@wufoo.com,600 511 5051
Nettie,Challenor,Female,nchallenor2@google.co.uk,406 774 6899
Poppy,McKeaney,Female,pmckeaney3@github.io,831 786 6024
Alicea,Barwack,Female,abarwack4@fotki.com,429 623 9011
Maureen,Biskupski,Female,mbiskupski5@google.ru,175 690 7353
Noam,Mote,Male,nmote6@cnet.com,942 880 2062
Elihu,Robertsen,Genderfluid,erobertsen7@cnbc.com,623 186 5587
Ginni,Elcoate,Female,gelcoate8@homestead.com,255 530 7756
Fredric,Hayth,Male,fhayth9@altervista.org,270 318 3251
Haslett,Kunkel,Agender,hkunkela@fastcompany.com,182 127 8833
Eolande,Lowers,Female,elowersb@nymag.com,510 700 7267
Dagny,Hubble,Male,dhubblec@ftc.gov,396 631 8602
Reinold,Wollers,Polygender,rwollersd@usnews.com,811 465 2338
Jethro,Larrad,Male,jlarrade@squarespace.com,829 701 4983
Ailis,Crummy,Female,acrummyf@phoca.cz,457 474 1635
Gerty,Weerdenburg,Female,gweerdenburgg@shinystat.com,179 687 5247
Leanora,Scarse,Female,lscarseh@youtu.be,896 798 2979
Orv,Stickins,Agender,ostickinsi@ameblo.jp,512 296 6089
Nappy,Selwin,Male,nselwinj@macromedia.com,423 140 3843
Lorry,Symper,Female,lsymperk@examiner.com,696 623 2258
Dex,Mortimer,Male,dmortimerl@about.me,331 448 5289
Zack,Landal,Male,zlandalm@xinhuanet.com,213 201 7509
Sande,O'Lenane,Female,solenanen@patch.com,102 585 8204
Aldis,Childe,Male,achildeo@un.org,991 143 2850
Stanwood,Gabbatiss,Male,sgabbatissp@nps.gov,879 887 2335
Jermayne,Ysson,Male,jyssonq@globo.com,857 196 2407
Deedee,Keeler,Genderfluid,dkeelerr@ustream.tv,803 198 3560
Ryon,Campanelli,Male,rcampanellis@weather.com,346 154 5792
Yehudit,Koomar,Male,ykoomart@lycos.com,759 205 3627
Fremont,Rhule,Male,frhuleu@livejournal.com,425 151 6453
Deeyn,Plampeyn,Female,dplampeynv@harvard.edu,951 347 2608
Devland,Gunson,Male,dgunsonw@symantec.com,104 525 6596
Law,Dedden,Male,ldeddenx@example.com,910 301 9340
Rianon,Thamelt,Female,rthamelty@paypal.com,788 380 0103
Ariana,Puller,Female,apullerz@imdb.com,222 981 5721
Saundra,Hulbert,Male,shulbert10@bizjournals.com,789 559 9845
Wilbur,Bramhill,Male,wbramhill11@state.tx.us,392 871 2288
Poppy,Dallender,Bigender,pdallender12@oaic.gov.au,441 762 8462
Itch,Dietz,Male,idietz13@bravesites.com,134 900 8529
Milzie,Faire,Female,mfaire14@bloglines.com,974 816 9440
Raphael,Barsam,Male,rbarsam15@google.com.au,642 524 2423
Chrisse,Franceschino,Male,cfranceschino16@amazon.de,423 954 9567
Alfred,Yallop,Male,ayallop17@csmonitor.com,217 870 0738
Zared,Bramley,Agender,zbramley18@irs.gov,325 462 1346
Ferrell,Greenrde,Male,fgreenrde19@ezinearticles.com,322 403 9469
Minette,Bryson,Female,mbryson1a@unicef.org,678 149 9199
Chucho,Felmingham,Male,cfelmingham1b@imageshack.us,690 919 7056
Rowena,Stonuary,Female,rstonuary1c@dedecms.com,999 566 5089
Ringo,Simmonds,Male,rsimmonds1d@fc2.com,109 784 1990
Flory,Mucci,Female,fmucci1e@prnewswire.com,767 142 0313
Filia,Geydon,Female,fgeydon1f@histats.com,536 323 0377
Averil,McWilliam,Male,amcwilliam1g@foxnews.com,509 512 5795
Shandra,Lars,Female,slars1h@loc.gov,559 517 2388
Carmine,Palia,Female,cpalia1i@samsung.com,767 534 9206
Chrissie,Farrants,Female,cfarrants1j@geocities.jp,258 834 0691
Margery,Stroud,Female,mstroud1k@foxnews.com,388 843 2645
Wilhelmina,Graveston,Female,wgraveston1l@columbia.edu,711 105 8610
Hewet,Jacobowicz,Male,hjacobowicz1m@networkadvertising.org,416 184 4782
Kaila,Stovin,Female,kstovin1n@last.fm,754 479 7373
Sully,Brotherton,Male,sbrotherton1o@washingtonpost.com,480 915 4806
Lanie,Brockwell,Male,lbrockwell1p@wikia.com,226 241 9132
Dore,Oakenfall,Male,doakenfall1q@narod.ru,127 516 2765
Aurel,Esmead,Female,aesmead1r@telegraph.co.uk,730 322 0764
Pennie,Langlais,Male,planglais1s@usda.gov,925 336 5173
Joell,Ketteridge,Female,jketteridge1t@e-recht24.de,134 744 2686
Roxi,Renny,Female,rrenny1u@berkeley.edu,363 285 5761
Marve,Bidewell,Male,mbidewell1v@sfgate.com,660 408 1075
Temple,Bowlands,Male,tbowlands1w@jalbum.net,826 400 5280
Buddie,Tybalt,Male,btybalt1x@ca.gov,793 993 0636
Corney,Ivkovic,Male,civkovic1y@merriam-webster.com,142 343 7908
Husein,Rouby,Male,hrouby1z@sfgate.com,381 863 8317
Adrian,Rolley,Male,arolley20@wufoo.com,370 857 6918
Moira,Gillbey,Female,mgillbey21@wikispaces.com,984 538 5287
Steffane,Challenger,Female,schallenger22@eventbrite.com,263 297 3008
Evered,Rolstone,Polygender,erolstone23@disqus.com,617 652 7965
Marci,Winch,Female,mwinch24@phoca.cz,575 689 4353
Noah,Pass,Male,npass25@wix.com,492 512 6936
Shannan,Seldon,Male,sseldon26@wufoo.com,341 111 8232
Ryan,Voyce,Male,rvoyce27@sogou.com,413 140 9861
Nanete,Larderot,Genderfluid,nlarderot28@issuu.com,306 210 0320
Davin,Billows,Male,dbillows29@trellian.com,295 454 6491
Bartholemy,Cordle,Male,bcordle2a@gnu.org,599 781 1388
Emelyne,Rhucroft,Female,erhucroft2b@youtu.be,844 633 0611
Justinn,Yerrell,Female,jyerrell2c@wordpress.com,214 897 2178
Willie,Pina,Male,wpina2d@privacy.gov.au,925 422 7324
Violet,Ganderton,Female,vganderton2e@networkadvertising.org,846 124 7962
Obediah,Yeowell,Male,oyeowell2f@sphinn.com,121 324 8487
Candis,Keford,Female,ckeford2g@foxnews.com,266 369 3845
Miguelita,Von Brook,Female,mvonbrook2h@hostgator.com,724 777 3757
Cele,Gatheridge,Female,cgatheridge2i@dot.gov,608 880 7522
Syman,Cunrado,Male,scunrado2j@geocities.com,648 754 1852
Shantee,Hearsum,Female,shearsum2k@360.cn,404 805 4620
Kelly,Vankov,Male,kvankov2l@drupal.org,145 822 1474
Penelopa,Lounds,Female,plounds2m@clickbank.net,377 880 5351
Meagan,Plumridge,Female,mplumridge2n@sun.com,755 652 6534
Kinna,Wilman,Female,kwilman2o@oakley.com,113 831 6641
Norbert,Doward,Male,ndoward2p@com.com,565 511 5529
Sean,Gauson,Polygender,sgauson2q@shutterfly.com,534 890 2677
Ben,Ashburner,Male,bashburner2r@nps.gov,423 406 7337
Finlay,Zoren,Male,fzoren2s@yale.edu,416 359 1159
Martin,O'Noland,Male,monoland2t@xinhuanet.com,283 112 4636
Sayers,Turbitt,Male,sturbitt2u@amazon.co.jp,100 870 4605
Jenelle,Attewill,Female,jattewill2v@mediafire.com,432 769 5825
Zachery,Plowman,Male,zplowman2w@webeden.co.uk,682 745 6345
Kiel,Riach,Male,kriach2x@marriott.com,570 906 7115
Orel,Marques,Female,omarques2y@flavors.me,643 157 7691
Carmencita,Tiddeman,Female,ctiddeman2z@boston.com,965 276 0904
Reid,July,Male,rjuly30@tiny.cc,899 281 0177
Corrina,Blayd,Female,cblayd31@cocolog-nifty.com,223 710 4713
Etienne,Yirrell,Male,eyirrell32@zdnet.com,674 419 8702
Hilly,Kneeland,Male,hkneeland33@oakley.com,415 608 5151
Noellyn,McKinnell,Female,nmckinnell34@xing.com,177 945 7441
Tawnya,Claughton,Female,tclaughton35@posterous.com,207 648 1888
Ciel,Stolze,Female,cstolze36@nps.gov,883 417 9301
Phineas,de Courcy,Male,pdecourcy37@netscape.com,654 121 6620
Kris,Vondrasek,Male,kvondrasek38@ezinearticles.com,472 325 7979
Domini,Brookesbie,Female,dbrookesbie39@tmall.com,214 481 5549
Gretel,Genner,Female,ggenner3a@weibo.com,111 817 4719
Sacha,Dumini,Female,sdumini3b@google.pl,284 476 0495
Addie,Thrift,Female,athrift3c@wisc.edu,438 883 6980
Ajay,Tuny,Female,atuny3d@marriott.com,841 188 3929
Freddy,Morpeth,Male,fmorpeth3e@typepad.com,806 649 3585
Joellyn,Bogeys,Female,jbogeys3f@zdnet.com,260 264 3848
Alicea,Chillingsworth,Female,achillingsworth3g@bloomberg.com,487 915 7936
Dallon,Lysons,Male,dlysons3h@shareasale.com,893 879 5212
Audi,Rowth,Genderqueer,arowth3i@usa.gov,844 449 3508
Guenevere,Alfwy,Female,galfwy3j@google.it,536 516 3531
Jehanna,Launchbury,Agender,jlaunchbury3k@redcross.org,339 253 6245
Dimitri,Scini,Male,dscini3l@illinois.edu,223 251 1016
Dane,Kilroy,Male,dkilroy3m@google.co.jp,840 287 8246
Franciskus,Allsupp,Male,fallsupp3n@gizmodo.com,254 840 3410
Terencio,Scorah,Male,tscorah3o@dropbox.com,394 606 6038
Talbot,Gwyn,Male,tgwyn3p@aboutads.info,575 661 4788
Hobart,Paull,Male,hpaull3q@meetup.com,525 258 3138
Barn,Beckles,Male,bbeckles3r@yelp.com,628 325 6230
Noland,Calderbank,Male,ncalderbank3s@joomla.org,145 540 8315
Teodoor,Tassell,Male,ttassell3t@google.com.au,280 732 4751
Stacey,Waslin,Female,swaslin3u@bluehost.com,104 111 8181
Teri,Larmouth,Female,tlarmouth3v@sohu.com,319 492 4320
Willey,Fraulo,Male,wfraulo3w@wsj.com,136 621 8496
Morgun,Roocroft,Male,mroocroft3x@oakley.com,943 855 9410
Cordie,Menhci,Male,cmenhci3y@nasa.gov,497 315 5618
Edithe,Glasner,Female,eglasner3z@ed.gov,591 259 9665
Wilt,Crumbie,Male,wcrumbie40@buzzfeed.com,461 560 8587
Harmony,Wisam,Genderqueer,hwisam41@sphinn.com,777 261 3826
Paquito,Barrable,Male,pbarrable42@digg.com,538 890 9595
Nike,Henighan,Female,nhenighan43@constantcontact.com,694 436 6360
Morgen,Powder,Male,mpowder44@youtube.com,219 533 6079
Tootsie,Gomez,Female,tgomez45@wikia.com,675 812 3620
Kirk,Yurkevich,Male,kyurkevich46@goo.ne.jp,368 634 0783
Ursula,Hasely,Polygender,uhasely47@independent.co.uk,573 240 1293
Rolf,Clinkard,Non-binary,rclinkard48@cafepress.com,617 325 3179
Victoir,Paddle,Male,vpaddle49@example.com,924 248 6735
Garnet,Haysar,Female,ghaysar4a@de.vu,250 844 2017
Coreen,Grieve,Female,cgrieve4b@t.co,312 460 7171
Anna-diane,Henlon,Female,ahenlon4c@webnode.com,423 304 8106
Corinna,Tenny,Female,ctenny4d@mozilla.com,939 679 4635
Melamie,Leyborne,Female,mleyborne4e@zimbio.com,705 179 0221
Leelah,Leverentz,Female,lleverentz4f@themeforest.net,584 935 2278
Evelina,McCraw,Female,emccraw4g@fotki.com,446 793 1787
Ludvig,Wetherell,Male,lwetherell4h@virginia.edu,224 278 9074
Skippie,Culross,Male,sculross4i@quantcast.com,453 699 3794
Sydney,Matschek,Female,smatschek4j@msu.edu,861 245 4781
Tulley,Baudy,Male,tbaudy4k@privacy.gov.au,407 892 8173
Duane,MacVay,Male,dmacvay4l@army.mil,854 500 3336
Job,Clerk,Male,jclerk4m@boston.com,752 945 7933
Elwin,Diss,Male,ediss4n@amazon.de,787 987 2752
Marinna,Leupold,Female,mleupold4o@nsw.gov.au,270 391 3611
Clarance,Pietruschka,Male,cpietruschka4p@ucla.edu,277 263 0378
Sidoney,Hodcroft,Female,shodcroft4q@sbwire.com,210 634 3692
Carolyn,Andriveaux,Female,candriveaux4r@yale.edu,813 284 8848
Keary,Malyan,Male,kmalyan4s@ustream.tv,144 365 8864
Claudio,Loton,Male,cloton4t@booking.com,881 494 5717
Judd,Boribal,Male,jboribal4u@mysql.com,404 732 7404
Vlad,Giacovazzo,Male,vgiacovazzo4v@photobucket.com,482 871 5921
Tricia,Hunnable,Female,thunnable4w@cbslocal.com,776 724 9932
Malinda,Pell,Female,mpell4x@comcast.net,137 839 0745
Auberon,Toohey,Male,atoohey4y@vistaprint.com,278 520 1146
Trace,Jacobsz,Male,tjacobsz4z@e-recht24.de,180 981 2443
Lelia,Repper,Female,lrepper50@fema.gov,510 878 5554
Emma,Taggert,Female,etaggert51@hhs.gov,427 532 5421
Rosco,Avramovitz,Male,ravramovitz52@blogspot.com,816 685 0292
Neddy,Barnhill,Genderfluid,nbarnhill53@webmd.com,909 658 2731
Devon,Craw,Genderfluid,dcraw54@rediff.com,123 980 1159
Celia,Gimblet,Female,cgimblet55@mit.edu,539 209 3252
Dedra,Cordeau,Female,dcordeau56@cnn.com,210 992 7442
Tommie,Auguste,Female,tauguste57@ovh.net,259 560 0806
Charyl,Veldstra,Female,cveldstra58@quantcast.com,525 418 2925
Dolph,Minton,Male,dminton59@statcounter.com,518 667 6467
Irene,Kerans,Female,ikerans5a@google.com.au,897 226 1250
Aila,Addicote,Female,aaddicote5b@barnesandnoble.com,383 169 7473
Jerrie,Hazeltine,Male,jhazeltine5c@comsenz.com,750 480 4246
Nathalie,Goodfield,Female,ngoodfield5d@earthlink.net,859 508 3750
Skell,Axelbey,Male,saxelbey5e@etsy.com,426 392 3118
Lawry,Dimitrescu,Male,ldimitrescu5f@parallels.com,627 152 7663
Tove,Braidford,Female,tbraidford5g@odnoklassniki.ru,447 995 2742
Jessie,Kobpal,Male,jkobpal5h@unesco.org,667 965 3908
Brigitte,Ganiford,Female,bganiford5i@cafepress.com,336 953 8663
Nariko,Defew,Female,ndefew5j@zdnet.com,239 387 1052
Bjorn,Betjeman,Male,bbetjeman5k@123-reg.co.uk,570 715 9699
Quent,Buller,Male,qbuller5l@soundcloud.com,273 836 0440
Michelle,Blick,Female,mblick5m@seattletimes.com,403 276 6542
Britney,Tackett,Agender,btackett5n@facebook.com,953 952 3220
Krysta,Cawsy,Female,kcawsy5o@comcast.net,606 361 7591
Clark,Ludvigsen,Male,cludvigsen5p@usgs.gov,519 838 4144
Serene,Bisley,Female,sbisley5q@gnu.org,487 438 2563
Delmor,Yannikov,Male,dyannikov5r@nyu.edu,538 118 8052
Benita,Toomer,Female,btoomer5s@goo.ne.jp,489 399 6374
Madison,Dobson,Male,mdobson5t@naver.com,943 632 5030
Ichabod,Toffolini,Genderfluid,itoffolini5u@ameblo.jp,356 387 2056
Moore,Hischke,Male,mhischke5v@smugmug.com,575 667 5976
Janenna,Plak,Female,jplak5w@nba.com,653 616 5980
Garfield,Kobke,Male,gkobke5x@youtu.be,119 174 0678
Moina,Birdis,Female,mbirdis5y@tiny.cc,985 506 4805
Viviene,Corrigan,Female,vcorrigan5z@dion.ne.jp,472 569 5866
Novelia,Joss,Genderqueer,njoss60@rambler.ru,904 729 3793
Selina,Helsby,Polygender,shelsby61@springer.com,946 224 7615
Krissy,Dickons,Agender,kdickons62@discuz.net,253 401 8388
Karlen,Lourenco,Genderqueer,klourenco63@geocities.com,724 103 7220
Morganica,Hing,Female,mhing64@artisteer.com,375 326 7630
Guinna,Dalrymple,Female,gdalrymple65@rakuten.co.jp,973 108 7250
Zeb,Brackenridge,Male,zbrackenridge66@studiopress.com,292 602 2113
Cordell,Mavin,Male,cmavin67@patch.com,803 651 9775
Lynnea,Bucham,Female,lbucham68@wunderground.com,609 585 1842
Niall,Haighton,Male,nhaighton69@craigslist.org,955 275 9297
Noemi,Hilhouse,Female,nhilhouse6a@utexas.edu,946 900 8508
Alonzo,Eddie,Genderfluid,aeddie6b@ucsd.edu,500 335 7982
Nelia,Conradie,Genderqueer,nconradie6c@mysql.com,285 704 4896
Reid,Rembrant,Male,rrembrant6d@behance.net,793 999 8217
Read,Eschalette,Male,reschalette6e@toplist.cz,134 384 7842
Bambie,Jurges,Female,bjurges6f@mapy.cz,864 798 7722
Aleksandr,Flaune,Male,aflaune6g@uiuc.edu,444 833 0663
Linoel,Arnli,Male,larnli6h@i2i.jp,277 430 9117
Yoshi,Hanscomb,Female,yhanscomb6i@bing.com,547 715 5351
Dani,Tees,Male,dtees6j@nsw.gov.au,702 150 0522
Candice,Daggett,Female,cdaggett6k@cdc.gov,316 519 2419
Richardo,Twist,Male,rtwist6l@nsw.gov.au,248 262 4185
Mariquilla,Gerald,Female,mgerald6m@wufoo.com,770 570 5285
Leroy,Bullion,Male,lbullion6n@sfgate.com,699 942 8777
Bone,Maggorini,Male,bmaggorini6o@rakuten.co.jp,977 177 6778
Sim,Fawlkes,Male,sfawlkes6p@umn.edu,331 296 2945
Saudra,Pirrie,Female,spirrie6q@gnu.org,705 562 6419
Margarette,Jentle,Agender,mjentle6r@gravatar.com,408 724 0172
Biddy,Scobie,Female,bscobie6s@tuttocitta.it,525 780 0775
Aldis,Eacle,Male,aeacle6t@princeton.edu,763 152 8749
Lazarus,Hoofe,Male,lhoofe6u@w3.org,186 339 2584
Berke,Lemmens,Male,blemmens6v@surveymonkey.com,485 882 5966
Basile,Clemot,Male,bclemot6w@omniture.com,400 555 9368
Tine,Jako,Female,tjako6x@people.com.cn,194 828 0496
Lelah,Szabo,Female,lszabo6y@narod.ru,774 220 0280
Trey,Nettleship,Bigender,tnettleship6z@state.tx.us,726 136 4398
Jacky,Bradley,Male,jbradley70@indiatimes.com,847 659 2382
Wallas,Jaine,Male,wjaine71@walmart.com,616 215 3443
Keir,Hill,Non-binary,khill72@netlog.com,959 990 8405
Elfrida,Lovejoy,Female,elovejoy73@army.mil,470 464 2753
Orv,Newby,Male,onewby74@pagesperso-orange.fr,682 274 3267
Tan,Daglish,Male,tdaglish75@ocn.ne.jp,399 966 6076
Nevile,Laxston,Male,nlaxston76@forbes.com,545 435 0436
Idelle,Sifleet,Female,isifleet77@amazon.de,997 354 3292
Gillan,Gullivent,Female,ggullivent78@unesco.org,528 767 1428
Lorna,Beckett,Female,lbeckett79@topsy.com,738 854 4951
Dore,Dyche,Female,ddyche7a@aol.com,315 139 5435
Morganica,Snap,Female,msnap7b@github.com,129 923 7075
Gabi,Killingbeck,Female,gkillingbeck7c@wp.com,179 650 2544
Katya,Glazier,Female,kglazier7d@miibeian.gov.cn,842 160 5180
Alasteir,Slimings,Male,aslimings7e@harvard.edu,167 136 4287
Daniella,Guisby,Female,dguisby7f@wordpress.com,922 837 0796
Heddi,Spykins,Female,hspykins7g@behance.net,564 144 3965
Vonny,Shevlane,Female,vshevlane7h@topsy.com,813 829 3235
Gus,Proven,Male,gproven7i@163.com,913 569 3742
Wolfgang,Bettinson,Male,wbettinson7j@weibo.com,280 288 8659
Karoly,Sibley,Female,ksibley7k@thetimes.co.uk,210 571 9856
Linda,Bridat,Female,lbridat7l@ibm.com,141 594 5821
Cherry,Rambaut,Female,crambaut7m@cbc.ca,150 830 1852
Foss,Zammett,Male,fzammett7n@usatoday.com,108 225 9320
Rourke,Rilston,Male,rrilston7o@smh.com.au,408 237 9842
Daloris,Krook,Female,dkrook7p@spiegel.de,451 652 4727
Foster,Slocum,Male,fslocum7q@deliciousdays.com,834 841 4376
Emery,Scole,Non-binary,escole7r@disqus.com,825 826 1730
Garreth,Raith,Male,graith7s@psu.edu,713 519 3755
Cheston,Cheverell,Male,ccheverell7t@webeden.co.uk,746 275 7645
Casper,Elwood,Male,celwood7u@google.com.br,494 838 4776
Konrad,Lempenny,Male,klempenny7v@noaa.gov,540 865 5536
Guenna,Ashbee,Female,gashbee7w@ibm.com,723 260 1343
Gigi,Bransden,Female,gbransden7x@tumblr.com,883 735 0690
Pasquale,Mensler,Agender,pmensler7y@soundcloud.com,830 760 0357
Jacquenette,Rosone,Female,jrosone7z@a8.net,495 569 8913
Minnaminnie,Andrichuk,Female,mandrichuk80@google.es,806 673 9025
Cecilla,Kupka,Female,ckupka81@phpbb.com,758 222 5113
Danell,Blind,Female,dblind82@berkeley.edu,367 436 0513
Joane,Heymann,Female,jheymann83@ucoz.com,731 856 7011
Blair,Bravery,Male,bbravery84@chron.com,188 742 0606
Thorn,Whelband,Male,twhelband85@shareasale.com,472 899 4542
Jamie,Tunesi,Male,jtunesi86@go.com,604 889 6729
Karen,Vearnals,Female,kvearnals87@samsung.com,940 510 9006
Manya,Larkkem,Female,mlarkkem88@ihg.com,128 348 2866
Issy,Spadotto,Female,ispadotto89@cisco.com,118 275 6885
Alysa,Postance,Female,apostance8a@123-reg.co.uk,204 428 0177
Riobard,Mantione,Male,rmantione8b@topsy.com,315 344 0271
Milzie,Craik,Genderfluid,mcraik8c@timesonline.co.uk,522 709 4111
Inger,Smiley,Male,ismiley8d@mozilla.org,367 342 2365
Demetrius,Mossman,Male,dmossman8e@infoseek.co.jp,183 928 5986
Prudence,Cadore,Female,pcadore8f@bbb.org,294 153 2725
Jeana,Garaway,Female,jgaraway8g@posterous.com,234 327 1679
Myron,Wark,Male,mwark8h@geocities.com,380 829 7546
Gan,Sapauton,Male,gsapauton8i@psu.edu,453 564 7166
Kane,Rosenbarg,Male,krosenbarg8j@google.co.jp,250 866 8517
Toma,Vickors,Female,tvickors8k@about.com,903 281 2649
Lizette,Kleinberer,Female,lkleinberer8l@ow.ly,587 765 9420
Lawrence,Gatenby,Male,lgatenby8m@ning.com,673 956 2880
Byron,Ivanenko,Male,bivanenko8n@icq.com,799 393 7695
Lorry,Geekie,Female,lgeekie8o@newyorker.com,246 841 8403
Chucho,Dmitrievski,Male,cdmitrievski8p@telegraph.co.uk,162 934 5481
Lainey,D'Ambrosi,Female,ldambrosi8q@earthlink.net,732 202 7331
Margarete,Menco,Female,mmenco8r@icq.com,876 973 1535
Sergeant,Cholonin,Male,scholonin8s@sourceforge.net,577 103 1948
Berrie,Bamblett,Female,bbamblett8t@discovery.com,774 262 3848
Camilla,Hardacre,Non-binary,chardacre8u@eepurl.com,221 650 3230
Ambrosio,McEvilly,Male,amcevilly8v@marriott.com,299 142 5144
Linnet,Barrs,Female,lbarrs8w@biblegateway.com,282 146 2481
Gearalt,Inchcomb,Male,ginchcomb8x@bloglovin.com,622 226 7340
Orsa,Sans,Female,osans8y@symantec.com,337 326 7631
Allen,Chartman,Male,achartman8z@histats.com,471 652 9548
Karyl,Applewhite,Female,kapplewhite90@yahoo.com,916 648 3235
Gypsy,Haslum,Female,ghaslum91@auda.org.au,415 655 0108
Lowe,Creus,Male,lcreus92@altervista.org,732 735 1700
Perla,Dungay,Female,pdungay93@t-online.de,435 313 1358
Roderigo,Di Filippo,Male,rdifilippo94@1und1.de,973 481 1739
Gerianne,Guerri,Female,gguerri95@imageshack.us,713 117 5965
Tamma,Sarll,Female,tsarll96@so-net.ne.jp,424 365 4137
Malory,Cursons,Female,mcursons97@mysql.com,369 623 6335
Aldo,Kennington,Male,akennington98@jiathis.com,696 942 7398
Silvester,Peplaw,Male,speplaw99@eepurl.com,344 209 5435
Sallee,Ubach,Genderqueer,subach9a@bluehost.com,480 126 6385
Alethea,Bennis,Female,abennis9b@wikimedia.org,720 844 0839
Friederike,Risby,Female,frisby9c@networkadvertising.org,390 959 3628
Cirstoforo,Aitken,Male,caitken9d@a8.net,758 526 4819
Gaston,Francey,Male,gfrancey9e@google.de,946 486 8885
Norah,Coverlyn,Female,ncoverlyn9f@chron.com,764 141 5716
Bari,Trayte,Female,btrayte9g@pinterest.com,420 598 0938
Juliette,Shrawley,Female,jshrawley9h@moonfruit.com,107 853 5760
Ermina,Caslett,Female,ecaslett9i@toplist.cz,228 640 4161
Albertine,Goare,Female,agoare9j@com.com,993 252 6663
Ramsay,Brosh,Male,rbrosh9k@imageshack.us,790 899 0906
Emmalyn,Rizzello,Female,erizzello9l@engadget.com,570 312 9415
Dora,Woodyatt,Female,dwoodyatt9m@skyrock.com,514 119 9338
Teresa,Litzmann,Female,tlitzmann9n@netscape.com,226 525 0705
Godfrey,Lipman,Genderfluid,glipman9o@craigslist.org,563 598 7771
Colet,Adamini,Male,cadamini9p@ihg.com,859 728 3350
Amandi,Lyenyng,Female,alyenyng9q@indiegogo.com,799 878 5422
Chelsae,Eglinton,Female,ceglinton9r@seesaa.net,139 639 3382
Hadria,Forsdicke,Female,hforsdicke9s@netvibes.com,259 154 0373
Aguste,Dmitriev,Bigender,admitriev9t@zdnet.com,836 758 8739
Arty,Lindell,Male,alindell9u@apple.com,976 186 5526
Kamila,Murtell,Female,kmurtell9v@kickstarter.com,457 709 4456
Vally,Jahncke,Female,vjahncke9w@csmonitor.com,322 569 8705
Maren,Parlour,Female,mparlour9x@boston.com,164 633 0962
Marion,Swanson,Female,mswanson9y@wsj.com,923 606 0106
Leonhard,Benfell,Genderfluid,lbenfell9z@bbc.co.uk,985 411 7883
Seumas,Jonczyk,Male,sjonczyka0@zdnet.com,522 490 3690
Shane,Bewshire,Male,sbewshirea1@fastcompany.com,295 252 9602
Tamera,Raspel,Female,traspela2@wufoo.com,181 966 4899
Lindy,Keegan,Female,lkeegana3@psu.edu,624 801 9548
Etienne,Twigge,Male,etwiggea4@unesco.org,722 965 8330
Donalt,Garforth,Male,dgarfortha5@toplist.cz,747 529 7680
Adelaide,Voce,Female,avocea6@walmart.com,255 847 3392
Brade,Werndley,Male,bwerndleya7@scientificamerican.com,471 201 3143
Rolando,Rowly,Male,rrowlya8@trellian.com,797 381 2767
Aubrette,Bunt,Female,abunta9@sourceforge.net,132 693 6643
Bobby,Borman,Female,bbormanaa@de.vu,138 134 0781
Darrell,Simmonite,Male,dsimmoniteab@tripod.com,660 938 6542
Les,Rogeron,Male,lrogeronac@walmart.com,339 707 5154
Dela,Bloodworth,Female,dbloodworthad@weebly.com,789 781 0814
Nedi,Shoutt,Female,nshouttae@amazon.de,535 166 8656
Marshal,MacGillivray,Genderfluid,mmacgillivrayaf@gov.uk,236 109 2231
Stewart,Billo,Male,sbilloag@wikispaces.com,513 807 4856
Allyn,Sleath,Male,asleathah@mashable.com,204 777 9606
Joanne,Mateos,Female,jmateosai@flavors.me,372 821 3189
Corrina,Goucher,Female,cgoucheraj@liveinternet.ru,204 836 6146
Dan,Stockney,Male,dstockneyak@indiegogo.com,575 185 7035
Schuyler,MacGilpatrick,Male,smacgilpatrickal@kickstarter.com,616 389 9927
Cooper,Semor,Male,csemoram@cargocollective.com,200 310 5769
Cissiee,Van den Velden,Female,cvandenveldenan@example.com,888 690 2049
Sapphire,Oleksiak,Female,soleksiakao@dailymail.co.uk,388 413 4129
Cirilo,Raftery,Male,crafteryap@xrea.com,596 109 8402
Englebert,Andrin,Male,eandrinaq@naver.com,209 394 1949
Matteo,Castanyer,Male,mcastanyerar@vinaora.com,665 643 0698
Patricia,Aaronson,Female,paaronsonas@ow.ly,540 612 2449
Stanislaus,Trime,Male,strimeat@canalblog.com,321 138 0757
Fons,Mattack,Male,fmattackau@bizjournals.com,789 330 0632
Ardisj,Dabbes,Female,adabbesav@nhs.uk,475 854 6264
Carlotta,MacDuff,Female,cmacduffaw@linkedin.com,265 737 7924
Carlina,Maken,Female,cmakenax@wikipedia.org,389 954 8836
Jordain,Addicott,Female,jaddicottay@list-manage.com,556 435 4858
Cynthie,Landa,Female,clandaaz@sohu.com,867 889 7210
Whitney,Mulrooney,Male,wmulrooneyb0@cdbaby.com,693 323 2896
Shana,Kegan,Agender,skeganb1@163.com,836 963 3175
Merrill,Barnsley,Female,mbarnsleyb2@wikispaces.com,275 999 9543
Tudor,Audley,Male,taudleyb3@nyu.edu,862 171 3043
Irita,Yurenin,Female,iyureninb4@yahoo.com,509 345 1608
Dennie,Bickerstaffe,Male,dbickerstaffeb5@discuz.net,942 131 2215
Isis,Newell,Genderfluid,inewellb6@ox.ac.uk,736 817 1414
Felicity,Souter,Female,fsouterb7@exblog.jp,879 203 7553
Wendall,Smeath,Male,wsmeathb8@irs.gov,561 639 8799
Peterus,Androsik,Male,pandrosikb9@wsj.com,114 265 2679
Susana,Ellor,Female,sellorba@bandcamp.com,585 703 7329
Richard,De Cleyne,Male,rdecleynebb@usda.gov,138 954 1523
Goldy,Gerhartz,Female,ggerhartzbc@admin.ch,794 479 9725
Alva,Cadogan,Male,acadoganbd@behance.net,766 714 0402
Agnesse,Dyment,Female,adymentbe@nyu.edu,672 564 8051
Cynthie,Dovydenas,Female,cdovydenasbf@about.me,933 823 1786
Nil,Spering,Male,nsperingbg@blogspot.com,285 885 0152
Xever,Borless,Male,xborlessbh@upenn.edu,682 718 9766
Ellynn,Dowe,Female,edowebi@statcounter.com,385 727 9607
Gayleen,Wigmore,Female,gwigmorebj@t-online.de,996 821 3831
Karl,Baldam,Male,kbaldambk@xinhuanet.com,365 526 3828
Justinian,Headly,Male,jheadlybl@linkedin.com,814 739 4989
Nissy,Chastang,Female,nchastangbm@paypal.com,752 929 5368
Charissa,Bartolozzi,Female,cbartolozzibn@twitpic.com,174 200 5223
Eugen,Goscomb,Male,egoscombbo@utexas.edu,467 282 0179
Udell,Gyorffy,Male,ugyorffybp@fotki.com,808 891 2570
Bonni,Pessel,Female,bpesselbq@twitter.com,311 322 0293
Benn,Hexham,Male,bhexhambr@taobao.com,196 317 3283
Susie,Brunini,Female,sbruninibs@vkontakte.ru,707 370 8598
Eran,Collabine,Non-binary,ecollabinebt@nbcnews.com,105 523 1178
Isac,MacCart,Male,imaccartbu@i2i.jp,125 854 7528
Robinetta,Flooks,Female,rflooksbv@cnn.com,872 491 8859
Sande,Kemwal,Female,skemwalbw@huffingtonpost.com,216 788 4526
Hendrik,Goudge,Male,hgoudgebx@woothemes.com,336 288 1624
Kitti,Elia,Female,keliaby@virginia.edu,668 117 6778
Robinetta,Lanfranchi,Female,rlanfranchibz@whitehouse.gov,689 908 9785
Saudra,Vasyukov,Female,svasyukovc0@chronoengine.com,111 321 9216
Faun,Sego,Female,fsegoc1@taobao.com,534 944 2609
Wilden,Myatt,Male,wmyattc2@so-net.ne.jp,480 380 0782
Wendall,Kerrod,Male,wkerrodc3@reverbnation.com,457 382 0824
Sharon,Symons,Female,ssymonsc4@barnesandnoble.com,717 814 4070
Gage,Gaffer,Male,ggafferc5@ibm.com,202 699 4865
Juditha,Dyball,Female,jdyballc6@trellian.com,915 904 9315
Siouxie,Divine,Female,sdivinec7@163.com,180 818 6245
Melisenda,Cheeney,Female,mcheeneyc8@dailymotion.com,490 146 3214
Collen,Stronge,Female,cstrongec9@epa.gov,980 755 7631
Janean,MacNamara,Female,jmacnamaraca@hc360.com,824 237 8462
Rolland,Blitzer,Male,rblitzercb@domainmarket.com,123 508 2327
Lock,Summerill,Genderqueer,lsummerillcc@comsenz.com,385 138 0449
Philly,holmes,Female,pholmescd@hatena.ne.jp,792 646 3720
Willow,Guys,Non-binary,wguysce@smh.com.au,487 904 1967
Chanda,Crayke,Female,ccraykecf@instagram.com,386 481 6720
Haleigh,Barnes,Male,hbarnescg@mediafire.com,745 487 4248
Red,Angelini,Male,rangelinich@globo.com,734 612 1199
Sal,Bensen,Male,sbensenci@ucla.edu,603 982 2854
Robinet,Hindenberger,Bigender,rhindenbergercj@irs.gov,914 715 0476
Emmery,Leys,Male,eleysck@prlog.org,430 317 3761
Sunny,Martinson,Non-binary,smartinsoncl@behance.net,153 761 2355
Phylys,Jeyness,Female,pjeynesscm@bizjournals.com,306 482 7578
Parrnell,Casford,Non-binary,pcasfordcn@sitemeter.com,547 301 3525
Owen,Mandrey,Male,omandreyco@squidoo.com,952 459 7717
Tan,Sayle,Male,tsaylecp@cloudflare.com,840 217 8220
Odo,Dorracott,Male,odorracottcq@youtube.com,614 253 3636
Vincenty,Grog,Male,vgrogcr@marriott.com,973 130 4942
Sibylle,Hince,Female,shincecs@smugmug.com,403 665 8843
Goddart,Noell,Polygender,gnoellct@addtoany.com,539 429 0918
Granthem,Cashell,Male,gcashellcu@auda.org.au,321 227 3032
Murray,de Mendoza,Male,mdemendozacv@1688.com,316 891 8549
Edsel,Durnian,Male,edurniancw@umich.edu,861 198 5696
Aurora,Isgar,Female,aisgarcx@cocolog-nifty.com,907 941 5936
Claiborne,Jeggo,Male,cjeggocy@flavors.me,290 473 4370
Seamus,Pales,Male,spalescz@tinypic.com,676 910 5821
Granny,Iannuzzi,Male,giannuzzid0@networkadvertising.org,434 133 9015
Caty,Sambell,Female,csambelld1@cbsnews.com,753 333 7085
Dacie,Schurig,Female,dschurigd2@mozilla.org,563 607 4408
Austen,Pales,Male,apalesd3@twitter.com,649 736 5979
Ethelbert,Dumingos,Male,edumingosd4@earthlink.net,547 332 8957
Patsy,Cornall,Male,pcornalld5@senate.gov,571 641 2726
Felecia,Batistelli,Female,fbatistellid6@homestead.com,437 665 1828
Yves,Marmon,Male,ymarmond7@bluehost.com,256 516 3211
Norris,Stegell,Male,nstegelld8@sciencedirect.com,693 641 3768
Price,McWard,Male,pmcwardd9@photobucket.com,580 878 2872
Padraig,Stainson,Male,pstainsonda@sphinn.com,848 238 8760
Louella,Mathias,Female,lmathiasdb@archive.org,841 690 4830
Katherina,Berrey,Female,kberreydc@bluehost.com,764 129 7178
Theobald,Falls,Male,tfallsdd@i2i.jp,765 495 9033
Walt,Dayce,Male,wdaycede@istockphoto.com,308 537 7662
Lia,Blakeman,Female,lblakemandf@shop-pro.jp,584 157 1152
Vivi,Bezant,Female,vbezantdg@businessweek.com,657 226 6730
Emalee,Jonsson,Female,ejonssondh@blogtalkradio.com,418 438 9220
Hadleigh,Huton,Genderfluid,hhutondi@simplemachines.org,632 300 5835
Cristobal,Lawrinson,Male,clawrinsondj@yellowbook.com,310 267 5921
Stefano,Le Barr,Male,slebarrdk@google.es,102 659 6821
Oby,Hutchison,Male,ohutchisondl@businessinsider.com,469 552 3835
Tammie,Ryam,Male,tryamdm@latimes.com,234 143 0850
Thorpe,Moxham,Male,tmoxhamdn@cocolog-nifty.com,793 155 0649
Merrili,Sahnow,Female,msahnowdo@slashdot.org,616 223 7667
Terri,Houlson,Agender,thoulsondp@rediff.com,762 334 3964
Ludovico,Romain,Male,lromaindq@cloudflare.com,966 218 2430
Byrom,Ridsdole,Male,bridsdoledr@senate.gov,305 462 6457
Gradeigh,Skeat,Male,gskeatds@jigsy.com,968 490 7030
Grazia,Antuoni,Female,gantuonidt@fotki.com,721 445 7198
Tiphany,Bunyard,Female,tbunyarddu@bravesites.com,148 559 9231
Fax,Roches,Male,frochesdv@networkadvertising.org,367 107 5789
Kele,Swoffer,Male,kswofferdw@house.gov,526 450 1164
Liz,Allery,Female,lallerydx@meetup.com,515 310 2936
Trixie,Pickton,Female,tpicktondy@alibaba.com,783 840 8043
Myrta,Scotchmoor,Female,mscotchmoordz@multiply.com,579 772 7702
Teirtza,Shelford,Female,tshelforde0@photobucket.com,277 359 3370
Antons,Ochterlonie,Male,aochterloniee1@squidoo.com,779 499 0147
Umberto,Collison,Male,ucollisone2@sciencedirect.com,289 598 7728
Shane,Mathivet,Bigender,smathivete3@businessinsider.com,489 366 1751
Cody,Ballach,Male,cballache4@earthlink.net,971 779 4166
Lalo,Hukins,Male,lhukinse5@businessweek.com,105 777 5573
Grazia,Ollerton,Female,gollertone6@google.ru,889 871 1145
Romain,Bernardot,Male,rbernardote7@squarespace.com,908 411 0776
Annamaria,Bartoleyn,Female,abartoleyne8@cbsnews.com,916 291 0616
Collete,Stefanovic,Female,cstefanovice9@tiny.cc,118 447 2513
Karolina,Bunn,Female,kbunnea@flickr.com,984 689 9852
Nelie,Laverick,Female,nlaverickeb@feedburner.com,556 638 4602
Gunilla,Hanscomb,Genderfluid,ghanscombec@abc.net.au,210 290 4151
Phillis,Giovanazzi,Female,pgiovanazzied@bluehost.com,384 688 1363
Constance,Gosker,Agender,cgoskeree@google.de,402 644 5290
Vivian,Wolfit,Female,vwolfitef@china.com.cn,925 224 4240
Sanders,Pickerell,Male,spickerelleg@weather.com,250 857 8710
Mireielle,Zink,Genderqueer,mzinkeh@spiegel.de,707 537 2584
Haskel,Pellamonuten,Male,hpellamonutenei@tumblr.com,243 616 8486
Dominic,Shortt,Male,dshorttej@nbcnews.com,681 984 9339
Alidia,Patley,Female,apatleyek@macromedia.com,457 448 2944
Tine,Twaite,Agender,ttwaiteel@accuweather.com,978 104 7373
Dorian,Wreight,Female,dwreightem@unicef.org,508 797 1658
Celestyna,Fulmen,Genderfluid,cfulmenen@telegraph.co.uk,566 921 6060
Pablo,Gravenell,Male,pgravenelleo@gnu.org,872 285 3025
Geoffrey,Enston,Male,genstonep@noaa.gov,207 314 8935
Willow,Preene,Female,wpreeneeq@psu.edu,501 870 8808
Killian,Sheasby,Male,ksheasbyer@shareasale.com,895 997 7454
Fran,Knight,Male,fknightes@wsj.com,189 956 0109
Celestina,Kedie,Female,ckedieet@wordpress.com,775 165 5697
Rhianon,Bonsale,Female,rbonsaleeu@livejournal.com,518 493 3028
Nelia,Tidbury,Female,ntidburyev@tuttocitta.it,892 396 3171
Simeon,Grzelczak,Male,sgrzelczakew@xrea.com,320 214 9471
Erskine,Cammidge,Male,ecammidgeex@webeden.co.uk,632 579 6070
Mateo,Moret,Male,mmoretey@mac.com,424 175 4795
Julita,Boissieux,Female,jboissieuxez@disqus.com,117 643 3194
Mathilde,Jerrom,Female,mjerromf0@mac.com,569 530 8072
Windy,Dugdale,Bigender,wdugdalef1@comsenz.com,705 941 6244
Shara,Plevey,Female,spleveyf2@instagram.com,814 361 5096
Kathryn,Galland,Female,kgallandf3@irs.gov,217 648 7756
Esma,Bettaney,Female,ebettaneyf4@edublogs.org,377 880 5872
Welbie,Graalmans,Male,wgraalmansf5@google.de,125 800 1096
Jefferey,Hoovart,Male,jhoovartf6@ifeng.com,597 146 7570
Felicio,Cuseick,Male,fcuseickf7@pen.io,636 720 2944
Sheela,Fraanchyonok,Female,sfraanchyonokf8@ycombinator.com,891 952 3561
Debbie,Gilogly,Female,dgiloglyf9@shinystat.com,681 395 6794
Julita,Hughlin,Female,jhughlinfa@utexas.edu,566 862 6000
Roselin,Corradeschi,Female,rcorradeschifb@craigslist.org,212 992 6173
Robinet,Wallentin,Male,rwallentinfc@freewebs.com,374 758 5670
Eldridge,Rivilis,Male,erivilisfd@indiegogo.com,734 110 4747
Corey,Swindin,Male,cswindinfe@usnews.com,588 438 1766
Donavon,Hamp,Male,dhampff@nba.com,498 733 3239
Carmelina,Robiot,Female,crobiotfg@google.it,951 132 6701
Zacharias,Zanussii,Male,zzanussiifh@cdbaby.com,240 973 9025
Silvester,Belcham,Male,sbelchamfi@zimbio.com,993 343 4752
Milo,Marcus,Male,mmarcusfj@wufoo.com,151 943 4603
Anastassia,Calafato,Female,acalafatofk@oaic.gov.au,313 805 5201
Trevor,Maffulli,Male,tmaffullifl@yellowpages.com,716 971 2125
Ferdie,Woolveridge,Male,fwoolveridgefm@360.cn,462 140 6062
Otto,MacFadin,Male,omacfadinfn@goodreads.com,732 452 6038
Fanchette,Shoute,Female,fshoutefo@jugem.jp,616 546 6241
Riccardo,Coskerry,Male,rcoskerryfp@army.mil,906 294 2447
Kristi,Skough,Female,kskoughfq@seesaa.net,232 957 0825
Tobye,O'Lenechan,Female,tolenechanfr@naver.com,465 698 1218
Cyndia,Pisco,Bigender,cpiscofs@instagram.com,615 412 2538
Ripley,January,Male,rjanuaryft@163.com,589 758 8897
Garey,Fassan,Male,gfassanfu@unc.edu,150 891 5195
Sibyl,Orto,Male,sortofv@ameblo.jp,146 599 9701
Butch,LAbbet,Male,blabbetfw@github.com,646 370 8436
Adelle,Ivashin,Female,aivashinfx@java.com,696 360 9332
Hall,Maxwale,Male,hmaxwalefy@unc.edu,319 479 2414
Daron,Crut,Female,dcrutfz@columbia.edu,411 283 8934
Barclay,Worgen,Male,bworgeng0@shareasale.com,583 287 9978
Ginnifer,Scotchmor,Female,gscotchmorg1@google.com.br,512 806 4953
Colet,Smetoun,Male,csmetoung2@bbb.org,175 999 3985
Jayson,Raddon,Male,jraddong3@cloudflare.com,357 790 4235
Windy,Mocquer,Female,wmocquerg4@earthlink.net,935 793 3656
Rustie,Bather,Male,rbatherg5@furl.net,771 529 5597
Stephi,Frarey,Female,sfrareyg6@google.cn,179 964 0332
Irma,Fishlock,Female,ifishlockg7@zdnet.com,685 182 2542
Evonne,Cleator,Female,ecleatorg8@over-blog.com,248 217 7609
Dorene,Maureen,Female,dmaureeng9@1688.com,929 123 1595
Walther,Hicks,Male,whicksga@vinaora.com,867 119 5380
Germain,Preskett,Male,gpreskettgb@who.int,728 731 2205
Marlo,Grigoryov,Genderqueer,mgrigoryovgc@washingtonpost.com,730 125 3779
Bernie,Osinin,Male,bosiningd@oaic.gov.au,443 259 2032
Rolando,McSporrin,Male,rmcsporringe@google.ca,639 209 9534
Gerek,Coverly,Male,gcoverlygf@netlog.com,400 187 6301
Lawton,Jaksic,Male,ljaksicgg@twitpic.com,927 972 9684
Norman,Hegdonne,Male,nhegdonnegh@biblegateway.com,288 427 1683
Gilbert,Gorvette,Male,ggorvettegi@surveymonkey.com,559 606 0682
Rosalinde,Willgress,Female,rwillgressgj@eventbrite.com,472 766 3599
Ashlin,Feild,Male,afeildgk@netvibes.com,958 448 7122
Cleve,Juza,Male,cjuzagl@goo.gl,745 358 7129
Laney,Millen,Male,lmillengm@chicagotribune.com,412 749 3723
Sheppard,Eskell,Male,seskellgn@theguardian.com,995 709 7972
Annmarie,Bowe,Female,abowego@over-blog.com,627 777 2828
Hansiain,Brodway,Male,hbrodwaygp@soundcloud.com,162 257 6722
Menard,Winkless,Male,mwinklessgq@disqus.com,954 521 2098
Neille,Blackborn,Female,nblackborngr@cnet.com,298 504 3797
Lonnie,Lording,Female,llordinggs@domainmarket.com,465 464 0528
Noble,Sobczak,Male,nsobczakgt@pbs.org,465 759 2043
Niko,Polfer,Male,npolfergu@bloglines.com,906 990 2760
Arthur,Atkirk,Male,aatkirkgv@scientificamerican.com,340 666 8625
Garvin,Tomaszczyk,Male,gtomaszczykgw@lulu.com,260 230 3629
Roddy,Medford,Male,rmedfordgx@hp.com,895 134 4019
Tybalt,Vinall,Male,tvinallgy@cmu.edu,682 706 4864
Gae,Marquez,Female,gmarquezgz@com.com,712 623 0061
Addy,Gillet,Female,agilleth0@google.de,166 513 8707
Aurea,Wheatland,Female,awheatlandh1@vinaora.com,343 250 8657
Delmore,Gammie,Male,dgammieh2@weibo.com,765 803 0595
Kerby,MacSweeney,Male,kmacsweeneyh3@unicef.org,138 535 1212
Oriana,Tulloch,Agender,otullochh4@google.it,499 342 2746
Alexandrina,Kleinschmidt,Female,akleinschmidth5@tinyurl.com,892 648 6030
Kermit,Argent,Male,kargenth6@twitter.com,133 156 6361
Joceline,Bedo,Female,jbedoh7@opensource.org,869 496 3026
Lucilia,McMurdo,Female,lmcmurdoh8@timesonline.co.uk,494 874 2292
Penn,Pesticcio,Male,ppesticcioh9@netscape.com,204 150 4458
Timmy,Dullard,Male,tdullardha@wisc.edu,285 917 9494
Noe,Buckingham,Male,nbuckinghamhb@nsw.gov.au,876 581 9187
Robinson,Rumble,Male,rrumblehc@so-net.ne.jp,653 896 5348
Farley,Branni,Male,fbrannihd@hao123.com,775 740 8960
Lani,Glandfield,Genderfluid,lglandfieldhe@elegantthemes.com,281 735 5779
Sabrina,Desborough,Female,sdesboroughhf@businesswire.com,482 271 8084
Hanan,Comino,Male,hcominohg@clickbank.net,939 445 6285
Florette,Malster,Female,fmalsterhh@friendfeed.com,991 386 4873
Taber,Jamblin,Male,tjamblinhi@miitbeian.gov.cn,674 670 5156
Lizzie,Feathers,Female,lfeathershj@nyu.edu,402 192 7831
Ario,Armer,Male,aarmerhk@e-recht24.de,767 480 6753
Roseann,Seid,Female,rseidhl@patch.com,682 230 9418
Frederich,Goede,Male,fgoedehm@reference.com,244 947 2083
Sheila,Penticost,Female,spenticosthn@ted.com,377 568 0423
Bel,Ferran,Non-binary,bferranho@bbc.co.uk,597 616 0158
Lindsay,Brixey,Female,lbrixeyhp@sfgate.com,744 605 3589
Celene,Ivanisov,Female,civanisovhq@businesswire.com,375 140 4444
Wilbur,Andrzejak,Male,wandrzejakhr@hostgator.com,593 324 3080
Burty,Gjerde,Male,bgjerdehs@drupal.org,885 798 8198
Erna,Lepere,Female,elepereht@163.com,970 317 5241
Thalia,Halvorsen,Female,thalvorsenhu@naver.com,726 564 2546
Pembroke,O'Flaherty,Male,poflahertyhv@hexun.com,290 560 8002
Lin,Hagstone,Female,lhagstonehw@sciencedaily.com,475 965 0902
Kirsteni,Prest,Female,kpresthx@prlog.org,288 426 4849
Kira,Jennrich,Genderqueer,kjennrichhy@youku.com,152 741 4736
Glendon,Nurden,Genderqueer,gnurdenhz@fc2.com,949 770 5594
Olivia,Simionato,Female,osimionatoi0@imageshack.us,236 158 2283
Warden,Jeffreys,Male,wjeffreysi1@miitbeian.gov.cn,981 276 3446
Brier,Feary,Female,bfearyi2@w3.org,861 889 9646
Gates,Duxfield,Female,gduxfieldi3@auda.org.au,441 359 2738
Marita,Lodeke,Female,mlodekei4@shinystat.com,555 940 4451
Tiertza,Golde,Female,tgoldei5@cnet.com,487 909 4472
Skipton,Mee,Male,smeei6@senate.gov,102 722 7575
Dolley,Bingley,Female,dbingleyi7@newyorker.com,922 712 5005
Cindi,Cornilleau,Female,ccornilleaui8@xing.com,116 403 4125
Filide,Stormont,Female,fstormonti9@hexun.com,633 358 7583
Glynn,Lethem,Male,glethemia@noaa.gov,412 875 9801
Michail,Fallowes,Male,mfallowesib@fastcompany.com,207 997 4310
Rustie,Bennison,Non-binary,rbennisonic@nytimes.com,606 604 7525
Avram,Joy,Male,ajoyid@vinaora.com,618 651 2238
Pryce,Menchenton,Male,pmenchentonie@goo.gl,209 794 3654
Dorian,Conant,Female,dconantif@google.fr,870 654 4320
Ky,Gerriessen,Male,kgerriessenig@aol.com,851 170 2152
Wilden,Diviney,Male,wdivineyih@toplist.cz,483 814 7493
Hannis,Freckingham,Female,hfreckinghamii@goo.ne.jp,723 647 8285
Stanislas,Pagram,Male,spagramij@ebay.com,664 647 6146
Hershel,Steeden,Male,hsteedenik@google.com.br,906 285 9590
Tillie,Jeeks,Female,tjeeksil@e-recht24.de,378 285 0755
Tome,Mettericke,Male,tmetterickeim@time.com,691 732 6709
Drud,Dodson,Male,ddodsonin@cmu.edu,567 921 4970
Emilio,Calvey,Male,ecalveyio@typepad.com,930 517 3226
Stephenie,Mouton,Female,smoutonip@flavors.me,949 480 3094
Ron,Hamlin,Male,rhamliniq@sbwire.com,926 209 0168
Josephine,Trussler,Female,jtrusslerir@xrea.com,155 413 9078
Rafaellle,Fetherston,Male,rfetherstonis@biblegateway.com,573 725 7867
Matilde,Nurden,Female,mnurdenit@shareasale.com,533 249 5215
Eb,Probbings,Male,eprobbingsiu@vistaprint.com,956 108 5173
Lawrence,Middiff,Male,lmiddiffiv@cocolog-nifty.com,109 459 0955
Zitella,Hovenden,Female,zhovendeniw@amazon.co.jp,466 243 5217
Godiva,Chotty,Female,gchottyix@discovery.com,880 479 0881
Putnem,Delyth,Male,pdelythiy@slideshare.net,491 775 5510
Jasmina,Seamons,Female,jseamonsiz@irs.gov,922 789 8494
Gerhardine,Almeida,Non-binary,galmeidaj0@walmart.com,555 794 0456
Rivalee,Kirvin,Polygender,rkirvinj1@mozilla.com,845 452 7450
Cal,Queree,Female,cquereej2@webs.com,248 573 0875
Ronny,Boswood,Male,rboswoodj3@purevolume.com,513 108 6119
Leigh,Bereford,Female,lberefordj4@hao123.com,873 383 4666
Maryrose,Tommasetti,Female,mtommasettij5@go.com,629 500 4455
Pepi,Pidgen,Female,ppidgenj6@telegraph.co.uk,684 811 2661
Red,Whytock,Male,rwhytockj7@wikispaces.com,305 818 4066
Sapphire,Karczinski,Female,skarczinskij8@about.me,780 339 0286
Goran,Perford,Male,gperfordj9@home.pl,848 621 2847
Laughton,Fremantle,Male,lfremantleja@toplist.cz,615 981 4398
Bram,Cawthery,Male,bcawtheryjb@hexun.com,718 624 3377
Kelcie,Ruppertz,Female,kruppertzjc@instagram.com,604 125 6520
Quintin,Baptie,Male,qbaptiejd@feedburner.com,923 763 1443
Inness,MacNish,Male,imacnishje@yahoo.com,598 156 9197
Vittoria,Ixer,Female,vixerjf@360.cn,764 590 8035
Hillery,Dowsey,Male,hdowseyjg@unesco.org,857 467 5148
Gregoor,Goodricke,Male,ggoodrickejh@hp.com,533 520 5197
Imelda,O'Sheeryne,Female,iosheeryneji@unicef.org,515 565 2732
Kerstin,Boate,Female,kboatejj@tuttocitta.it,370 236 9039
Paige,Oakenfall,Bigender,poakenfalljk@sciencedaily.com,908 404 2618
Romeo,Jentgens,Male,rjentgensjl@list-manage.com,616 327 8984
Jerrie,Siggins,Non-binary,jsigginsjm@si.edu,198 404 5148
Karisa,Summerly,Female,ksummerlyjn@de.vu,928 858 6462
Saloma,Eason,Female,seasonjo@drupal.org,482 395 4455
Yvon,Malyj,Male,ymalyjjp@slate.com,133 296 0074
Erasmus,Frift,Genderfluid,efriftjq@gmpg.org,514 175 0387
Caroljean,Abbado,Female,cabbadojr@a8.net,277 623 3877
Vanny,Gurden,Female,vgurdenjs@engadget.com,396 802 2303
Rodrigo,Gatheral,Male,rgatheraljt@sitemeter.com,275 463 4846
Yolanthe,Leyzell,Female,yleyzellju@scientificamerican.com,511 892 2940
Karlee,Simonelli,Female,ksimonellijv@slideshare.net,263 450 1662
Cyrus,Wordsley,Male,cwordsleyjw@rakuten.co.jp,475 123 1706
Ignatius,Isac,Male,iisacjx@drupal.org,882 140 9610
Ramonda,Connechy,Female,rconnechyjy@goodreads.com,958 453 3413
Talbert,Garbutt,Male,tgarbuttjz@google.co.jp,110 262 5898
Cammy,De Mitris,Male,cdemitrisk0@ucoz.com,341 241 5609
Harlin,Jovis,Male,hjovisk1@cpanel.net,841 662 9538
Adamo,Fazakerley,Male,afazakerleyk2@ehow.com,416 272 4734
Berget,Bavidge,Female,bbavidgek3@cdbaby.com,872 482 7335
Carin,Coghlin,Female,ccoghlink4@4shared.com,907 723 8683
Clayborn,Veschambre,Male,cveschambrek5@cbslocal.com,371 182 0904
Brade,Mangenot,Male,bmangenotk6@irs.gov,811 466 2610
Brena,Cansdill,Female,bcansdillk7@samsung.com,682 233 9980
Massimiliano,Stivey,Male,mstiveyk8@posterous.com,212 636 0167
Findley,Whittington,Male,fwhittingtonk9@chronoengine.com,267 935 7225
Joelynn,Mash,Female,jmashka@elegantthemes.com,407 929 5343
Wilmette,Strapp,Female,wstrappkb@ted.com,144 484 2774
Veronica,Seywood,Female,vseywoodkc@google.ru,289 463 1016
Benedetto,MacCumiskey,Male,bmaccumiskeykd@census.gov,131 227 7055
Berke,Woosnam,Male,bwoosnamke@theguardian.com,226 970 0794
Otis,Ivchenko,Male,oivchenkokf@360.cn,139 644 4254
Dani,Carlyon,Female,dcarlyonkg@mysql.com,711 887 3258
Astrix,Barrs,Female,abarrskh@nsw.gov.au,612 900 0038
Vernor,Kalf,Male,vkalfki@angelfire.com,620 367 2984
Allie,Stolworthy,Male,astolworthykj@eventbrite.com,915 418 7303
Bentley,O'Doogan,Male,bodoogankk@privacy.gov.au,779 819 8402
Franky,Allchorne,Male,fallchornekl@sciencedirect.com,551 645 3914
Denni,Jackalin,Female,djackalinkm@wikipedia.org,118 187 2181
Huey,Mayers,Male,hmayerskn@spiegel.de,569 267 7578
Cobb,Print,Male,cprintko@cnet.com,143 875 1589
Fey,Hoyland,Female,fhoylandkp@live.com,763 851 2343
Herta,Embra,Polygender,hembrakq@usnews.com,762 894 9314
Megen,Spiaggia,Female,mspiaggiakr@csmonitor.com,689 713 2775
Karil,Jakovijevic,Female,kjakovijevicks@altervista.org,824 689 7352
Roze,Chatelain,Female,rchatelainkt@vk.com,396 791 8572
Adamo,Harms,Male,aharmsku@go.com,308 691 3713
Valeda,Chucks,Female,vchuckskv@utexas.edu,360 880 1068
Matthieu,Pimlock,Male,mpimlockkw@wikia.com,662 820 2670
Eyde,Brailsford,Female,ebrailsfordkx@sohu.com,832 161 4304
Aggi,Desantis,Female,adesantisky@netscape.com,476 122 4434
Emma,Mothersdale,Female,emothersdalekz@bloglovin.com,595 722 0553
Baldwin,Maultby,Genderfluid,bmaultbyl0@nature.com,850 579 3003
Casi,Lissandre,Female,clissandrel1@phpbb.com,977 429 4883
Ronna,Chaim,Agender,rchaiml2@studiopress.com,546 232 9239
Mareah,Jeskin,Female,mjeskinl3@shop-pro.jp,557 955 1545
Clare,Stear,Polygender,cstearl4@weather.com,353 159 9129
Delmar,Gledhill,Male,dgledhilll5@mit.edu,651 867 3791
Mose,Matieu,Male,mmatieul6@smugmug.com,800 651 4156
Roxane,Raccio,Female,rracciol7@indiatimes.com,563 941 8235
Heath,Fasson,Polygender,hfassonl8@miibeian.gov.cn,404 482 0593
Giorgi,Drogan,Male,gdroganl9@bravesites.com,229 720 3207
Piggy,Cooley,Male,pcooleyla@washingtonpost.com,127 903 2168
Teodoro,Mylchreest,Male,tmylchreestlb@sciencedaily.com,582 503 1055
Luciano,Atty,Male,lattylc@google.it,667 648 1225
Angie,Canadas,Male,acanadasld@quantcast.com,860 844 9461
Jaye,Belly,Male,jbellyle@amazon.de,822 976 4041
Lindsay,Bromont,Female,lbromontlf@taobao.com,119 156 1556
Meggie,Blasing,Female,mblasinglg@hud.gov,989 250 0297
Laurette,Dragonette,Genderqueer,ldragonettelh@microsoft.com,816 579 4843
Kelley,Stanworth,Male,kstanworthli@nydailynews.com,585 295 9829
Ari,Morphew,Male,amorphewlj@fema.gov,179 787 3842
Irwinn,Maddocks,Male,imaddockslk@google.ru,347 227 9675
Mayer,Bortoletti,Male,mbortolettill@bluehost.com,670 948 8079
Donalt,Tesh,Non-binary,dteshlm@techcrunch.com,385 758 2839
Romona,Saladino,Female,rsaladinoln@cisco.com,369 195 4338
Alwyn,Mincher,Male,amincherlo@barnesandnoble.com,129 268 4742
Arlen,Driver,Male,adriverlp@wired.com,562 796 0717
Luce,Bullon,Male,lbullonlq@cbslocal.com,408 556 7918
Lindsay,Mostin,Male,lmostinlr@cocolog-nifty.com,322 752 2753
Logan,McCart,Male,lmccartls@unicef.org,839 847 2756
Bunny,Deble,Non-binary,bdeblelt@flickr.com,800 669 6266
Kari,Sleeford,Female,ksleefordlu@goo.gl,438 978 5020
Jolynn,Vanyukhin,Female,jvanyukhinlv@google.com.hk,672 529 2524
Abigail,Grzelczyk,Female,agrzelczyklw@tinypic.com,102 206 8011
Sigismond,Lasslett,Male,slasslettlx@seattletimes.com,245 447 5631
Ange,McRonald,Female,amcronaldly@about.com,753 184 4079
Langsdon,Dabner,Male,ldabnerlz@fema.gov,884 699 7865
Aila,Doogood,Female,adoogoodm0@deviantart.com,283 925 5441
Aurea,Hughson,Female,ahughsonm1@ox.ac.uk,404 811 4453
Candie,Tarrant,Female,ctarrantm2@elpais.com,464 343 9218
Gabie,Lutas,Female,glutasm3@time.com,892 536 1708
Murielle,De Morena,Female,mdemorenam4@fc2.com,582 953 6120
Yul,Quilkin,Male,yquilkinm5@altervista.org,816 328 7632
Bree,Sworn,Female,bswornm6@time.com,939 973 5129
Gwenneth,Krabbe,Female,gkrabbem7@cornell.edu,189 377 6517
Clayborn,Kermon,Male,ckermonm8@printfriendly.com,906 545 7345
Emelyne,Simonou,Female,esimonoum9@netlog.com,310 680 3248
Wilbert,Tidd,Male,wtiddma@xrea.com,153 338 8884
Willyt,De Souza,Female,wdesouzamb@technorati.com,337 876 6835
Chlo,Doyley,Female,cdoyleymc@china.com.cn,473 363 7197
Coop,Hilland,Male,chillandmd@adobe.com,910 895 2306
Rycca,Batrick,Female,rbatrickme@usgs.gov,763 677 1331
Alasteir,Breede,Male,abreedemf@yolasite.com,365 198 1645
Marsh,Sproson,Male,msprosonmg@chronoengine.com,875 948 7575
Ellary,Pedder,Male,epeddermh@umich.edu,450 416 9428
Chelsie,O'Fergus,Non-binary,cofergusmi@msu.edu,659 995 7063
Cody,Haill,Female,chaillmj@blogspot.com,939 187 4087
Tannie,Elliot,Male,telliotmk@odnoklassniki.ru,800 196 4772
Sidoney,Kuschke,Female,skuschkeml@house.gov,995 374 7440
Elston,Wackley,Male,ewackleymm@discovery.com,371 242 8554
Mel,Scaddon,Male,mscaddonmn@hp.com,826 608 5430
Josefa,Brook,Female,jbrookmo@bing.com,222 856 2329
Chickie,Edards,Male,cedardsmp@guardian.co.uk,520 935 8720
Salvidor,Lidgertwood,Male,slidgertwoodmq@sphinn.com,589 866 1524
Nat,Guilayn,Agender,nguilaynmr@disqus.com,187 908 6635
Dyanna,Jorgesen,Female,djorgesenms@pagesperso-orange.fr,205 806 3042
Blaine,Sowter,Male,bsowtermt@tripod.com,843 852 6354
Armand,Filchakov,Male,afilchakovmu@google.co.uk,113 178 7654
Rodolfo,Callow,Male,rcallowmv@ox.ac.uk,472 282 5661
Gwendolin,O' Driscoll,Female,godriscollmw@flickr.com,977 371 8659
Gaston,Fennell,Male,gfennellmx@theatlantic.com,903 287 2333
Dukey,Golsworthy,Male,dgolsworthymy@merriam-webster.com,587 190 8195
Teriann,Basketfield,Female,tbasketfieldmz@bing.com,141 923 4968
Carlie,Binnes,Male,cbinnesn0@mozilla.com,173 704 7192
Tedi,Dyball,Female,tdyballn1@telegraph.co.uk,340 103 1442
Isacco,Wistance,Male,iwistancen2@cloudflare.com,811 529 4197
Blane,Burnhard,Male,bburnhardn3@163.com,141 813 9711
Pren,Culter,Male,pcultern4@soup.io,815 755 6391
Roxine,O'Toole,Female,rotoolen5@amazon.de,755 880 0899
Elihu,Durn,Male,edurnn6@vinaora.com,942 949 1352
Madel,Mullins,Female,mmullinsn7@qq.com,294 413 6446
Dorelle,Mayhou,Female,dmayhoun8@devhub.com,900 808 9252
Margarette,Thumann,Female,mthumannn9@wikispaces.com,299 546 8208
Benn,Shirer,Male,bshirerna@jiathis.com,657 816 1855
Lacy,Ambroisin,Female,lambroisinnb@miitbeian.gov.cn,495 288 3706
Claudette,Angrove,Female,cangrovenc@jigsy.com,703 511 5150
Suzie,Georger,Female,sgeorgernd@ted.com,517 532 4422
Cilka,Kubala,Genderqueer,ckubalane@eventbrite.com,482 849 7076
Bryant,Mingus,Genderqueer,bmingusnf@surveymonkey.com,280 276 9589
Zachariah,Schoenleiter,Male,zschoenleiterng@vkontakte.ru,141 288 3669
Margaux,Allington,Female,mallingtonnh@berkeley.edu,509 527 5791
Eudora,Deviney,Female,edevineyni@over-blog.com,677 735 4562
Alma,Penticost,Female,apenticostnj@weibo.com,827 898 9561
Shawnee,Farnill,Female,sfarnillnk@upenn.edu,583 741 0218
Talya,Stamps,Female,tstampsnl@so-net.ne.jp,696 503 1371
Shellysheldon,Lebbon,Male,slebbonnm@reuters.com,489 223 5372
Almeda,Sheal,Female,ashealnn@auda.org.au,593 573 8652
Loren,Embling,Male,lemblingno@usda.gov,575 195 9830
Willy,Cockton,Male,wcocktonnp@nih.gov,970 579 2821
Jasmine,Arnauduc,Female,jarnauducnq@nih.gov,811 398 0592
Arabel,Sallenger,Female,asallengernr@addtoany.com,933 107 9817
Ferris,Petit,Male,fpetitns@sun.com,486 633 0802
Janos,Teasdale,Male,jteasdalent@foxnews.com,250 938 5297
Arney,Lentsch,Male,alentschnu@oracle.com,284 517 1636
Delilah,Borrell,Female,dborrellnv@sciencedaily.com,228 357 3344
Meriel,Mancell,Female,mmancellnw@1und1.de,474 445 6201
Dallis,Feldhammer,Male,dfeldhammernx@cnbc.com,839 224 7621
Chris,Thom,Male,cthomny@topsy.com,545 210 1462
Roddie,Sennett,Male,rsennettnz@pen.io,204 231 1431
Adrien,McIver,Male,amcivero0@senate.gov,275 367 2242
Billi,Waldock,Bigender,bwaldocko1@51.la,671 281 0882
Jacinthe,Clubbe,Female,jclubbeo2@discuz.net,551 294 9419
Jonie,Junkin,Female,jjunkino3@pbs.org,834 828 1030
Muriel,Redpath,Female,mredpatho4@storify.com,595 829 2620
Archambault,Jencken,Male,ajenckeno5@nbcnews.com,997 689 6328
Chery,Kerbey,Female,ckerbeyo6@webmd.com,331 449 4653
Bambi,Kettlestringe,Bigender,bkettlestringeo7@cyberchimps.com,884 351 5733
Avril,Castillon,Female,acastillono8@wunderground.com,400 315 5895
Karylin,Wisedale,Female,kwisedaleo9@usda.gov,870 930 9766
Christi,Schafer,Female,cschaferoa@symantec.com,398 779 8875
Abe,Sarson,Male,asarsonob@wikipedia.org,323 233 7727
Sascha,Attack,Male,sattackoc@goodreads.com,735 432 2447
Bartholomew,Masedon,Male,bmasedonod@reuters.com,863 381 1096
Penn,Skippen,Male,pskippenoe@marketwatch.com,414 156 3148
Miles,Hinge,Male,mhingeof@accuweather.com,139 538 4688
Ezekiel,Henniger,Male,ehennigerog@newsvine.com,355 866 5690
Vittoria,Moakler,Female,vmoakleroh@tinypic.com,831 724 5362
Benny,Readett,Female,breadettoi@ning.com,321 143 3103
Peirce,Bootes,Male,pbootesoj@4shared.com,303 451 3815
Charline,Popley,Female,cpopleyok@ameblo.jp,153 591 4129
Corrina,Bolton,Female,cboltonol@homestead.com,239 151 9561
Benedick,Lease,Male,bleaseom@princeton.edu,650 561 8486
Brig,Gavrielly,Male,bgavriellyon@admin.ch,238 754 7010
Kris,Birrel,Male,kbirreloo@washingtonpost.com,335 640 9647
Bettina,Raun,Female,braunop@example.com,970 287 6950
Kirby,Allchorn,Male,kallchornoq@elpais.com,501 378 8315
Fred,MacHoste,Male,fmachosteor@psu.edu,621 315 3525
Cori,Hovenden,Female,chovendenos@microsoft.com,705 413 5097
Garry,Kilgrove,Male,gkilgroveot@pbs.org,757 891 2294
Eduino,Parcells,Male,eparcellsou@forbes.com,863 220 1094
Brigitta,Dilrew,Female,bdilrewov@seesaa.net,559 191 0208
Carley,Joist,Female,cjoistow@ezinearticles.com,812 783 1464
Greer,Savine,Female,gsavineox@wunderground.com,509 596 5907
Billy,Kinnock,Male,bkinnockoy@is.gd,939 992 0926
Yorgo,Knifton,Male,ykniftonoz@eventbrite.com,256 679 2746
Codi,Connop,Male,cconnopp0@addthis.com,263 879 9072
Poppy,Mayman,Female,pmaymanp1@cnet.com,408 278 3037
Cyril,Doddemeade,Genderqueer,cdoddemeadep2@nydailynews.com,240 317 1545
Janine,Olczyk,Female,jolczykp3@howstuffworks.com,329 287 3058
Bertina,Goady,Female,bgoadyp4@yahoo.co.jp,688 377 4885
Amargo,Danelet,Female,adaneletp5@marriott.com,278 808 1146
Oran,Casali,Male,ocasalip6@usda.gov,566 599 1309
Ainslie,Dupree,Agender,adupreep7@ning.com,785 689 1483
Anastasie,Stowte,Agender,astowtep8@cocolog-nifty.com,885 947 9359
Morse,Bernardeschi,Male,mbernardeschip9@wikispaces.com,746 363 1250
Gaultiero,Aitchison,Male,gaitchisonpa@si.edu,972 653 8678
Juieta,Dicke,Female,jdickepb@stumbleupon.com,678 220 5345
Amanda,Beardmore,Female,abeardmorepc@bbc.co.uk,817 536 3728
Chancey,Tebbit,Male,ctebbitpd@about.me,262 576 8894
Mag,Loxdale,Female,mloxdalepe@oaic.gov.au,229 707 8023
Scottie,Dulton,Male,sdultonpf@plala.or.jp,939 215 8573
Cointon,Matiashvili,Male,cmatiashvilipg@blog.com,110 960 1817
Monica,Baglan,Female,mbaglanph@tripadvisor.com,755 940 5959
Vanny,Maidstone,Female,vmaidstonepi@theglobeandmail.com,253 502 4574
Reta,Feldmark,Polygender,rfeldmarkpj@usda.gov,920 179 4462
Gherardo,Turland,Male,gturlandpk@discovery.com,887 626 3272
Ingaberg,Van Velden,Female,ivanveldenpl@sciencedaily.com,434 557 6863
Cassaundra,Kingsnoad,Female,ckingsnoadpm@chronoengine.com,530 890 2258
Brien,Cicco,Male,bciccopn@youtu.be,422 525 4038
Kaiser,Waleworke,Male,kwaleworkepo@domainmarket.com,466 129 3116
Rafa,Wyllt,Agender,rwylltpp@alexa.com,791 909 8176
Hymie,Fruser,Male,hfruserpq@kickstarter.com,431 658 3938
Alis,Fennelow,Female,afennelowpr@timesonline.co.uk,509 396 0105
Nicholle,Mulligan,Female,nmulliganps@wikispaces.com,129 628 7826
Alverta,Backes,Female,abackespt@blogger.com,518 903 5956
Brinn,Applegarth,Female,bapplegarthpu@ucla.edu,515 273 4809
Elvira,Rackley,Female,erackleypv@google.ca,989 232 4659
Orion,Horwell,Male,ohorwellpw@google.it,895 185 1447
Archibald,Port,Male,aportpx@cbslocal.com,280 252 9473
Billi,Walcar,Female,bwalcarpy@google.de,981 970 1235
Vincents,Hooke,Male,vhookepz@narod.ru,388 553 3613
Mose,Nerheny,Male,mnerhenyq0@google.com.au,348 726 0882
Neale,Folland,Male,nfollandq1@vinaora.com,194 697 3329
Alfy,Gerhold,Male,agerholdq2@aboutads.info,303 460 6303
Sandy,Nesbitt,Male,snesbittq3@shinystat.com,598 623 7339
Henrieta,Weatherburn,Female,hweatherburnq4@fda.gov,283 391 1744
Ramsay,Quade,Non-binary,rquadeq5@hostgator.com,150 886 3098
Sloane,Jencken,Non-binary,sjenckenq6@jalbum.net,720 638 1097
Salomon,Jiran,Male,sjiranq7@people.com.cn,762 740 6653
Vinson,Bloodworth,Male,vbloodworthq8@cnbc.com,414 456 5329
Adel,Coultous,Female,acoultousq9@symantec.com,142 457 2939
Salomon,Brazelton,Male,sbrazeltonqa@sfgate.com,928 886 1870
Cherida,Elintune,Female,celintuneqb@homestead.com,109 322 9535
Lev,Tunney,Male,ltunneyqc@cafepress.com,253 984 1518
Ricky,Jakoubek,Male,rjakoubekqd@taobao.com,343 439 5275
Erek,Hymor,Non-binary,ehymorqe@usgs.gov,840 325 6779
Nero,MacIlriach,Male,nmacilriachqf@creativecommons.org,230 790 6719
Fanya,Peirson,Female,fpeirsonqg@huffingtonpost.com,370 414 4997
Sheeree,Donegan,Female,sdoneganqh@who.int,950 963 6159
Loella,Ventom,Female,lventomqi@telegraph.co.uk,818 679 7098
Sunny,De Lasci,Male,sdelasciqj@live.com,507 385 0370
Amos,Eliasson,Male,aeliassonqk@salon.com,534 332 3409
Harlene,Arnaldi,Female,harnaldiql@rambler.ru,220 709 4339
Carlo,Fitzroy,Male,cfitzroyqm@unicef.org,255 704 1560
Lauri,Fitzmaurice,Female,lfitzmauriceqn@miibeian.gov.cn,476 717 3841
Noby,Farragher,Male,nfarragherqo@plala.or.jp,745 213 7126
Etti,Cheek,Female,echeekqp@themeforest.net,336 715 9024
Herbert,Poate,Male,hpoateqq@skype.com,738 591 9255
Armando,Raulin,Male,araulinqr@yellowpages.com,371 962 6155
Penni,Lotze,Female,plotzeqs@discovery.com,623 564 1743
Manfred,Thirtle,Male,mthirtleqt@wikipedia.org,350 382 3761
Donnajean,Ridding,Female,driddingqu@geocities.com,965 176 5908
Jermayne,Pace,Male,jpaceqv@msn.com,837 359 2308
Arabele,Poncet,Female,aponcetqw@shareasale.com,718 500 4794
Imelda,Chown,Female,ichownqx@java.com,267 954 9575
Myrtice,Grishagin,Female,mgrishaginqy@t.co,890 486 5082
Hamil,Johnsson,Male,hjohnssonqz@hp.com,824 861 7963
Edd,Ledes,Male,eledesr0@mac.com,120 327 2034
Jennine,Luetkemeyer,Female,jluetkemeyerr1@java.com,321 138 7597
Marinna,Skechley,Female,mskechleyr2@free.fr,526 835 7799
Deirdre,Dennis,Female,ddennisr3@reverbnation.com,850 195 5473
Zia,Cartmer,Genderqueer,zcartmerr4@microsoft.com,491 953 1685
Horacio,Firle,Male,hfirler5@elegantthemes.com,505 274 4984
Clarine,Hennemann,Female,chennemannr6@aol.com,587 598 2926
Leon,Windross,Male,lwindrossr7@cafepress.com,528 290 4131
Taylor,Mourton,Male,tmourtonr8@myspace.com,381 583 3828
Zedekiah,Stennet,Genderfluid,zstennetr9@yale.edu,644 878 7010
Damon,Quincee,Male,dquinceera@t-online.de,490 187 7108
Chelsy,Gilliver,Female,cgilliverrb@hp.com,620 910 8432
Bearnard,Tatlow,Male,btatlowrc@fda.gov,636 434 5673
Aldrich,Mumm,Male,amummrd@example.com,872 568 6997
Zachariah,Bauldry,Male,zbauldryre@tumblr.com,591 907 0178
Lulu,Yakubowicz,Female,lyakubowiczrf@home.pl,156 959 7785
Adorne,Debnam,Female,adebnamrg@hatena.ne.jp,785 197 5018
Aryn,Antosch,Female,aantoschrh@flavors.me,232 363 9936
Rudolph,Rumke,Non-binary,rrumkeri@techcrunch.com,552 899 0698
Ellen,Salle,Female,esallerj@com.com,355 750 0907
Jacqueline,Chamley,Polygender,jchamleyrk@stumbleupon.com,588 553 3412
Kay,Fair,Female,kfairrl@bizjournals.com,653 341 3846
Hill,Mallall,Male,hmallallrm@opera.com,685 755 1187
Torie,Mordacai,Female,tmordacairn@issuu.com,999 919 4286
Kean,Skule,Male,kskulero@nifty.com,496 904 8519
Janaya,Bill,Female,jbillrp@jugem.jp,295 822 6268
Meir,Emney,Male,memneyrq@redcross.org,786 957 3039
Mikol,Polglaze,Male,mpolglazerr@alibaba.com,709 235 4687
