first_name,last_name,gender,email,phone
Engracia,Pagon,Female,epagon0@ning.com,571 982 0981
Julianne,Nelsey,Female,jnelsey1@google.it,963 274 0893
Angelico,Vaadeland,Male,avaadeland2@w3.org,487 329 9946
Chadwick,Wornham,Male,cwornham3@twitpic.com,943 292 0747
Druci,Blincowe,Female,dblincowe4@naver.com,525 992 2831
Shir,Gillhespy,Female,sgillhespy5@shareasale.com,221 243 9699
Keith,Evason,Male,kevason6@deviantart.com,927 177 0027
Cointon,Blinerman,Male,cblinerman7@scribd.com,945 545 5443
Caroljean,Kelway,Female,ckelway8@barnesandnoble.com,674 180 1013
Abeu,Marton,Male,amarton9@answers.com,308 511 7657
Gustavus,Hake,Male,ghakea@slate.com,276 272 2021
Rutger,Rapley,Male,rrapleyb@wsj.com,414 865 4891
Thalia,Passie,Polygender,tpassiec@narod.ru,933 476 8216
Eartha,Franzen,Female,efranzend@state.tx.us,945 136 6927
Margarete,Esche,Bigender,meschee@zdnet.com,241 807 1789
Netty,Lockery,Female,nlockeryf@springer.com,110 484 4270
Felipe,Klebes,Male,fklebesg@yahoo.com,557 258 3571
Ax,Chard,Male,achardh@blogspot.com,649 789 4884
Fleur,Pietraszek,Female,fpietraszeki@merriam-webster.com,431 126 7843
Adair,Pygott,Male,apygottj@parallels.com,279 206 0274
Layla,Cowen,Genderfluid,lcowenk@comcast.net,794 723 5277
Lock,Martinho,Male,lmartinhol@cnbc.com,219 395 4580
Vernice,Texton,Female,vtextonm@bbc.co.uk,487 630 5623
Sandy,Rushby,Female,srushbyn@acquirethisname.com,482 382 5156
Emmery,Kassel,Male,ekasselo@sun.com,673 110 7979
Normand,Killimister,Male,nkillimisterp@twitter.com,750 645 0018
Vallie,Samudio,Female,vsamudioq@geocities.jp,839 995 4799
Bertie,Leiden,Male,bleidenr@nifty.com,659 229 5341
Darby,Spaxman,Male,dspaxmans@sourceforge.net,411 388 0416
Forbes,Rate,Male,fratet@behance.net,173 675 3020
Marinna,Pearsall,Female,mpearsallu@flickr.com,245 806 6391
Alfredo,Stead,Male,asteadv@businessinsider.com,689 564 3593
Gilli,Speirs,Female,gspeirsw@utexas.edu,118 278 7919
Derk,Cund,Male,dcundx@mac.com,333 863 8897
Ondrea,Jeschner,Female,ojeschnery@gnu.org,403 392 9901
Floria,Boraston,Female,fborastonz@reddit.com,495 304 6093
Rodolphe,Arundale,Male,rarundale10@google.it,256 834 5852
Wilhelm,Widmore,Male,wwidmore11@amazon.com,487 257 1077
Marcellus,Soppit,Male,msoppit12@ocn.ne.jp,320 499 8081
Clayborn,McLane,Male,cmclane13@cnbc.com,492 868 5598
Orion,Frankton,Non-binary,ofrankton14@weather.com,366 426 7126
Victoir,Atto,Male,vatto15@walmart.com,972 956 6784
Clarice,Spinozzi,Female,cspinozzi16@yandex.ru,461 497 7272
Haze,Fylan,Male,hfylan17@virginia.edu,349 647 1414
Fredek,Vinick,Male,fvinick18@time.com,307 259 6803
Laverna,Hambrook,Female,lhambrook19@umich.edu,785 890 6719
Erhard,Aubin,Male,eaubin1a@google.ru,805 633 7942
Delano,Lealle,Male,dlealle1b@sakura.ne.jp,703 818 0651
Ezekiel,Mitrovic,Male,emitrovic1c@i2i.jp,417 589 4079
Dexter,Kirkwood,Male,dkirkwood1d@google.ca,775 621 3709
Isis,Melato,Female,imelato1e@senate.gov,838 814 5808
Kippar,McCrae,Male,kmccrae1f@prweb.com,718 794 5489
Allsun,Challis,Female,achallis1g@foxnews.com,576 407 3750
Becca,Pearcy,Female,bpearcy1h@bloglovin.com,699 579 0711
Olly,Rieme,Agender,orieme1i@merriam-webster.com,247 622 9220
Hermon,Brosenius,Male,hbrosenius1j@oaic.gov.au,542 165 3465
Sibley,Temple,Genderqueer,stemple1k@histats.com,628 453 7579
Brana,Baldung,Female,bbaldung1l@nasa.gov,965 927 6256
Garrek,Gaffney,Male,ggaffney1m@gmpg.org,968 904 8814
Elnore,Janicek,Female,ejanicek1n@clickbank.net,370 812 1333
Margalo,Garside,Genderqueer,mgarside1o@abc.net.au,852 993 3637
Sigfrid,Blundell,Male,sblundell1p@slideshare.net,961 517 5516
Fredrick,Cleere,Male,fcleere1q@bandcamp.com,142 699 2572
Verena,Mangenet,Female,vmangenet1r@clickbank.net,573 784 2283
Honey,Kinnier,Female,hkinnier1s@cam.ac.uk,318 729 4728
Jillene,Thorrold,Female,jthorrold1t@yahoo.com,358 351 3389
Val,Bragg,Male,vbragg1u@hubpages.com,466 918 6334
Ebenezer,Tordiffe,Male,etordiffe1v@scribd.com,210 563 9315
Vladimir,Pellant,Male,vpellant1w@ask.com,909 260 8064
Lesley,Lyard,Male,llyard1x@trellian.com,285 632 4430
Arlan,Couling,Male,acouling1y@parallels.com,933 725 5355
Tucker,Ovenell,Male,tovenell1z@webnode.com,847 743 4317
Richard,Yitzovicz,Male,ryitzovicz20@msn.com,418 164 4264
Alfons,Bollands,Male,abollands21@usnews.com,550 822 4268
Tremaine,Farndon,Male,tfarndon22@moonfruit.com,542 366 2171
Arabela,Fairleigh,Female,afairleigh23@mashable.com,483 876 6308
Marcelia,Hyatt,Female,mhyatt24@geocities.jp,484 504 6009
Garv,Pardal,Male,gpardal25@blogtalkradio.com,632 478 8705
Aimee,Pittford,Female,apittford26@fc2.com,561 716 9087
Vinni,Hatzar,Female,vhatzar27@craigslist.org,473 987 1491
Rafa,Makinson,Female,rmakinson28@google.cn,875 175 2896
Pammy,Rignold,Female,prignold29@bigcartel.com,930 200 7659
Adolph,Durnall,Male,adurnall2a@un.org,428 575 9527
Nickolai,Swatheridge,Male,nswatheridge2b@nature.com,513 255 6408
Ivan,Bosche,Male,ibosche2c@globo.com,857 223 3991
Jsandye,Feehan,Female,jfeehan2d@cafepress.com,991 539 9640
Melisandra,Moyce,Female,mmoyce2e@cbsnews.com,213 299 0682
Conni,Gaunt,Female,cgaunt2f@drupal.org,865 898 6725
Mildred,Fratson,Agender,mfratson2g@unicef.org,507 843 2224
Freddie,Boteman,Genderfluid,fboteman2h@google.pl,561 907 0322
Kristal,Luis,Female,kluis2i@vistaprint.com,544 723 2667
Estrellita,Cartledge,Female,ecartledge2j@over-blog.com,385 433 8521
Justino,Koene,Male,jkoene2k@cpanel.net,686 748 7218
Rafael,Bradie,Male,rbradie2l@jiathis.com,557 667 9793
Rosella,Scutchings,Genderqueer,rscutchings2m@histats.com,314 588 8177
Brendon,Leask,Male,bleask2n@theglobeandmail.com,546 462 8867
Wilmar,Sustins,Male,wsustins2o@mashable.com,317 676 7919
Rowland,Strete,Male,rstrete2p@ask.com,890 799 3728
Grissel,Cunniff,Female,gcunniff2q@pinterest.com,287 813 9820
Lanie,Gilford,Male,lgilford2r@phoca.cz,145 298 3498
Riva,Millichap,Female,rmillichap2s@about.com,913 723 9694
Liz,Zold,Female,lzold2t@biblegateway.com,803 273 9495
Elliott,Klouz,Male,eklouz2u@nasa.gov,234 594 7127
Jennica,Ferreres,Bigender,jferreres2v@g.co,725 316 0080
Der,Lankester,Male,dlankester2w@barnesandnoble.com,412 978 2746
Nickie,Gerhartz,Male,ngerhartz2x@altervista.org,533 837 6424
Northrop,Polack,Male,npolack2y@oakley.com,840 110 0973
Kelley,Thoresbie,Male,kthoresbie2z@spiegel.de,216 843 9691
Milena,Mallock,Female,mmallock30@joomla.org,484 215 8404
Erick,Eake,Male,eeake31@seattletimes.com,784 557 7466
Krysta,Seward,Female,kseward32@arstechnica.com,244 219 9715
Bertrando,McKeurton,Male,bmckeurton33@auda.org.au,407 594 3477
Tally,Bubear,Male,tbubear34@edublogs.org,518 279 4619
Brnaba,Eixenberger,Male,beixenberger35@psu.edu,207 103 0815
Angus,Roostan,Non-binary,aroostan36@oaic.gov.au,172 793 3436
Bev,Hoyles,Male,bhoyles37@bizjournals.com,571 542 2407
Sarena,Illes,Female,silles38@yahoo.co.jp,721 488 5691
Ida,McLellan,Female,imclellan39@networkadvertising.org,238 150 1188
Hinze,Blaymires,Male,hblaymires3a@slideshare.net,187 248 9089
Constancia,Nanson,Female,cnanson3b@berkeley.edu,678 159 3363
Silvano,Doret,Non-binary,sdoret3c@fema.gov,643 661 9031
Fania,Shewry,Female,fshewry3d@hugedomains.com,263 870 1298
Witty,Patroni,Male,wpatroni3e@chronoengine.com,915 638 1476
Hermia,Strawbridge,Female,hstrawbridge3f@cbsnews.com,751 518 8888
Sander,Sandeson,Bigender,ssandeson3g@lycos.com,951 596 7106
Aylmar,Farlane,Male,afarlane3h@chicagotribune.com,170 807 9015
Yuri,Havers,Agender,yhavers3i@eventbrite.com,967 218 9014
Yolanthe,Rawles,Female,yrawles3j@usda.gov,488 883 1378
Faith,Daspar,Female,fdaspar3k@drupal.org,286 589 5574
Tammara,Heath,Female,theath3l@virginia.edu,969 674 8349
Forrester,Cristofvao,Male,fcristofvao3m@reuters.com,875 701 9428
Derril,Briers,Male,dbriers3n@ameblo.jp,759 610 6298
Danika,Rambaut,Agender,drambaut3o@example.com,572 709 0216
Rolf,Amphlett,Non-binary,ramphlett3p@histats.com,584 432 4966
Thomas,Keir,Male,tkeir3q@irs.gov,453 428 2823
Eric,Weyman,Male,eweyman3r@tamu.edu,799 159 9787
Britney,Menichillo,Female,bmenichillo3s@friendfeed.com,848 241 9594
Hugibert,Chevin,Male,hchevin3t@oracle.com,198 598 4354
Aldon,Corneil,Male,acorneil3u@eventbrite.com,102 188 7033
Sansone,McCarroll,Male,smccarroll3v@sourceforge.net,326 876 7226
Brandice,Breedy,Genderfluid,bbreedy3w@aol.com,224 668 8928
Elizabet,Blucher,Female,eblucher3x@nature.com,560 511 5868
Lucinda,Davinet,Genderfluid,ldavinet3y@dailymotion.com,345 483 3300
Mickie,Hasty,Male,mhasty3z@cmu.edu,885 713 3803
Humphrey,Philipsen,Male,hphilipsen40@nps.gov,532 112 7817
Ulrica,Cranefield,Female,ucranefield41@theglobeandmail.com,289 445 2857
Neely,Sarsfield,Female,nsarsfield42@slideshare.net,429 946 3489
Farris,Henkmann,Male,fhenkmann43@wiley.com,948 523 5515
Fredric,Hanham,Genderfluid,fhanham44@quantcast.com,570 879 4066
Jessa,Gibbin,Non-binary,jgibbin45@timesonline.co.uk,490 409 8637
Sandro,Creavin,Male,screavin46@123-reg.co.uk,629 207 2358
Alisha,Linzee,Female,alinzee47@mtv.com,932 980 3708
Thoma,Threadgold,Polygender,tthreadgold48@umn.edu,600 564 1240
Sayre,Donoghue,Female,sdonoghue49@hexun.com,597 945 5106
Bary,Coverdill,Male,bcoverdill4a@slate.com,755 909 5568
Jo,Wint,Male,jwint4b@gnu.org,289 532 9315
Ailbert,Lockley,Male,alockley4c@craigslist.org,693 461 4340
Cullie,Simounet,Male,csimounet4d@sitemeter.com,758 968 4618
Mikel,Purdie,Male,mpurdie4e@google.pl,158 442 4692
Diena,Breakwell,Female,dbreakwell4f@posterous.com,442 207 8615
Fredi,Aggis,Female,faggis4g@dell.com,307 155 0591
Joana,Fedoronko,Female,jfedoronko4h@ocn.ne.jp,101 823 5795
Courtenay,Dood,Female,cdood4i@tumblr.com,270 440 8777
Estelle,Adshed,Female,eadshed4j@angelfire.com,770 584 1344
Robers,Hurt,Male,rhurt4k@flickr.com,674 938 1217
Tome,Huffey,Male,thuffey4l@latimes.com,248 748 3188
Shannan,Peet,Male,speet4m@jiathis.com,204 251 5415
Velma,Waistall,Female,vwaistall4n@chronoengine.com,563 645 0795
Colman,Chifney,Male,cchifney4o@digg.com,191 577 8298
Bruce,McClintock,Male,bmcclintock4p@unicef.org,251 108 4130
Nigel,Syer,Genderqueer,nsyer4q@imageshack.us,435 164 6467
Starla,Feldhammer,Female,sfeldhammer4r@independent.co.uk,670 153 4440
Bud,Woodhall,Male,bwoodhall4s@spiegel.de,848 478 5957
Abbott,Digg,Polygender,adigg4t@hostgator.com,825 959 8920
Tara,Eaglen,Female,teaglen4u@usda.gov,860 466 4489
Shannon,McAlarney,Bigender,smcalarney4v@xing.com,324 194 9404
Wenonah,Leathart,Female,wleathart4w@fotki.com,320 777 3426
Tanya,Beverley,Genderfluid,tbeverley4x@pinterest.com,989 632 2543
Cristi,January 1st,Non-binary,cjanuaryst4y@nbcnews.com,592 450 5823
Rickard,Norris,Male,rnorris4z@livejournal.com,768 594 7836
Orazio,Bissiker,Male,obissiker50@goo.gl,726 394 2792
Adrian,Gannicott,Male,agannicott51@imgur.com,631 174 0504
Costa,Kingswood,Male,ckingswood52@domainmarket.com,449 966 7007
Kelsi,Lode,Female,klode53@wunderground.com,112 180 5245
Pennie,Weadick,Male,pweadick54@youtube.com,601 238 2852
Alanah,Crucetti,Female,acrucetti55@wp.com,894 522 0615
Nick,Balam,Male,nbalam56@icio.us,746 864 4898
Novelia,Ibell,Female,nibell57@over-blog.com,176 392 7602
Larina,Dungate,Polygender,ldungate58@jiathis.com,296 836 0586
Loutitia,Peach,Female,lpeach59@youku.com,405 301 6180
Philippe,Ginie,Female,pginie5a@vkontakte.ru,636 791 6464
Farley,Guion,Male,fguion5b@china.com.cn,261 834 1800
Christoffer,Lawling,Male,clawling5c@newsvine.com,959 361 6741
Dewey,Fraser,Male,dfraser5d@walmart.com,721 477 6405
Arri,Gilford,Bigender,agilford5e@arizona.edu,936 107 5548
Carine,Mallows,Female,cmallows5f@amazon.co.jp,874 775 7764
Miles,Batram,Male,mbatram5g@imgur.com,167 879 3657
Kaine,Emmatt,Male,kemmatt5h@studiopress.com,274 756 5062
Ivett,Canacott,Female,icanacott5i@illinois.edu,951 218 1628
Reinhold,Crosse,Male,rcrosse5j@vk.com,319 280 2238
Luise,Bartolomivis,Genderqueer,lbartolomivis5k@globo.com,650 277 2046
Frannie,MacNair,Female,fmacnair5l@fastcompany.com,894 146 3903
Tessa,Corbridge,Female,tcorbridge5m@tinyurl.com,459 969 7943
Garik,Cuddy,Male,gcuddy5n@arizona.edu,167 772 6808
Francesco,Averall,Male,faverall5o@rakuten.co.jp,958 982 7883
Sal,Brandenberg,Female,sbrandenberg5p@arizona.edu,196 823 4486
Hertha,Danzelman,Female,hdanzelman5q@networksolutions.com,596 471 3480
Rosita,Pencost,Female,rpencost5r@time.com,199 749 2534
Neala,MacIllrick,Female,nmacillrick5s@hud.gov,443 239 8894
Bart,Devigne,Male,bdevigne5t@dailymotion.com,585 467 0791
Tonnie,Kirwin,Agender,tkirwin5u@skype.com,763 852 8253
Minna,Berrill,Female,mberrill5v@wisc.edu,609 755 5002
Jone,Taillant,Male,jtaillant5w@go.com,148 262 7436
Beth,Bealing,Non-binary,bbealing5x@flavors.me,270 326 8187
Verena,Fones,Female,vfones5y@europa.eu,738 652 6771
Daryle,Peppett,Male,dpeppett5z@youtu.be,843 980 4524
Dalia,Eckh,Female,deckh60@yolasite.com,899 663 0567
Edward,Crudginton,Male,ecrudginton61@de.vu,185 896 8077
Rex,Virgin,Agender,rvirgin62@amazon.de,573 406 2333
Benoit,Jacks,Male,bjacks63@stanford.edu,303 713 9157
Luisa,Goslin,Female,lgoslin64@bbc.co.uk,405 916 2588
Roxie,Jorcke,Female,rjorcke65@time.com,473 899 1381
Marcus,Dumberell,Male,mdumberell66@tripod.com,375 547 2605
Dorris,Cousans,Female,dcousans67@marketwatch.com,102 212 9481
Rutledge,Splevings,Male,rsplevings68@cnn.com,556 165 0675
Nobie,Este,Bigender,neste69@nbcnews.com,981 582 0609
Stephanie,Jarville,Female,sjarville6a@japanpost.jp,661 742 1738
Mari,MacMaykin,Female,mmacmaykin6b@berkeley.edu,885 647 8703
Gracia,Lergan,Female,glergan6c@is.gd,359 572 9067
Giacomo,Spollen,Bigender,gspollen6d@delicious.com,947 525 7939
Tilly,Gartin,Female,tgartin6e@mayoclinic.com,790 521 3962
Stinky,Cornils,Male,scornils6f@mozilla.org,524 445 2053
Nelson,Shilstone,Genderqueer,nshilstone6g@nba.com,829 537 6808
Edwin,Peers,Male,epeers6h@creativecommons.org,153 539 3640
Amitie,Greatrakes,Female,agreatrakes6i@etsy.com,562 787 2772
Chadwick,Grigoliis,Male,cgrigoliis6j@wikia.com,681 809 1363
Allissa,Bettington,Female,abettington6k@economist.com,779 789 7249
Moses,Seligson,Male,mseligson6l@ocn.ne.jp,326 796 8221
Benn,Millan,Male,bmillan6m@cocolog-nifty.com,408 403 8114
Wade,Lansdale,Agender,wlansdale6n@ucla.edu,136 177 6084
Lane,Triebner,Female,ltriebner6o@cargocollective.com,653 570 4440
Lee,Juris,Agender,ljuris6p@geocities.com,912 456 4476
Baird,Annion,Male,bannion6q@yellowpages.com,350 534 3430
Jaquelyn,Blowing,Female,jblowing6r@last.fm,434 497 7124
Cleavland,Denyakin,Male,cdenyakin6s@washingtonpost.com,767 102 8614
Eloisa,Heppner,Female,eheppner6t@spiegel.de,560 135 1492
Collete,Heaphy,Female,cheaphy6u@goo.gl,958 467 9987
Anstice,Kellitt,Female,akellitt6v@tiny.cc,858 985 8696
Luelle,Gaskill,Agender,lgaskill6w@opensource.org,660 807 6229
Marty,Furminger,Non-binary,mfurminger6x@bloomberg.com,931 813 0573
Franky,Netti,Female,fnetti6y@e-recht24.de,589 453 0860
Michelle,Vain,Bigender,mvain6z@parallels.com,389 856 8631
Rivi,Tosh,Non-binary,rtosh70@typepad.com,913 659 3545
Gray,Zoppie,Female,gzoppie71@ox.ac.uk,488 468 2554
Joshuah,Lubeck,Male,jlubeck72@wp.com,481 541 6837
Ximenes,Clymo,Male,xclymo73@addtoany.com,279 589 3690
Van,Martins,Male,vmartins74@bravesites.com,798 854 1156
Raven,Bengal,Female,rbengal75@live.com,465 687 7030
Patricio,Dumbare,Male,pdumbare76@army.mil,289 513 4119
Suzie,Rainsbury,Female,srainsbury77@skyrock.com,790 889 8559
Bax,Ballach,Male,bballach78@mashable.com,512 666 2168
Christy,Cardus,Male,ccardus79@ycombinator.com,931 925 5574
Viola,Horsley,Female,vhorsley7a@ted.com,570 130 1106
Mitchel,Jiricka,Male,mjiricka7b@apple.com,593 712 8879
Jolie,De Bischof,Female,jdebischof7c@google.co.uk,595 961 5295
Janenna,Grzelak,Female,jgrzelak7d@google.com,866 169 1876
Tiphani,Prandoni,Female,tprandoni7e@businesswire.com,575 564 7018
May,Dewis,Female,mdewis7f@odnoklassniki.ru,992 571 0771
Catlin,Summerrell,Female,csummerrell7g@mysql.com,658 900 7363
Burty,O' Cuolahan,Male,bocuolahan7h@mediafire.com,503 462 5312
Domenico,Trevor,Male,dtrevor7i@ucsd.edu,565 723 8162
Ailina,Coulthard,Female,acoulthard7j@irs.gov,227 822 7461
Gradeigh,Penticost,Polygender,gpenticost7k@oakley.com,981 244 6225
Mireielle,Haggie,Female,mhaggie7l@networksolutions.com,715 485 7879
Rabbi,Whelpdale,Male,rwhelpdale7m@mapy.cz,268 374 1133
Burl,Lande,Male,blande7n@google.cn,810 393 9106
Roda,Bedingfield,Female,rbedingfield7o@multiply.com,902 901 9718
Tessa,Slayford,Female,tslayford7p@wp.com,759 642 6285
Neilla,Chillcot,Female,nchillcot7q@nhs.uk,631 992 6150
Janetta,Perrelli,Female,jperrelli7r@apache.org,364 688 5729
Tarra,Issit,Female,tissit7s@ted.com,586 265 4450
Jud,Dulake,Male,jdulake7t@epa.gov,879 859 0318
Everett,Underdown,Male,eunderdown7u@soup.io,749 656 4095
Geraldine,Cornthwaite,Female,gcornthwaite7v@ifeng.com,829 675 6862
Tabbie,Schimke,Female,tschimke7w@narod.ru,965 295 8023
Pearla,Bearsmore,Female,pbearsmore7x@issuu.com,149 429 2450
Trent,Bute,Male,tbute7y@ucoz.com,636 654 6899
Bing,Oleszkiewicz,Male,boleszkiewicz7z@hud.gov,360 538 5664
Colby,Allix,Male,callix80@rakuten.co.jp,839 534 5315
Flynn,McKinna,Male,fmckinna81@elegantthemes.com,340 134 3442
Casey,Treadgold,Non-binary,ctreadgold82@cam.ac.uk,778 408 7239
Wynnie,St. Ledger,Female,wstledger83@vimeo.com,181 825 2437
Inglis,Itscovitz,Male,iitscovitz84@va.gov,203 261 1356
Stace,Schechter,Female,sschechter85@mayoclinic.com,152 451 4772
Halli,Bodd,Female,hbodd86@prweb.com,534 529 7420
Kennett,Rosencwaig,Polygender,krosencwaig87@lulu.com,620 538 0108
Sigmund,Gosling,Male,sgosling88@livejournal.com,536 557 2874
Elyssa,Frankcombe,Female,efrankcombe89@hao123.com,363 620 5246
Pavel,De Souza,Male,pdesouza8a@microsoft.com,653 520 8250
Susann,Gerraty,Female,sgerraty8b@independent.co.uk,838 767 4889
Brigg,Stinton,Male,bstinton8c@uol.com.br,968 807 9170
Donavon,Mingasson,Male,dmingasson8d@house.gov,234 975 6176
Merridie,Patty,Bigender,mpatty8e@usgs.gov,841 488 8111
Richmound,English,Male,renglish8f@jimdo.com,203 522 0519
Allen,Gothrup,Male,agothrup8g@bbc.co.uk,548 853 1182
Kendell,Scading,Male,kscading8h@ning.com,342 139 8164
Riley,Hails,Male,rhails8i@samsung.com,210 107 4832
Glad,Newlands,Female,gnewlands8j@spotify.com,675 391 2986
Ellery,Kiley,Male,ekiley8k@google.com.hk,605 733 8845
Cullen,Ingman,Male,cingman8l@bloomberg.com,402 215 2180
Cherida,MacAllan,Female,cmacallan8m@yahoo.com,481 153 1404
Reube,Irvin,Male,rirvin8n@guardian.co.uk,472 143 0832
Merwyn,Hegge,Male,mhegge8o@washingtonpost.com,858 185 8862
Damita,Derrington,Female,dderrington8p@artisteer.com,161 209 0660
Conny,Berridge,Female,cberridge8q@bloomberg.com,986 940 4850
Logan,Staynes,Male,lstaynes8r@discuz.net,694 254 9834
Auberon,Blagdon,Non-binary,ablagdon8s@sciencedirect.com,486 508 1843
Waverly,Le Bosse,Male,wlebosse8t@yahoo.co.jp,901 295 8894
Elvyn,Heys,Male,eheys8u@independent.co.uk,805 989 6175
Kally,Manby,Female,kmanby8v@princeton.edu,404 825 5234
Kelley,Mc Ilory,Male,kmcilory8w@free.fr,942 240 7749
Christiano,Mitford,Male,cmitford8x@ted.com,399 810 7828
Yancy,Henzer,Male,yhenzer8y@sbwire.com,132 514 4508
Tabina,McDugal,Female,tmcdugal8z@aboutads.info,571 279 6111
Rodrigo,Boness,Male,rboness90@addthis.com,915 253 2973
Kermie,Jeff,Male,kjeff91@youku.com,329 364 7282
Lucais,Perotti,Male,lperotti92@biblegateway.com,368 899 0630
Novelia,Carling,Female,ncarling93@blogtalkradio.com,647 400 4061
My,Deason,Male,mdeason94@pen.io,808 829 7929
Terza,Bende,Female,tbende95@kickstarter.com,511 941 3008
Darill,Shallcrass,Male,dshallcrass96@about.com,600 993 2755
Hillard,Bails,Male,hbails97@mit.edu,393 744 3039
Genna,Dahlman,Female,gdahlman98@netvibes.com,209 900 7877
Clerissa,Bolam,Female,cbolam99@icq.com,689 850 5513
Stefanie,Roaf,Female,sroaf9a@redcross.org,727 647 6664
Anthiathia,Shields,Female,ashields9b@bing.com,970 411 2898
Granny,Beharrell,Male,gbeharrell9c@wikispaces.com,977 996 8051
Ki,De Ortega,Bigender,kdeortega9d@aol.com,111 681 3003
Paxon,Duferie,Male,pduferie9e@bloglovin.com,536 579 6883
Chev,Sprackling,Male,csprackling9f@tripod.com,311 211 7666
Roseanna,Liveley,Female,rliveley9g@pen.io,814 179 7929
Lloyd,Templeton,Male,ltempleton9h@ebay.co.uk,100 868 9085
Dasha,Brimacombe,Genderqueer,dbrimacombe9i@huffingtonpost.com,963 298 4908
Ansel,Durrett,Male,adurrett9j@apple.com,935 851 8908
Kevyn,Penhearow,Female,kpenhearow9k@themeforest.net,961 139 4815
Sibelle,Esbrook,Female,sesbrook9l@php.net,726 890 8876
Natale,Davitashvili,Male,ndavitashvili9m@blogs.com,404 824 2982
Tedra,Gonnelly,Female,tgonnelly9n@blog.com,162 440 4522
Jeanne,Bonniface,Female,jbonniface9o@youtube.com,273 853 0991
Allan,Surfleet,Male,asurfleet9p@ifeng.com,818 233 5918
Cindelyn,Shrimpton,Female,cshrimpton9q@rediff.com,965 562 7188
Saraann,Shickle,Female,sshickle9r@mediafire.com,475 622 7307
Silvano,Donn,Male,sdonn9s@surveymonkey.com,515 999 1545
Fionnula,Iskow,Female,fiskow9t@fotki.com,730 628 5406
Guillema,Witherup,Female,gwitherup9u@dyndns.org,277 139 3741
Devinne,Faulo,Female,dfaulo9v@yale.edu,692 652 8272
Natka,Muckleston,Female,nmuckleston9w@reuters.com,516 606 0689
Kristofor,Pierrepoint,Agender,kpierrepoint9x@github.com,839 515 5552
Park,Carney,Male,pcarney9y@businesswire.com,842 194 8115
Keir,McNeice,Male,kmcneice9z@goo.gl,407 948 8524
Wolfgang,Witherop,Male,wwitheropa0@cafepress.com,104 143 9559
Hedvige,McLenahan,Female,hmclenahana1@scientificamerican.com,956 837 4834
Kristo,Sickling,Male,ksicklinga2@umich.edu,718 497 1775
Elane,Sanham,Genderqueer,esanhama3@meetup.com,912 779 0540
Belita,Kerwen,Female,bkerwena4@si.edu,112 614 4056
Quinton,Fetteplace,Male,qfetteplacea5@answers.com,143 381 4480
Allard,Linster,Male,alinstera6@newyorker.com,373 580 8276
Forrester,Ewing,Male,fewinga7@newsvine.com,572 401 2381
Melody,Gowenlock,Female,mgowenlocka8@usatoday.com,174 787 1782
Edithe,Battie,Polygender,ebattiea9@va.gov,691 446 8368
Lindon,Jaqueminet,Male,ljaqueminetaa@bloglines.com,314 271 2264
Corrine,Suddick,Female,csuddickab@joomla.org,651 220 3783
Vinnie,Montague,Female,vmontagueac@spiegel.de,784 612 4798
Kassie,Powderham,Female,kpowderhamad@merriam-webster.com,804 362 4247
George,Pandie,Male,gpandieae@163.com,395 593 3935
Jesse,O'Leahy,Female,joleahyaf@guardian.co.uk,193 836 7886
Stefan,Eustanch,Male,seustanchag@ucsd.edu,316 819 9494
Jerry,Dewire,Male,jdewireah@ftc.gov,803 609 1163
Loren,Kinneir,Female,lkinneirai@berkeley.edu,908 200 8831
Tess,Massow,Female,tmassowaj@twitpic.com,935 161 3983
Daile,Dunstone,Female,ddunstoneak@yahoo.co.jp,879 815 0101
Maryanna,Birkhead,Female,mbirkheadal@state.tx.us,249 129 0424
Ira,Kassel,Male,ikasselam@princeton.edu,681 467 4379
Maddy,Costelow,Male,mcostelowan@apache.org,622 360 3070
Yalonda,Casewell,Female,ycasewellao@pinterest.com,371 293 4689
Arabela,Zanassi,Female,azanassiap@yandex.ru,688 894 4498
Abeu,Ricketts,Male,arickettsaq@vistaprint.com,727 469 1048
Hilary,Mara,Female,hmaraar@issuu.com,861 387 8174
Avictor,Slot,Male,aslotas@tiny.cc,780 702 8994
Nap,Powell,Agender,npowellat@wunderground.com,252 255 3039
Jamie,Chessman,Male,jchessmanau@amazon.co.uk,494 679 0710
Harlin,Sein,Male,hseinav@sciencedirect.com,863 190 4999
Fredericka,McTear,Female,fmctearaw@e-recht24.de,692 668 3856
Aaron,Arrell,Genderfluid,aarrellax@chron.com,601 438 5712
Thain,Sambath,Male,tsambathay@smh.com.au,247 659 9140
Tiebout,D'Aguanno,Bigender,tdaguannoaz@bluehost.com,720 663 2080
Buck,Dongate,Bigender,bdongateb0@stumbleupon.com,938 865 6974
Minni,Pesak,Female,mpesakb1@ucoz.com,835 856 6028
Ave,Pepon,Genderfluid,apeponb2@addtoany.com,898 962 0588
Charin,Gething,Female,cgethingb3@acquirethisname.com,782 911 4773
Melisa,Clapton,Female,mclaptonb4@wikispaces.com,725 453 0876
Arni,Bricket,Male,abricketb5@nymag.com,702 455 1825
Carlita,Holleran,Female,cholleranb6@home.pl,743 434 4319
Devan,Spinozzi,Polygender,dspinozzib7@gnu.org,325 344 5450
Chrotoem,Corona,Bigender,ccoronab8@businessinsider.com,519 644 8184
Lanni,Byre,Female,lbyreb9@ted.com,867 447 1728
Henderson,Skellington,Male,hskellingtonba@alibaba.com,256 866 6047
Bronson,Blakey,Male,bblakeybb@phpbb.com,521 114 4293
Daniel,Dudney,Male,ddudneybc@bing.com,471 747 7152
Jennilee,Budgett,Female,jbudgettbd@techcrunch.com,716 735 0394
Walton,Shurlock,Male,wshurlockbe@earthlink.net,678 374 7701
Allyn,Pearman,Female,apearmanbf@wordpress.org,908 501 1346
Si,Foxhall,Male,sfoxhallbg@tinyurl.com,696 287 7448
Sloane,Voules,Male,svoulesbh@icq.com,578 756 1125
Wainwright,Canavan,Agender,wcanavanbi@adobe.com,270 504 5341
Thurston,Obeney,Male,tobeneybj@loc.gov,524 247 5226
Noami,Krugmann,Female,nkrugmannbk@archive.org,210 512 5159
Mariska,Molesworth,Female,mmolesworthbl@merriam-webster.com,331 435 1845
Hamish,Ingles,Male,hinglesbm@wsj.com,548 545 0122
Brear,Struis,Genderqueer,bstruisbn@booking.com,314 979 4884
Gussie,Garriock,Female,ggarriockbo@cloudflare.com,280 870 8703
Mendie,Watson-Brown,Male,mwatsonbrownbp@about.com,157 627 4004
Bord,Lascell,Male,blascellbq@adobe.com,977 603 9373
Annmaria,Odde,Female,aoddebr@istockphoto.com,936 380 7204
Adham,Wiggins,Male,awigginsbs@nymag.com,404 307 4707
Lynelle,Rubens,Female,lrubensbt@ebay.com,351 696 9514
Malcolm,Sherland,Male,msherlandbu@cornell.edu,396 371 3669
Yasmin,Klammt,Female,yklammtbv@jigsy.com,351 516 4974
Trudi,Calan,Female,tcalanbw@shop-pro.jp,964 768 0231
Giacomo,Batchelar,Male,gbatchelarbx@github.io,813 862 6153
Spence,Driuzzi,Male,sdriuzziby@csmonitor.com,278 236 7236
Richmond,Abbett,Male,rabbettbz@purevolume.com,747 949 5569
Nilson,Pagen,Male,npagenc0@mtv.com,449 891 1344
Ange,Pow,Female,apowc1@addtoany.com,294 989 6394
Maura,Rehm,Female,mrehmc2@shutterfly.com,239 917 5750
Rheba,Brodley,Female,rbrodleyc3@youtu.be,435 106 6268
Sacha,Petrosian,Female,spetrosianc4@cpanel.net,697 805 5093
Rosalie,Brouwer,Female,rbrouwerc5@cnbc.com,204 264 4502
Cody,Drinnan,Male,cdrinnanc6@360.cn,307 985 6678
Karol,Basire,Female,kbasirec7@bloglovin.com,672 683 0055
Cheri,Nunns,Female,cnunnsc8@sina.com.cn,369 890 5306
Kalina,Plampeyn,Female,kplampeync9@gmpg.org,187 556 3060
Cordie,Tippin,Female,ctippinca@canalblog.com,353 486 1505
Denys,Ahrenius,Male,dahreniuscb@icio.us,305 636 2074
Burnaby,Edgell,Male,bedgellcc@jigsy.com,459 735 9388
Any,Patient,Male,apatientcd@yolasite.com,620 209 7384
Ludvig,Radborn,Male,lradbornce@washingtonpost.com,320 507 7128
Richy,Laming,Male,rlamingcf@naver.com,258 841 3197
Angie,Fowlds,Female,afowldscg@vimeo.com,887 305 3478
Leonardo,Gindghill,Male,lgindghillch@army.mil,165 191 1658
Conrad,Huetson,Male,chuetsonci@hp.com,392 181 2913
Chilton,Bennett,Male,cbennettcj@hud.gov,804 996 0429
Lenee,Mollen,Female,lmollenck@thetimes.co.uk,910 451 1991
Marcia,Samworth,Polygender,msamworthcl@slashdot.org,129 574 8736
Farrell,Lazar,Male,flazarcm@wix.com,412 511 1029
Mil,Brocking,Genderqueer,mbrockingcn@soundcloud.com,970 191 6916
Calida,Haszard,Female,chaszardco@wired.com,699 299 1531
Tanney,Bourdas,Male,tbourdascp@omniture.com,616 517 8982
Lucina,Grewe,Female,lgrewecq@angelfire.com,440 349 9484
Leonardo,Scutchings,Male,lscutchingscr@nbcnews.com,950 217 2733
Dorree,Dain,Female,ddaincs@answers.com,303 206 7297
Della,Pavic,Female,dpavicct@ehow.com,394 381 4844
Clem,Camelli,Genderqueer,ccamellicu@newsvine.com,712 480 3434
Bellanca,Stivens,Female,bstivenscv@rediff.com,294 488 0677
Giustino,Purvey,Male,gpurveycw@51.la,993 208 7905
Flori,Vaillant,Female,fvaillantcx@theglobeandmail.com,175 456 3980
Druci,Nias,Female,dniascy@seesaa.net,897 393 5985
Wilmette,Penberthy,Female,wpenberthycz@tinypic.com,353 820 0941
Laurianne,Gagan,Genderfluid,lgagand0@example.com,862 654 6404
Terrye,Kaminski,Female,tkaminskid1@cnet.com,836 540 4732
Barth,Potebury,Male,bpoteburyd2@wikimedia.org,250 328 8393
Thea,Mattimoe,Female,tmattimoed3@deviantart.com,224 444 6013
Bourke,Playhill,Male,bplayhilld4@shutterfly.com,375 274 4582
Winnifred,Furmonger,Female,wfurmongerd5@sohu.com,149 249 7414
Teddi,Van Brug,Female,tvanbrugd6@w3.org,263 178 7567
Carley,Dyhouse,Female,cdyhoused7@shareasale.com,128 586 8288
Felisha,Shew,Female,fshewd8@ucoz.com,810 971 3149
Lenard,Botwright,Male,lbotwrightd9@oakley.com,646 483 9958
Wald,Whifen,Male,wwhifenda@usnews.com,594 179 4814
Blaire,Bemment,Female,bbemmentdb@stanford.edu,939 541 2946
Vera,Gartside,Female,vgartsidedc@accuweather.com,190 794 4539
Marie-ann,Ickowics,Female,mickowicsdd@marriott.com,691 718 0944
Cecile,Swyne,Female,cswynede@dell.com,185 715 4542
Venita,Fenech,Female,vfenechdf@nih.gov,998 895 2937
Noellyn,Velareal,Female,nvelarealdg@oakley.com,431 535 2927
Viviene,Shearer,Female,vshearerdh@paginegialle.it,946 372 7672
Caterina,Caldera,Female,ccalderadi@alibaba.com,672 573 1229
Ashlan,Staden,Female,astadendj@mapy.cz,141 671 0889
Breena,Mereweather,Female,bmereweatherdk@chron.com,869 173 3822
Zachariah,Birchett,Male,zbirchettdl@tinypic.com,884 264 0896
Perrine,Skeffington,Female,pskeffingtondm@studiopress.com,124 597 1301
Glen,Baudi,Female,gbaudidn@narod.ru,472 200 1787
Hewett,Boulds,Male,hbouldsdo@networkadvertising.org,338 839 6885
Sondra,St Clair,Female,sstclairdp@google.com,776 944 8921
Letty,Tregenna,Female,ltregennadq@soundcloud.com,875 243 6794
Reidar,Jurasz,Male,rjuraszdr@seesaa.net,119 649 9301
Tammie,Woolis,Genderfluid,twoolisds@google.co.uk,941 685 6087
Rozanna,Godbald,Genderfluid,rgodbalddt@sfgate.com,428 379 4732
Roger,Ferres,Male,rferresdu@archive.org,605 488 8215
Rozanne,Aronin,Female,raronindv@umich.edu,252 753 0434
Ingeborg,McClune,Female,imcclunedw@yelp.com,584 806 9126
Dur,Vaneschi,Male,dvaneschidx@addthis.com,757 209 5395
Laina,Bartoleyn,Female,lbartoleyndy@de.vu,355 746 9287
Truda,Shenton,Female,tshentondz@istockphoto.com,696 471 0402
Elke,Rishworth,Female,erishworthe0@digg.com,192 500 3655
Rebe,Ferryn,Female,rferryne1@fc2.com,327 477 4692
Harvey,Eagling,Male,heaglinge2@gov.uk,744 290 3562
Maynord,O'Dee,Male,modeee3@biblegateway.com,795 720 9069
Jessica,Tunaclift,Female,jtunaclifte4@icio.us,104 316 3372
Montague,Soltan,Male,msoltane5@tinyurl.com,253 533 4799
Kim,Fishlock,Female,kfishlocke6@nba.com,691 886 9304
Sigmund,Werendell,Male,swerendelle7@xing.com,786 290 2207
Johannes,Warsop,Male,jwarsope8@ustream.tv,327 625 6330
Corie,Skellern,Female,cskellerne9@amazon.co.uk,480 494 3845
Alvan,Boshers,Male,aboshersea@phpbb.com,209 117 9820
Brandise,MacMenamie,Female,bmacmenamieeb@fda.gov,701 276 2226
Wynn,Barrett,Female,wbarrettec@engadget.com,168 548 5172
Sim,Scowcroft,Bigender,sscowcrofted@ibm.com,945 686 2323
Torr,Newcom,Male,tnewcomee@simplemachines.org,765 467 0302
David,Blamphin,Male,dblamphinef@illinois.edu,140 872 5884
Viki,Emlen,Female,vemleneg@cmu.edu,425 669 4836
Roi,MacIlriach,Male,rmacilriacheh@economist.com,135 852 8802
Chere,Fraine,Female,cfraineei@ted.com,951 647 7175
Tildi,Surgood,Female,tsurgoodej@mail.ru,691 800 6031
Stu,Wilgar,Male,swilgarek@amazon.com,825 567 1031
Antin,Pitkin,Male,apitkinel@wunderground.com,862 127 0817
Gerda,Milliken,Female,gmillikenem@myspace.com,912 314 9302
Mal,Aslin,Male,maslinen@squidoo.com,956 726 6810
Claiborne,Kubek,Male,ckubekeo@nba.com,122 180 1011
Giulio,Donegan,Bigender,gdoneganep@abc.net.au,221 619 0227
Beitris,Eby,Female,bebyeq@tinyurl.com,227 665 8130
Joyce,Gossage,Female,jgossageer@usatoday.com,870 988 2424
Hally,Cross,Female,hcrosses@scientificamerican.com,246 884 7535
Dru,Gillcrist,Male,dgillcristet@cargocollective.com,160 276 2471
Paolo,Mashal,Male,pmashaleu@bloomberg.com,842 767 3275
Nan,Baldick,Female,nbaldickev@furl.net,158 825 8136
Gert,Gorse,Female,ggorseew@twitpic.com,991 827 3848
Ariel,Luttger,Agender,aluttgerex@pbs.org,897 515 0737
Zared,Palley,Male,zpalleyey@nba.com,681 278 2264
Tailor,Davidescu,Male,tdavidescuez@nationalgeographic.com,513 786 6242
Marcella,Tregea,Female,mtregeaf0@ed.gov,870 508 0140
Eba,Kinnie,Female,ekinnief1@ebay.com,488 603 7126
Daloris,Alphonso,Female,dalphonsof2@photobucket.com,715 210 9549
Laurie,Hayzer,Female,lhayzerf3@theglobeandmail.com,943 746 1536
Buddie,Plaxton,Male,bplaxtonf4@seesaa.net,157 792 2370
Lise,Strachan,Female,lstrachanf5@imdb.com,927 941 7992
Giffie,Sleeford,Male,gsleefordf6@hibu.com,887 574 5165
Wood,Stoppard,Male,wstoppardf7@independent.co.uk,764 969 1442
Tedd,Medmore,Male,tmedmoref8@patch.com,394 943 7624
Michelle,McCumskay,Female,mmccumskayf9@hatena.ne.jp,825 458 6229
Gorden,Arnow,Male,garnowfa@nps.gov,891 755 5216
Cynthie,Killingsworth,Female,ckillingsworthfb@psu.edu,874 423 0821
Nick,Polkinhorn,Male,npolkinhornfc@soup.io,796 280 6617
Zachary,Swaden,Male,zswadenfd@photobucket.com,432 160 9656
Ingemar,Speechly,Male,ispeechlyfe@geocities.com,304 228 9669
Cal,Dominguez,Genderqueer,cdominguezff@infoseek.co.jp,372 419 2652
Stan,Gathercoal,Male,sgathercoalfg@addthis.com,125 856 0365
Lazarus,Baiyle,Male,lbaiylefh@illinois.edu,873 680 2585
Doreen,Brasted,Female,dbrastedfi@berkeley.edu,787 850 4227
Idette,Earley,Female,iearleyfj@hp.com,226 322 7334
Carmine,Ferrai,Genderfluid,cferraifk@toplist.cz,725 508 2454
Janelle,Ruske,Genderqueer,jruskefl@hubpages.com,727 424 1590
Lyon,Hothersall,Male,lhothersallfm@wunderground.com,406 456 7767
Danice,Ruckhard,Female,druckhardfn@marriott.com,503 454 1147
Erena,Klambt,Female,eklambtfo@usnews.com,472 717 8393
Anstice,Lightning,Polygender,alightningfp@multiply.com,434 483 4071
Germain,Farady,Male,gfaradyfq@etsy.com,244 901 4283
Emmalynn,Fassmann,Genderqueer,efassmannfr@ocn.ne.jp,131 554 8547
Eddi,Thurley,Female,ethurleyfs@wikia.com,274 703 2879
Osborne,Plain,Male,oplainft@dedecms.com,554 610 4978
Junina,Newens,Genderqueer,jnewensfu@bluehost.com,172 263 7817
Vincenty,Verdie,Male,vverdiefv@cisco.com,953 201 2243
Morgen,Arnke,Male,marnkefw@istockphoto.com,521 121 1006
Esmeralda,Toman,Genderfluid,etomanfx@etsy.com,114 683 9625
Crystal,Cradduck,Female,ccradduckfy@w3.org,216 645 7461
Phillipe,Lightbown,Male,plightbownfz@independent.co.uk,216 168 4481
Tannie,Blincow,Male,tblincowg0@ed.gov,935 238 0596
Zara,Brunelleschi,Female,zbrunelleschig1@stumbleupon.com,227 293 5675
Yorke,Debell,Male,ydebellg2@forbes.com,875 529 6070
Stanly,Fanning,Male,sfanningg3@1und1.de,156 372 8693
Gaven,Farrer,Male,gfarrerg4@ask.com,443 735 0873
Ramon,Krzyzanowski,Male,rkrzyzanowskig5@dagondesign.com,385 492 1275
Garald,Imlacke,Male,gimlackeg6@canalblog.com,600 819 6190
Arly,Aikett,Female,aaikettg7@artisteer.com,438 181 3232
Aveline,Masarrat,Female,amasarratg8@wisc.edu,946 151 5975
Kimberly,Conklin,Female,kconkling9@noaa.gov,821 745 8992
Homere,Crunkhorn,Male,hcrunkhornga@techcrunch.com,590 423 7085
Town,Bordiss,Genderfluid,tbordissgb@github.io,631 645 1230
Whitney,Boustead,Male,wbousteadgc@printfriendly.com,541 861 6707
Freedman,Hanney,Male,fhanneygd@networkadvertising.org,976 726 9652
Jackqueline,Brackstone,Female,jbrackstonege@yelp.com,315 636 6364
Ariel,Laise,Male,alaisegf@virginia.edu,985 633 9464
Ardine,Pechell,Female,apechellgg@posterous.com,633 233 9956
Abigail,Kelinge,Female,akelingegh@wordpress.org,151 204 5203
Jessalin,Downe,Female,jdownegi@chronoengine.com,192 318 8358
Toby,Haggerston,Male,thaggerstongj@istockphoto.com,632 179 1241
Kliment,Gwyer,Male,kgwyergk@npr.org,559 245 1540
Charmion,Gasparro,Polygender,cgasparrogl@scribd.com,295 881 4005
Courtney,Thibodeaux,Female,cthibodeauxgm@businesswire.com,810 311 3758
Lynett,Henkmann,Female,lhenkmanngn@chron.com,834 957 3429
Giulia,Furminger,Female,gfurmingergo@alibaba.com,904 957 9666
Daveta,Onele,Female,donelegp@livejournal.com,899 893 4630
Bobina,Nerheny,Female,bnerhenygq@cdc.gov,817 116 0123
Dyana,Tessington,Female,dtessingtongr@mozilla.com,331 114 2209
Evelyn,Mulbry,Female,emulbrygs@craigslist.org,231 834 6488
Gloria,Reimer,Female,greimergt@examiner.com,842 869 2404
Irv,Deavall,Male,ideavallgu@mediafire.com,152 557 7343
Remus,Batty,Male,rbattygv@bbc.co.uk,187 642 5245
Rycca,Christian,Female,rchristiangw@bloglovin.com,755 989 3963
Susanna,Steuart,Female,ssteuartgx@usgs.gov,211 130 1502
Poul,Stuther,Male,pstuthergy@themeforest.net,114 917 6917
Sofia,Cumo,Female,scumogz@nps.gov,718 743 6892
Gustaf,Fulmen,Genderqueer,gfulmenh0@statcounter.com,471 387 5722
Vanya,Canada,Male,vcanadah1@nps.gov,276 512 6961
Arliene,Blindmann,Female,ablindmannh2@joomla.org,150 801 2076
Sanders,Haddon,Male,shaddonh3@cbslocal.com,732 533 3406
Davita,Naerup,Female,dnaeruph4@discuz.net,875 578 7515
Boigie,Haye,Male,bhayeh5@eventbrite.com,587 796 8439
Omar,Bome,Male,obomeh6@cisco.com,601 154 4088
Tania,Manuel,Female,tmanuelh7@google.es,929 507 9614
Mindy,Ciraldo,Female,mciraldoh8@creativecommons.org,911 724 7228
Katya,Tonbridge,Female,ktonbridgeh9@imdb.com,179 970 7778
Florence,Stacy,Female,fstacyha@xing.com,532 587 1079
Ignace,Dyshart,Male,idysharthb@google.com,572 139 4912
Gage,Castagnasso,Male,gcastagnassohc@businessweek.com,160 439 8764
Shelia,Noke,Female,snokehd@google.es,178 564 0925
Toiboid,Longland,Male,tlonglandhe@netlog.com,339 782 2555
Jacky,Sleightholme,Female,jsleightholmehf@google.co.uk,155 621 4953
Susannah,Scholling,Female,sschollinghg@usatoday.com,838 426 4186
Benson,Huggett,Male,bhuggetthh@unicef.org,123 859 6466
Alvy,Kesey,Male,akeseyhi@ftc.gov,633 343 2120
Ignacius,Tompkiss,Male,itompkisshj@timesonline.co.uk,868 137 0415
Findlay,Trevallion,Male,ftrevallionhk@meetup.com,803 294 6487
Stanly,Stump,Male,sstumphl@icio.us,836 461 3824
Chantal,Pagden,Non-binary,cpagdenhm@reverbnation.com,728 781 4615
Tobin,Airton,Male,tairtonhn@webeden.co.uk,213 806 3654
Iver,MacCall,Male,imaccallho@soundcloud.com,918 334 4055
Pancho,Genese,Male,pgenesehp@msn.com,981 341 1282
Maryjo,Syder,Female,msyderhq@yelp.com,305 820 2878
Bancroft,Mitchelmore,Male,bmitchelmorehr@edublogs.org,386 395 8511
Lionel,Deans,Male,ldeanshs@usgs.gov,781 848 8815
Robin,Salvati,Male,rsalvatiht@com.com,226 320 1070
Rabi,Lowsely,Male,rlowselyhu@cocolog-nifty.com,121 811 8709
Lynde,Pere,Agender,lperehv@altervista.org,691 558 7251
Amalia,Ivashinnikov,Female,aivashinnikovhw@e-recht24.de,671 834 4927
Barnard,Healings,Male,bhealingshx@opera.com,656 960 3400
Sherilyn,Derkes,Female,sderkeshy@networksolutions.com,835 255 2185
Sandra,Polon,Female,spolonhz@usgs.gov,374 201 9325
Loydie,Domotor,Bigender,ldomotori0@senate.gov,839 124 1759
Logan,Sute,Male,lsutei1@networksolutions.com,367 997 2081
Scottie,Sollime,Male,ssollimei2@list-manage.com,124 279 1980
Nita,Riggeard,Female,nriggeardi3@howstuffworks.com,640 624 6884
Susannah,Crosen,Female,scroseni4@cbc.ca,308 218 7652
Nathanil,Packer,Male,npackeri5@canalblog.com,377 459 7760
Aldin,Maydway,Male,amaydwayi6@hp.com,512 999 2245
Deirdre,Dyball,Female,ddyballi7@qq.com,913 707 2386
Jacobo,Battyll,Male,jbattylli8@t-online.de,880 100 9017
Iolanthe,Hedan,Female,ihedani9@mit.edu,386 193 7936
Eward,Etheridge,Male,eetheridgeia@reddit.com,330 160 8776
Jabez,Dignum,Male,jdignumib@simplemachines.org,534 514 5198
Hinze,Leyburn,Male,hleyburnic@microsoft.com,873 897 2465
Annette,Georgelin,Female,ageorgelinid@statcounter.com,454 988 2165
Neala,Batts,Female,nbattsie@naver.com,824 453 7193
Dev,Stelljes,Male,dstelljesif@netscape.com,962 831 2071
Eddy,Geator,Male,egeatorig@eepurl.com,517 659 0559
Tannie,Gryglewski,Male,tgryglewskiih@arizona.edu,238 924 4691
Karel,Schindler,Male,kschindlerii@bloglovin.com,266 939 3561
Suzanna,Furneaux,Female,sfurneauxij@addthis.com,161 454 8642
Giuseppe,Bilton,Male,gbiltonik@imgur.com,634 628 8074
Shaine,Coppo,Female,scoppoil@psu.edu,451 297 5152
Vance,Beale,Male,vbealeim@ucoz.ru,719 876 6246
Lorry,Navaro,Female,lnavaroin@cbslocal.com,278 146 1740
Templeton,Sidebotton,Male,tsidebottonio@illinois.edu,657 751 6544
Scarlet,McDermott,Female,smcdermottip@dyndns.org,626 795 4267
Alison,Sarjeant,Bigender,asarjeantiq@amazon.co.jp,549 848 6323
Nerta,Le Gallo,Female,nlegalloir@discovery.com,616 256 5628
Arleyne,Lumley,Female,alumleyis@guardian.co.uk,775 122 6515
Gunter,Cartmail,Genderfluid,gcartmailit@smh.com.au,889 828 7530
Wallache,Obert,Male,wobertiu@hostgator.com,788 408 7255
Gabe,Esposi,Male,gesposiiv@usa.gov,129 602 9435
Hussein,Payton,Male,hpaytoniw@cafepress.com,209 343 2221
Fred,Ditchfield,Female,fditchfieldix@mlb.com,283 906 8525
Sheffy,Beckinsall,Male,sbeckinsalliy@a8.net,868 711 6610
Darb,Hargreves,Female,dhargrevesiz@japanpost.jp,370 337 8624
Delmar,Rochewell,Male,drochewellj0@marriott.com,661 615 0140
Carmela,Ricciardi,Female,cricciardij1@angelfire.com,591 605 8108
Egan,Jerisch,Male,ejerischj2@prlog.org,731 191 9389
Marys,Gerge,Bigender,mgergej3@flavors.me,420 828 0490
Annabell,Wooding,Female,awoodingj4@example.com,456 779 7303
Jozef,Pelfer,Male,jpelferj5@123-reg.co.uk,257 120 1265
Kristien,Brasner,Female,kbrasnerj6@tmall.com,487 761 6602
Josy,Eckery,Female,jeckeryj7@smugmug.com,395 115 6405
Ivy,Dennick,Female,idennickj8@feedburner.com,398 116 9647
Ennis,Hadigate,Male,ehadigatej9@sourceforge.net,862 894 3047
Gilemette,Normanton,Female,gnormantonja@rambler.ru,658 914 8823
Hettie,Ravillas,Female,hravillasjb@dropbox.com,317 965 6547
Humphrey,Alexandrou,Male,halexandroujc@google.ru,434 635 2643
Corrine,O'Duane,Female,coduanejd@friendfeed.com,933 361 4333
Sofia,Dagger,Female,sdaggerje@go.com,254 225 9039
Faith,Gioani,Female,fgioanijf@ustream.tv,162 872 9304
Roberta,Bills,Female,rbillsjg@youtu.be,954 298 0279
Barr,Pakes,Non-binary,bpakesjh@clickbank.net,772 370 7311
Price,Tebbitt,Male,ptebbittji@state.tx.us,955 239 3959
Sybilla,Faires,Female,sfairesjj@economist.com,317 123 3772
Salli,Pither,Female,spitherjk@prlog.org,939 806 1689
Farly,Ubsdell,Male,fubsdelljl@wordpress.com,718 731 9807
Carlynn,Dedmam,Female,cdedmamjm@pbs.org,550 940 3350
Velvet,Januszewski,Female,vjanuszewskijn@i2i.jp,858 407 7581
Tillie,Easby,Female,teasbyjo@senate.gov,162 519 7270
Gerrard,Keerl,Male,gkeerljp@howstuffworks.com,772 720 8594
Quintilla,Danahar,Female,qdanaharjq@google.it,248 170 4490
Emalia,Milhench,Female,emilhenchjr@noaa.gov,763 690 5718
Krystal,Craft,Female,kcraftjs@oaic.gov.au,346 533 8487
Vite,Boggers,Bigender,vboggersjt@patch.com,516 931 0874
Dorolisa,Wantling,Female,dwantlingju@xrea.com,762 537 5335
Dev,Farrow,Male,dfarrowjv@livejournal.com,495 392 6110
Clerc,Matteuzzi,Genderfluid,cmatteuzzijw@gmpg.org,401 624 8826
Darrick,Fielden,Male,dfieldenjx@npr.org,357 628 8625
Kirsti,Ausiello,Female,kausiellojy@msn.com,317 389 3240
Efrem,Yancey,Male,eyanceyjz@hugedomains.com,169 772 1556
Bennett,Konzel,Male,bkonzelk0@surveymonkey.com,654 902 2089
Karlie,Bonefant,Female,kbonefantk1@opera.com,935 346 3870
Callie,MacDonough,Female,cmacdonoughk2@yellowpages.com,310 133 0185
Linnie,Eronie,Female,leroniek3@1688.com,481 551 2484
Jannel,Waldrum,Female,jwaldrumk4@technorati.com,850 532 0298
June,Swinerd,Female,jswinerdk5@microsoft.com,873 462 4068
Lynnette,Abrahamovitz,Female,labrahamovitzk6@springer.com,842 407 3021
Dona,Caldicott,Female,dcaldicottk7@yandex.ru,106 202 1497
Dukie,Swane,Male,dswanek8@census.gov,243 804 1899
Micheil,Amer,Male,mamerk9@ameblo.jp,536 396 8309
Moses,Ellaman,Male,mellamanka@hibu.com,530 110 2985
Dorry,Feltham,Female,dfelthamkb@seesaa.net,696 570 6438
Muire,Wooldridge,Female,mwooldridgekc@qq.com,627 141 6910
Shanta,Bosma,Female,sbosmakd@unblog.fr,272 180 4032
Quinton,Marsie,Male,qmarsieke@sourceforge.net,884 986 2711
Rab,Stiggers,Male,rstiggerskf@aol.com,497 374 4322
Amil,Paula,Female,apaulakg@reference.com,676 278 3751
Travus,Orpin,Male,torpinkh@trellian.com,384 555 1438
Beau,Depke,Male,bdepkeki@boston.com,373 573 9391
Elliot,Boxen,Male,eboxenkj@vk.com,894 235 7455
Carny,Toupe,Male,ctoupekk@cnbc.com,282 203 9047
Ambrosius,Farleigh,Male,afarleighkl@behance.net,204 966 1446
Chick,Castagne,Male,ccastagnekm@archive.org,246 449 7124
Tybalt,Battlestone,Male,tbattlestonekn@uol.com.br,258 360 5800
Elmore,Robertson,Male,erobertsonko@twitpic.com,689 637 6459
Torrie,Lindl,Female,tlindlkp@smugmug.com,975 801 2472
Fredi,Simmans,Female,fsimmanskq@seattletimes.com,819 716 0715
Millisent,Beavers,Female,mbeaverskr@people.com.cn,126 865 1825
Huntlee,Esherwood,Male,hesherwoodks@oakley.com,557 881 3099
Raffaello,Comiam,Male,rcomiamkt@auda.org.au,756 338 5259
Jorgan,McVane,Male,jmcvaneku@nih.gov,260 613 0107
Broderic,Joisce,Male,bjoiscekv@howstuffworks.com,923 984 3870
Gale,Dollard,Female,gdollardkw@weather.com,247 527 4849
Cozmo,Wychard,Male,cwychardkx@twitpic.com,288 997 0745
Anya,Drage,Female,adrageky@umn.edu,607 667 6136
Pierson,Isenor,Male,pisenorkz@economist.com,534 367 5205
Alys,Bernardeschi,Genderqueer,abernardeschil0@wsj.com,871 763 4997
Gusta,Ciepluch,Agender,gciepluchl1@mlb.com,266 774 0317
Engelbert,Tuckwood,Male,etuckwoodl2@sciencedaily.com,643 383 1109
Alayne,Verbrugghen,Female,averbrugghenl3@sohu.com,587 342 1411
Faydra,Medway,Female,fmedwayl4@mapy.cz,234 796 1215
Aguste,Baddeley,Male,abaddeleyl5@java.com,191 647 0595
Olivier,Welds,Male,oweldsl6@cisco.com,938 528 3566
Isa,Scripture,Male,iscripturel7@army.mil,444 295 9793
Tracie,Kibblewhite,Male,tkibblewhitel8@narod.ru,557 412 2852
Barnett,Cuthbert,Male,bcuthbertl9@reuters.com,354 718 6343
Herschel,Menham,Male,hmenhamla@behance.net,112 392 9723
Myrlene,Baake,Female,mbaakelb@bbb.org,259 492 1618
Adrian,Dagg,Male,adagglc@mozilla.org,630 971 1121
Trever,Meanwell,Male,tmeanwellld@msn.com,877 800 8150
Valma,Ygou,Female,vygoule@archive.org,441 792 1440
Ardeen,Kaiser,Female,akaiserlf@livejournal.com,873 227 7160
Alon,Folbigg,Genderqueer,afolbigglg@multiply.com,406 100 6067
Star,Waison,Female,swaisonlh@salon.com,343 831 2484
Emmi,Ragsdall,Female,eragsdallli@tinyurl.com,152 706 7198
Maxie,Bonham,Male,mbonhamlj@zdnet.com,544 431 1308
Jojo,Marcombe,Female,jmarcombelk@netscape.com,836 519 2650
Alena,Shimon,Female,ashimonll@msu.edu,962 812 4731
Lanette,Inge,Genderqueer,lingelm@vk.com,510 244 9209
Nady,Livesay,Female,nlivesayln@economist.com,267 890 7308
Rosemary,Clough,Female,rcloughlo@google.co.uk,985 909 3699
Alfons,Rivalant,Male,arivalantlp@elpais.com,569 485 3468
Florina,Beccero,Female,fbeccerolq@github.com,463 621 4738
Francene,Shout,Female,fshoutlr@answers.com,922 653 2981
Vivianne,Gilston,Female,vgilstonls@techcrunch.com,317 877 5264
Aubrey,Scamerden,Male,ascamerdenlt@archive.org,894 970 3886
Fulvia,O'Luby,Female,folubylu@exblog.jp,349 343 6749
Waite,Ferreri,Male,wferrerilv@mtv.com,758 900 4877
Luis,Danels,Male,ldanelslw@abc.net.au,590 763 2237
Myra,Urwin,Female,murwinlx@mlb.com,125 669 3901
Rutherford,Gosford,Male,rgosfordly@cocolog-nifty.com,758 935 8297
Alina,Farge,Female,afargelz@vinaora.com,674 847 0170
Ruthe,Peggs,Female,rpeggsm0@bandcamp.com,950 436 9475
Sally,Kedie,Female,skediem1@mtv.com,429 316 3966
Bent,Goodenough,Male,bgoodenoughm2@tumblr.com,307 724 1991
Dianna,Steinham,Female,dsteinhamm3@washingtonpost.com,346 153 2817
Dniren,Scarsbrooke,Female,dscarsbrookem4@google.it,593 901 4983
Nomi,Radnage,Polygender,nradnagem5@delicious.com,949 728 9549
Tierney,McClory,Bigender,tmcclorym6@tuttocitta.it,113 930 5983
Dorelle,Cunnow,Female,dcunnowm7@timesonline.co.uk,965 452 9103
Corinne,Cuseick,Agender,ccuseickm8@marriott.com,296 634 6103
Shayna,Gherarducci,Female,sgherarduccim9@ebay.co.uk,829 893 2499
Daisey,Obee,Female,dobeema@fc2.com,416 416 4737
Obidiah,Pantlin,Male,opantlinmb@slate.com,196 691 2378
Odilia,Trewman,Female,otrewmanmc@earthlink.net,523 966 2090
Eldon,Britch,Male,ebritchmd@elegantthemes.com,800 853 5138
Christopher,Roisen,Male,croisenme@arizona.edu,370 983 7765
Kizzee,Whetton,Female,kwhettonmf@japanpost.jp,268 371 4431
Janeta,Ghidini,Female,jghidinimg@usnews.com,370 114 7822
Benoit,Jaffray,Male,bjaffraymh@paginegialle.it,341 570 0518
Barnabe,Larder,Male,blardermi@toplist.cz,596 439 0704
Charita,Martinec,Female,cmartinecmj@businesswire.com,977 549 0102
Hoyt,Banks,Male,hbanksmk@list-manage.com,273 299 3344
Gracia,Barbera,Female,gbarberaml@techcrunch.com,493 100 2317
Gwen,Matyushkin,Female,gmatyushkinmm@clickbank.net,621 702 5324
Annamarie,Salle,Female,asallemn@uiuc.edu,766 629 5164
Gottfried,Wyllcock,Male,gwyllcockmo@engadget.com,142 295 3173
Merrielle,Dudill,Female,mdudillmp@bravesites.com,453 135 3728
Cookie,Kapiloff,Female,ckapiloffmq@e-recht24.de,152 546 9420
Alberta,Vondrach,Female,avondrachmr@histats.com,804 632 0248
Etta,Scotford,Female,escotfordms@free.fr,739 949 1880
Belia,Parzizek,Female,bparzizekmt@bluehost.com,847 912 4146
Jarid,Grzelczyk,Male,jgrzelczykmu@boston.com,529 575 5578
Jonah,Cheney,Male,jcheneymv@gnu.org,439 322 6931
Carey,Victoria,Male,cvictoriamw@google.com,658 915 5851
Aldous,Chittem,Male,achittemmx@github.io,249 869 1430
Carie,Oneil,Female,coneilmy@paginegialle.it,951 144 5620
Reid,Woodyer,Male,rwoodyermz@reverbnation.com,985 676 0916
Carr,Orrill,Male,corrilln0@amazon.co.jp,179 334 4934
Alberik,Gosden,Male,agosdenn1@surveymonkey.com,206 340 6513
Theo,MacLeese,Female,tmacleesen2@about.com,296 783 5916
Alina,Crawford,Female,acrawfordn3@amazon.co.jp,883 554 5066
Abbe,Raspin,Male,araspinn4@apache.org,372 599 2273
Jules,Tanzig,Male,jtanzign5@telegraph.co.uk,421 653 0656
Drusilla,Skillicorn,Genderfluid,dskillicornn6@angelfire.com,388 132 4733
Dierdre,Vasilyevski,Female,dvasilyevskin7@reuters.com,133 362 1912
Sheilakathryn,Watford,Female,swatfordn8@abc.net.au,758 915 1177
Marthe,Riordan,Female,mriordann9@purevolume.com,729 251 6155
Antons,Pomery,Male,apomeryna@wiley.com,877 694 5664
Garvy,Wingham,Male,gwinghamnb@edublogs.org,537 335 2221
Yard,Bagwell,Male,ybagwellnc@cisco.com,756 583 7508
Bryant,Huttley,Male,bhuttleynd@netlog.com,922 482 9846
Jakob,Sallarie,Male,jsallariene@omniture.com,967 578 2374
Alfonso,Randalston,Male,arandalstonnf@alibaba.com,257 217 7568
Kimmy,Loyd,Female,kloydng@telegraph.co.uk,807 434 3180
Angelo,Cabera,Male,acaberanh@sogou.com,385 803 8790
Hinze,Feldstein,Male,hfeldsteinni@ihg.com,947 453 9589
Kirk,Boyfield,Male,kboyfieldnj@goo.gl,105 358 8342
Suzanna,Chaytor,Female,schaytornk@artisteer.com,885 875 4042
Chaunce,Sainte Paul,Male,csaintepaulnl@msu.edu,649 436 3760
Salaidh,Owtram,Female,sowtramnm@altervista.org,837 686 1782
Cassie,Thomke,Female,cthomkenn@studiopress.com,653 205 6882
Prudi,Longmead,Female,plongmeadno@wisc.edu,991 497 9178
Elbertine,Leeburn,Female,eleeburnnp@usa.gov,492 627 4437
Phoebe,Benwell,Female,pbenwellnq@tmall.com,187 952 4251
Zahara,Barlace,Female,zbarlacenr@weibo.com,357 362 0718
Henri,Donnellan,Bigender,hdonnellanns@diigo.com,664 831 9462
Les,Hucks,Male,lhucksnt@nationalgeographic.com,771 197 5119
Bruce,Latore,Male,blatorenu@comcast.net,999 143 5248
Jeanie,Klimkin,Genderfluid,jklimkinnv@flavors.me,999 630 9979
Sharona,Akitt,Female,sakittnw@dell.com,890 856 6738
Helen-elizabeth,Wittrington,Female,hwittringtonnx@php.net,147 739 4767
Yance,Ioannou,Male,yioannouny@bandcamp.com,795 640 3738
Natale,Marchington,Male,nmarchingtonnz@nih.gov,284 526 2815
Bethany,Mardy,Female,bmardyo0@alibaba.com,668 856 8118
Wendell,Newby,Male,wnewbyo1@yolasite.com,837 595 2641
Rafi,Vreede,Agender,rvreedeo2@hatena.ne.jp,465 197 4955
Zorana,Aisbett,Female,zaisbetto3@geocities.jp,586 790 7113
Terese,Keirle,Female,tkeirleo4@amazon.de,614 885 4185
Maurits,Girling,Male,mgirlingo5@opera.com,847 171 9350
Morganne,Helder,Non-binary,mheldero6@washington.edu,913 664 7090
Sharl,Gutherson,Polygender,sguthersono7@canalblog.com,549 602 6176
Jacques,Waith,Male,jwaitho8@ihg.com,915 830 5407
Albertina,Kubasek,Female,akubaseko9@mozilla.org,941 473 4567
Grayce,Flay,Female,gflayoa@ask.com,233 138 1697
Berrie,Durnford,Female,bdurnfordob@shop-pro.jp,473 953 9759
Jewell,Petrillo,Female,jpetrillooc@narod.ru,948 425 7430
Kinnie,Stowe,Male,kstoweod@aboutads.info,611 929 7036
Koenraad,Poad,Male,kpoadoe@is.gd,826 453 0413
Urbanus,Spir,Male,uspirof@fotki.com,703 425 6207
Roma,Seakin,Male,rseakinog@google.com.au,103 956 6098
Harcourt,Lockie,Male,hlockieoh@nydailynews.com,684 746 3475
Amabel,Brazenor,Female,abrazenoroi@tripadvisor.com,554 616 0215
Aurora,Bootman,Agender,abootmanoj@csmonitor.com,379 997 1375
Mufi,Bourhill,Genderqueer,mbourhillok@csmonitor.com,342 728 1607
Jillayne,Gunda,Bigender,jgundaol@oaic.gov.au,993 482 4592
Genny,Sloegrave,Female,gsloegraveom@blog.com,840 452 8645
Ford,Wennington,Male,fwenningtonon@dailymotion.com,407 983 4336
Clerc,Foli,Male,cfolioo@dion.ne.jp,563 182 8810
Faythe,Somerfield,Female,fsomerfieldop@creativecommons.org,524 377 5614
Anatola,Steeden,Female,asteedenoq@webeden.co.uk,296 591 4029
Vernice,McGillicuddy,Female,vmcgillicuddyor@google.co.jp,421 684 1867
Donnajean,Every,Female,deveryos@tripadvisor.com,176 338 3476
Steve,Stebbins,Male,sstebbinsot@feedburner.com,957 472 6004
Kit,Sabatier,Male,ksabatierou@webeden.co.uk,245 832 9615
Alwyn,Geraud,Male,ageraudov@elegantthemes.com,748 276 2067
Charita,Arro,Female,carroow@purevolume.com,709 111 5715
Nichols,Whitesel,Male,nwhiteselox@upenn.edu,717 600 4315
Jenn,Fenney,Bigender,jfenneyoy@si.edu,802 369 7848
Odelinda,Gravett,Female,ogravettoz@geocities.jp,651 428 7483
Clive,Varnham,Male,cvarnhamp0@xrea.com,107 109 8579
Taber,Eteen,Male,teteenp1@fc2.com,547 713 5643
Quintin,Jaegar,Male,qjaegarp2@gravatar.com,181 195 4398
Gherardo,Doumer,Male,gdoumerp3@soundcloud.com,601 802 4560
Manny,Herkess,Male,mherkessp4@techcrunch.com,667 120 3950
Wendell,Jamson,Male,wjamsonp5@youtube.com,807 630 8910
Kelli,Stockney,Female,kstockneyp6@wiley.com,631 271 6260
Ophelia,Dingwall,Female,odingwallp7@dyndns.org,514 801 6642
Reeba,McPharlain,Female,rmcpharlainp8@sogou.com,499 661 2657
Chilton,MacGilmartin,Non-binary,cmacgilmartinp9@zimbio.com,679 452 5929
Sidney,Jozsef,Male,sjozsefpa@drupal.org,105 729 4401
Keelia,Dimbylow,Female,kdimbylowpb@dot.gov,225 807 2846
Jermayne,Minot,Male,jminotpc@rakuten.co.jp,877 226 3608
Leshia,Chasmoor,Female,lchasmoorpd@columbia.edu,373 971 2253
Modestine,Chaldecott,Female,mchaldecottpe@sciencedirect.com,235 206 7192
Veriee,Lambertazzi,Female,vlambertazzipf@acquirethisname.com,641 160 6378
Candis,Rameau,Female,crameaupg@cbslocal.com,502 858 5597
Whitney,Mazin,Female,wmazinph@eepurl.com,523 803 9203
Jolynn,Calway,Female,jcalwaypi@symantec.com,738 474 6638
Larry,Matkovic,Male,lmatkovicpj@newyorker.com,428 695 4893
Carma,Maybey,Female,cmaybeypk@umn.edu,904 156 7407
Leelah,Kabsch,Female,lkabschpl@tinyurl.com,709 586 9263
Brig,McKinney,Genderfluid,bmckinneypm@com.com,362 836 9049
Maddalena,Checci,Female,mcheccipn@guardian.co.uk,953 163 0510
Diahann,Stallion,Female,dstallionpo@hhs.gov,482 713 4261
Bethena,Haythorn,Polygender,bhaythornpp@eepurl.com,935 966 5958
Trula,Littlechild,Female,tlittlechildpq@thetimes.co.uk,932 954 6627
Valentine,Faulder,Female,vfaulderpr@angelfire.com,186 104 6339
Damian,Worvell,Male,dworvellps@biblegateway.com,497 336 2213
Carr,Padbury,Male,cpadburypt@pbs.org,302 331 7165
Lynda,Joselson,Genderfluid,ljoselsonpu@google.pl,877 668 3319
Harbert,Mccaull,Male,hmccaullpv@live.com,174 974 6761
Cassey,Merdew,Female,cmerdewpw@wired.com,664 565 2244
Cameron,Wilks,Male,cwilkspx@booking.com,412 294 5554
Ripley,Baskerville,Male,rbaskervillepy@noaa.gov,974 523 1628
Dmitri,McEniry,Male,dmcenirypz@fotki.com,655 749 8937
Cinnamon,Olekhov,Female,colekhovq0@tinypic.com,894 506 2341
Ashleigh,Chicotti,Female,achicottiq1@taobao.com,972 105 7819
Maurits,Nisco,Male,mniscoq2@columbia.edu,976 840 0604
Barry,Spyvye,Genderfluid,bspyvyeq3@yahoo.co.jp,844 764 6248
Dana,Pillman,Female,dpillmanq4@merriam-webster.com,208 760 4537
Flemming,McLoughlin,Male,fmcloughlinq5@goodreads.com,989 747 0115
Tamera,Presser,Female,tpresserq6@taobao.com,626 283 5266
Livvie,Slatten,Female,lslattenq7@dailymail.co.uk,830 301 4614
Linzy,Rakes,Female,lrakesq8@biglobe.ne.jp,897 244 7621
Cyril,Bisgrove,Male,cbisgroveq9@icio.us,824 654 6123
Ellene,Paulin,Female,epaulinqa@comcast.net,321 215 5961
York,Rosenwasser,Male,yrosenwasserqb@vistaprint.com,228 677 5237
Ellynn,Jenkerson,Female,ejenkersonqc@linkedin.com,166 818 8373
Germain,Downey,Genderqueer,gdowneyqd@qq.com,420 835 8646
Prudi,Runacres,Female,prunacresqe@ifeng.com,678 183 8036
Kania,Mongan,Female,kmonganqf@ow.ly,266 423 1871
Annissa,Fried,Female,afriedqg@bluehost.com,268 283 8733
Lucien,Husset,Male,lhussetqh@wikimedia.org,543 886 5273
Oliviero,Tunmore,Male,otunmoreqi@soundcloud.com,290 226 0214
Aretha,Olivier,Female,aolivierqj@prweb.com,133 961 5600
Lotte,Ruddom,Female,lruddomqk@state.tx.us,528 336 6708
Merla,Redwin,Female,mredwinql@ed.gov,857 389 7788
Martynne,McCaghan,Female,mmccaghanqm@google.ru,383 899 3711
Dom,Adds,Male,daddsqn@guardian.co.uk,204 119 1452
Ulrich,Brende,Male,ubrendeqo@1688.com,290 255 2291
Marlo,Yashanov,Female,myashanovqp@liveinternet.ru,937 304 7096
Rahal,Ibel,Female,ribelqq@paginegialle.it,364 833 8814
Damian,Cuberley,Male,dcuberleyqr@fotki.com,424 112 7916
Ruby,Leggitt,Female,rleggittqs@scribd.com,465 735 2008
Rey,Cranke,Male,rcrankeqt@state.gov,273 199 5010
Rici,enzley,Female,renzleyqu@purevolume.com,665 165 4303
Betsey,Klishin,Female,bklishinqv@constantcontact.com,110 282 5718
Keith,Morrel,Male,kmorrelqw@facebook.com,341 731 8108
Zed,Schwaiger,Polygender,zschwaigerqx@phpbb.com,926 348 1366
Richart,Hedgecock,Male,rhedgecockqy@discovery.com,638 866 2060
Tierney,Ryton,Female,trytonqz@oaic.gov.au,683 171 0689
Kimball,Stuttman,Male,kstuttmanr0@taobao.com,235 770 8469
Cary,Allden,Female,calldenr1@epa.gov,260 477 9981
Tillie,Stanfield,Female,tstanfieldr2@1und1.de,155 557 0080
Erin,Taplow,Female,etaplowr3@hp.com,404 672 8025
Arnaldo,Ashpole,Male,aashpoler4@clickbank.net,983 303 3610
Raynard,Leban,Male,rlebanr5@51.la,960 254 8909
Catlee,Schroeder,Female,cschroederr6@imgur.com,954 571 5955
Prudi,Dugmore,Female,pdugmorer7@google.fr,140 695 3399
Cristi,Skevington,Female,cskevingtonr8@pen.io,825 788 3961
Burl,Farnorth,Male,bfarnorthr9@cnet.com,392 105 7891
Buffy,Robbings,Female,brobbingsra@trellian.com,859 153 5234
Nicolis,Mandeville,Male,nmandevillerb@wikispaces.com,183 839 8597
Sylvan,Yurmanovev,Male,syurmanovevrc@mediafire.com,266 149 0243
Tamarra,Goaley,Female,tgoaleyrd@deliciousdays.com,420 989 9350
Delcina,Sagg,Female,dsaggre@cbsnews.com,990 440 4123
Madelyn,Learmouth,Female,mlearmouthrf@typepad.com,439 669 1889
Aubrie,Jorio,Female,ajoriorg@merriam-webster.com,922 745 8601
Wash,Hazeman,Male,whazemanrh@bloglovin.com,750 479 4736
Gleda,Delmonti,Female,gdelmontiri@vk.com,256 995 3700
Rolph,Affron,Male,raffronrj@microsoft.com,955 310 7272
Vida,Davidavidovics,Female,vdavidavidovicsrk@geocities.com,866 436 7207
Myles,Gulliford,Male,mgullifordrl@netvibes.com,870 958 3555
Mikey,Lovell,Male,mlovellrm@devhub.com,848 873 4981
Lenna,Spelsbury,Female,lspelsburyrn@unesco.org,418 927 4706
Donielle,Larwell,Female,dlarwellro@facebook.com,815 429 4028
Gwennie,Dunne,Female,gdunnerp@umn.edu,345 765 2531
Ilaire,Labbet,Genderqueer,ilabbetrq@desdev.cn,959 955 0568
Ines,Scrine,Bigender,iscrinerr@parallels.com,918 126 7221
