first_name,last_name,gender,email,phone
Giraud,Callard,Male,gcallard0@noaa.gov,661 256 8922
Odella,Monday,Bigender,omonday1@latimes.com,369 337 1860
Nataniel,Le Blanc,Genderfluid,nleblanc2@ustream.tv,268 583 2463
Haslett,Castella,Male,hcastella3@sohu.com,750 787 4981
Flory,Burdge,Male,fburdge4@theatlantic.com,677 870 3624
Branden,Eeles,Male,beeles5@archive.org,331 513 3283
Sibby,Dubique,Female,sdubique6@posterous.com,400 727 8225
Cissy,Cammidge,Female,ccammidge7@unicef.org,839 146 2058
Hilliary,Crighton,Female,hcrighton8@cyberchimps.com,341 954 8816
Godfrey,Kidgell,Male,gkidgell9@ebay.com,995 310 0991
Jedidiah,Eckhard,Bigender,jeckharda@nydailynews.com,805 990 1462
Heath,Schechter,Female,hschechterb@jalbum.net,417 956 9071
Gaynor,Battams,Female,gbattamsc@unblog.fr,406 638 6434
Edith,Palumbo,Female,epalumbod@dropbox.com,508 545 4399
Rhianna,Moakler,Female,rmoaklere@cdc.gov,250 232 3406
Evyn,Dagleas,Male,edagleasf@g.co,878 992 9710
Nicolis,Desouza,Male,ndesouzag@apple.com,665 752 9497
Aymer,Coite,Male,acoiteh@wp.com,148 169 0786
Griff,Motten,Male,gmotteni@narod.ru,552 742 2309
Tobit,Wallbank,Male,twallbankj@squarespace.com,734 651 8372
Marie-ann,Siman,Female,msimank@washingtonpost.com,277 390 3733
Oralla,Markham,Female,omarkhaml@sfgate.com,444 411 3898
Ronnie,Vobes,Female,rvobesm@wunderground.com,607 785 7445
Iosep,Dell Casa,Male,idellcasan@1und1.de,834 186 4192
Malina,Eltun,Female,meltuno@scientificamerican.com,504 424 5621
Amil,Storck,Female,astorckp@nbcnews.com,202 802 9862
Laurel,Argente,Female,largenteq@qq.com,939 620 7574
Valenka,Waind,Female,vwaindr@wisc.edu,564 286 6647
Jone,Scryne,Male,jscrynes@patch.com,604 910 7146
Concordia,O'Hagirtie,Female,cohagirtiet@disqus.com,140 706 8582
Carey,Daudray,Male,cdaudrayu@ihg.com,463 543 0376
Chadd,Drivers,Male,cdriversv@dailymail.co.uk,141 670 3062
Wes,Vila,Male,wvilaw@dropbox.com,608 802 4764
Dur,Job,Male,djobx@a8.net,102 364 6323
Fidelio,Beckett,Male,fbecketty@census.gov,687 775 4478
Elmo,Aspole,Male,easpolez@ca.gov,620 375 7414
Irwinn,Abbess,Male,iabbess10@weebly.com,135 682 6144
Leigh,Paulusch,Genderqueer,lpaulusch11@unc.edu,669 657 1912
Florentia,Stitch,Female,fstitch12@4shared.com,505 596 0546
Pren,Brakewell,Male,pbrakewell13@topsy.com,960 137 8666
Giacinta,Daysh,Female,gdaysh14@constantcontact.com,905 240 4476
Janela,Vockins,Genderqueer,jvockins15@eepurl.com,853 811 3826
Dionne,Fitchett,Female,dfitchett16@unblog.fr,607 634 5538
Dermot,Wennington,Male,dwennington17@ocn.ne.jp,978 622 2166
Lelia,Farnin,Female,lfarnin18@amazon.co.jp,432 501 9649
Brucie,Delaney,Genderfluid,bdelaney19@amazon.com,853 880 6552
Grange,Hawksley,Male,ghawksley1a@reverbnation.com,514 332 9845
Shellie,Wheway,Polygender,swheway1b@lycos.com,918 145 4169
Kevan,Heersema,Male,kheersema1c@mapy.cz,538 933 3608
Kendal,Hinze,Polygender,khinze1d@facebook.com,545 248 6998
Craggie,Le Ball,Male,cleball1e@acquirethisname.com,706 650 1093
Anderson,Horbath,Male,ahorbath1f@upenn.edu,878 539 8676
Shirline,Chubb,Female,schubb1g@dagondesign.com,310 525 2930
Claudell,Cisson,Male,ccisson1h@homestead.com,896 681 1294
Cort,Rowesby,Male,crowesby1i@indiegogo.com,748 543 6935
Barn,Faherty,Male,bfaherty1j@taobao.com,835 288 3365
Ferdinande,Lazare,Female,flazare1k@earthlink.net,845 772 8366
Sherri,Latta,Female,slatta1l@devhub.com,615 625 2737
Roselia,Lory,Polygender,rlory1m@webeden.co.uk,768 215 4706
Rurik,Pesticcio,Male,rpesticcio1n@google.nl,454 873 1712
Barty,Chamberlen,Male,bchamberlen1o@cam.ac.uk,184 227 8425
Aarika,Dotson,Female,adotson1p@boston.com,822 788 5880
Ravi,Streeten,Male,rstreeten1q@psu.edu,143 795 8009
Jacquie,Sygroves,Bigender,jsygroves1r@histats.com,199 295 8356
Melissa,Cundict,Female,mcundict1s@addtoany.com,683 790 1929
Vail,Salvadori,Male,vsalvadori1t@salon.com,973 139 1523
Ketti,Sesser,Female,ksesser1u@bing.com,901 154 3534
Niko,Lipprose,Male,nlipprose1v@vistaprint.com,681 320 5168
Ermentrude,Gaddesby,Genderfluid,egaddesby1w@cdc.gov,788 783 4399
Tris,Twidale,Male,ttwidale1x@sogou.com,361 669 1003
Cherin,Earthfield,Female,cearthfield1y@msu.edu,916 656 4684
Lemmie,Batstone,Male,lbatstone1z@sakura.ne.jp,302 408 7125
Noach,Shiels,Male,nshiels20@nydailynews.com,309 318 2194
Kendrick,Snufflebottom,Male,ksnufflebottom21@cmu.edu,900 187 0644
Phaidra,D'Enrico,Female,pdenrico22@howstuffworks.com,743 181 9175
Quincey,Vollam,Male,qvollam23@illinois.edu,775 749 5553
Estelle,Rountree,Polygender,erountree24@sun.com,585 919 4558
Rochell,Kneesha,Female,rkneesha25@omniture.com,639 278 6971
Ethelind,Oxtarby,Female,eoxtarby26@so-net.ne.jp,750 619 1437
Doralia,Cisco,Female,dcisco27@japanpost.jp,914 231 4223
Ronny,Grattage,Male,rgrattage28@pagesperso-orange.fr,673 176 8635
Vevay,Judge,Female,vjudge29@ftc.gov,950 130 3505
Rikki,Lorrimer,Male,rlorrimer2a@accuweather.com,401 711 3460
Jody,Fleay,Male,jfleay2b@ovh.net,624 916 1747
Kelly,Lazare,Male,klazare2c@yellowpages.com,536 321 3356
Woodrow,Morrissey,Male,wmorrissey2d@bloglovin.com,683 181 4222
Claudine,Sighart,Female,csighart2e@google.com,547 313 2288
Marcello,Cabral,Male,mcabral2f@rediff.com,573 190 0588
Napoleon,Spiteri,Male,nspiteri2g@europa.eu,395 950 7625
Gordan,Idle,Male,gidle2h@wordpress.org,596 128 5254
Nero,Deftie,Genderfluid,ndeftie2i@fema.gov,914 514 6677
Aubert,Mussolini,Male,amussolini2j@hp.com,495 236 3577
Nataniel,Elliman,Male,nelliman2k@google.com.br,714 448 7406
Mil,Thirtle,Female,mthirtle2l@tiny.cc,771 662 2423
Gregoor,Van der Daal,Male,gvanderdaal2m@yahoo.com,807 850 3067
Jasen,Blinder,Male,jblinder2n@uiuc.edu,811 472 9834
Garvin,Cale,Male,gcale2o@amazon.com,139 258 0915
Katharina,Kenealy,Agender,kkenealy2p@qq.com,408 387 0439
Darrelle,Nezey,Female,dnezey2q@t.co,302 835 8865
Cassy,Bagshaw,Female,cbagshaw2r@livejournal.com,191 926 1775
Daron,Krzyzaniak,Female,dkrzyzaniak2s@sourceforge.net,251 946 0648
Constantino,Shatliff,Male,cshatliff2t@wikimedia.org,766 154 8559
Karlen,Ruse,Female,kruse2u@cafepress.com,700 262 8470
Philis,Ogley,Female,pogley2v@youku.com,679 602 6041
Horatio,Cotman,Male,hcotman2w@dell.com,118 608 8795
Alvinia,Sitch,Non-binary,asitch2x@rediff.com,310 955 1149
Jacobo,Bottrill,Non-binary,jbottrill2y@myspace.com,290 888 2375
Auberta,Sutherby,Female,asutherby2z@instagram.com,862 988 6878
Kingsley,Sherewood,Male,ksherewood30@blogspot.com,606 826 1466
Justina,Wickes,Female,jwickes31@reference.com,931 702 1884
Percy,McGifford,Male,pmcgifford32@java.com,843 436 1243
Marcus,Bambrough,Male,mbambrough33@squidoo.com,841 244 5903
Jeri,Curthoys,Female,jcurthoys34@is.gd,548 245 8131
Kathe,Rutgers,Female,krutgers35@intel.com,936 207 8338
Rodrick,Kirckman,Male,rkirckman36@nymag.com,283 964 3753
Alleyn,Pocock,Genderfluid,apocock37@icq.com,537 344 1775
Denver,Isles,Male,disles38@technorati.com,433 855 1422
Tessy,Micklem,Female,tmicklem39@com.com,356 229 2191
Camala,Matisse,Female,cmatisse3a@free.fr,548 973 8703
Niven,Manuel,Male,nmanuel3b@gmpg.org,965 944 1356
Melodee,Rixon,Female,mrixon3c@tripod.com,503 303 1775
Woody,Creelman,Male,wcreelman3d@google.com,702 927 3908
Martyn,McNern,Male,mmcnern3e@narod.ru,278 508 4487
Kacy,Cowans,Non-binary,kcowans3f@engadget.com,356 225 1260
Skelly,Paydon,Male,spaydon3g@cbsnews.com,468 502 2684
Timothee,Peller,Male,tpeller3h@multiply.com,570 686 4757
Harmon,Alyokhin,Male,halyokhin3i@i2i.jp,718 180 5523
Saundra,Cage,Male,scage3j@tamu.edu,667 137 7945
Valeda,Ciardo,Female,vciardo3k@economist.com,317 659 9446
Charin,Culverhouse,Female,cculverhouse3l@paginegialle.it,961 198 8896
Derek,Innocenti,Male,dinnocenti3m@altervista.org,620 987 1051
Geri,Phin,Bigender,gphin3n@bbc.co.uk,177 531 8779
Taddeo,Kearley,Male,tkearley3o@google.it,695 459 3969
Cheri,Lacroutz,Female,clacroutz3p@icq.com,775 201 4672
Joy,Dimitrescu,Female,jdimitrescu3q@examiner.com,841 400 9892
Felipe,Mikalski,Genderqueer,fmikalski3r@tripod.com,769 543 8469
Adan,Brett,Female,abrett3s@technorati.com,507 376 0508
Rani,Cale,Female,rcale3t@istockphoto.com,948 507 1388
Townsend,Mapis,Male,tmapis3u@1und1.de,399 229 5302
Zared,McIan,Male,zmcian3v@cnet.com,868 871 7129
Hazel,Vasilyev,Male,hvasilyev3w@indiatimes.com,807 839 3907
Maxi,Pariso,Female,mpariso3x@bravesites.com,331 367 6797
Maye,Rosenblath,Female,mrosenblath3y@seattletimes.com,855 736 4196
Belle,Chipperfield,Female,bchipperfield3z@networkadvertising.org,585 278 9555
Lindsey,Goreway,Female,lgoreway40@bloglines.com,583 825 0497
Marlow,Landre,Male,mlandre41@prlog.org,349 899 2757
Stepha,Gauntlett,Female,sgauntlett42@theatlantic.com,573 727 8964
Jonie,Polin,Female,jpolin43@prweb.com,646 322 7825
Krysta,Baggaley,Agender,kbaggaley44@blogspot.com,273 232 9328
Deloria,Balloch,Female,dballoch45@typepad.com,330 305 5402
Wright,Kuhndel,Male,wkuhndel46@amazon.co.jp,597 559 8002
Hussein,Andreasson,Male,handreasson47@mozilla.org,336 207 9580
Mike,Jellybrand,Male,mjellybrand48@cornell.edu,173 152 6861
Vina,Andretti,Non-binary,vandretti49@sourceforge.net,202 838 7105
Lucien,Blizard,Male,lblizard4a@cnet.com,619 420 4574
Donnajean,Howorth,Female,dhoworth4b@alibaba.com,245 611 1753
Luce,Taft,Female,ltaft4c@washington.edu,696 627 9914
Bertie,Pape,Male,bpape4d@unc.edu,923 323 5245
Ted,Swaton,Male,tswaton4e@mac.com,159 962 0829
Guthrie,Prestner,Male,gprestner4f@sbwire.com,229 759 8584
Kelsey,Burles,Male,kburles4g@senate.gov,858 159 7805
Amalita,Esgate,Female,aesgate4h@homestead.com,596 581 4587
Heda,Gleed,Female,hgleed4i@marketwatch.com,592 786 2927
Horacio,McLurg,Male,hmclurg4j@hud.gov,898 765 9509
Granthem,Stredwick,Male,gstredwick4k@scientificamerican.com,779 968 8334
Harrietta,Van der Hoeven,Female,hvanderhoeven4l@example.com,926 207 9114
Lyndel,O' Mahony,Female,lomahony4m@prlog.org,826 326 6650
Fairfax,Kinsell,Male,fkinsell4n@flavors.me,807 652 3200
Bliss,Bradbeer,Female,bbradbeer4o@virginia.edu,498 980 2972
Marge,Lemarie,Female,mlemarie4p@state.tx.us,989 619 1743
Jule,Debenham,Male,jdebenham4q@cnbc.com,239 618 6167
Tandie,Gilburt,Female,tgilburt4r@photobucket.com,506 965 9500
Courtney,Ungaretti,Male,cungaretti4s@unblog.fr,529 800 6518
Rollins,Bourrel,Male,rbourrel4t@apple.com,543 184 9918
Mano,Fidgett,Bigender,mfidgett4u@creativecommons.org,100 966 2865
Willy,Mayho,Male,wmayho4v@hp.com,882 569 3349
Francene,Auchterlony,Female,fauchterlony4w@google.pl,921 406 7944
Ruben,Branni,Male,rbranni4x@sina.com.cn,252 839 3400
Lind,Chittem,Male,lchittem4y@intel.com,289 266 0543
Bobby,Ricketts,Female,bricketts4z@creativecommons.org,387 335 3730
Westbrook,Lynn,Male,wlynn50@bloglines.com,188 240 5626
Giuseppe,Studders,Male,gstudders51@slate.com,892 909 3855
Nathaniel,Valler,Bigender,nvaller52@google.ru,970 994 5929
Whitney,Olney,Male,wolney53@jiathis.com,613 328 3681
Ed,O' Driscoll,Male,eodriscoll54@theguardian.com,905 414 9155
Pyotr,Hinnerk,Male,phinnerk55@rediff.com,837 629 3474
Kilian,McMenemy,Male,kmcmenemy56@earthlink.net,205 120 9460
Blancha,Janse,Female,bjanse57@alibaba.com,139 931 2764
Linet,Mursell,Female,lmursell58@yolasite.com,432 383 2143
Leigh,Pillman,Female,lpillman59@mtv.com,540 436 1962
Marcelline,Scopes,Female,mscopes5a@blogspot.com,340 622 6702
Ambrosio,Niche,Male,aniche5b@globo.com,215 958 5382
Lynn,Armit,Genderqueer,larmit5c@virginia.edu,495 994 1422
Svend,Leitch,Male,sleitch5d@google.pl,999 209 7673
Vivian,Linke,Non-binary,vlinke5e@uiuc.edu,625 964 9395
Iosep,Matsell,Male,imatsell5f@telegraph.co.uk,498 970 3851
Paulo,Llopis,Male,pllopis5g@example.com,431 876 4916
Erika,Suddards,Female,esuddards5h@dyndns.org,271 432 5795
Edgard,Pawlowicz,Male,epawlowicz5i@vimeo.com,865 679 2931
Chrotoem,Egan,Male,cegan5j@topsy.com,202 950 2192
Colin,Stampfer,Male,cstampfer5k@apache.org,812 432 8234
Melvin,Jakubowicz,Male,mjakubowicz5l@opera.com,115 244 7303
Georgeanne,Trowler,Genderfluid,gtrowler5m@ovh.net,984 695 5917
Curt,Doggart,Male,cdoggart5n@twitpic.com,428 614 6434
Dasi,Gerasch,Polygender,dgerasch5o@hostgator.com,664 609 8524
Fitzgerald,Saddleton,Male,fsaddleton5p@mayoclinic.com,693 802 3174
Monty,Firks,Male,mfirks5q@chron.com,741 207 1427
Diana,Philipson,Female,dphilipson5r@sogou.com,305 771 6766
Anjela,Eskriet,Female,aeskriet5s@reference.com,293 984 9502
Julie,Gandar,Male,jgandar5t@mapy.cz,456 701 8025
Dedie,Chipman,Polygender,dchipman5u@ow.ly,842 554 1979
Weider,Zotto,Genderqueer,wzotto5v@wikia.com,332 144 0607
Isadora,Velasquez,Agender,ivelasquez5w@economist.com,744 116 2921
Margaret,Dunnan,Female,mdunnan5x@linkedin.com,390 398 0959
Dina,Watt,Female,dwatt5y@who.int,601 719 9415
Jacquelynn,Dautry,Female,jdautry5z@linkedin.com,930 383 3741
Mechelle,Dudenie,Female,mdudenie60@blogtalkradio.com,875 762 9702
Rudolfo,Coney,Male,rconey61@deviantart.com,242 527 9982
Dennison,Bounde,Male,dbounde62@dmoz.org,429 621 7800
Jacquie,Hearl,Female,jhearl63@mac.com,847 493 2004
Justinian,Itzkovwich,Male,jitzkovwich64@privacy.gov.au,901 401 4235
Welsh,Naile,Male,wnaile65@virginia.edu,261 397 5706
Yance,Mauditt,Male,ymauditt66@so-net.ne.jp,188 611 4425
Berke,Haith,Male,bhaith67@php.net,452 491 3013
Sidnee,Gerald,Male,sgerald68@skype.com,834 185 4717
Even,Basili,Non-binary,ebasili69@springer.com,768 594 9747
Darren,Stripp,Male,dstripp6a@tmall.com,598 222 0822
Gearalt,Allflatt,Male,gallflatt6b@pcworld.com,569 866 2270
Kingsley,Laweles,Male,klaweles6c@google.de,215 235 4410
Claudianus,Maharry,Male,cmaharry6d@nbcnews.com,107 435 0508
Fernando,Deaton,Male,fdeaton6e@sfgate.com,168 248 6699
Blakelee,Petow,Female,bpetow6f@umn.edu,887 253 3041
Reuben,Rainbow,Male,rrainbow6g@github.io,838 699 9058
Glendon,Solman,Male,gsolman6h@4shared.com,517 467 0597
Randy,Kingston,Male,rkingston6i@is.gd,579 525 8789
Francisco,Grey,Male,fgrey6j@hostgator.com,567 523 1464
Yorker,Allbut,Male,yallbut6k@marketwatch.com,149 508 8767
Del,O'Lyhane,Female,dolyhane6l@businessweek.com,561 151 5480
Basia,Simacek,Female,bsimacek6m@nba.com,875 635 5269
Otis,Orts,Male,oorts6n@tamu.edu,515 187 3386
Tawsha,Schaumaker,Female,tschaumaker6o@purevolume.com,539 378 9054
Halette,Arnson,Female,harnson6p@google.com.hk,938 756 8331
Shaylah,Fluck,Agender,sfluck6q@live.com,714 512 8704
Mireille,Dunrige,Female,mdunrige6r@dion.ne.jp,439 538 9561
Joannes,Mennell,Female,jmennell6s@yellowpages.com,693 903 7469
Babara,Kubek,Female,bkubek6t@umich.edu,236 407 2045
Auberon,Tillot,Male,atillot6u@soundcloud.com,247 245 5591
Alejandra,Chater,Female,achater6v@blogger.com,862 212 2825
Sharyl,MacColgan,Female,smaccolgan6w@github.io,654 261 3698
Estevan,Eyres,Male,eeyres6x@last.fm,711 710 8477
Lauretta,Sullly,Female,lsullly6y@oracle.com,691 140 5651
Rockwell,Dedrick,Male,rdedrick6z@mail.ru,329 568 3145
Modesta,Gwynn,Female,mgwynn70@java.com,911 846 7774
Madel,Billing,Non-binary,mbilling71@1und1.de,452 388 0532
Glyn,Paoletti,Male,gpaoletti72@state.gov,128 330 1423
Herminia,Styche,Female,hstyche73@cbsnews.com,163 718 9194
Irving,Arnull,Male,iarnull74@yellowbook.com,723 825 3364
Kandy,MacKettrick,Female,kmackettrick75@washingtonpost.com,258 512 4167
Ninon,Havers,Female,nhavers76@usgs.gov,643 196 1143
Miltie,Cuschieri,Bigender,mcuschieri77@netlog.com,716 537 7871
Malina,des Remedios,Female,mdesremedios78@t-online.de,277 215 5592
Ethelyn,Betterton,Female,ebetterton79@tuttocitta.it,554 230 9392
Terrell,Weafer,Male,tweafer7a@npr.org,948 172 7517
Elva,Foulkes,Female,efoulkes7b@mozilla.com,413 832 4732
Kristofer,Gorger,Male,kgorger7c@ucoz.ru,291 881 9092
Diena,Blaksland,Female,dblaksland7d@whitehouse.gov,369 872 5590
Berky,Booth,Male,bbooth7e@spotify.com,945 772 6996
Arlie,Cullnean,Female,acullnean7f@addthis.com,423 373 6275
Marcel,Tunaclift,Male,mtunaclift7g@about.com,253 603 8413
Dana,Frith,Male,dfrith7h@zdnet.com,535 231 6137
Colline,Conduit,Female,cconduit7i@engadget.com,902 132 9722
Forrest,Dallywater,Male,fdallywater7j@ted.com,348 100 2160
Dorthy,Parnham,Female,dparnham7k@time.com,823 126 4582
Tommy,Buyers,Female,tbuyers7l@about.com,738 253 9139
Debbie,Pawlowicz,Female,dpawlowicz7m@imdb.com,688 516 5774
Cindi,Reffe,Female,creffe7n@census.gov,122 911 5418
Robinson,Welch,Male,rwelch7o@istockphoto.com,927 140 3396
Sapphira,Waples,Female,swaples7p@wikimedia.org,867 578 1941
Lorrie,Castagneri,Female,lcastagneri7q@netvibes.com,893 738 9373
Theresita,Elen,Female,telen7r@cnbc.com,447 525 1882
Augustine,McEllen,Male,amcellen7s@princeton.edu,493 586 1878
Paule,Crunkhorn,Polygender,pcrunkhorn7t@businessinsider.com,928 271 5031
Bill,Robet,Male,brobet7u@hc360.com,291 343 2162
Zenia,Skitt,Female,zskitt7v@a8.net,980 217 6557
Consalve,Niess,Male,cniess7w@disqus.com,692 804 3728
Chalmers,Stife,Male,cstife7x@geocities.jp,989 351 4502
Ive,McSaul,Male,imcsaul7y@rediff.com,800 421 4086
Daven,Bosenworth,Male,dbosenworth7z@ezinearticles.com,219 177 5173
Adrienne,Lerway,Female,alerway80@skyrock.com,268 692 4023
Ronda,Wellstead,Female,rwellstead81@mail.ru,110 718 1383
Isiahi,Humber,Male,ihumber82@dion.ne.jp,815 896 5951
Lorilee,Caroline,Female,lcaroline83@indiatimes.com,421 240 8508
Rabi,Aulton,Male,raulton84@deviantart.com,861 592 1864
Harbert,Bartholin,Male,hbartholin85@amazonaws.com,514 458 8481
Elenore,Pepin,Female,epepin86@typepad.com,621 314 7697
Aloysius,Oakey,Male,aoakey87@unicef.org,231 487 8824
Drusilla,Dakhno,Female,ddakhno88@virginia.edu,561 230 5017
Rachele,Thurnham,Female,rthurnham89@free.fr,244 597 3187
Goran,Henkens,Male,ghenkens8a@vinaora.com,934 665 6788
Cathie,Westbrook,Female,cwestbrook8b@cdc.gov,739 516 7213
Loren,Ferrand,Male,lferrand8c@columbia.edu,950 921 0963
Coleman,Gething,Male,cgething8d@vk.com,281 385 4582
Emmett,Bickers,Male,ebickers8e@1688.com,546 518 2180
Franni,Orys,Female,forys8f@wikia.com,974 959 7936
Brockie,MacPake,Male,bmacpake8g@wufoo.com,940 839 9853
Sibilla,Spear,Agender,sspear8h@archive.org,519 959 5570
Bobby,Sandilands,Female,bsandilands8i@xinhuanet.com,503 645 7952
Evvy,Gepson,Non-binary,egepson8j@vinaora.com,198 360 2008
Colleen,Dilliway,Female,cdilliway8k@microsoft.com,717 720 5013
Iris,Woollends,Female,iwoollends8l@weather.com,245 986 8329
Felicia,Fruish,Genderfluid,ffruish8m@businesswire.com,558 563 7852
Steward,Heckle,Non-binary,sheckle8n@ucla.edu,440 140 6813
Sheelah,Hinsche,Bigender,shinsche8o@stanford.edu,586 200 8601
Currey,Hryniewicz,Male,chryniewicz8p@istockphoto.com,933 204 3897
Twyla,Gudgeon,Female,tgudgeon8q@google.com.au,756 336 8288
Lanny,Lindelof,Male,llindelof8r@wunderground.com,732 587 5040
Clarence,Grenkov,Male,cgrenkov8s@usa.gov,492 959 6385
Don,Ffoulkes,Non-binary,dffoulkes8t@deviantart.com,808 118 4299
Nils,Trinke,Male,ntrinke8u@pinterest.com,653 525 5099
Hilary,Kline,Polygender,hkline8v@adobe.com,479 817 0945
Lyle,Knotte,Male,lknotte8w@yolasite.com,165 554 6457
Zach,Satteford,Genderqueer,zsatteford8x@privacy.gov.au,423 212 2267
Maia,Costellow,Female,mcostellow8y@businesswire.com,411 288 2348
Ilyse,Dowle,Female,idowle8z@msu.edu,568 673 7277
Alvin,Afonso,Male,aafonso90@scribd.com,521 565 7594
Ame,Sparkwill,Female,asparkwill91@msn.com,622 473 4031
Clare,Josephsen,Male,cjosephsen92@slideshare.net,337 512 9812
Lacee,Rennocks,Polygender,lrennocks93@joomla.org,183 452 2244
Anya,Duddell,Female,aduddell94@nih.gov,342 894 0128
Jonie,Wakely,Female,jwakely95@time.com,464 153 6623
Meriel,Casa,Female,mcasa96@lycos.com,605 673 0183
Akim,Ramsbottom,Agender,aramsbottom97@tinypic.com,477 285 0255
Bendicty,Kahen,Male,bkahen98@clickbank.net,289 599 2150
Lissie,Donwell,Female,ldonwell99@chicagotribune.com,781 705 0953
Currie,Berk,Male,cberk9a@list-manage.com,571 535 6206
Kristofer,Cersey,Male,kcersey9b@bandcamp.com,255 821 7333
Carmina,Hannen,Female,channen9c@prlog.org,761 353 8709
Paulie,Sayers,Female,psayers9d@360.cn,229 596 8015
Tricia,Gozzett,Female,tgozzett9e@marriott.com,779 949 2325
Leroy,Kelby,Genderqueer,lkelby9f@stanford.edu,732 541 4234
Nanette,Haylett,Female,nhaylett9g@so-net.ne.jp,609 298 3593
Khalil,Bampford,Male,kbampford9h@nasa.gov,264 837 3055
Tallulah,Cowerd,Female,tcowerd9i@linkedin.com,781 949 2735
Kylie,Ganniclifft,Male,kganniclifft9j@twitter.com,472 907 8021
Boothe,Antoszczyk,Male,bantoszczyk9k@mysql.com,294 877 7072
Ludwig,Muro,Polygender,lmuro9l@adobe.com,478 328 9042
Gisela,L'Homme,Female,glhomme9m@stumbleupon.com,145 955 6212
Phyllis,Head,Female,phead9n@addthis.com,185 235 7838
Shalom,Sugars,Male,ssugars9o@wisc.edu,141 126 0439
Jacob,Jayne,Male,jjayne9p@networkadvertising.org,345 679 9776
Bax,Buglass,Male,bbuglass9q@scribd.com,405 381 1051
Hedwig,Slowly,Female,hslowly9r@ow.ly,301 196 5420
Olive,Gideon,Female,ogideon9s@merriam-webster.com,384 912 6551
Sharyl,Burburough,Female,sburburough9t@ow.ly,578 322 8364
Conrad,Scudder,Male,cscudder9u@purevolume.com,913 693 0007
Hartwell,Cooke,Polygender,hcooke9v@loc.gov,975 490 0671
Carly,Houlden,Male,choulden9w@bluehost.com,898 534 4894
Wiley,Ing,Bigender,wing9x@sohu.com,714 927 9585
Bear,Craft,Male,bcraft9y@washington.edu,530 440 1297
Zacharia,Huckleby,Male,zhuckleby9z@cam.ac.uk,425 457 7148
Clemens,Scallan,Male,cscallana0@thetimes.co.uk,608 140 0378
Meara,Longstreeth,Female,mlongstreetha1@spiegel.de,938 232 4117
Nicolas,Baselli,Male,nbasellia2@mapy.cz,668 707 4860
Rhys,Ingreda,Male,ringredaa3@foxnews.com,520 660 7759
Natalya,Stable,Non-binary,nstablea4@devhub.com,104 793 9196
Deerdre,Cocking,Bigender,dcockinga5@comsenz.com,694 647 0028
Loise,McConville,Female,lmcconvillea6@sourceforge.net,508 568 1276
Lenka,Asch,Female,lascha7@twitpic.com,495 989 4344
Virgil,Zellmer,Male,vzellmera8@hexun.com,830 205 2289
Ches,Liversage,Male,cliversagea9@dailymotion.com,331 950 2406
Dominga,Pollicott,Female,dpollicottaa@washington.edu,848 637 0677
Benoite,Alsina,Genderqueer,balsinaab@fotki.com,565 590 7748
Sawyere,MacGray,Male,smacgrayac@delicious.com,378 986 3978
Drucie,Bohlje,Female,dbohljead@list-manage.com,783 517 8311
Kamilah,Crown,Female,kcrownae@auda.org.au,998 242 5746
Thelma,Mourgue,Agender,tmourgueaf@altervista.org,815 585 0409
Noellyn,Harvett,Female,nharvettag@loc.gov,272 805 9922
Sarette,Bretton,Female,sbrettonah@cmu.edu,589 415 7862
Phip,Shales,Male,pshalesai@alexa.com,775 537 4422
Norrie,Hellier,Female,nhellieraj@de.vu,890 421 0296
Isahella,Venny,Female,ivennyak@rakuten.co.jp,322 936 3136
Bat,Meneur,Male,bmeneural@huffingtonpost.com,502 843 9820
Shannon,Cecere,Male,sceceream@archive.org,189 164 1884
Orv,Mouncey,Male,omounceyan@time.com,304 746 9972
Sonnie,Corderoy,Female,scorderoyao@zdnet.com,875 995 3819
Brnaby,Myhill,Male,bmyhillap@gov.uk,932 101 3374
Melamie,Moodie,Female,mmoodieaq@odnoklassniki.ru,961 240 4702
Carmencita,Verrier,Female,cverrierar@epa.gov,248 308 1367
Rebeca,Prendiville,Female,rprendivilleas@exblog.jp,658 373 8078
Abby,Lutz,Male,alutzat@icio.us,334 104 5188
Mathias,Daughton,Male,mdaughtonau@disqus.com,136 710 0809
Clair,Forseith,Male,cforseithav@businessweek.com,401 828 6113
Falito,Friett,Male,ffriettaw@weather.com,140 709 6744
Hally,Bolderson,Agender,hboldersonax@tmall.com,874 951 0566
Ericka,Loughton,Female,eloughtonay@about.com,125 215 3841
Thomasin,Rewcassell,Female,trewcassellaz@webs.com,639 956 5980
Nina,Kersaw,Polygender,nkersawb0@issuu.com,919 134 6208
Inness,Allsep,Genderqueer,iallsepb1@un.org,589 777 5552
Zerk,Waddilove,Male,zwaddiloveb2@walmart.com,742 635 9887
Karry,Swinburn,Female,kswinburnb3@gizmodo.com,824 750 5291
Oby,Kilius,Male,okiliusb4@stanford.edu,651 406 9789
Hewett,Ausher,Male,hausherb5@addthis.com,177 227 0711
Benjamin,McCaughran,Male,bmccaughranb6@edublogs.org,690 627 7755
Hunter,Goulborn,Male,hgoulbornb7@mapy.cz,963 468 4272
Nelly,Dimberline,Female,ndimberlineb8@fc2.com,801 181 4488
Moishe,Exon,Male,mexonb9@skyrock.com,706 104 6966
Ivory,Greenfield,Female,igreenfieldba@telegraph.co.uk,713 305 5377
Nananne,Thaxter,Female,nthaxterbb@etsy.com,127 605 7040
Carolee,Perfect,Female,cperfectbc@nhs.uk,780 164 6593
Eve,Louche,Female,elouchebd@deviantart.com,898 384 8748
Adriana,Laurentin,Female,alaurentinbe@yellowpages.com,456 770 6956
Essa,Siebert,Female,esiebertbf@xing.com,550 690 1905
Benjamen,Jordan,Male,bjordanbg@home.pl,760 141 0497
Temp,Culpen,Male,tculpenbh@ycombinator.com,212 776 9992
Jethro,Ronchka,Male,jronchkabi@google.pl,447 896 0488
Hugh,Fodden,Male,hfoddenbj@skype.com,975 436 8783
Kennith,Clemont,Male,kclemontbk@printfriendly.com,684 647 6119
Rica,Vivians,Female,rviviansbl@privacy.gov.au,243 293 7477
Hubie,Maben,Male,hmabenbm@angelfire.com,361 615 5142
Elayne,Levet,Female,elevetbn@behance.net,977 221 6707
Cindra,McGeraghty,Female,cmcgeraghtybo@ihg.com,952 147 5898
Reid,Piddington,Male,rpiddingtonbp@google.es,478 578 3099
Merry,Keoghane,Male,mkeoghanebq@ox.ac.uk,763 972 0125
Ford,Akaster,Male,fakasterbr@about.me,229 791 7321
Micheil,O'Corrigane,Male,mocorriganebs@joomla.org,414 661 2724
Berte,Baswall,Female,bbaswallbt@nhs.uk,849 355 1893
Patrick,Lanegran,Male,planegranbu@123-reg.co.uk,876 721 2756
Kaela,Romke,Female,kromkebv@xrea.com,584 229 9118
Mercy,Ech,Agender,mechbw@google.it,786 699 5611
Tamas,Ship,Male,tshipbx@java.com,191 383 9550
Deina,Vankov,Female,dvankovby@nps.gov,588 169 5180
Iormina,Mason,Female,imasonbz@cmu.edu,907 388 8368
Valene,Hobben,Non-binary,vhobbenc0@mapy.cz,637 542 3842
Rooney,Tummons,Male,rtummonsc1@rediff.com,332 627 9642
Chad,West-Frimley,Male,cwestfrimleyc2@yale.edu,800 304 4525
Essy,Valdes,Female,evaldesc3@google.com,289 732 3834
Ervin,Stewartson,Male,estewartsonc4@google.nl,530 186 2983
Auria,Arnaudi,Female,aarnaudic5@zimbio.com,490 135 2095
Dale,Birtle,Male,dbirtlec6@hud.gov,353 242 8639
Isadora,Cobbe,Female,icobbec7@bloglovin.com,710 281 2979
Vivienne,Cisco,Female,vciscoc8@goodreads.com,503 673 9074
Robbyn,Neate,Female,rneatec9@list-manage.com,119 625 3576
Helsa,Ioselevich,Female,hioselevichca@weather.com,371 172 9508
Kev,Duigenan,Male,kduigenancb@privacy.gov.au,190 550 9643
Brianne,Grisdale,Female,bgrisdalecc@jigsy.com,938 600 9924
Derron,Ledstone,Male,dledstonecd@squidoo.com,680 932 3068
Holmes,Conkey,Male,hconkeyce@icio.us,613 661 6991
Gaylord,Smye,Male,gsmyecf@dell.com,394 990 6719
Urbano,Ormes,Male,uormescg@yellowbook.com,710 347 3323
Arlin,Karet,Male,akaretch@nhs.uk,840 131 3473
Cloris,Karlsen,Genderfluid,ckarlsenci@wikipedia.org,893 908 3697
Nikos,Oldcroft,Male,noldcroftcj@g.co,879 505 0332
Min,McCrone,Female,mmccroneck@homestead.com,216 238 0490
Cristina,Bacop,Female,cbacopcl@technorati.com,604 485 2244
Dorise,Huxter,Agender,dhuxtercm@nbcnews.com,730 800 7593
Bridgette,Crecy,Female,bcrecycn@bing.com,225 193 7502
Angel,Nana,Male,ananaco@buzzfeed.com,556 988 4426
Davin,Raymen,Male,draymencp@sakura.ne.jp,493 403 6484
Paddy,Kerswell,Male,pkerswellcq@webmd.com,567 768 2787
Jozef,Bernhardt,Male,jbernhardtcr@ed.gov,331 127 6778
Ursala,Breakwell,Female,ubreakwellcs@forbes.com,387 343 0245
Liv,Spurett,Female,lspurettct@pinterest.com,215 792 2774
Lise,Mapplebeck,Female,lmapplebeckcu@facebook.com,938 729 6547
Polly,Goodley,Polygender,pgoodleycv@cnn.com,371 368 8149
Ailsun,de Werk,Female,adewerkcw@mtv.com,223 599 4958
Vivien,Symon,Polygender,vsymoncx@huffingtonpost.com,799 726 8738
Matthiew,Lindroos,Male,mlindrooscy@independent.co.uk,698 379 2459
Anne-marie,Mouncey,Female,amounceycz@nymag.com,642 426 9779
Clemmy,Scoffham,Female,cscoffhamd0@hexun.com,838 469 7363
Riva,Lorden,Female,rlordend1@wikimedia.org,600 930 4027
Eduard,Pipes,Male,epipesd2@wufoo.com,284 715 1563
Patrice,Gatchell,Bigender,pgatchelld3@ucla.edu,716 637 8188
Selie,Brombell,Female,sbrombelld4@google.pl,467 808 3724
Rachel,Lyffe,Female,rlyffed5@springer.com,592 556 0647
Skelly,Blaisdale,Male,sblaisdaled6@usda.gov,917 137 2939
Elfrida,Colleton,Female,ecolletond7@amazon.co.uk,400 405 8182
Maxy,Sawney,Male,msawneyd8@a8.net,103 131 7445
Wilek,Holleran,Male,whollerand9@shop-pro.jp,307 373 1124
Major,Hugli,Male,mhuglida@state.tx.us,143 384 5541
Tris,Stanyland,Male,tstanylanddb@amazon.com,766 904 9434
Melodee,Bold,Female,mbolddc@wp.com,530 111 1649
Donnie,Harcourt,Male,dharcourtdd@4shared.com,917 911 5321
Connie,Winsiowiecki,Female,cwinsiowieckide@booking.com,854 622 1032
Robinet,Muehle,Male,rmuehledf@rediff.com,380 973 3662
Ingaborg,Nolli,Female,inollidg@canalblog.com,251 657 7898
Jere,Benedick,Genderfluid,jbenedickdh@hatena.ne.jp,279 948 3225
Dev,Comettoi,Agender,dcomettoidi@jalbum.net,543 752 6596
Gerianne,Hestrop,Female,ghestropdj@adobe.com,958 462 1714
Felice,Lamplough,Male,flamploughdk@usgs.gov,797 572 4216
Mead,Cawker,Female,mcawkerdl@wunderground.com,763 204 5712
Nara,Houtbie,Female,nhoutbiedm@deviantart.com,748 437 4221
Wallie,Kemell,Female,wkemelldn@seesaa.net,280 956 2757
Didi,Gerrels,Female,dgerrelsdo@barnesandnoble.com,447 131 1390
Luella,Draco,Female,ldracodp@opensource.org,676 148 3726
Sonya,Frangello,Female,sfrangellodq@reverbnation.com,349 327 3958
Saraann,Ludy,Female,sludydr@fastcompany.com,488 694 8307
Kate,Boother,Female,kbootherds@unicef.org,574 782 3658
Rosalinda,Perle,Female,rperledt@nifty.com,634 477 5192
Obadias,O'Tuohy,Male,ootuohydu@ted.com,790 786 0754
Ralina,Duffield,Female,rduffielddv@chicagotribune.com,317 134 7605
Dedie,Hollingby,Agender,dhollingbydw@flickr.com,339 222 1381
Catlaina,Poker,Female,cpokerdx@artisteer.com,337 248 5716
Sylas,Eade,Male,seadedy@weather.com,500 836 0933
Adriano,Moatt,Male,amoattdz@baidu.com,777 870 7913
Leoine,Scheu,Female,lscheue0@indiatimes.com,476 636 7666
Dee,Ovise,Female,dovisee1@blogspot.com,929 246 2497
Brett,Sijmons,Male,bsijmonse2@slate.com,333 568 0559
Lily,Petofi,Female,lpetofie3@mayoclinic.com,456 883 4606
Lorena,Falkus,Non-binary,lfalkuse4@mapquest.com,405 734 5052
Charley,Saunderson,Male,csaundersone5@ucoz.ru,535 512 0248
Carter,Rene,Male,crenee6@statcounter.com,120 511 9479
Lannie,Vankov,Male,lvankove7@ow.ly,283 420 2171
Nonie,Haugen,Female,nhaugene8@ehow.com,173 312 0090
Harbert,Yurasov,Genderfluid,hyurasove9@twitter.com,578 217 6989
Skylar,Pala,Male,spalaea@naver.com,184 846 2930
Sukey,Lindsay,Female,slindsayeb@facebook.com,977 317 7949
Rhys,Angelini,Male,rangeliniec@php.net,189 275 6950
Kellby,Doherty,Male,kdohertyed@dell.com,450 518 6704
Filberte,Scruby,Male,fscrubyee@biblegateway.com,730 542 5882
Anet,Troke,Female,atrokeef@indiegogo.com,554 517 5062
Ferdinande,McWhan,Female,fmcwhaneg@tinypic.com,838 940 2953
Giffie,Brugemann,Male,gbrugemanneh@google.co.uk,479 186 9822
Amery,Ashman,Male,aashmanei@independent.co.uk,928 863 9021
Teddy,Albin,Male,talbinej@umich.edu,660 562 8088
Lydie,Hoodless,Female,lhoodlessek@wix.com,453 611 0480
Merl,Losemann,Female,mlosemannel@usatoday.com,561 273 3342
Clem,Etty,Male,cettyem@acquirethisname.com,131 464 1621
Deane,Chowne,Male,dchowneen@bing.com,706 538 0767
Quentin,Crippes,Male,qcrippeseo@pcworld.com,999 288 8325
Tessi,Nassi,Female,tnassiep@parallels.com,869 999 2921
Susanetta,Oxborrow,Female,soxborroweq@vistaprint.com,414 436 8397
Timmie,Stanistreet,Female,tstanistreeter@liveinternet.ru,989 311 2417
Colman,Oldred,Male,coldredes@washingtonpost.com,337 191 4882
Winslow,Limprecht,Male,wlimprechtet@reuters.com,786 282 3552
Cory,Kinde,Male,ckindeeu@edublogs.org,670 401 9076
Dimitri,Aynold,Male,daynoldev@berkeley.edu,127 113 4890
Kari,Veschambes,Female,kveschambesew@economist.com,882 961 5565
Janith,Nizard,Female,jnizardex@disqus.com,841 724 6453
Brandea,Biever,Female,bbieverey@hexun.com,484 473 5131
Blondie,Massard,Female,bmassardez@latimes.com,844 970 7079
Cam,Askem,Female,caskemf0@amazon.de,267 618 5098
Saul,Dragon,Male,sdragonf1@senate.gov,209 765 5039
Billy,Housby,Male,bhousbyf2@sun.com,379 439 4977
Chrissie,Ygoe,Male,cygoef3@chronoengine.com,110 459 0876
Tisha,Konneke,Female,tkonnekef4@amazonaws.com,787 104 5928
Lira,Dust,Female,ldustf5@huffingtonpost.com,402 852 3698
Rickie,Dyte,Female,rdytef6@oakley.com,750 628 8094
Hyacinthia,Duckworth,Female,hduckworthf7@loc.gov,492 454 7783
Donielle,Champerlen,Female,dchamperlenf8@fotki.com,779 490 5109
Herman,Coale,Male,hcoalef9@mlb.com,717 908 2554
Erda,Vallance,Female,evallancefa@drupal.org,759 552 6558
Mycah,Cardenas,Male,mcardenasfb@ehow.com,341 815 9433
Purcell,Oakes,Male,poakesfc@cornell.edu,776 755 3885
Barry,Landrick,Male,blandrickfd@bravesites.com,515 988 5722
Stephine,Itzkov,Female,sitzkovfe@columbia.edu,936 748 2966
Olia,Malthus,Female,omalthusff@technorati.com,131 277 5141
Adriano,Fritter,Male,afritterfg@ovh.net,220 800 2193
Juana,Jaspar,Female,jjasparfh@europa.eu,847 875 0485
Gustaf,Schindler,Male,gschindlerfi@dion.ne.jp,815 212 8743
Darrick,Beavon,Male,dbeavonfj@mysql.com,358 409 1473
Heinrik,Palle,Male,hpallefk@telegraph.co.uk,513 141 0129
Verene,Ewer,Female,vewerfl@prnewswire.com,194 399 5394
Artemus,Yallowley,Male,ayallowleyfm@tinyurl.com,638 152 5290
Lora,Scarre,Female,lscarrefn@ustream.tv,534 596 5224
Lotty,Meegin,Female,lmeeginfo@eepurl.com,902 233 3328
Mitch,Dufaur,Male,mdufaurfp@blogtalkradio.com,143 331 5907
Randal,Thaxter,Male,rthaxterfq@seattletimes.com,107 957 9235
Corina,Arnett,Female,carnettfr@surveymonkey.com,827 506 8240
Marcy,Bree,Female,mbreefs@huffingtonpost.com,643 753 2664
Laverna,Dreini,Female,ldreinift@ucla.edu,896 694 3331
Manon,Atterley,Female,matterleyfu@blinklist.com,648 357 7889
Sam,Serrels,Male,sserrelsfv@yolasite.com,608 704 6364
Raimund,Manklow,Male,rmanklowfw@google.cn,740 725 6568
Jarvis,Torbeck,Male,jtorbeckfx@newyorker.com,546 718 9351
Beatrisa,Follin,Female,bfollinfy@zimbio.com,556 385 7387
Truda,Barthrup,Female,tbarthrupfz@behance.net,208 706 2855
Carlyn,Hirtz,Female,chirtzg0@technorati.com,583 866 4060
Anatola,Platts,Female,aplattsg1@adobe.com,209 539 7654
Der,Feron,Male,dferong2@cmu.edu,687 450 9334
Shanon,Eake,Female,seakeg3@mediafire.com,699 368 5762
Gwynne,St Clair,Female,gstclairg4@mediafire.com,750 813 4852
Averill,Beccles,Male,abecclesg5@time.com,585 124 1154
Keri,Billie,Female,kbillieg6@fema.gov,385 834 2902
Cassandra,Tugman,Female,ctugmang7@opensource.org,942 178 2100
Madge,Ruffle,Female,mruffleg8@mail.ru,914 789 8166
Michal,Petrasch,Male,mpetraschg9@wordpress.org,746 209 1832
Leila,Bramhall,Female,lbramhallga@t.co,352 386 5448
Katy,Cremins,Female,kcreminsgb@ed.gov,849 694 3216
Thorstein,Tesoe,Male,ttesoegc@netscape.com,587 199 2423
Billie,Stopford,Male,bstopfordgd@irs.gov,717 500 5213
Aldis,Lenthall,Non-binary,alenthallge@hubpages.com,117 160 6720
William,Chat,Male,wchatgf@samsung.com,776 134 3742
Cori,Marzello,Male,cmarzellogg@phpbb.com,865 730 3310
Florinda,Eshelby,Female,feshelbygh@photobucket.com,755 879 7172
Gerri,Harsent,Agender,gharsentgi@csmonitor.com,143 654 7202
Leonardo,Pepi,Male,lpepigj@microsoft.com,139 985 4026
Timotheus,Castells,Male,tcastellsgk@ycombinator.com,470 497 0208
Anders,Kelland,Genderfluid,akellandgl@nyu.edu,189 507 5978
Sinclare,Cornish,Male,scornishgm@eventbrite.com,836 481 4689
Retha,Elies,Female,reliesgn@virginia.edu,378 214 0023
Janetta,Kinloch,Female,jkinlochgo@whitehouse.gov,965 132 2207
Zabrina,Crilley,Agender,zcrilleygp@tiny.cc,834 327 9080
Demetria,Brooksbank,Female,dbrooksbankgq@godaddy.com,798 628 1656
Ned,Woodroffe,Male,nwoodroffegr@apache.org,858 213 8949
Cello,Maes,Male,cmaesgs@shareasale.com,713 654 0444
Maurizia,Pesterfield,Female,mpesterfieldgt@toplist.cz,864 527 8763
Babbie,Lutman,Female,blutmangu@reference.com,577 623 5230
Obadiah,Enion,Male,oeniongv@ocn.ne.jp,477 836 6509
Janene,Fredi,Female,jfredigw@fema.gov,819 159 5416
Sawyere,Tomes,Male,stomesgx@mediafire.com,422 284 7608
Lurette,Avrahamian,Female,lavrahamiangy@spiegel.de,217 121 2208
Roana,Durban,Non-binary,rdurbangz@clickbank.net,562 996 4035
Malva,Royson,Female,mroysonh0@virginia.edu,948 629 2146
Wenonah,Mizen,Female,wmizenh1@ca.gov,680 633 7235
Sibyl,Grumell,Male,sgrumellh2@usnews.com,972 721 3661
Bealle,Trice,Male,btriceh3@pbs.org,486 881 0637
Honor,Beldum,Female,hbeldumh4@alexa.com,966 515 2901
Samuele,Oxley,Male,soxleyh5@blogs.com,283 456 3836
Barrett,Bengefield,Male,bbengefieldh6@sbwire.com,927 639 2982
Alonzo,Rattray,Male,arattrayh7@guardian.co.uk,523 883 4955
Jorge,Inman,Male,jinmanh8@myspace.com,592 655 6489
Melantha,Sievewright,Female,msievewrighth9@gnu.org,980 125 3912
Ode,Bingall,Male,obingallha@infoseek.co.jp,887 716 6593
Jacqueline,Koche,Female,jkochehb@who.int,109 522 4542
Calvin,Elwell,Male,celwellhc@cnet.com,181 161 0722
Devon,Ruff,Female,druffhd@angelfire.com,946 600 1126
Ruthi,Van Der Weedenburg,Female,rvanderweedenburghe@addthis.com,605 899 0678
Morrie,Hamberstone,Male,mhamberstonehf@networkadvertising.org,741 304 8776
Eduino,Kirwood,Male,ekirwoodhg@hostgator.com,125 452 9694
Addia,Ivetts,Female,aivettshh@yellowpages.com,377 531 2775
Winni,Tatershall,Female,wtatershallhi@utexas.edu,519 364 7089
Fred,Cornewell,Male,fcornewellhj@wp.com,163 291 3962
Valene,Ielden,Female,vieldenhk@discuz.net,791 524 8948
Analise,Clementet,Female,aclementethl@deliciousdays.com,428 813 8337
Eleanore,Meys,Female,emeyshm@amazon.de,966 123 2281
Gregoor,Brayshaw,Male,gbrayshawhn@ca.gov,820 846 3732
Nicko,Bubear,Male,nbubearho@google.com,321 366 1496
Cozmo,Boggas,Male,cboggashp@sbwire.com,456 112 3739
Angelika,Autin,Female,aautinhq@lycos.com,170 765 1732
Curtice,Santacrole,Male,csantacrolehr@amazon.co.uk,646 441 1063
Andros,Blofield,Male,ablofieldhs@digg.com,640 287 7679
Jodie,Sellek,Male,jsellekht@domainmarket.com,707 897 7227
Cull,Dumper,Male,cdumperhu@upenn.edu,619 852 3057
Holden,Diamond,Male,hdiamondhv@drupal.org,543 673 3957
Beryle,Capstake,Genderqueer,bcapstakehw@nyu.edu,298 588 1341
Adeline,Hirche,Female,ahirchehx@toplist.cz,296 577 4471
Pierson,Fayter,Male,pfayterhy@netscape.com,206 337 0015
Rafaela,Hunter,Female,rhunterhz@hp.com,695 938 4352
Tristan,Pashba,Male,tpashbai0@elpais.com,783 913 6416
Jasper,Owttrim,Male,jowttrimi1@netscape.com,492 229 7445
Valerie,Duffy,Female,vduffyi2@cyberchimps.com,652 376 4964
Cherry,Shrigley,Female,cshrigleyi3@cbc.ca,190 900 5366
Rufe,Daddow,Male,rdaddowi4@china.com.cn,184 282 0828
Tilda,Luker,Female,tlukeri5@blogger.com,141 946 0626
Hilda,Slark,Female,hslarki6@bloglines.com,913 772 1541
Cullin,Potell,Male,cpotelli7@geocities.jp,335 646 2914
Mirilla,Stranks,Female,mstranksi8@ameblo.jp,520 574 1161
Harold,Wickersley,Male,hwickersleyi9@harvard.edu,946 397 3072
Angeline,Jimmes,Female,ajimmesia@bluehost.com,282 122 5362
Sadye,Wheeler,Female,swheelerib@wordpress.org,222 851 5090
Imelda,Lipsett,Genderfluid,ilipsettic@wiley.com,651 821 1105
Faith,Normanville,Female,fnormanvilleid@nature.com,429 473 1880
Becky,Golborn,Female,bgolbornie@infoseek.co.jp,100 329 5919
Lorin,Cobbald,Male,lcobbaldif@twitpic.com,557 948 7542
Bren,Blethyn,Female,bblethynig@bing.com,627 967 6415
Mauricio,Hilling,Male,mhillingih@marketwatch.com,533 867 5739
Nicolis,Luttger,Male,nluttgerii@sohu.com,687 311 1010
Bartram,Shenton,Male,bshentonij@stanford.edu,698 350 9414
Nataniel,Raoux,Male,nraouxik@disqus.com,199 637 6130
Reg,Davydzenko,Male,rdavydzenkoil@about.me,636 516 0553
Monti,Morin,Male,mmorinim@unc.edu,815 205 7945
Darlleen,Bellenie,Female,dbelleniein@springer.com,786 690 4161
Phillipe,Murkus,Male,pmurkusio@hostgator.com,560 692 0609
Brandea,Pellew,Female,bpellewip@arizona.edu,623 138 0948
Lora,Sparshett,Female,lsparshettiq@cnet.com,469 529 3204
Bil,Tolmie,Male,btolmieir@slideshare.net,250 543 5892
Wilden,Shepherd,Male,wshepherdis@cmu.edu,900 827 0471
Ewan,Sainthill,Male,esainthillit@google.co.jp,907 368 5386
Leonanie,Arnaez,Polygender,larnaeziu@wiley.com,434 482 5027
Raimundo,Jedrachowicz,Male,rjedrachowicziv@latimes.com,994 396 1895
Darelle,Eve,Female,deveiw@google.fr,303 475 1763
Kaitlyn,Robbel,Female,krobbelix@nature.com,588 992 3185
Vilhelmina,Taks,Female,vtaksiy@delicious.com,936 555 8886
Darice,Orrin,Female,dorriniz@utexas.edu,998 168 4286
Itch,Beverage,Male,ibeveragej0@mashable.com,242 894 0035
Carmine,Spitaro,Female,cspitaroj1@yahoo.com,641 666 1181
Garrard,Mabe,Male,gmabej2@yahoo.com,289 421 5289
Edita,Houdhury,Female,ehoudhuryj3@noaa.gov,262 977 5892
Agnes,Chidgey,Female,achidgeyj4@google.pl,903 903 7828
Waldo,Kubach,Genderqueer,wkubachj5@vkontakte.ru,391 829 0875
Perice,Langland,Male,planglandj6@squidoo.com,898 176 2931
Halette,Vearncombe,Female,hvearncombej7@mapquest.com,527 165 7124
Cleavland,Vouls,Male,cvoulsj8@netscape.com,655 125 8103
Genia,Raggitt,Female,graggittj9@theatlantic.com,524 582 4678
Pier,Dikels,Genderqueer,pdikelsja@rediff.com,302 607 0443
Julianne,Fayter,Female,jfayterjb@vinaora.com,564 140 3498
Oswald,Hiscoke,Male,ohiscokejc@yahoo.co.jp,336 273 8358
Joanna,Losebie,Female,jlosebiejd@cbsnews.com,808 295 5321
Hy,Andri,Male,handrije@symantec.com,952 420 2648
Lovell,Toler,Male,ltolerjf@house.gov,769 465 7078
Bambi,Corwin,Female,bcorwinjg@sitemeter.com,793 212 2504
Chick,Headington,Male,cheadingtonjh@newsvine.com,611 890 6003
Genevieve,Jennings,Female,gjenningsji@squidoo.com,300 503 9152
Timothee,Inglesent,Male,tinglesentjj@edublogs.org,541 336 1741
Anallese,Woodberry,Female,awoodberryjk@nih.gov,971 689 4003
Land,Willcock,Male,lwillcockjl@answers.com,581 853 0170
Rriocard,Sattin,Male,rsattinjm@home.pl,355 694 4392
Tammara,Robuchon,Female,trobuchonjn@typepad.com,168 807 8309
Domenico,Mothersole,Male,dmothersolejo@usatoday.com,604 118 2462
Shannah,Ollett,Non-binary,sollettjp@blogtalkradio.com,917 777 2399
Letizia,Meekin,Female,lmeekinjq@flavors.me,797 946 8337
Mason,Pettet,Male,mpettetjr@ning.com,775 603 5108
Michel,Burnard,Female,mburnardjs@un.org,473 172 5546
Lenka,Marchbank,Female,lmarchbankjt@cnn.com,734 752 0038
Rem,Armitt,Polygender,rarmittju@cyberchimps.com,669 599 1182
Quinn,Scapelhorn,Male,qscapelhornjv@nih.gov,255 540 3355
Bee,Ather,Female,batherjw@washington.edu,477 489 1244
Jacenta,Bellay,Female,jbellayjx@webmd.com,355 611 7264
Baryram,Feldmesser,Male,bfeldmesserjy@telegraph.co.uk,289 987 9607
Kendre,Broker,Female,kbrokerjz@slate.com,537 293 0493
Justus,Barrick,Male,jbarrickk0@rakuten.co.jp,878 647 1849
Debbi,Bovingdon,Polygender,dbovingdonk1@wordpress.com,837 469 5740
Carole,Hutchcraft,Female,chutchcraftk2@auda.org.au,183 681 8545
Brena,Jemmison,Female,bjemmisonk3@etsy.com,884 717 7591
Barbie,Kenneway,Female,bkennewayk4@soup.io,106 673 4025
Aristotle,Chadband,Bigender,achadbandk5@prweb.com,481 191 9321
Fiorenze,Gare,Female,fgarek6@dot.gov,622 941 9829
Nilson,Livesley,Male,nlivesleyk7@wp.com,520 366 7397
John,Evesque,Male,jevesquek8@paginegialle.it,276 291 9499
Jefferey,Edmans,Male,jedmansk9@discuz.net,608 334 4787
Aurelie,Milillo,Female,amililloka@google.pl,329 698 1034
Saxon,Brion,Male,sbrionkb@friendfeed.com,843 568 1845
Aurelea,Croutear,Female,acroutearkc@soup.io,705 531 3151
Deeanne,Bahde,Female,dbahdekd@usa.gov,954 563 2537
Otto,Sloan,Male,osloanke@woothemes.com,565 153 5662
Borden,Idle,Male,bidlekf@pbs.org,150 196 7258
Vasilis,Shatford,Genderfluid,vshatfordkg@freewebs.com,944 555 4367
Karmen,Marian,Genderqueer,kmariankh@blog.com,894 683 2508
Dacia,Mc Faul,Female,dmcfaulki@scribd.com,920 379 8035
Hanson,Oby,Male,hobykj@dagondesign.com,884 155 4794
Ediva,Celloni,Female,ecellonikk@geocities.jp,954 131 7222
Kristan,Sherrington,Female,ksherringtonkl@accuweather.com,653 232 0781
Kingsley,Germann,Male,kgermannkm@histats.com,266 677 2643
Abbie,Saltern,Male,asalternkn@bloglovin.com,473 606 3600
Willetta,Witcher,Female,wwitcherko@chicagotribune.com,107 452 1293
Sanford,Pickavant,Male,spickavantkp@ft.com,975 183 7413
Etta,Baddeley,Female,ebaddeleykq@addthis.com,395 307 3665
Spike,Agdahl,Male,sagdahlkr@xrea.com,154 767 8648
Shana,Greave,Female,sgreaveks@cdc.gov,131 873 4145
Jenine,Richten,Female,jrichtenkt@google.fr,980 888 9389
Leland,Wolstenholme,Male,lwolstenholmeku@thetimes.co.uk,878 764 5366
Mac,Doberer,Male,mdobererkv@baidu.com,114 689 9657
Donnajean,Edbrooke,Female,dedbrookekw@netlog.com,339 524 9664
Darsey,Lemanu,Female,dlemanukx@jugem.jp,298 246 2946
Moselle,Hartland,Female,mhartlandky@icio.us,874 118 4509
Gilles,Olyunin,Male,golyuninkz@google.com.br,503 508 2098
Nicky,Yeeles,Female,nyeelesl0@mail.ru,703 938 5520
Fayre,Deppe,Female,fdeppel1@jiathis.com,543 209 7804
Kaine,Reightley,Male,kreightleyl2@creativecommons.org,949 132 6701
Brandon,Glendinning,Male,bglendinningl3@devhub.com,500 926 3837
Sergio,Apdell,Bigender,sapdelll4@last.fm,430 771 6388
Dar,Iacobetto,Male,diacobettol5@timesonline.co.uk,498 832 4949
Davie,Molan,Male,dmolanl6@mtv.com,969 514 2046
Virgina,Eliasson,Female,veliassonl7@aboutads.info,792 460 7420
Wright,Sustins,Male,wsustinsl8@issuu.com,262 171 7405
Odille,MacNally,Female,omacnallyl9@about.me,428 126 0259
Hatti,Slane,Female,hslanela@hc360.com,500 105 6682
Janette,Bernardos,Female,jbernardoslb@ebay.co.uk,421 362 0347
Haslett,Immer,Male,himmerlc@wired.com,342 782 6561
Izzy,O'Fielly,Male,iofiellyld@biblegateway.com,924 251 3690
Imogene,Bamborough,Female,ibamboroughle@youtube.com,336 585 6825
Chryste,Western,Female,cwesternlf@upenn.edu,511 434 3756
Hynda,Stollhofer,Female,hstollhoferlg@harvard.edu,235 382 3099
Kippy,Costock,Male,kcostocklh@ebay.co.uk,571 992 3798
Jackquelin,Szabo,Female,jszaboli@typepad.com,182 748 7848
Hyatt,Laminman,Male,hlaminmanlj@furl.net,870 855 5861
Michele,Kaine,Male,mkainelk@wp.com,785 687 0531
Elden,Soppit,Male,esoppitll@samsung.com,357 438 4346
Kassie,Lawland,Female,klawlandlm@php.net,231 351 9531
Dyane,Taillant,Female,dtaillantln@ning.com,589 508 7952
Corilla,Wildblood,Female,cwildbloodlo@vk.com,865 676 5198
Flossi,Cappel,Female,fcappellp@e-recht24.de,975 438 8186
Nobe,Vanlint,Agender,nvanlintlq@statcounter.com,974 252 4518
Abbe,Snawden,Female,asnawdenlr@virginia.edu,894 406 6572
Romain,Nellen,Male,rnellenls@unicef.org,224 640 3827
Ody,Durrand,Male,odurrandlt@ucoz.ru,773 220 6315
Christos,Lovelady,Male,cloveladylu@smugmug.com,482 919 1433
Aurel,Stennes,Female,astenneslv@sciencedirect.com,674 726 3177
Fulton,Callar,Male,fcallarlw@ask.com,297 637 1813
Anestassia,Siggery,Female,asiggerylx@cpanel.net,834 235 4354
Kirk,Henworth,Male,khenworthly@fema.gov,662 490 3928
Renaldo,Melmoth,Male,rmelmothlz@addthis.com,467 476 3767
Teressa,Trowel,Polygender,ttrowelm0@wikipedia.org,370 226 4501
Fraser,St Leger,Male,fstlegerm1@disqus.com,887 495 5525
Livia,Rogerson,Female,lrogersonm2@twitter.com,835 165 7145
Rafferty,Impett,Male,rimpettm3@trellian.com,166 290 8466
Rivalee,Doorey,Female,rdooreym4@admin.ch,291 321 3537
Jamima,Vant,Female,jvantm5@amazon.co.jp,888 467 9035
Boothe,Hurford,Male,bhurfordm6@zimbio.com,801 960 7594
Aila,Friel,Female,afrielm7@engadget.com,783 707 3141
Basil,Ayscough,Male,bayscoughm8@mac.com,939 708 2412
Artur,Woodbridge,Male,awoodbridgem9@barnesandnoble.com,866 820 0121
Rhys,Bulfield,Male,rbulfieldma@independent.co.uk,236 772 0419
Vinson,Guiett,Male,vguiettmb@npr.org,271 997 8600
Meridel,McGaughie,Female,mmcgaughiemc@tinypic.com,945 662 9127
Revkah,Plaister,Female,rplaistermd@netscape.com,834 848 7868
Fairfax,Pallatina,Male,fpallatiname@123-reg.co.uk,156 153 8604
Daphna,McClunaghan,Female,dmcclunaghanmf@biblegateway.com,963 705 5594
Julius,McPeake,Polygender,jmcpeakemg@google.de,421 602 3664
Derrik,Tompkins,Male,dtompkinsmh@purevolume.com,281 690 1633
Hartley,Kamiyama,Male,hkamiyamami@yelp.com,976 538 3394
Lorne,D'Souza,Female,ldsouzamj@skyrock.com,983 841 2719
Chryste,MacDonough,Female,cmacdonoughmk@cdbaby.com,628 400 8034
Urban,Meier,Male,umeierml@ycombinator.com,182 567 6464
Goddard,Andrioli,Male,gandriolimm@youku.com,415 982 6906
Rudd,Regenhardt,Male,rregenhardtmn@europa.eu,687 460 7986
Cecil,Dilkes,Male,cdilkesmo@ask.com,982 748 6981
Ardeen,Page,Female,apagemp@hatena.ne.jp,770 297 4085
Emlyn,Poate,Female,epoatemq@unblog.fr,307 350 9910
Madge,Ashworth,Female,mashworthmr@disqus.com,990 847 9223
Elka,Heckney,Female,eheckneyms@ustream.tv,409 447 5944
Fredericka,Vedikhov,Non-binary,fvedikhovmt@imdb.com,213 180 3195
Tina,Golling,Female,tgollingmu@irs.gov,155 532 0301
Zacharie,Elcott,Male,zelcottmv@mail.ru,708 625 1288
Meredeth,Skelhorne,Male,mskelhornemw@ocn.ne.jp,851 814 3797
Ansel,Pawelski,Male,apawelskimx@moonfruit.com,519 903 2841
Johnathon,Defries,Male,jdefriesmy@fastcompany.com,637 142 4154
Matthew,Peak,Male,mpeakmz@engadget.com,561 194 7799
Silvester,Ludman,Male,sludmann0@bing.com,227 250 8986
Bari,Mitchenson,Female,bmitchensonn1@blog.com,310 419 5896
Valentin,Catterall,Male,vcatteralln2@omniture.com,197 333 7670
Sollie,Neward,Male,snewardn3@virginia.edu,258 918 0021
Darda,Gullick,Female,dgullickn4@artisteer.com,624 247 2000
Crin,Guarnier,Female,cguarniern5@tumblr.com,886 250 1357
Sissy,Rennicks,Female,srennicksn6@amazon.co.uk,137 820 3117
Dionisio,Blees,Male,dbleesn7@newsvine.com,392 243 1588
Demetris,Calvie,Male,dcalvien8@devhub.com,648 434 6415
Fairleigh,Adelberg,Male,fadelbergn9@live.com,887 701 5823
Lanie,Jeandot,Female,ljeandotna@flavors.me,304 552 9065
Johnette,Livsey,Female,jlivseynb@usatoday.com,504 943 5072
Marci,Vile,Female,mvilenc@addthis.com,900 582 8709
Nanette,Laneham,Female,nlanehamnd@ebay.com,829 683 4337
Koo,Banasiak,Female,kbanasiakne@reverbnation.com,967 298 0230
Lane,Dyka,Female,ldykanf@artisteer.com,753 626 5210
Heall,Willmot,Male,hwillmotng@imgur.com,500 998 4233
Alia,Eisikovitsh,Female,aeisikovitshnh@sun.com,705 656 4196
Edward,Shailer,Male,eshailerni@bloglines.com,145 418 0633
Rowland,Mazzey,Male,rmazzeynj@imdb.com,245 738 9004
Annabell,McCollum,Polygender,amccollumnk@google.com.br,197 807 2847
Geraldine,Horrod,Female,ghorrodnl@cornell.edu,329 459 4126
Byram,Garrelts,Male,bgarreltsnm@cyberchimps.com,702 409 9315
Aimil,Charman,Female,acharmannn@xrea.com,237 887 4573
Debbi,Britch,Female,dbritchno@topsy.com,383 778 5964
Yard,Goering,Male,ygoeringnp@ustream.tv,167 138 4844
Cherilynn,Grisbrook,Female,cgrisbrooknq@msu.edu,965 661 8031
Clim,Beddoes,Male,cbeddoesnr@cmu.edu,775 595 6175
Wallie,Demeter,Male,wdemeterns@yellowpages.com,711 824 1583
Delmar,Woolforde,Male,dwoolfordent@cocolog-nifty.com,833 892 9456
Heindrick,Redler,Male,hredlernu@google.ru,392 803 6707
Quentin,Steger,Female,qstegernv@tripadvisor.com,229 526 7328
Rolph,Lenaghen,Male,rlenaghennw@nature.com,725 978 3448
Roshelle,McKinley,Female,rmckinleynx@washington.edu,420 499 2716
Gil,Cookney,Male,gcookneyny@discovery.com,277 616 0765
Kayla,Kauffman,Female,kkauffmannz@npr.org,620 840 7540
Stephanus,Franzetti,Male,sfranzettio0@w3.org,316 812 9639
Olly,Strowthers,Female,ostrowtherso1@scribd.com,841 485 2678
Alyson,Scanterbury,Female,ascanterburyo2@businesswire.com,752 216 1527
Waldon,Brosoli,Male,wbrosolio3@issuu.com,647 811 7554
Torrie,Meyrick,Female,tmeyricko4@mlb.com,772 935 2682
Balduin,Streater,Male,bstreatero5@newsvine.com,186 703 4380
Rafaellle,Spellacey,Male,rspellaceyo6@dailymotion.com,870 733 2726
Leupold,Lanyon,Male,llanyono7@state.gov,680 108 0853
Otto,Roscamps,Male,oroscampso8@gizmodo.com,294 972 1861
Paige,Rraundl,Female,prraundlo9@slate.com,162 647 7888
Gabi,Pavlov,Male,gpavlovoa@army.mil,329 270 8982
Thibaut,Figura,Male,tfiguraob@marriott.com,794 978 0518
Gill,Cumbes,Male,gcumbesoc@spotify.com,135 560 8960
Aurie,O'Geneay,Female,aogeneayod@psu.edu,666 975 5563
Augustina,Lamminam,Female,alamminamoe@cpanel.net,853 268 8505
Lionel,Lashmore,Male,llashmoreof@cbslocal.com,558 976 3208
Derry,Plackstone,Male,dplackstoneog@hao123.com,500 801 7965
Louis,Tace,Male,ltaceoh@virginia.edu,113 939 6186
Rube,Sawford,Male,rsawfordoi@redcross.org,312 459 4854
Raymund,Healks,Male,rhealksoj@gov.uk,878 769 0928
Erastus,Chorley,Male,echorleyok@businessinsider.com,548 966 2862
Stern,Hazel,Male,shazelol@bloglovin.com,231 613 0227
Caria,Lorryman,Female,clorrymanom@google.com.au,864 207 0443
Emilio,Morrant,Male,emorranton@discovery.com,369 595 7013
Sancho,Graeser,Male,sgraeseroo@narod.ru,969 670 8313
Baxter,Endricci,Male,bendricciop@umn.edu,627 615 8194
Maurizia,Spohr,Female,mspohroq@123-reg.co.uk,687 922 3494
Evvy,Endacott,Female,eendacottor@de.vu,247 137 4284
Clifford,Gostyke,Male,cgostykeos@berkeley.edu,624 576 5339
Jewelle,Gregoriou,Female,jgregoriouot@youtube.com,662 318 9546
Zack,Hensmans,Male,zhensmansou@dailymail.co.uk,510 635 3699
Mella,Vescovo,Female,mvescovoov@sogou.com,865 206 6914
Theodoric,Elsip,Male,telsipow@mashable.com,116 971 9843
Tamma,Richardot,Polygender,trichardotox@fotki.com,883 465 1035
Sue,Wildsmith,Agender,swildsmithoy@prlog.org,546 139 8708
Brittaney,Teather,Female,bteatheroz@diigo.com,372 524 6095
Thorn,Emanuele,Male,temanuelep0@yale.edu,460 692 0811
Giffy,Vedeshkin,Agender,gvedeshkinp1@angelfire.com,334 195 1360
Irvin,McLukie,Male,imclukiep2@cam.ac.uk,833 460 4275
Joete,Tooley,Female,jtooleyp3@globo.com,826 576 6020
Wat,MacPhaden,Male,wmacphadenp4@oaic.gov.au,441 345 1181
Cyrill,Mowsdill,Male,cmowsdillp5@nsw.gov.au,758 735 0359
Ludwig,Beagley,Male,lbeagleyp6@about.me,320 944 0396
Damiano,Galliard,Male,dgalliardp7@networksolutions.com,159 379 9803
Marjie,Drewry,Female,mdrewryp8@opensource.org,933 731 8210
Estell,Staynes,Female,estaynesp9@pcworld.com,609 650 6675
Andria,Spykings,Female,aspykingspa@usa.gov,678 300 5549
Sydney,Doxey,Female,sdoxeypb@nature.com,482 315 7130
Guillemette,Moses,Female,gmosespc@time.com,532 964 0630
Othella,Schaben,Female,oschabenpd@wikipedia.org,238 674 7848
Helli,Barnardo,Female,hbarnardope@slate.com,760 194 6116
Garret,Juden,Male,gjudenpf@google.co.jp,261 292 1269
Nicolette,Leedes,Female,nleedespg@imdb.com,840 615 1895
Aldrich,Andreazzi,Male,aandreazziph@blogtalkradio.com,417 417 4349
Kirby,Maydwell,Male,kmaydwellpi@1688.com,840 155 1221
Aluin,Muckian,Male,amuckianpj@webs.com,330 674 2264
Chiarra,Spawell,Female,cspawellpk@bbb.org,939 966 5004
Marijo,Thridgould,Female,mthridgouldpl@scientificamerican.com,414 663 5952
Ariel,Acres,Male,aacrespm@google.cn,824 127 4650
Lindsey,Nolder,Bigender,lnolderpn@pagesperso-orange.fr,447 555 5448
Deva,Beldom,Female,dbeldompo@example.com,390 358 3693
Tasia,Lammerding,Female,tlammerdingpp@unicef.org,548 447 3191
Ernesta,Ropert,Female,eropertpq@shop-pro.jp,131 589 3808
Saunderson,Penke,Male,spenkepr@whitehouse.gov,403 618 4234
Gerek,Stapylton,Male,gstapyltonps@godaddy.com,205 796 1423
Rollo,Rook,Non-binary,rrookpt@opera.com,587 968 5079
Sebastian,Steabler,Male,ssteablerpu@nationalgeographic.com,246 419 8521
Marnie,Fripps,Female,mfrippspv@1688.com,921 437 9178
Cecilio,Arends,Male,carendspw@about.com,329 523 4662
Violet,Secker,Female,vseckerpx@reuters.com,841 271 2912
Kaylee,Mottershead,Non-binary,kmottersheadpy@nymag.com,404 729 7690
Ugo,Tithecote,Male,utithecotepz@msn.com,930 532 2063
Jaclin,Jaggi,Bigender,jjaggiq0@oracle.com,908 203 5697
Vallie,Rossiter,Female,vrossiterq1@wikimedia.org,859 876 6096
Lauryn,Busby,Female,lbusbyq2@moonfruit.com,394 580 4499
Skipton,Boliver,Male,sboliverq3@go.com,898 548 8833
Ermin,Sponton,Male,espontonq4@rambler.ru,206 779 5507
Durward,MacMenemy,Male,dmacmenemyq5@pagesperso-orange.fr,649 586 2986
Crin,Spring,Female,cspringq6@mayoclinic.com,630 749 6922
Burlie,Joppich,Male,bjoppichq7@phoca.cz,545 714 5081
Kellie,Prium,Female,kpriumq8@virginia.edu,961 411 7877
Johannah,Manley,Female,jmanleyq9@cloudflare.com,598 638 5581
Dulcy,Clappison,Female,dclappisonqa@wix.com,753 453 8230
Bernhard,McGillreich,Male,bmcgillreichqb@sun.com,198 367 8838
Benedicta,Osbourn,Female,bosbournqc@boston.com,831 712 9844
Evelyn,Pally,Male,epallyqd@jugem.jp,457 203 2887
Ruby,Cuncliffe,Male,rcuncliffeqe@google.de,688 561 5698
Meriel,Hambelton,Female,mhambeltonqf@cmu.edu,545 727 0424
Annissa,Earry,Agender,aearryqg@edublogs.org,322 413 4987
Rhianna,Gubbin,Female,rgubbinqh@diigo.com,664 224 7769
August,Menchenton,Male,amenchentonqi@miibeian.gov.cn,886 721 8125
Lyndy,Mosedall,Female,lmosedallqj@psu.edu,464 556 5520
Blakeley,Leeming,Genderqueer,bleemingqk@vkontakte.ru,842 531 3282
Barbaraanne,Tampen,Female,btampenql@flickr.com,563 559 0489
Cally,Wilgar,Female,cwilgarqm@globo.com,758 746 1282
Haslett,Bertholin,Male,hbertholinqn@bizjournals.com,708 513 5150
Josiah,Fields,Male,jfieldsqo@omniture.com,981 852 9727
Betteanne,Swinfen,Female,bswinfenqp@aol.com,734 858 2426
Tadio,Rochewell,Male,trochewellqq@typepad.com,330 626 1645
Everard,Ansill,Male,eansillqr@accuweather.com,975 885 2373
Rancell,Del Dello,Male,rdeldelloqs@1und1.de,974 669 9405
Ewan,Cadwell,Male,ecadwellqt@seesaa.net,591 817 2930
Bobinette,McDougald,Female,bmcdougaldqu@businesswire.com,277 462 9068
Irvine,Passmore,Male,ipassmoreqv@yandex.ru,368 783 7180
Amandy,Ketchaside,Female,aketchasideqw@bluehost.com,507 225 2410
Lauri,Ivamy,Female,livamyqx@blogtalkradio.com,485 174 0910
Barr,Oak,Male,boakqy@geocities.jp,789 484 1712
Peirce,Segeswoeth,Male,psegeswoethqz@fotki.com,920 339 1594
Monro,Dofty,Male,mdoftyr0@loc.gov,201 399 1017
Gilles,Godart,Male,ggodartr1@ehow.com,172 245 9669
Alta,Brawn,Female,abrawnr2@cbsnews.com,259 684 5966
Sherye,Bonifas,Female,sbonifasr3@de.vu,879 128 8869
Theo,Dametti,Male,tdamettir4@tumblr.com,545 757 6406
Danya,Clarycott,Male,dclarycottr5@sina.com.cn,209 128 4758
Dynah,Naismith,Female,dnaismithr6@hexun.com,593 890 3059
Wash,Browne,Male,wbrowner7@amazon.co.jp,377 297 8330
Liza,Thomelin,Female,lthomelinr8@google.es,297 901 8129
Tedman,Skeeles,Male,tskeelesr9@163.com,141 574 5221
Sully,Minghella,Male,sminghellara@forbes.com,873 678 3368
Fiann,Joscelyn,Bigender,fjoscelynrb@ask.com,933 820 0709
Orran,Paige,Male,opaigerc@pinterest.com,957 595 9336
Leora,Birkinshaw,Female,lbirkinshawrd@tmall.com,994 961 3232
Zebulon,Clewes,Male,zclewesre@howstuffworks.com,861 647 3632
Frazer,Ritelli,Male,fritellirf@tripadvisor.com,775 934 0125
Meta,Brunstan,Female,mbrunstanrg@ask.com,907 979 8173
Lefty,Ondrak,Male,londrakrh@springer.com,695 187 5510
Madelene,Lydster,Agender,mlydsterri@vkontakte.ru,844 405 8865
Arnaldo,Holywell,Male,aholywellrj@hostgator.com,789 970 9670
Janet,Crome,Female,jcromerk@webmd.com,244 304 4554
Shep,Inde,Male,sinderl@cdc.gov,641 373 4285
Jaine,Whyteman,Bigender,jwhytemanrm@elegantthemes.com,872 378 4738
Tricia,Hustings,Agender,thustingsrn@theatlantic.com,155 448 5628
Quillan,Bowld,Male,qbowldro@discovery.com,978 649 6780
Danice,Glander,Genderfluid,dglanderrp@archive.org,592 547 1133
Kelsi,Maidment,Female,kmaidmentrq@live.com,940 590 7124
Eugine,Burehill,Female,eburehillrr@google.ca,761 435 3700
