first_name,last_name,gender,email,phone
Shannah,Sibly,Female,ssibly0@typepad.com,430 793 6427
Gussie,Roberti,Non-binary,groberti1@e-recht24.de,190 559 1840
Flint,Clacson,Male,fclacson2@harvard.edu,426 508 1270
Anette,Lovel,Female,alovel3@hexun.com,480 437 7795
Joachim,Southgate,Male,jsouthgate4@ocn.ne.jp,936 589 4668
Aundrea,Baroc,Female,abaroc5@netvibes.com,108 864 0169
Casar,Cund,Male,ccund6@dailymotion.com,881 933 0690
Cedric,Guerre,Male,cguerre7@slideshare.net,910 960 2746
Malena,Gye,Female,mgye8@sohu.com,233 911 2405
Anallise,Richemont,Female,arichemont9@cocolog-nifty.com,864 833 8572
Shandra,Waud,Female,swauda@bluehost.com,947 257 2268
Fionna,Sherebrooke,Female,fsherebrookeb@jigsy.com,990 644 0823
Larine,Grange,Female,lgrangec@alexa.com,365 114 3615
Rabi,Woolam,Male,rwoolamd@arstechnica.com,151 809 6301
Herold,Newing,Male,hnewinge@europa.eu,752 524 5586
Brittne,Jelkes,Female,bjelkesf@yahoo.com,831 671 4867
Henderson,Dunk,Non-binary,hdunkg@berkeley.edu,446 176 1658
Tabatha,Bulch,Female,tbulchh@cdc.gov,366 103 0548
Morry,Whiffin,Male,mwhiffini@nationalgeographic.com,349 780 8763
Karrah,Rowledge,Female,krowledgej@wired.com,454 649 6007
Caesar,Tuvey,Male,ctuveyk@businessinsider.com,604 278 6850
Melessa,Beardsworth,Female,mbeardsworthl@tmall.com,312 917 5410
Marta,Linwood,Female,mlinwoodm@behance.net,933 384 4576
Valma,Goldman,Female,vgoldmann@mashable.com,963 608 7473
Rafaellle,Matiasek,Male,rmatiaseko@rediff.com,905 724 9002
Gleda,Mannion,Female,gmannionp@utexas.edu,650 248 3812
Zarla,Magill,Genderqueer,zmagillq@myspace.com,123 349 5046
Lenci,Cromly,Male,lcromlyr@hatena.ne.jp,741 328 9726
Porter,Bortol,Male,pbortols@aboutads.info,675 243 2074
Jessica,Wheaton,Female,jwheatont@comcast.net,869 567 6734
Wald,Aston,Male,wastonu@smh.com.au,462 352 8255
Coop,Mellhuish,Male,cmellhuishv@hibu.com,852 487 5160
Gregory,Husby,Male,ghusbyw@baidu.com,405 551 8926
Arnie,Boast,Male,aboastx@msu.edu,131 437 0124
Noella,Leftbridge,Female,nleftbridgey@businessinsider.com,379 647 0685
Elihu,Livsey,Male,elivseyz@dailymotion.com,850 393 8296
Carree,Loding,Non-binary,cloding10@cbsnews.com,307 398 6184
Anstice,Pitman,Genderfluid,apitman11@xrea.com,614 430 6719
Xavier,Truckell,Male,xtruckell12@theatlantic.com,441 908 5792
Lisle,Matic,Polygender,lmatic13@un.org,434 216 6566
Rhett,Salvage,Male,rsalvage14@tinypic.com,833 577 7501
Chucho,Grayston,Male,cgrayston15@intel.com,892 735 9743
Pacorro,Gillions,Male,pgillions16@mlb.com,119 613 4283
Jannelle,Chesshyre,Female,jchesshyre17@latimes.com,110 105 9830
Germaine,Pilsbury,Female,gpilsbury18@aboutads.info,281 817 4333
Estell,Holyland,Female,eholyland19@uiuc.edu,603 460 4461
Sheppard,Sisley,Male,ssisley1a@rediff.com,748 918 6133
Padriac,Stanex,Male,pstanex1b@blogs.com,209 645 2896
Gerick,Greenall,Male,ggreenall1c@eepurl.com,614 632 2387
Marylou,Garman,Female,mgarman1d@constantcontact.com,137 148 8688
Laureen,Sole,Female,lsole1e@shareasale.com,364 913 0697
Marion,Mayers,Genderqueer,mmayers1f@list-manage.com,877 463 0597
Cathy,Feldstein,Female,cfeldstein1g@chron.com,928 985 8180
Godard,Becke,Male,gbecke1h@taobao.com,871 393 0299
Hershel,Thinn,Male,hthinn1i@reference.com,499 847 3031
Garv,Ickowicz,Male,gickowicz1j@netvibes.com,517 693 4321
Belia,Gairdner,Female,bgairdner1k@netlog.com,291 541 1187
Papagena,Halladay,Female,phalladay1l@oaic.gov.au,331 252 0617
Judie,Shillinglaw,Female,jshillinglaw1m@reverbnation.com,511 945 9443
Leoline,Gosnay,Female,lgosnay1n@google.nl,364 782 8240
Torey,Pardie,Male,tpardie1o@mapy.cz,248 345 7301
Paige,Piquard,Female,ppiquard1p@apple.com,390 564 0367
Diana,Gammon,Female,dgammon1q@hp.com,707 158 2530
Lila,Jevons,Genderqueer,ljevons1r@ask.com,444 144 6938
Bertie,Pascow,Male,bpascow1s@hostgator.com,258 875 8675
Anastasie,Clapton,Female,aclapton1t@go.com,286 258 8136
Beauregard,Standing,Male,bstanding1u@angelfire.com,431 462 9096
Belicia,Dungay,Female,bdungay1v@google.it,268 805 5151
Fredi,Whitlock,Female,fwhitlock1w@issuu.com,164 813 6279
Candace,Fitkin,Female,cfitkin1x@utexas.edu,182 668 8522
Kaspar,Vasilmanov,Male,kvasilmanov1y@uol.com.br,637 562 6318
Morley,Golling,Male,mgolling1z@de.vu,424 195 8674
Jeanine,Simpkins,Female,jsimpkins20@wix.com,279 677 6837
Emmy,Crehan,Male,ecrehan21@umn.edu,190 813 4133
Rena,Jedrzej,Female,rjedrzej22@aol.com,239 857 9670
Sheffy,Petersen,Male,spetersen23@a8.net,968 366 4322
Melony,Shewan,Female,mshewan24@comsenz.com,727 119 2555
Else,Dictus,Female,edictus25@live.com,665 444 1106
Arluene,Salmond,Female,asalmond26@barnesandnoble.com,465 646 4928
Calley,Conlon,Female,cconlon27@hatena.ne.jp,219 143 4871
Jeanine,Flacknell,Female,jflacknell28@europa.eu,565 138 7958
Gunar,Inns,Male,ginns29@wix.com,275 924 6091
Gibbie,Dewfall,Male,gdewfall2a@technorati.com,592 941 4893
Tova,Peart,Female,tpeart2b@google.cn,782 906 8049
Elke,Caulket,Female,ecaulket2c@wufoo.com,386 823 7452
Kennan,Mendoza,Agender,kmendoza2d@utexas.edu,619 802 1790
Gualterio,Conibear,Male,gconibear2e@geocities.com,360 260 6946
Cathy,Kleint,Female,ckleint2f@tripod.com,122 479 5206
Woody,Foffano,Male,wfoffano2g@technorati.com,240 324 8313
Ulysses,Poone,Male,upoone2h@nba.com,363 583 1255
Claudine,Goffe,Female,cgoffe2i@accuweather.com,490 530 2521
Manuel,Kelleway,Male,mkelleway2j@xinhuanet.com,635 434 6053
Egan,Kinson,Male,ekinson2k@jiathis.com,209 756 6703
Dante,Seath,Male,dseath2l@parallels.com,692 235 0318
Jasmine,Menault,Genderqueer,jmenault2m@booking.com,507 958 7939
Jaynell,Bastone,Female,jbastone2n@newyorker.com,434 198 9296
Denis,Ibbeson,Polygender,dibbeson2o@csmonitor.com,917 547 6458
Bradley,Orgen,Male,borgen2p@epa.gov,812 375 3480
Klemens,Stuchbery,Polygender,kstuchbery2q@huffingtonpost.com,331 409 1074
Rena,Brighty,Female,rbrighty2r@example.com,709 150 3641
Filia,Brothwood,Female,fbrothwood2s@berkeley.edu,539 643 6998
Alvera,Edridge,Female,aedridge2t@sogou.com,864 824 2315
Loralee,Swane,Female,lswane2u@netlog.com,302 870 0126
Sheffield,Deekes,Male,sdeekes2v@wsj.com,607 289 2708
Marven,Edmeads,Agender,medmeads2w@huffingtonpost.com,839 805 9317
Claudius,Waryk,Male,cwaryk2x@ning.com,923 715 8111
Ced,Dainty,Male,cdainty2y@netvibes.com,340 369 7997
Garvy,Le Merchant,Male,glemerchant2z@toplist.cz,554 997 3111
Martie,Lamping,Female,mlamping30@aol.com,687 569 5309
Justina,Hackney,Female,jhackney31@ft.com,752 433 3130
Gale,Tremonte,Female,gtremonte32@dyndns.org,257 963 3485
Nara,Waring,Female,nwaring33@google.cn,106 202 1027
Judye,Bruni,Female,jbruni34@1688.com,791 356 8601
Adah,Jarvie,Female,ajarvie35@netscape.com,234 565 9852
Buffy,Leitche,Female,bleitche36@examiner.com,178 564 6458
Cathryn,Lubomirski,Female,clubomirski37@posterous.com,230 108 4818
Yance,Shegog,Male,yshegog38@reference.com,833 535 6895
Granny,Pocklington,Male,gpocklington39@cdc.gov,291 956 3759
Minda,Lytell,Female,mlytell3a@alibaba.com,945 944 4625
Melly,Mounter,Female,mmounter3b@addthis.com,920 113 0543
Dulcine,Bolzen,Female,dbolzen3c@vistaprint.com,972 462 5405
Reginauld,Follin,Male,rfollin3d@xrea.com,982 150 9496
Davide,Aggio,Genderfluid,daggio3e@jigsy.com,877 537 7564
Dael,de Marco,Male,ddemarco3f@51.la,376 472 6235
Fabe,Kindell,Male,fkindell3g@cyberchimps.com,314 875 8418
Elfie,Headey,Female,eheadey3h@ameblo.jp,192 107 9355
Dorice,Jobbins,Female,djobbins3i@163.com,759 980 8320
Karyn,Gommery,Female,kgommery3j@macromedia.com,141 727 5962
Cristen,Celler,Female,cceller3k@ox.ac.uk,695 158 1416
Gill,Chastelain,Female,gchastelain3l@people.com.cn,238 803 4079
Bobbe,Dundon,Female,bdundon3m@cdbaby.com,568 729 0601
Nicko,Orto,Male,norto3n@wikimedia.org,502 346 5363
Ruperto,Goodrich,Male,rgoodrich3o@discovery.com,209 902 7777
Raviv,Simmons,Male,rsimmons3p@yellowpages.com,621 111 2178
Forrest,Leith,Male,fleith3q@i2i.jp,582 611 6886
Jerrylee,Coopey,Female,jcoopey3r@1688.com,211 732 2956
Natal,Kuhnel,Male,nkuhnel3s@arizona.edu,185 954 1718
Mill,Bodycomb,Male,mbodycomb3t@cbsnews.com,845 801 9038
Viva,Blanque,Female,vblanque3u@networkadvertising.org,696 773 9839
Oberon,Wenger,Male,owenger3v@privacy.gov.au,626 120 3787
Durant,Gask,Male,dgask3w@blog.com,510 100 2954
Therese,Ketch,Female,tketch3x@bigcartel.com,882 799 1968
Tanya,Nowlan,Female,tnowlan3y@twitpic.com,175 943 8495
Vannie,Gladbeck,Bigender,vgladbeck3z@arstechnica.com,311 936 6531
Durward,Milstead,Genderfluid,dmilstead40@wikimedia.org,119 654 3100
Maddy,Heeley,Male,mheeley41@mlb.com,132 753 9595
Casey,Redit,Male,credit42@skyrock.com,155 816 1424
Raye,Bridal,Female,rbridal43@symantec.com,537 713 1192
Harmonia,Winfield,Female,hwinfield44@skyrock.com,514 808 8088
Leone,Hellin,Female,lhellin45@columbia.edu,329 414 0217
Aurelea,Dimblebee,Bigender,adimblebee46@addtoany.com,614 869 1551
Pippo,Chandlar,Male,pchandlar47@sitemeter.com,704 444 9935
Robinia,Fryett,Female,rfryett48@timesonline.co.uk,322 203 4671
Carmita,Neath,Female,cneath49@merriam-webster.com,701 813 2891
Anabel,Yosevitz,Genderqueer,ayosevitz4a@huffingtonpost.com,928 590 9648
Katy,Megroff,Female,kmegroff4b@earthlink.net,485 991 7124
Nerty,Rumin,Female,nrumin4c@flickr.com,713 872 8854
Wes,Milstead,Male,wmilstead4d@phoca.cz,902 682 6811
Shell,Bullar,Male,sbullar4e@sfgate.com,732 420 1944
Randolph,Trubshaw,Male,rtrubshaw4f@hugedomains.com,121 293 4381
Adrien,Hargreave,Male,ahargreave4g@ox.ac.uk,236 456 4379
Hobie,Roads,Male,hroads4h@google.pl,460 529 0077
Gaby,Londsdale,Male,glondsdale4i@opensource.org,747 270 1034
Shannan,Thebe,Male,sthebe4j@com.com,401 740 7753
Waite,Clancy,Male,wclancy4k@cbsnews.com,704 983 5961
Quintin,Liddicoat,Male,qliddicoat4l@businessinsider.com,630 522 9231
Augustine,Atterbury,Male,aatterbury4m@vistaprint.com,359 683 5036
Leeann,Enderwick,Female,lenderwick4n@acquirethisname.com,206 666 3793
Maribeth,Swanne,Non-binary,mswanne4o@sbwire.com,583 374 6726
Sascha,Ingle,Male,single4p@army.mil,744 927 8427
Adan,Dobinson,Female,adobinson4q@reddit.com,106 634 4234
Stephanus,Buffy,Male,sbuffy4r@ifeng.com,527 320 1556
Bill,Calcott,Male,bcalcott4s@washington.edu,258 775 2777
Mortie,Stickel,Male,mstickel4t@wordpress.org,692 737 9540
Corney,Mongin,Male,cmongin4u@merriam-webster.com,381 817 6854
Bernardo,Kilpatrick,Male,bkilpatrick4v@cocolog-nifty.com,756 771 5823
Gaven,Heaysman,Male,gheaysman4w@bizjournals.com,514 342 7673
Rori,Dibnah,Female,rdibnah4x@zdnet.com,549 500 1970
Isidora,Spadotto,Genderqueer,ispadotto4y@theatlantic.com,662 957 3904
Englebert,Perrone,Male,eperrone4z@myspace.com,403 541 0710
Mordy,Grazier,Male,mgrazier50@youtube.com,203 381 0778
Ethelred,Francey,Male,efrancey51@blogs.com,652 679 5719
Christean,Kobiela,Female,ckobiela52@devhub.com,562 561 5970
Sheffield,Skelhorn,Male,sskelhorn53@google.co.jp,215 453 3022
Verla,Brayshay,Female,vbrayshay54@ustream.tv,103 466 0415
Von,Loxston,Male,vloxston55@clickbank.net,458 269 5298
Ariel,Rival,Female,arival56@howstuffworks.com,811 878 8470
Doro,Rowett,Female,drowett57@dropbox.com,661 550 6012
Adolphus,Killik,Male,akillik58@google.com,686 443 1317
Maddie,Spivie,Female,mspivie59@reddit.com,228 882 9998
Hunter,Olexa,Male,holexa5a@admin.ch,403 830 7531
Salomi,Coles,Female,scoles5b@networkadvertising.org,474 455 0545
Lesley,Ferronier,Female,lferronier5c@typepad.com,715 993 9400
Phineas,Prinnett,Male,pprinnett5d@amazonaws.com,101 587 7917
Margareta,Petrasch,Female,mpetrasch5e@hexun.com,496 553 9681
Johny,Macartney,Male,jmacartney5f@sogou.com,774 199 9369
Troy,Kellet,Male,tkellet5g@tiny.cc,993 749 7351
Ainsley,Skrine,Female,askrine5h@disqus.com,455 414 2109
Janot,Waddup,Non-binary,jwaddup5i@bloglines.com,714 542 7920
Alessandro,Ochterlony,Male,aochterlony5j@sbwire.com,206 112 3728
Alfie,Archdeacon,Genderqueer,aarchdeacon5k@weather.com,815 149 3114
Ricard,Soden,Male,rsoden5l@seattletimes.com,355 168 0430
Mitchell,Kinver,Male,mkinver5m@example.com,777 624 0795
Hammad,Figiovanni,Male,hfigiovanni5n@nasa.gov,582 198 9503
Cal,Ortet,Female,cortet5o@ted.com,810 372 9514
Janeta,Riddlesden,Female,jriddlesden5p@nasa.gov,217 815 8009
Shellie,Disbrow,Female,sdisbrow5q@mozilla.org,704 320 1500
Ugo,Mussard,Male,umussard5r@bing.com,396 790 7746
Alphard,Camellini,Male,acamellini5s@huffingtonpost.com,796 129 6190
Yetty,Leinster,Female,yleinster5t@ox.ac.uk,697 301 6824
Malachi,Berrington,Male,mberrington5u@time.com,141 177 7214
Portie,Albers,Male,palbers5v@devhub.com,620 260 5563
Averill,Franzonello,Male,afranzonello5w@google.co.uk,424 977 1177
Godard,Pulman,Male,gpulman5x@seesaa.net,515 446 2390
Saunder,Drillingcourt,Bigender,sdrillingcourt5y@engadget.com,252 656 7251
Erin,Bewlie,Female,ebewlie5z@usda.gov,238 755 4469
Bogey,Carlino,Male,bcarlino60@wufoo.com,451 838 4335
Grace,Aird,Female,gaird61@usa.gov,586 776 5415
Ernesta,O'Corrigane,Female,eocorrigane62@sun.com,177 812 5774
Mada,Di Pietro,Female,mdipietro63@lycos.com,467 545 4498
Brittney,Kinsett,Female,bkinsett64@taobao.com,982 190 6260
Doria,Dobrowolski,Agender,ddobrowolski65@discovery.com,355 875 5420
Hart,Stoak,Male,hstoak66@examiner.com,979 351 4738
Tann,Brogan,Male,tbrogan67@reddit.com,286 455 7006
Trenna,Collar,Female,tcollar68@1und1.de,600 350 1172
Salem,Falconer-Taylor,Male,sfalconertaylor69@feedburner.com,143 257 0813
Kamilah,Housam,Female,khousam6a@mapquest.com,266 620 4982
Alic,Scammell,Male,ascammell6b@blinklist.com,302 135 1090
Alexi,Attack,Female,aattack6c@deliciousdays.com,154 702 4316
Zora,Abelov,Female,zabelov6d@1688.com,972 819 0993
Melvyn,Jewett,Male,mjewett6e@netlog.com,147 251 0597
Sandra,Brandolini,Polygender,sbrandolini6f@weather.com,479 231 4963
Victoir,Poles,Male,vpoles6g@stanford.edu,305 710 9628
Les,Bridgestock,Male,lbridgestock6h@google.com.br,540 128 0939
Shelagh,Pearton,Female,spearton6i@typepad.com,312 585 1460
Jamesy,O'Deoran,Male,jodeoran6j@github.com,894 333 5610
Kimbra,Averies,Female,kaveries6k@utexas.edu,738 296 1383
Jessa,Muneely,Female,jmuneely6l@hugedomains.com,857 712 5147
Noemi,Boschmann,Female,nboschmann6m@home.pl,877 402 7571
Tiffy,Keyser,Female,tkeyser6n@si.edu,454 811 2979
Maire,Gaythwaite,Female,mgaythwaite6o@clickbank.net,470 648 1195
Grange,Goff,Male,ggoff6p@oracle.com,170 771 6050
Eric,Readwood,Male,ereadwood6q@howstuffworks.com,744 975 5995
Broderic,Touzey,Non-binary,btouzey6r@home.pl,356 684 1141
Hettie,Guilaem,Female,hguilaem6s@nps.gov,748 459 1807
June,Piwall,Female,jpiwall6t@irs.gov,244 646 2363
Ira,McFetrich,Genderqueer,imcfetrich6u@technorati.com,658 230 4609
Brien,Patton,Male,bpatton6v@slashdot.org,209 896 4148
Elwyn,Rodell,Male,erodell6w@flickr.com,239 311 0410
Brandice,Littleton,Agender,blittleton6x@angelfire.com,745 120 0713
Carmelina,Francke,Female,cfrancke6y@buzzfeed.com,977 115 0465
Willdon,Cheyney,Male,wcheyney6z@bloglovin.com,857 436 4831
Carolynn,Albinson,Polygender,calbinson70@miibeian.gov.cn,951 973 4152
Lizzie,Bashford,Female,lbashford71@wsj.com,678 348 3227
Odey,Jeffcock,Male,ojeffcock72@umich.edu,165 900 7138
Ailyn,Bartos,Female,abartos73@blinklist.com,995 730 5772
Beck,Walshaw,Male,bwalshaw74@ebay.co.uk,636 108 8925
Noland,Lawlan,Male,nlawlan75@php.net,943 734 9483
Dorey,Klimushev,Male,dklimushev76@hibu.com,694 256 8703
Sayre,Shankland,Female,sshankland77@biblegateway.com,766 879 5987
Lon,Joannet,Male,ljoannet78@wsj.com,203 561 4590
Symon,Geoghegan,Male,sgeoghegan79@deviantart.com,926 211 8012
Engelbert,Ganniclifft,Genderqueer,eganniclifft7a@google.com.au,695 768 9819
Cathie,Jubert,Female,cjubert7b@npr.org,313 668 0096
Mikel,Krauss,Male,mkrauss7c@cnbc.com,798 392 2681
Linette,Humphery,Female,lhumphery7d@lycos.com,952 516 0595
Levy,Possell,Male,lpossell7e@sohu.com,561 186 9492
Nikos,Drysdell,Male,ndrysdell7f@ca.gov,900 588 5184
Emlen,McQuode,Male,emcquode7g@paginegialle.it,794 518 7663
Kenneth,Hunday,Male,khunday7h@ovh.net,650 919 2120
Claudio,Matuszak,Male,cmatuszak7i@mozilla.com,669 666 7424
Allistir,Brandenburg,Male,abrandenburg7j@illinois.edu,463 114 9313
Perceval,Worham,Male,pworham7k@gmpg.org,706 650 8292
Erroll,Lethem,Male,elethem7l@virginia.edu,768 403 3599
Bertram,Basek,Male,bbasek7m@goo.gl,910 812 7279
Giorgia,Nattrass,Non-binary,gnattrass7n@patch.com,420 879 6097
Becca,Esom,Genderqueer,besom7o@omniture.com,697 903 3478
Morty,Rickets,Male,mrickets7p@apache.org,745 551 6167
Alikee,Housen,Female,ahousen7q@tripod.com,214 338 8554
Emmy,Bullene,Male,ebullene7r@nasa.gov,450 482 3573
Yoshiko,Pietroni,Female,ypietroni7s@fc2.com,676 358 4438
Rich,Ramsdell,Male,rramsdell7t@php.net,522 768 6195
Wilone,Kahler,Female,wkahler7u@cargocollective.com,162 657 1230
Drusy,Rewbottom,Female,drewbottom7v@huffingtonpost.com,347 852 2951
Aviva,Haslehurst,Female,ahaslehurst7w@spotify.com,751 303 2690
Jany,Whybray,Agender,jwhybray7x@microsoft.com,191 749 8313
Barry,Cowterd,Male,bcowterd7y@fotki.com,201 168 4737
Atalanta,Baldrick,Female,abaldrick7z@psu.edu,393 266 3828
Corette,Shepherdson,Female,cshepherdson80@constantcontact.com,295 759 1427
Natal,Blackway,Male,nblackway81@macromedia.com,643 858 8983
Starlin,Taffe,Genderqueer,staffe82@google.es,323 332 1221
Stepha,Kiessel,Female,skiessel83@dailymotion.com,823 724 8590
Carolyne,Robillart,Female,crobillart84@rambler.ru,665 628 6989
Sandy,Francis,Male,sfrancis85@geocities.com,334 318 4150
Elliot,Martugin,Polygender,emartugin86@adobe.com,359 527 7739
Ashton,Spirit,Male,aspirit87@cafepress.com,390 631 3424
Guinevere,Flux,Female,gflux88@sakura.ne.jp,924 428 6702
Roddy,Goodlet,Male,rgoodlet89@upenn.edu,684 209 2332
Any,Warden,Male,awarden8a@phpbb.com,269 965 7067
Douglass,Anwyl,Male,danwyl8b@nba.com,604 209 4546
Melisent,Keogh,Female,mkeogh8c@acquirethisname.com,291 751 7297
Gena,McAlister,Female,gmcalister8d@ox.ac.uk,282 480 8692
Eleni,Raggatt,Female,eraggatt8e@fc2.com,952 904 9726
Goldi,Witherup,Female,gwitherup8f@sphinn.com,770 668 3777
Andy,Whatsize,Male,awhatsize8g@stanford.edu,476 461 1905
Abramo,Aynscombe,Male,aaynscombe8h@g.co,905 822 9856
Gelya,Digwood,Female,gdigwood8i@gnu.org,510 588 8283
Iorgos,Allmann,Male,iallmann8j@java.com,992 924 9771
Drugi,Faughny,Male,dfaughny8k@umn.edu,999 646 8021
Karole,Smissen,Female,ksmissen8l@google.fr,148 717 1958
Mervin,Pingstone,Male,mpingstone8m@storify.com,447 815 7898
Kimberlee,Van der Veldt,Female,kvanderveldt8n@slate.com,188 485 7682
Karyl,Melding,Female,kmelding8o@yelp.com,881 616 8577
Cordy,Staunton,Male,cstaunton8p@biblegateway.com,619 387 0683
Anna-diane,Conisbee,Female,aconisbee8q@webnode.com,819 738 7438
Godart,Stoite,Male,gstoite8r@clickbank.net,559 508 3936
Rhianon,Philpault,Female,rphilpault8s@list-manage.com,925 929 2574
Freddie,Rudderham,Female,frudderham8t@weibo.com,434 422 2739
Renard,Sowthcote,Male,rsowthcote8u@icio.us,977 499 8181
Adrian,Peniello,Male,apeniello8v@tripod.com,797 468 3875
Tony,Ellard,Polygender,tellard8w@cnn.com,571 851 8727
Dur,Gookey,Male,dgookey8x@opensource.org,685 380 2204
Barbra,Silverthorn,Female,bsilverthorn8y@hud.gov,120 606 0079
Thaddus,Filby,Male,tfilby8z@gravatar.com,488 820 6586
Julio,Bushaway,Male,jbushaway90@barnesandnoble.com,455 179 3725
Terese,Becke,Female,tbecke91@mysql.com,604 769 9853
Leela,Hullin,Female,lhullin92@house.gov,584 590 7531
Cointon,Vanyutin,Male,cvanyutin93@irs.gov,734 143 8359
Bartolemo,Cotty,Male,bcotty94@kickstarter.com,641 765 0563
Corbin,Veque,Male,cveque95@mail.ru,891 608 6193
Pollyanna,Tincombe,Female,ptincombe96@newyorker.com,459 952 4067
Adrea,Satterley,Female,asatterley97@bloglovin.com,537 566 8891
Lewie,Broyd,Male,lbroyd98@trellian.com,818 133 5254
Kevina,Hamson,Female,khamson99@google.nl,105 114 5343
Tomi,Kurten,Female,tkurten9a@who.int,735 934 2310
Karel,Sayward,Male,ksayward9b@wikimedia.org,254 585 1389
Neal,Statter,Bigender,nstatter9c@pcworld.com,583 287 2864
Culver,Simeon,Male,csimeon9d@yahoo.com,602 305 9156
Phillis,Ballance,Female,pballance9e@mediafire.com,732 449 6632
Junia,Cessford,Female,jcessford9f@mozilla.com,792 208 3608
Shell,Feige,Bigender,sfeige9g@mit.edu,404 926 8555
Boone,Ashbe,Male,bashbe9h@abc.net.au,366 507 9195
Arne,Cheal,Male,acheal9i@instagram.com,195 579 7098
Jen,Wadsworth,Female,jwadsworth9j@webmd.com,197 180 2637
Corty,Roberds,Male,croberds9k@icio.us,883 845 6413
Pierce,Studdert,Male,pstuddert9l@ebay.com,864 930 0314
Horton,Gallone,Male,hgallone9m@home.pl,993 941 4028
Wylie,Cridland,Male,wcridland9n@washington.edu,153 783 4250
Briant,Leadbeater,Male,bleadbeater9o@mayoclinic.com,664 858 5834
Inglebert,Gommey,Male,igommey9p@indiegogo.com,905 882 7569
Marnia,Bayston,Female,mbayston9q@usgs.gov,124 977 8479
Mart,Fenwick,Male,mfenwick9r@liveinternet.ru,935 628 2575
Jermain,Simoni,Male,jsimoni9s@japanpost.jp,532 198 7743
Avis,Domleo,Agender,adomleo9t@plala.or.jp,308 969 6727
Clevey,Simons,Male,csimons9u@canalblog.com,563 200 4367
Judie,Style,Female,jstyle9v@ow.ly,140 831 3389
Lionello,Gowler,Male,lgowler9w@google.co.uk,709 348 7122
Keir,Delacourt,Male,kdelacourt9x@weibo.com,208 612 2786
Cathy,Pickerill,Non-binary,cpickerill9y@uol.com.br,566 732 8225
Winnah,Broadley,Female,wbroadley9z@mapquest.com,854 925 3733
Corey,Bluett,Male,cbluetta0@eventbrite.com,712 624 3720
Cass,Ronald,Male,cronalda1@irs.gov,960 781 9182
Johnette,Plett,Female,jpletta2@unicef.org,299 710 6915
Alaster,Coggen,Male,acoggena3@imdb.com,895 805 0874
Melisa,Mulderrig,Female,mmulderriga4@google.ca,884 959 4654
Gisele,Whitwham,Genderfluid,gwhitwhama5@slate.com,108 285 6029
Meta,Pole,Female,mpolea6@deviantart.com,963 321 7076
Jamey,Milam,Male,jmilama7@icio.us,524 986 4021
Sherman,Wyborn,Male,swyborna8@pcworld.com,873 133 2638
Hannah,Kristof,Female,hkristofa9@stanford.edu,696 308 5678
Marsiella,Sheer,Female,msheeraa@unblog.fr,267 475 3595
Hayyim,Becket,Male,hbecketab@people.com.cn,179 923 6132
Pedro,Meenehan,Genderqueer,pmeenehanac@geocities.jp,671 392 6076
Albertina,MacGilmartin,Female,amacgilmartinad@ifeng.com,611 419 9064
Jo,Bagehot,Female,jbagehotae@examiner.com,794 803 1935
Sonni,Rizzini,Female,srizziniaf@dropbox.com,330 652 5427
Bayard,Legerton,Male,blegertonag@blogger.com,216 708 4647
Tuck,Busch,Bigender,tbuschah@trellian.com,779 301 2170
Dewie,Hanvey,Male,dhanveyai@discuz.net,868 319 8025
Jessamine,Chidgey,Female,jchidgeyaj@homestead.com,719 434 5080
Phaidra,Marre,Female,pmarreak@reference.com,385 610 1066
Jillane,Beckerleg,Female,jbeckerlegal@flavors.me,606 120 9401
Veradis,Robelin,Female,vrobelinam@so-net.ne.jp,476 399 1980
Dud,Yosifov,Male,dyosifovan@sogou.com,845 501 8172
Ned,Bleue,Male,nbleueao@illinois.edu,573 846 4338
Ike,Hutchcraft,Male,ihutchcraftap@va.gov,282 785 2014
Connie,Hedgeley,Female,chedgeleyaq@nhs.uk,681 121 2317
Tony,Gillbe,Bigender,tgillbear@gravatar.com,644 655 1285
Barrett,Cridlon,Male,bcridlonas@geocities.jp,290 403 6241
Kacy,Dymock,Female,kdymockat@tamu.edu,938 803 0825
Candida,Kadwallider,Female,ckadwalliderau@ft.com,161 755 3474
Freda,Mountlow,Female,fmountlowav@sina.com.cn,497 803 7794
Farlee,Trainor,Male,ftrainoraw@census.gov,508 527 6825
Roxanne,Ridehalgh,Female,rridehalghax@miitbeian.gov.cn,816 361 7737
Liza,Simonassi,Female,lsimonassiay@elpais.com,251 120 6268
Kali,Stickels,Female,kstickelsaz@booking.com,726 844 1520
Clerkclaude,Skerman,Bigender,cskermanb0@photobucket.com,424 723 0805
Joelie,Ather,Female,jatherb1@gravatar.com,496 709 6363
Noelyn,Hayter,Female,nhayterb2@acquirethisname.com,579 803 9482
Sharity,Crowhurst,Female,scrowhurstb3@tripadvisor.com,252 569 6499
Myrilla,Caudrelier,Female,mcaudrelierb4@state.gov,172 608 1063
Melisse,Rowbottom,Female,mrowbottomb5@t.co,410 767 7920
Bruce,Cyson,Male,bcysonb6@angelfire.com,647 581 5546
Dew,Spary,Male,dsparyb7@eventbrite.com,763 827 2873
Basilius,Baptie,Male,bbaptieb8@php.net,843 116 6268
Adara,Argo,Female,aargob9@meetup.com,215 903 5307
Sioux,Urry,Polygender,surryba@free.fr,740 230 5724
Artemas,Balentyne,Male,abalentynebb@mtv.com,714 258 8658
Norry,Fawckner,Male,nfawcknerbc@independent.co.uk,466 370 6080
Koressa,Rentcome,Agender,krentcomebd@stanford.edu,484 327 9124
Salome,Parris,Female,sparrisbe@ft.com,251 586 9615
Aprilette,Holyland,Female,aholylandbf@businessinsider.com,401 872 3696
Royal,Vile,Male,rvilebg@webmd.com,745 349 6353
Herschel,Readitt,Bigender,hreadittbh@buzzfeed.com,910 819 2133
Lyn,MacShane,Female,lmacshanebi@telegraph.co.uk,859 510 7130
Ian,Tilling,Male,itillingbj@prweb.com,427 711 0484
Rudolf,Barstock,Male,rbarstockbk@shutterfly.com,434 835 3727
Ailyn,Farnsworth,Female,afarnsworthbl@state.gov,277 282 1398
Doti,O'Cannon,Female,docannonbm@abc.net.au,377 528 1125
Joli,Castellanos,Female,jcastellanosbn@newsvine.com,323 315 9850
Kati,Armstead,Female,karmsteadbo@t.co,952 561 0152
Kyle,Pestell,Female,kpestellbp@163.com,719 263 5333
Kain,Boule,Male,kboulebq@fastcompany.com,119 326 0609
Annalee,Arson,Female,aarsonbr@ebay.co.uk,518 368 4972
Cathryn,Batrip,Female,cbatripbs@uiuc.edu,921 159 3047
Fran,MacHostie,Bigender,fmachostiebt@addtoany.com,533 494 0710
Corilla,Barfoot,Female,cbarfootbu@squarespace.com,852 924 1127
Kally,Cardozo,Female,kcardozobv@ucsd.edu,815 546 6617
Any,Gergus,Male,agergusbw@soundcloud.com,156 756 4459
Stafani,Orrick,Female,sorrickbx@cloudflare.com,257 278 5480
Arin,Southward,Male,asouthwardby@fc2.com,905 742 8774
Hazel,Truelock,Male,htruelockbz@icio.us,840 791 1403
Claude,Cargo,Female,ccargoc0@gizmodo.com,708 714 0932
Dee dee,Burner,Female,dburnerc1@feedburner.com,459 686 7297
Jermaine,Gutman,Male,jgutmanc2@multiply.com,951 984 7223
Dewie,Eldritt,Male,deldrittc3@over-blog.com,112 872 3078
Donna,Di Roberto,Female,ddirobertoc4@thetimes.co.uk,951 767 2196
Rona,Carus,Female,rcarusc5@amazon.co.uk,402 610 3599
Gabriellia,Gariff,Female,ggariffc6@bluehost.com,802 617 5507
Bonny,Clapston,Female,bclapstonc7@reference.com,847 536 7024
Devondra,Dredge,Female,ddredgec8@pbs.org,718 177 5850
Ty,Van Halle,Male,tvanhallec9@mapquest.com,926 722 6210
Queenie,Doughtery,Female,qdoughteryca@virginia.edu,536 312 3918
Gabe,Dudbridge,Male,gdudbridgecb@github.com,281 435 8696
Miles,Bower,Male,mbowercc@prlog.org,140 951 1663
Gale,Plackstone,Female,gplackstonecd@va.gov,864 173 7409
Sander,Creevy,Male,screevyce@ucsd.edu,235 860 4064
Vitoria,Akroyd,Female,vakroydcf@flavors.me,477 711 8638
Sibylle,Late,Female,slatecg@cocolog-nifty.com,408 840 3366
Auguste,Monketon,Female,amonketonch@live.com,260 364 6097
Ignacio,Nyssens,Male,inyssensci@over-blog.com,947 918 7057
Lisette,Febry,Female,lfebrycj@amazonaws.com,713 948 6609
Kane,Bullingham,Male,kbullinghamck@tumblr.com,704 293 8449
Oran,Murphey,Male,omurpheycl@skype.com,504 654 7316
Nicole,Rapelli,Female,nrapellicm@bizjournals.com,805 344 7426
Bambie,Midgely,Female,bmidgelycn@is.gd,758 429 1236
Eduino,Knapp,Male,eknappco@reverbnation.com,732 248 1996
Hamlin,Stienham,Male,hstienhamcp@salon.com,811 258 1924
Bertha,Ceschi,Female,bceschicq@photobucket.com,684 175 7698
Niven,Antonik,Genderqueer,nantonikcr@acquirethisname.com,414 255 6437
Vince,Noweak,Male,vnoweakcs@apache.org,156 942 0852
Fairlie,Millett,Non-binary,fmillettct@wikia.com,669 876 8873
Sheffie,Pearn,Male,spearncu@digg.com,127 650 0921
Bunnie,Tiler,Agender,btilercv@icio.us,844 115 8429
Teresa,Semiras,Female,tsemirascw@yellowbook.com,402 352 2015
Dino,Rainy,Male,drainycx@nhs.uk,689 580 3356
Mitchel,Camellini,Male,mcamellinicy@salon.com,319 323 3187
Agna,Paolo,Female,apaolocz@fda.gov,389 377 8178
Megen,Callis,Female,mcallisd0@drupal.org,388 721 4533
Luca,Romme,Male,lrommed1@woothemes.com,829 345 4962
Jereme,Baudins,Male,jbaudinsd2@marriott.com,434 892 6704
Duffy,Wilds,Male,dwildsd3@usa.gov,835 394 0512
Stern,Perview,Male,sperviewd4@army.mil,744 770 9101
Roddy,Rupke,Male,rrupked5@nationalgeographic.com,769 340 2341
Mord,Quail,Male,mquaild6@marketwatch.com,401 481 3348
Roy,Kender,Male,rkenderd7@1688.com,273 117 2147
Boone,Catherick,Male,bcatherickd8@netvibes.com,152 351 8398
Katusha,Doumer,Female,kdoumerd9@usgs.gov,881 499 9641
Hortense,Branthwaite,Female,hbranthwaiteda@addthis.com,763 325 0357
Ellis,Blanch,Male,eblanchdb@shutterfly.com,819 211 4295
Nefen,Prowse,Male,nprowsedc@bloglovin.com,610 783 7028
Trevar,Risom,Male,trisomdd@cloudflare.com,490 873 8182
Siegfried,Goodwell,Male,sgoodwellde@china.com.cn,859 885 5452
Perri,Lethabridge,Female,plethabridgedf@merriam-webster.com,174 416 9126
Dorelia,Brickham,Female,dbrickhamdg@aol.com,426 752 1537
Jenni,Tranmer,Female,jtranmerdh@hexun.com,633 975 3749
Nikolia,Shingfield,Genderqueer,nshingfielddi@so-net.ne.jp,747 651 1620
Valina,O'Nowlan,Female,vonowlandj@harvard.edu,315 469 7613
Reynolds,Stainer,Male,rstainerdk@sfgate.com,428 913 9860
Jenni,Woolhouse,Female,jwoolhousedl@rakuten.co.jp,637 787 4526
Daryl,Tremblett,Male,dtremblettdm@google.co.uk,701 820 5854
Idette,Sinncock,Female,isinncockdn@wired.com,188 480 7330
Coriss,Buscher,Female,cbuscherdo@usa.gov,310 519 8319
Thekla,Jina,Female,tjinadp@amazon.co.jp,434 413 9810
Julissa,Holehouse,Female,jholehousedq@irs.gov,285 255 3326
Otis,Shill,Male,oshilldr@npr.org,160 391 6342
Vivie,Snoddy,Female,vsnoddyds@redcross.org,968 108 4168
Kip,Mitkin,Female,kmitkindt@linkedin.com,188 915 1493
Birk,Tallis,Male,btallisdu@discovery.com,828 637 5980
Selinda,Beven,Female,sbevendv@sciencedaily.com,834 279 4546
Ewan,Riddeough,Non-binary,eriddeoughdw@narod.ru,828 898 8002
Kinsley,Brislen,Male,kbrislendx@bravesites.com,967 956 9029
Veronica,Selwood,Female,vselwooddy@e-recht24.de,146 669 7849
Jessee,Tomasian,Male,jtomasiandz@behance.net,903 550 9676
Mireille,Coveley,Female,mcoveleye0@washingtonpost.com,795 112 5497
Elisa,Truluck,Female,etrulucke1@earthlink.net,667 549 6601
Briano,Searle,Male,bsearlee2@dedecms.com,186 980 7672
Brnaby,Weyman,Male,bweymane3@blogs.com,678 825 0943
Sonnie,Chettle,Female,schettlee4@gov.uk,793 563 8446
Zack,Keppy,Male,zkeppye5@hugedomains.com,405 614 8622
Selia,Mullenger,Female,smullengere6@census.gov,813 758 1366
Joshua,Hattoe,Male,jhattoee7@bigcartel.com,890 113 8663
Arlyne,Gyrgorwicx,Female,agyrgorwicxe8@xinhuanet.com,341 129 4416
Rob,Gaspero,Male,rgasperoe9@hatena.ne.jp,554 645 8316
Alwin,Peakman,Male,apeakmanea@blogs.com,630 484 7628
Gallard,Threadgall,Male,gthreadgalleb@europa.eu,549 822 1253
Bobina,Aguilar,Female,baguilarec@1und1.de,925 397 7602
Breanne,Blackader,Female,bblackadered@mysql.com,151 780 6356
Giffard,Pettie,Male,gpettieee@alexa.com,686 553 8833
Aubrette,Carlon,Genderfluid,acarlonef@smugmug.com,449 802 6157
Jerrold,Kasper,Male,jkaspereg@desdev.cn,847 501 2983
Valentino,Peschke,Male,vpeschkeeh@nba.com,939 476 0548
Stephana,Furlow,Female,sfurlowei@fc2.com,153 651 4412
Tad,Jeays,Male,tjeaysej@phoca.cz,408 886 5192
Selby,Pleavin,Male,spleavinek@google.es,289 884 4852
Jordanna,Champion,Female,jchampionel@yellowbook.com,458 807 3468
Gennifer,Morriarty,Female,gmorriartyem@tripadvisor.com,163 750 1795
Brooks,Rivalland,Genderqueer,brivallanden@amazon.co.uk,537 306 4957
Hephzibah,Lawson,Female,hlawsoneo@wikimedia.org,466 785 2901
Towny,Lawn,Genderqueer,tlawnep@last.fm,556 628 7377
Todd,Patriskson,Male,tpatrisksoneq@etsy.com,223 645 0800
Enid,Kybert,Female,ekyberter@a8.net,902 203 4646
Dallis,Staggs,Male,dstaggses@cbc.ca,975 547 7627
Stephana,Kasting,Bigender,skastinget@dedecms.com,439 680 9885
Barbaraanne,Jacquot,Female,bjacquoteu@virginia.edu,619 513 2200
Connor,Futter,Male,cfutterev@cdbaby.com,292 987 7147
Jacques,Caff,Male,jcaffew@etsy.com,733 882 5435
Andris,Gaggen,Male,agaggenex@cdc.gov,707 801 2691
Sargent,Kington,Male,skingtoney@symantec.com,453 484 0443
Hermine,Shorey,Genderfluid,hshoreyez@census.gov,256 459 0237
Leo,Gaukroger,Male,lgaukrogerf0@gizmodo.com,191 301 9811
Georgeanne,Ashbee,Female,gashbeef1@nyu.edu,119 782 8831
Judon,Bullent,Male,jbullentf2@ucoz.com,179 364 8010
Olva,Jaukovic,Agender,ojaukovicf3@answers.com,982 317 2761
Sibyl,Pendlebery,Male,spendleberyf4@ebay.com,597 391 0358
Nedda,Yu,Female,nyuf5@nasa.gov,697 828 6448
Flin,Larret,Male,flarretf6@nps.gov,945 907 4545
Matt,Eskriet,Male,meskrietf7@shinystat.com,479 836 2431
Andree,Ferraro,Female,aferrarof8@newyorker.com,692 414 6904
Izzy,Keaton,Male,ikeatonf9@wikia.com,833 767 0722
Sigismond,Glewe,Male,sglewefa@pagesperso-orange.fr,271 152 8515
Lowrance,Antao,Male,lantaofb@springer.com,411 721 7247
Jozef,Landsborough,Male,jlandsboroughfc@sun.com,276 440 5800
Spense,Henrot,Male,shenrotfd@mtv.com,208 613 0382
Mabelle,Knevet,Female,mknevetfe@printfriendly.com,174 855 4188
Bethanne,Flay,Female,bflayff@linkedin.com,497 614 2152
Sasha,Cattellion,Male,scattellionfg@mail.ru,762 510 0595
Farly,Bramford,Male,fbramfordfh@mapy.cz,656 593 1672
Elisha,Drage,Female,edragefi@wisc.edu,403 872 4938
Aldridge,De Paoli,Male,adepaolifj@indiegogo.com,247 266 0701
Kurt,Lumb,Male,klumbfk@123-reg.co.uk,652 333 0991
Cori,O'Gormally,Female,cogormallyfl@kickstarter.com,905 386 6330
Leonora,Skippings,Female,lskippingsfm@delicious.com,651 243 7430
Petra,Minmagh,Female,pminmaghfn@mail.ru,299 685 3826
Jarad,Spurnier,Male,jspurnierfo@redcross.org,714 419 9678
Bobina,Martygin,Female,bmartyginfp@furl.net,887 862 8351
Grethel,Pendle,Female,gpendlefq@com.com,606 324 4905
Rosette,Corradi,Female,rcorradifr@msn.com,947 188 7383
Peta,Tocqueville,Female,ptocquevillefs@pinterest.com,870 734 5228
Dana,Vaughn,Male,dvaughnft@desdev.cn,609 814 7995
Ronni,Maass,Female,rmaassfu@soup.io,544 104 1396
Lin,Spridgeon,Female,lspridgeonfv@123-reg.co.uk,359 964 7236
Krystalle,Dekeyser,Female,kdekeyserfw@twitpic.com,314 413 3151
Raul,Parman,Agender,rparmanfx@wsj.com,320 846 2765
Glory,Fibbens,Female,gfibbensfy@google.com.hk,418 254 7254
Merwyn,Toohey,Male,mtooheyfz@tuttocitta.it,380 953 4297
Baryram,Caseri,Male,bcaserig0@tmall.com,107 585 3026
Ailene,Hatherall,Female,ahatherallg1@comsenz.com,740 788 1993
Devlin,Cressy,Male,dcressyg2@php.net,389 597 9240
Sal,Folger,Male,sfolgerg3@woothemes.com,453 564 7620
Modestine,Watchorn,Female,mwatchorng4@diigo.com,526 916 8719
Thomasine,Nashe,Female,tnasheg5@wired.com,807 129 5297
Reinaldo,Bessell,Male,rbessellg6@msn.com,984 392 3888
Meghan,Lowles,Female,mlowlesg7@nasa.gov,613 108 2896
Amargo,Rabley,Female,arableyg8@youtu.be,673 198 5576
Rosina,Garthside,Female,rgarthsideg9@flavors.me,784 743 7570
Scarlett,Rigden,Female,srigdenga@ox.ac.uk,696 315 5157
Helyn,Fernier,Female,hferniergb@sitemeter.com,239 283 2623
Myrtice,Symmers,Female,msymmersgc@omniture.com,889 704 7863
Anastassia,Dewett,Female,adewettgd@eventbrite.com,172 845 6615
Constantin,Lambricht,Male,clambrichtge@zimbio.com,109 653 5765
Codie,Scouse,Male,cscousegf@google.co.uk,939 307 6086
Arne,Chislett,Agender,achislettgg@networksolutions.com,205 697 3560
Rivalee,Brisse,Female,rbrissegh@google.nl,291 733 9160
Dominga,Stoate,Female,dstoategi@telegraph.co.uk,766 167 2630
Franni,Davydzenko,Polygender,fdavydzenkogj@wp.com,972 849 2165
Ardra,Camlin,Female,acamlingk@house.gov,685 224 0374
Denney,Matushevich,Male,dmatushevichgl@about.com,658 376 1696
Virgie,Luckin,Male,vluckingm@senate.gov,367 358 3974
Hewett,Copper,Male,hcoppergn@wordpress.org,961 209 5198
Mohammed,Abramski,Male,mabramskigo@deviantart.com,656 588 8143
Zach,Thireau,Male,zthireaugp@hugedomains.com,299 183 7710
Raynell,Goodlake,Female,rgoodlakegq@apple.com,698 866 0978
Brade,Lovejoy,Male,blovejoygr@discuz.net,785 393 9768
Parke,Biasotti,Male,pbiasottigs@indiatimes.com,129 306 8876
Arie,Gerlts,Bigender,agerltsgt@moonfruit.com,334 880 8085
Parrnell,Jozsika,Male,pjozsikagu@apple.com,567 765 3267
Enrichetta,Hurley,Female,ehurleygv@omniture.com,424 325 7112
Iolande,Chown,Female,ichowngw@behance.net,637 478 1623
Raimund,Mattioni,Male,rmattionigx@virginia.edu,772 683 9267
Tyrus,Le Estut,Male,tleestutgy@nytimes.com,287 603 3652
Mychal,Cristoforo,Male,mcristoforogz@ca.gov,797 667 8100
Morena,Ledger,Female,mledgerh0@unc.edu,766 895 6053
Lamont,Cuerdall,Male,lcuerdallh1@linkedin.com,244 391 7212
Hervey,Deware,Male,hdewareh2@discuz.net,265 483 0323
Chantal,Curnick,Female,ccurnickh3@github.io,439 875 6523
Nalani,Woodnutt,Female,nwoodnutth4@ucoz.com,708 878 1635
Lexine,Chazotte,Female,lchazotteh5@is.gd,700 337 5924
Maureen,MacKill,Agender,mmackillh6@timesonline.co.uk,414 927 6353
Woody,Gilding,Agender,wgildingh7@friendfeed.com,511 908 2375
Jarrid,Paintain,Male,jpaintainh8@sfgate.com,365 685 4368
Aldon,Ciubutaro,Male,aciubutaroh9@woothemes.com,853 633 7698
Cirilo,Gabbatiss,Male,cgabbatissha@webnode.com,291 801 8764
Peterus,Matias,Male,pmatiashb@4shared.com,189 123 1247
Lothaire,Sharpus,Male,lsharpushc@list-manage.com,219 623 8870
Heriberto,Furness,Male,hfurnesshd@sakura.ne.jp,178 101 4744
Waly,Alesio,Female,walesiohe@hud.gov,369 599 4939
Willette,Hardwick,Genderqueer,whardwickhf@comsenz.com,317 809 0003
Spenser,Kenwrick,Male,skenwrickhg@hc360.com,304 840 1787
Chic,Tuddall,Male,ctuddallhh@goodreads.com,742 911 3250
Saudra,Ciccetti,Female,sciccettihi@plala.or.jp,205 608 5551
Charleen,Whitman,Female,cwhitmanhj@spotify.com,265 833 3681
Sinclair,Glencrosche,Male,sglencroschehk@oaic.gov.au,829 789 1357
Aloise,Notman,Female,anotmanhl@360.cn,745 622 5520
Mellisa,Andras,Female,mandrashm@google.it,754 378 9818
Arte,McCool,Male,amccoolhn@woothemes.com,667 230 5640
Carlie,Chapier,Female,cchapierho@chicagotribune.com,316 610 7649
Clayborne,Leitche,Male,cleitchehp@miibeian.gov.cn,946 576 0454
Cate,Saulter,Female,csaulterhq@epa.gov,788 642 5079
Margalit,Founds,Female,mfoundshr@amazon.com,722 335 0801
Thorsten,Whapham,Male,twhaphamhs@dot.gov,859 625 6787
Patty,Winn,Male,pwinnht@mapquest.com,981 809 7594
Olivette,Ludovico,Female,oludovicohu@last.fm,425 200 4212
Jacquette,Irnys,Female,jirnyshv@google.de,787 114 5943
Gustave,Vuittet,Male,gvuittethw@economist.com,323 941 1077
Petra,Lax,Agender,plaxhx@phpbb.com,396 463 6837
Law,Cozens,Male,lcozenshy@fc2.com,613 676 2496
Reidar,Carss,Male,rcarsshz@miibeian.gov.cn,518 153 0073
Aubert,Kippling,Male,akipplingi0@ucoz.com,830 161 1238
Magda,Morrell,Female,mmorrelli1@cisco.com,491 373 9998
Megan,Piddick,Female,mpiddicki2@mail.ru,114 120 7162
Maren,Stirgess,Female,mstirgessi3@fda.gov,736 963 3358
Danell,Phillp,Female,dphillpi4@sitemeter.com,412 139 8939
Krispin,Augustine,Male,kaugustinei5@aol.com,762 780 3802
Caldwell,Jaycock,Male,cjaycocki6@nyu.edu,579 224 9092
Katrine,Richens,Female,krichensi7@purevolume.com,983 948 4516
Marsiella,Binford,Female,mbinfordi8@hud.gov,900 898 7234
Daphne,Scollard,Female,dscollardi9@indiatimes.com,813 715 6456
Mady,Ellsworthe,Female,mellswortheia@mysql.com,447 634 0622
Danie,Capelow,Male,dcapelowib@tumblr.com,802 226 6614
Vinny,McKeever,Male,vmckeeveric@jigsy.com,764 575 2132
Nadya,Trowl,Female,ntrowlid@ovh.net,913 801 9581
Claudius,Sebrook,Male,csebrookie@bloglovin.com,144 981 7933
Abagael,Mathewson,Female,amathewsonif@ovh.net,914 914 1720
Nye,Gates,Male,ngatesig@noaa.gov,162 730 7158
Renae,Tredwell,Female,rtredwellih@europa.eu,788 977 4015
Parry,Oddy,Genderfluid,poddyii@go.com,147 117 4754
Sid,Chapell,Non-binary,schapellij@deliciousdays.com,431 331 8693
Kincaid,Geaves,Male,kgeavesik@goodreads.com,390 847 8325
Dominik,Weatherby,Male,dweatherbyil@nationalgeographic.com,786 963 5251
Llywellyn,Tasseler,Male,ltasselerim@yolasite.com,671 834 6328
Rafa,Mellings,Female,rmellingsin@jugem.jp,152 380 7915
Aubrette,Chowne,Female,achowneio@amazon.co.uk,174 880 4577
Gweneth,Buchett,Female,gbuchettip@globo.com,221 645 1810
Thorsten,Studholme,Male,tstudholmeiq@jigsy.com,675 467 6796
Elihu,Truett,Male,etruettir@sciencedirect.com,156 585 1604
Emili,Dodworth,Female,edodworthis@goo.ne.jp,640 771 7972
Oren,Scrivinor,Male,oscrivinorit@shareasale.com,520 568 6113
Wyndham,Durante,Male,wduranteiu@bloglovin.com,933 529 5679
Antoine,Scrammage,Male,ascrammageiv@illinois.edu,979 353 0556
L;urette,Chastang,Female,lchastangiw@rediff.com,621 616 7702
Lee,Trueman,Polygender,ltruemanix@pcworld.com,281 262 8215
Silvana,de Mullett,Female,sdemullettiy@multiply.com,935 417 3039
Neale,Suermeiers,Male,nsuermeiersiz@princeton.edu,168 165 1462
Constantin,Rathbourne,Male,crathbournej0@dion.ne.jp,891 677 8835
Chane,Vanyakin,Male,cvanyakinj1@umn.edu,201 473 7655
Sauncho,Danilov,Male,sdanilovj2@creativecommons.org,837 905 7781
Lizette,De Ruel,Female,lderuelj3@twitter.com,632 193 8693
Carlee,Frankiss,Genderfluid,cfrankissj4@zimbio.com,263 522 1575
Adrian,Dwane,Male,adwanej5@shinystat.com,253 166 5345
Edythe,Conre,Female,econrej6@livejournal.com,261 305 0162
Domini,Joyce,Female,djoycej7@mysql.com,652 510 9514
Rockie,Apperley,Male,rapperleyj8@oakley.com,299 402 5999
Charleen,Kiely,Female,ckielyj9@github.com,917 695 9978
Falkner,Zoellner,Male,fzoellnerja@usda.gov,900 592 2596
Carlynn,Pablo,Female,cpablojb@tmall.com,807 825 2882
Reese,Bassham,Male,rbasshamjc@blog.com,634 467 5463
Ursola,Abramovitch,Female,uabramovitchjd@slideshare.net,739 487 4559
Jonathan,Jones,Male,jjonesje@vistaprint.com,152 520 5463
Bonny,Luisetti,Female,bluisettijf@nhs.uk,220 481 2130
Elvera,Paulsson,Female,epaulssonjg@oracle.com,875 258 8334
Puff,Pressman,Male,ppressmanjh@blinklist.com,503 653 0417
Ferrel,Allett,Male,fallettji@prlog.org,464 562 5920
Randi,Hector,Male,rhectorjj@blogtalkradio.com,340 698 4707
Gnni,Lawrenson,Female,glawrensonjk@google.com,473 242 7706
Ofelia,Stairmand,Female,ostairmandjl@infoseek.co.jp,523 217 7588
Nanice,Mardall,Female,nmardalljm@multiply.com,492 639 1358
Red,Else,Male,relsejn@discuz.net,922 179 0600
Orville,Tuttle,Male,otuttlejo@webs.com,474 265 4921
Ewen,Haldenby,Male,ehaldenbyjp@edublogs.org,922 663 9612
Foster,Pavlitschek,Male,fpavlitschekjq@gravatar.com,161 838 8235
Donica,Tommasi,Female,dtommasijr@eepurl.com,150 105 5448
Rubina,Castleman,Female,rcastlemanjs@samsung.com,300 826 8257
Bernie,Calcott,Genderqueer,bcalcottjt@hugedomains.com,462 891 6484
Douglass,Petrik,Male,dpetrikju@baidu.com,462 422 4293
Gustavus,Stollwerck,Bigender,gstollwerckjv@biblegateway.com,984 651 5628
Jeni,Condy,Female,jcondyjw@hp.com,137 367 7514
Sumner,Batsford,Male,sbatsfordjx@harvard.edu,517 259 4241
Clarissa,Banaszkiewicz,Female,cbanaszkiewiczjy@exblog.jp,289 639 4440
Bryant,Greser,Male,bgreserjz@163.com,106 296 1029
Cynthy,Dukes,Female,cdukesk0@eepurl.com,392 868 3331
Jule,Heggman,Male,jheggmank1@creativecommons.org,910 416 6909
Concettina,Phillps,Female,cphillpsk2@unesco.org,405 850 9574
Hadria,Paszak,Female,hpaszakk3@salon.com,290 868 7663
Danit,Shuxsmith,Female,dshuxsmithk4@free.fr,285 791 7987
Farrand,Giacovazzo,Female,fgiacovazzok5@sciencedirect.com,269 106 0200
Ruben,McElhargy,Male,rmcelhargyk6@cdc.gov,433 282 1865
Jessamyn,Luxen,Female,jluxenk7@netscape.com,342 144 6689
Antons,Robic,Male,arobick8@parallels.com,192 109 4152
Barty,Dober,Male,bdoberk9@state.gov,721 616 8456
Winslow,Girardet,Male,wgirardetka@arizona.edu,883 192 4524
Benjy,Tring,Male,btringkb@flickr.com,519 897 6049
Brina,Goodey,Female,bgoodeykc@photobucket.com,567 882 9838
Cynthy,Potte,Female,cpottekd@de.vu,470 168 5526
Talya,Laboune,Female,tlabouneke@dyndns.org,821 696 7519
Rainer,Dunge,Male,rdungekf@ifeng.com,993 620 9724
Beitris,Earengey,Female,bearengeykg@mlb.com,888 695 9613
Caprice,Swanbourne,Female,cswanbournekh@cdc.gov,927 845 7208
Waring,Tenant,Male,wtenantki@bbb.org,971 671 2261
Brigitta,MacVanamy,Female,bmacvanamykj@w3.org,562 542 1661
Colman,Temporal,Male,ctemporalkk@columbia.edu,243 197 7694
Cherye,Salvador,Female,csalvadorkl@spiegel.de,977 280 7561
Malinde,De Lacey,Female,mdelaceykm@meetup.com,131 898 9891
Kelcey,Drayson,Polygender,kdraysonkn@symantec.com,744 256 8283
Boyce,Vlasyev,Male,bvlasyevko@4shared.com,461 652 1831
Adara,Meriguet,Female,ameriguetkp@rakuten.co.jp,259 305 3858
Toddie,Godleman,Male,tgodlemankq@livejournal.com,320 434 5802
Thurston,Chardin,Male,tchardinkr@yellowpages.com,973 477 5889
Rowland,Atwood,Male,ratwoodks@globo.com,804 894 0046
Gill,Safhill,Female,gsafhillkt@europa.eu,578 523 3443
Renate,Mansell,Female,rmansellku@sciencedaily.com,433 886 9445
Kalvin,Narraway,Male,knarrawaykv@sohu.com,148 832 5412
Urbano,Fowden,Male,ufowdenkw@livejournal.com,647 694 8062
Temp,Sandbrook,Male,tsandbrookkx@trellian.com,373 863 4016
Graig,Blakeborough,Male,gblakeboroughky@4shared.com,571 206 6202
Arnie,Bargery,Male,abargerykz@usgs.gov,147 179 8080
Damita,Thorndycraft,Non-binary,dthorndycraftl0@stumbleupon.com,926 527 6202
Normy,Tace,Male,ntacel1@narod.ru,350 746 9963
Hershel,Gentner,Male,hgentnerl2@photobucket.com,740 194 3960
Davidson,Tamas,Polygender,dtamasl3@yahoo.com,357 265 3283
Isabel,Laugherane,Female,ilaugheranel4@list-manage.com,833 134 3485
Rustie,Allain,Agender,rallainl5@nsw.gov.au,383 130 4463
Catarina,Donnersberg,Female,cdonnersbergl6@amazonaws.com,308 418 9613
Gerrie,Petersen,Male,gpetersenl7@chronoengine.com,226 971 9866
Mavra,Pindar,Genderqueer,mpindarl8@newyorker.com,874 287 9814
Ofella,Falls,Female,ofallsl9@washingtonpost.com,153 587 3400
Coral,Marcum,Female,cmarcumla@google.com.br,239 817 0185
Remus,Dunsford,Male,rdunsfordlb@who.int,855 309 2803
Onfroi,Oliveras,Male,ooliveraslc@ask.com,162 576 5624
Bourke,Simononsky,Male,bsimononskyld@geocities.com,848 456 8812
Barnaby,Enrique,Male,benriquele@newsvine.com,859 278 7765
Corney,Bennedsen,Male,cbennedsenlf@psu.edu,684 699 8086
Livvie,Morgan,Female,lmorganlg@bigcartel.com,396 250 7825
Gabie,Stetson,Female,gstetsonlh@amazon.co.uk,207 484 3564
Cissiee,Owtram,Female,cowtramli@mapquest.com,254 214 9614
Chane,Gawen,Genderfluid,cgawenlj@nih.gov,214 951 7024
Cacilia,Beavers,Female,cbeaverslk@tumblr.com,374 230 6243
Kaylil,Menel,Female,kmenelll@g.co,305 145 2595
Kim,Jelk,Male,kjelklm@xinhuanet.com,705 825 1508
Thibaud,Powlett,Male,tpowlettln@examiner.com,742 862 6962
Ingeberg,Dargavel,Female,idargavello@wordpress.com,951 712 1436
Shara,Packman,Non-binary,spackmanlp@bing.com,602 160 3462
Aleece,Harraway,Female,aharrawaylq@xing.com,668 694 6671
Lay,Giacomelli,Male,lgiacomellilr@issuu.com,919 794 5116
Sonja,Coatts,Female,scoattsls@ameblo.jp,856 111 1439
Gale,Liversidge,Male,gliversidgelt@joomla.org,613 780 2427
Othella,Cardiff,Female,ocardifflu@sbwire.com,650 637 0108
Godfrey,Vinker,Agender,gvinkerlv@flickr.com,295 220 7713
Janine,Iddy,Female,jiddylw@ca.gov,401 386 3858
Nanci,Sparshatt,Genderqueer,nsparshattlx@cisco.com,783 438 5772
Brockie,Asplen,Male,basplenly@noaa.gov,628 357 2781
Moses,Munks,Agender,mmunkslz@wordpress.org,728 543 8527
Susy,Cersey,Female,scerseym0@hatena.ne.jp,535 187 0299
Lindsy,Cully,Female,lcullym1@japanpost.jp,772 893 9927
Brendan,Koba,Male,bkobam2@umich.edu,902 531 1563
Marielle,Boyington,Female,mboyingtonm3@surveymonkey.com,158 845 9049
Vladimir,Burg,Male,vburgm4@vkontakte.ru,310 948 7380
Dun,Threader,Male,dthreaderm5@bizjournals.com,571 241 3232
Bendix,Burnsell,Male,bburnsellm6@deviantart.com,374 307 6385
Benyamin,Mannion,Male,bmannionm7@edublogs.org,574 875 2071
Maximilien,Antalffy,Male,mantalffym8@washingtonpost.com,590 911 1302
Darnell,Ebbett,Male,debbettm9@businessinsider.com,858 772 2429
Loutitia,Gravener,Female,lgravenerma@accuweather.com,249 695 7513
Michel,Titherington,Male,mtitheringtonmb@studiopress.com,966 831 1173
Weston,Hefferon,Male,whefferonmc@dell.com,469 653 6066
Hobart,Gilpin,Male,hgilpinmd@discuz.net,872 983 8758
Lorita,Klimochkin,Female,lklimochkinme@japanpost.jp,961 382 7894
Beverley,Titt,Female,btittmf@w3.org,960 422 8770
Lydie,Venmore,Female,lvenmoremg@unblog.fr,212 799 0176
Marleah,Blamphin,Female,mblamphinmh@homestead.com,149 247 5483
Ron,Petrovykh,Male,rpetrovykhmi@fotki.com,198 864 0956
Hyacinth,Pate,Polygender,hpatemj@smh.com.au,207 388 3324
Inessa,Mawman,Female,imawmanmk@yellowpages.com,880 293 3124
Rosanna,Blastock,Female,rblastockml@tuttocitta.it,929 640 6025
Kaleena,Pohl,Female,kpohlmm@amazon.co.jp,708 123 3689
Querida,Nand,Genderfluid,qnandmn@friendfeed.com,243 835 7654
Erna,Ketton,Female,ekettonmo@va.gov,549 911 1088
Geordie,Kleinstein,Male,gkleinsteinmp@blogspot.com,548 821 9777
Idell,Ciotto,Female,iciottomq@si.edu,967 612 8745
Keane,Warnock,Male,kwarnockmr@lycos.com,111 612 0817
Stevena,McKinney,Female,smckinneyms@hc360.com,575 940 7846
Poul,Abrahamoff,Male,pabrahamoffmt@oracle.com,384 827 5813
Barrie,Hopfner,Male,bhopfnermu@eepurl.com,539 511 1657
Rees,Yewdale,Genderqueer,ryewdalemv@1und1.de,924 641 6577
Forester,Pargeter,Male,fpargetermw@ft.com,398 494 2679
Woodrow,Mallard,Male,wmallardmx@creativecommons.org,423 230 7118
Leonora,Possel,Bigender,lposselmy@biblegateway.com,173 551 5484
Marielle,Tremmil,Female,mtremmilmz@state.gov,953 474 0519
Dal,Wimlet,Non-binary,dwimletn0@vinaora.com,461 711 2748
Kakalina,McNally,Female,kmcnallyn1@microsoft.com,620 329 2504
Garey,Scroggins,Male,gscrogginsn2@hc360.com,586 620 1776
Nathanael,Shord,Bigender,nshordn3@tinypic.com,918 186 2852
Ignaz,Doughton,Male,idoughtonn4@ezinearticles.com,231 515 3361
Guglielmo,Baal,Male,gbaaln5@hibu.com,568 827 7268
Bil,Mew,Male,bmewn6@wsj.com,581 663 0672
Hughie,Leyden,Male,hleydenn7@tripod.com,838 662 5724
Charo,Stephens,Agender,cstephensn8@thetimes.co.uk,889 452 3535
Lu,Wagstaff,Female,lwagstaffn9@tinyurl.com,452 830 1795
Ingunna,Fierro,Female,ifierrona@bbb.org,924 836 6074
Kevon,Egell,Male,kegellnb@g.co,869 110 9816
Dav,Morbey,Male,dmorbeync@lulu.com,530 260 0122
Rebeca,Lackington,Female,rlackingtonnd@booking.com,770 633 0030
Cathee,Sivil,Female,csivilne@globo.com,520 690 6634
Hans,Tearle,Male,htearlenf@slate.com,618 484 1371
Dave,Phythian,Male,dphythianng@bbb.org,803 490 3186
Alfred,Achromov,Male,aachromovnh@slate.com,595 945 8493
Johna,Kennaway,Female,jkennawayni@google.nl,817 708 2164
Theresa,Yusupov,Female,tyusupovnj@devhub.com,637 125 5404
Zarla,Rowbottam,Female,zrowbottamnk@craigslist.org,486 859 3715
Cristiano,Pickard,Male,cpickardnl@google.de,983 658 2155
Ambrosius,Errey,Male,aerreynm@chicagotribune.com,357 354 9037
Tonye,McIlwreath,Female,tmcilwreathnn@g.co,349 752 3867
Neale,Osselton,Male,nosseltonno@oakley.com,826 772 5944
Margi,Castelletti,Polygender,mcastellettinp@gizmodo.com,342 662 9290
Marie,Petracek,Female,mpetraceknq@businessinsider.com,597 116 4677
Fina,Moult,Female,fmoultnr@go.com,709 489 6197
Gayle,Charman,Female,gcharmanns@sciencedaily.com,841 742 4128
Rene,Gladman,Female,rgladmannt@free.fr,626 429 7603
Joelly,Mougenel,Female,jmougenelnu@topsy.com,618 776 8826
Shurlock,Gaynsford,Bigender,sgaynsfordnv@phpbb.com,879 942 5472
Aura,Pellissier,Female,apellissiernw@hubpages.com,755 835 3748
Dorelle,Andrelli,Female,dandrellinx@over-blog.com,587 494 9931
Guthrey,Playfoot,Male,gplayfootny@networksolutions.com,476 440 7960
Teirtza,Klug,Female,tklugnz@google.cn,739 744 3056
Dredi,Pentelow,Female,dpentelowo0@toplist.cz,671 554 1485
Britte,Bearne,Genderfluid,bbearneo1@mail.ru,848 428 2194
Henry,O'Carran,Male,hocarrano2@t.co,273 462 8514
Zelig,Pellamonuten,Male,zpellamonuteno3@jalbum.net,639 610 9785
Vivian,McLise,Female,vmcliseo4@de.vu,885 957 7105
Adelle,Ridgeway,Female,aridgewayo5@cnbc.com,419 911 4671
Kali,Claasen,Female,kclaaseno6@ebay.co.uk,389 761 1562
Llewellyn,Riddel,Male,lriddelo7@hubpages.com,817 457 8604
Enoch,Hightown,Male,ehightowno8@senate.gov,479 698 9121
Abel,Wickstead,Male,awicksteado9@freewebs.com,428 145 5033
Kym,Quinlan,Female,kquinlanoa@over-blog.com,761 396 7524
Jeremias,Chewter,Male,jchewterob@macromedia.com,693 284 0060
Wenda,O'Spillane,Genderfluid,wospillaneoc@blogspot.com,109 791 4704
Toma,Silverton,Female,tsilvertonod@ihg.com,814 711 1657
Joanna,MacElholm,Female,jmacelholmoe@nasa.gov,114 563 4382
Saw,Suatt,Male,ssuattof@newyorker.com,984 338 4744
Elysha,Press,Female,epressog@zimbio.com,316 558 4133
Gilberto,Nucci,Male,gnuccioh@cafepress.com,781 843 7768
Forrest,McKeown,Male,fmckeownoi@dedecms.com,654 425 8365
Shel,Portwain,Female,sportwainoj@ft.com,481 856 1144
Hestia,Santorini,Female,hsantoriniok@linkedin.com,751 329 2268
Hugibert,Easseby,Male,heassebyol@wufoo.com,706 282 1167
Alon,Boyse,Male,aboyseom@quantcast.com,316 992 9904
Albert,Hourahan,Male,ahourahanon@amazon.co.jp,839 557 3763
Corella,Bottrell,Female,cbottrelloo@scientificamerican.com,440 635 9965
Waldemar,Curedale,Male,wcuredaleop@dagondesign.com,710 705 9759
Jeane,Bercher,Female,jbercheroq@gizmodo.com,875 170 9526
Gar,Lackemann,Male,glackemannor@time.com,982 410 2138
Dagny,Cunnell,Male,dcunnellos@fda.gov,165 714 1261
Blakelee,Standfield,Genderqueer,bstandfieldot@columbia.edu,334 459 8816
Holden,Gosford,Male,hgosfordou@ovh.net,714 559 2543
Dirk,Heinecke,Male,dheineckeov@npr.org,280 596 8046
Francoise,Skilling,Female,fskillingow@sitemeter.com,275 883 9595
Cathyleen,Roderigo,Female,croderigoox@tinypic.com,251 457 0889
Claudetta,Yorston,Female,cyorstonoy@wikia.com,795 636 7617
Chevy,Saunderson,Male,csaundersonoz@ucsd.edu,895 269 1038
Bertrando,Lepope,Male,blepopep0@columbia.edu,312 375 5753
Gare,Maddocks,Bigender,gmaddocksp1@wikimedia.org,252 255 6313
Merwyn,Tythacott,Male,mtythacottp2@msn.com,879 680 2715
Willabella,Cleiment,Female,wcleimentp3@discuz.net,825 639 0185
Jesselyn,Di Franceshci,Female,jdifranceshcip4@soundcloud.com,521 786 8851
Dorian,Saye,Female,dsayep5@multiply.com,115 389 0710
Dwayne,O'dell,Male,dodellp6@cbc.ca,269 408 0479
Basil,Blackwell,Male,bblackwellp7@twitter.com,652 313 8306
Percy,Lansbury,Male,plansburyp8@myspace.com,759 974 6016
Keene,Winship,Male,kwinshipp9@fastcompany.com,930 825 6090
Ignacius,Marconi,Male,imarconipa@columbia.edu,663 481 2107
Bordie,Crumby,Male,bcrumbypb@live.com,961 363 5251
Adorne,Jansie,Female,ajansiepc@un.org,906 225 2574
Orv,Pyle,Agender,opylepd@com.com,785 855 2126
Freda,Dumberell,Female,fdumberellpe@google.com.au,255 418 0729
Nerty,De Roos,Female,nderoospf@nydailynews.com,380 240 9126
Dayna,Bendle,Genderfluid,dbendlepg@moonfruit.com,268 616 1465
Chip,Edmondson,Male,cedmondsonph@house.gov,658 754 1213
Mathe,Cavie,Male,mcaviepi@fotki.com,895 409 6398
Rozalie,Rowan,Bigender,rrowanpj@reuters.com,671 632 3339
Henka,Ortell,Agender,hortellpk@timesonline.co.uk,483 925 1961
Tilly,Vian,Female,tvianpl@washington.edu,520 856 9366
Clem,Becerro,Female,cbecerropm@typepad.com,907 693 8720
Dunstan,Orrock,Male,dorrockpn@istockphoto.com,604 154 9714
Meredith,Puttan,Female,mputtanpo@soup.io,633 385 8017
Regen,Bartholat,Male,rbartholatpp@devhub.com,525 673 7445
Don,Stanlake,Male,dstanlakepq@privacy.gov.au,323 825 7401
Marlie,Filson,Female,mfilsonpr@narod.ru,738 541 5358
Lucho,Rawsthorne,Male,lrawsthorneps@posterous.com,917 702 8258
Freemon,Butterick,Genderqueer,fbutterickpt@time.com,685 562 9580
Annabal,Killelay,Female,akillelaypu@npr.org,878 214 1257
Clarita,Evill,Polygender,cevillpv@live.com,700 296 7542
Maighdiln,Tudhope,Female,mtudhopepw@ameblo.jp,639 276 1957
Basia,Westby,Female,bwestbypx@bing.com,644 344 9994
Tad,Luney,Male,tluneypy@over-blog.com,832 314 4733
Worth,McPeck,Male,wmcpeckpz@berkeley.edu,438 839 1144
Candice,Badder,Female,cbadderq0@chronoengine.com,600 737 3906
Maxie,Loddy,Male,mloddyq1@com.com,309 653 5786
Kim,Steers,Female,ksteersq2@howstuffworks.com,851 935 8633
Brenna,Benaine,Female,bbenaineq3@salon.com,802 595 3751
Brittney,Everiss,Female,beverissq4@scientificamerican.com,836 119 2507
Pietro,Sotheby,Male,psothebyq5@redcross.org,328 595 5748
Norry,Searjeant,Male,nsearjeantq6@zdnet.com,289 298 1896
Sascha,Gould,Male,sgouldq7@cpanel.net,108 510 3186
Sara,Hallgalley,Female,shallgalleyq8@surveymonkey.com,107 904 6489
Aarika,Chittenden,Female,achittendenq9@nps.gov,277 566 6156
Cori,Paroni,Male,cparoniqa@zimbio.com,641 710 9502
Lorain,Szymonowicz,Female,lszymonowiczqb@psu.edu,401 115 9797
Hedvige,Jeckell,Female,hjeckellqc@google.it,799 824 1993
Korney,Winters,Female,kwintersqd@cmu.edu,747 177 1138
Fionnula,Vankin,Female,fvankinqe@zdnet.com,769 175 8397
Jerrilyn,Kornyakov,Female,jkornyakovqf@yandex.ru,547 366 6342
Sarita,Walcot,Female,swalcotqg@disqus.com,179 586 8152
Ryun,Dalzell,Male,rdalzellqh@reference.com,175 837 5479
Gun,Edgars,Male,gedgarsqi@unicef.org,156 966 9486
Georgetta,Metzig,Genderfluid,gmetzigqj@irs.gov,370 818 7327
Laurence,Cram,Agender,lcramqk@people.com.cn,109 728 6502
Portie,Jesson,Genderfluid,pjessonql@sciencedaily.com,994 392 1940
Jedidiah,McCaughey,Male,jmccaugheyqm@sfgate.com,513 891 7729
Cathlene,Ellaman,Female,cellamanqn@buzzfeed.com,486 212 6768
Blakeley,Cobbe,Female,bcobbeqo@ehow.com,752 917 0504
Elmer,Togher,Male,etogherqp@admin.ch,664 199 6532
Cynthia,Lassell,Female,classellqq@cocolog-nifty.com,734 751 4432
Coralyn,Sabates,Female,csabatesqr@wsj.com,469 569 7351
Chiarra,Chapelhow,Female,cchapelhowqs@naver.com,479 764 8540
Emanuele,Rostron,Male,erostronqt@usda.gov,240 663 2606
Valentine,Ginty,Female,vgintyqu@myspace.com,728 757 5048
Godfrey,Partkya,Male,gpartkyaqv@businesswire.com,196 842 4309
Ivar,Skottle,Male,iskottleqw@hibu.com,167 692 0585
Roseanna,Commins,Female,rcomminsqx@163.com,104 589 6103
Darleen,Goolden,Female,dgooldenqy@infoseek.co.jp,567 679 6447
Lowrance,Posselwhite,Male,lposselwhiteqz@rakuten.co.jp,841 285 2171
Rebeka,Sappy,Female,rsappyr0@edublogs.org,694 350 3840
Jorry,Dod,Female,jdodr1@phoca.cz,844 297 3136
Nancy,Khomishin,Female,nkhomishinr2@technorati.com,537 737 9838
Bettye,Filyaev,Female,bfilyaevr3@ucsd.edu,987 178 9934
Karly,Byard,Female,kbyardr4@goo.ne.jp,610 653 7317
Mandi,Kiraly,Female,mkiralyr5@gmpg.org,274 782 9955
Gloriane,Grunnill,Female,ggrunnillr6@loc.gov,513 817 6888
Clementine,Sheepy,Female,csheepyr7@fotki.com,498 935 0214
Tomlin,Greedier,Male,tgreedierr8@wix.com,303 704 6568
Burtie,Tabner,Male,btabnerr9@cbslocal.com,978 777 2530
Buddie,Wogden,Male,bwogdenra@marketwatch.com,400 694 0538
Jayme,Avraham,Female,javrahamrb@foxnews.com,559 204 5995
Carlo,Escot,Male,cescotrc@blogtalkradio.com,776 550 3776
Evan,Duffet,Bigender,eduffetrd@quantcast.com,719 549 7646
Em,Gaytor,Female,egaytorre@feedburner.com,112 407 9985
Newton,Trotton,Male,ntrottonrf@seattletimes.com,610 658 1353
Marlo,Stanion,Male,mstanionrg@dagondesign.com,318 942 9140
Ricki,Dowthwaite,Male,rdowthwaiterh@rediff.com,694 306 9772
Rose,Garvagh,Female,rgarvaghri@netvibes.com,410 434 8792
Henrik,Wollard,Bigender,hwollardrj@discuz.net,856 711 1324
Norris,Macvain,Male,nmacvainrk@myspace.com,326 768 7538
Carmelia,Karlowicz,Female,ckarlowiczrl@dyndns.org,300 510 8555
Mylo,Roles,Male,mrolesrm@mapy.cz,570 376 5107
Zsazsa,Weathey,Female,zweatheyrn@hhs.gov,958 726 9479
Celine,Davenall,Female,cdavenallro@technorati.com,368 725 0314
Alano,Beckhouse,Male,abeckhouserp@cmu.edu,576 319 9644
Conrado,McGhie,Male,cmcghierq@so-net.ne.jp,502 217 4236
Edee,Lyenyng,Female,elyenyngrr@jigsy.com,433 775 7446
