first_name,last_name,gender,email,phone
Tye,Yarnall,Male,tyarnall0@sourceforge.net,375 785 5618
Sharon,Hallagan,Female,shallagan1@edublogs.org,708 404 9698
Karilynn,Feldmann,Female,kfeldmann2@moonfruit.com,305 700 7255
Kaycee,Tighe,Polygender,ktighe3@uol.com.br,629 119 9469
Bartholomew,Balint,Male,bbalint4@purevolume.com,187 664 2966
Wally,Leggan,Non-binary,wleggan5@theguardian.com,163 891 1192
Jarret,Featherstonhalgh,Male,jfeatherstonhalgh6@house.gov,521 566 4446
Xylina,Varlow,Female,xvarlow7@google.ca,892 264 6895
Markus,Lowen,Male,mlowen8@nasa.gov,306 601 6160
Brier,Kielt,Female,bkielt9@pbs.org,715 580 5542
Alexis,Dillon,Female,adillona@usda.gov,209 689 9062
Orran,Bestall,Male,obestallb@tumblr.com,573 745 1759
Sherilyn,Skoof,Female,sskoofc@wikispaces.com,324 899 5186
Estella,Murphy,Female,emurphyd@sfgate.com,942 961 7188
Nada,Vedenyakin,Female,nvedenyakine@imageshack.us,739 283 4436
Kamillah,Loche,Female,klochef@vistaprint.com,602 471 9414
Atlante,Luter,Female,aluterg@seesaa.net,905 419 8993
Reynold,Climer,Polygender,rclimerh@a8.net,393 824 7912
Cristine,Francom,Genderfluid,cfrancomi@accuweather.com,578 729 7522
Karen,Vicioso,Female,kviciosoj@cocolog-nifty.com,696 427 6579
Aldwin,Bernaldo,Male,abernaldok@stanford.edu,618 420 6204
Rozalin,Cudworth,Female,rcudworthl@berkeley.edu,259 948 2259
Zsa zsa,Powdrell,Female,zpowdrellm@umn.edu,189 105 3184
Linda,Vankeev,Female,lvankeevn@twitter.com,962 680 0931
Carrie,Jorg,Female,cjorgo@hud.gov,666 675 2009
Muffin,Suart,Female,msuartp@statcounter.com,909 136 2896
Olag,Bredes,Genderqueer,obredesq@163.com,581 941 5889
Jorie,Fryman,Female,jfrymanr@blogspot.com,344 604 5413
Rhona,Knappen,Female,rknappens@odnoklassniki.ru,668 328 0556
Bertie,Race,Female,bracet@exblog.jp,302 944 1295
Ailbert,Croome,Male,acroomeu@baidu.com,931 169 6474
Aubert,Danielski,Male,adanielskiv@cam.ac.uk,771 153 7654
Sharl,Arntzen,Female,sarntzenw@gmpg.org,997 840 4617
Rockey,Clitheroe,Male,rclitheroex@mac.com,372 606 6774
Harriett,Boagey,Female,hboageyy@hubpages.com,473 699 2163
Cecilia,Figiovanni,Female,cfigiovanniz@yahoo.com,849 347 2052
Monro,Copperwaite,Male,mcopperwaite10@usa.gov,381 945 7557
Giovanni,Stoaks,Male,gstoaks11@godaddy.com,393 525 4431
Celestine,Pendred,Female,cpendred12@economist.com,378 105 7337
Gianni,McFarlane,Male,gmcfarlane13@google.cn,541 116 0996
Georas,Bennion,Male,gbennion14@goo.ne.jp,202 656 7555
Brigitta,Vain,Genderqueer,bvain15@google.it,266 306 3564
Mauricio,Gerson,Male,mgerson16@naver.com,285 973 7266
Saxon,Gencke,Male,sgencke17@zimbio.com,117 282 0270
Bentlee,Croysdale,Agender,bcroysdale18@photobucket.com,215 894 1251
Annamaria,Ruthven,Female,aruthven19@stanford.edu,792 307 0797
Howard,Callis,Male,hcallis1a@wsj.com,220 458 8988
Damaris,O'Donovan,Female,dodonovan1b@skyrock.com,944 184 8057
Eliza,Clitherow,Female,eclitherow1c@amazonaws.com,193 945 9410
Freddie,Kingscott,Female,fkingscott1d@amazon.co.uk,513 645 1444
Linette,Laviste,Female,llaviste1e@un.org,334 406 1642
Sosanna,Henderson,Female,shenderson1f@imgur.com,857 215 6092
Gabey,Almey,Female,galmey1g@google.com.au,159 493 3920
Anjela,Janak,Female,ajanak1h@indiegogo.com,795 604 9642
Alanna,Tutton,Bigender,atutton1i@sfgate.com,226 237 1379
Ozzy,Woodburn,Male,owoodburn1j@tmall.com,915 300 8424
Birk,Fansy,Male,bfansy1k@tinyurl.com,907 380 5062
Egor,Riepl,Male,eriepl1l@discovery.com,148 488 4762
Donnie,Boakes,Male,dboakes1m@ycombinator.com,664 556 6054
Shaylah,Starmer,Female,sstarmer1n@artisteer.com,640 654 9454
Shantee,Jayes,Female,sjayes1o@plala.or.jp,867 482 8325
Swen,Tebb,Male,stebb1p@shutterfly.com,876 394 8297
Yuma,Wagg,Male,ywagg1q@amazon.co.jp,452 301 1655
Borden,Dering,Male,bdering1r@ox.ac.uk,344 192 8821
Timoteo,Stickles,Non-binary,tstickles1s@stumbleupon.com,907 136 5529
Haze,Esby,Male,hesby1t@nhs.uk,588 479 2087
Romona,Elkin,Female,relkin1u@icio.us,250 272 4010
Else,Glanz,Female,eglanz1v@omniture.com,642 445 2162
Regan,Cluer,Male,rcluer1w@desdev.cn,546 379 2752
Seymour,Ruzic,Male,sruzic1x@baidu.com,666 847 5232
Kiley,Pietzker,Female,kpietzker1y@indiegogo.com,266 916 1085
Ardis,Monshall,Female,amonshall1z@latimes.com,801 759 3570
Brig,Crosson,Genderqueer,bcrosson20@cnbc.com,408 952 7039
Kiri,Scarf,Female,kscarf21@seattletimes.com,742 934 1207
Gabrielle,Dradey,Female,gdradey22@alexa.com,204 580 9859
Nealon,Maddick,Male,nmaddick23@vistaprint.com,300 316 4199
Rafi,Watters,Male,rwatters24@bigcartel.com,947 998 5674
Dmitri,Harses,Male,dharses25@sohu.com,915 916 0148
Scot,Sheeran,Male,ssheeran26@163.com,777 350 4533
Kalindi,Bobasch,Female,kbobasch27@jimdo.com,956 442 1370
Waiter,Anespie,Male,wanespie28@census.gov,955 493 2944
Guthry,Bankes,Male,gbankes29@theguardian.com,155 475 8762
Cordy,Garrand,Non-binary,cgarrand2a@smugmug.com,332 106 6376
Norah,Cristea,Female,ncristea2b@cbslocal.com,619 843 4291
Kiley,Rattenbury,Female,krattenbury2c@slideshare.net,342 647 7528
Oriana,Lufkin,Female,olufkin2d@europa.eu,469 270 4160
Rivalee,Suthworth,Female,rsuthworth2e@jugem.jp,283 582 6716
Lulu,Dukesbury,Female,ldukesbury2f@nytimes.com,612 181 4656
Lurleen,Mitskevich,Female,lmitskevich2g@usnews.com,614 679 8447
Gregorio,Hawe,Polygender,ghawe2h@slashdot.org,707 984 8986
Phyllys,Gready,Female,pgready2i@vimeo.com,495 768 1767
Etheline,Stoller,Female,estoller2j@buzzfeed.com,915 550 9811
Pincas,Raynard,Male,praynard2k@techcrunch.com,765 615 6115
Merl,Cornew,Female,mcornew2l@nature.com,744 517 4200
Sunny,Cluer,Male,scluer2m@sohu.com,577 738 9521
Renard,Tipping,Male,rtipping2n@utexas.edu,490 640 8765
Sharai,Roberson,Female,sroberson2o@smh.com.au,992 176 8756
Terza,Stoffers,Female,tstoffers2p@mapquest.com,604 332 3254
Marjie,Grieves,Female,mgrieves2q@com.com,550 935 2732
Mikael,Joerning,Male,mjoerning2r@deviantart.com,369 592 6232
Nikita,Fateley,Male,nfateley2s@mozilla.com,418 893 5911
Norma,Espinosa,Genderqueer,nespinosa2t@tiny.cc,516 800 3464
Cherise,Hows,Bigender,chows2u@fotki.com,441 585 0748
Jennie,Gartan,Genderqueer,jgartan2v@pen.io,259 959 7070
Tanner,Clarycott,Male,tclarycott2w@google.co.uk,255 216 8998
Lucien,Duham,Male,lduham2x@elpais.com,587 763 5007
Gwenora,Paulsson,Female,gpaulsson2y@youtube.com,362 717 0107
Aldus,Percival,Male,apercival2z@slate.com,639 172 8261
Nicola,Nealon,Male,nnealon30@deliciousdays.com,454 233 3932
Ulrike,Jesteco,Female,ujesteco31@4shared.com,827 627 6624
Evelina,Krolak,Female,ekrolak32@home.pl,799 195 1522
Shandy,Sole,Female,ssole33@github.com,198 959 3566
Arlyn,Wrightim,Female,awrightim34@4shared.com,288 143 3097
Rivkah,Izacenko,Female,rizacenko35@smh.com.au,282 169 1280
Sharai,Stirton,Female,sstirton36@delicious.com,550 424 8406
Harmony,Denisevich,Female,hdenisevich37@gov.uk,261 940 2057
Bird,Carress,Female,bcarress38@spotify.com,949 533 7862
Chadwick,Spenclay,Male,cspenclay39@nhs.uk,482 594 2927
Locke,Praton,Non-binary,lpraton3a@de.vu,256 860 5693
Gordy,Cowmeadow,Polygender,gcowmeadow3b@fda.gov,575 232 5538
Adora,Vella,Female,avella3c@earthlink.net,945 932 2207
Hyacinthia,Matz,Female,hmatz3d@apache.org,548 233 0633
Conrado,Brahms,Male,cbrahms3e@godaddy.com,234 603 0118
Rivy,Tipler,Female,rtipler3f@craigslist.org,205 341 3484
Debra,South,Female,dsouth3g@istockphoto.com,244 171 9805
Carie,Cottham,Female,ccottham3h@cocolog-nifty.com,883 435 1116
Callean,Mc Carroll,Male,cmccarroll3i@jugem.jp,557 750 2160
Franz,Rohlfs,Non-binary,frohlfs3j@over-blog.com,360 750 1861
Stevy,Powles,Non-binary,spowles3k@scientificamerican.com,719 724 6686
Corena,Capoun,Female,ccapoun3l@so-net.ne.jp,889 350 0953
Susannah,Rexworthy,Female,srexworthy3m@arstechnica.com,395 816 9823
Margaux,Gulleford,Female,mgulleford3n@cmu.edu,682 955 5122
Gabriela,Life,Female,glife3o@free.fr,437 913 1526
Amy,Merrell,Female,amerrell3p@t-online.de,243 492 0627
Ermanno,Dillamore,Male,edillamore3q@a8.net,450 606 3483
Carolyn,Adamovicz,Female,cadamovicz3r@cnn.com,935 792 7053
Shalna,MacLaren,Female,smaclaren3s@qq.com,711 737 0283
Von,Antosch,Male,vantosch3t@usda.gov,459 983 3738
Farley,Uvedale,Male,fuvedale3u@is.gd,658 787 1070
Baily,Imbrey,Male,bimbrey3v@ihg.com,351 788 2366
Quincy,Langdale,Male,qlangdale3w@so-net.ne.jp,609 751 3785
Krissie,Bohl,Bigender,kbohl3x@ebay.co.uk,501 280 9755
Rickie,Sharpin,Female,rsharpin3y@networkadvertising.org,466 605 2246
Pryce,Selcraig,Male,pselcraig3z@homestead.com,795 539 8707
Axe,Williamson,Male,awilliamson40@nifty.com,386 548 7363
Jemmy,Styche,Female,jstyche41@marriott.com,504 667 9163
Charlie,Truin,Male,ctruin42@scribd.com,469 517 6473
Moishe,Nice,Male,mnice43@reddit.com,170 828 6176
Ruthe,Winnister,Female,rwinnister44@prlog.org,528 283 4615
Malia,Isenor,Female,misenor45@google.com,933 379 1473
Regan,Pepi,Female,rpepi46@topsy.com,483 213 7872
Kaitlin,Magee,Female,kmagee47@sbwire.com,258 215 0183
Jessika,Ferenc,Female,jferenc48@mozilla.com,668 866 4441
Aileen,Barabisch,Female,abarabisch49@huffingtonpost.com,395 811 3387
Wat,Clendening,Male,wclendening4a@diigo.com,911 793 5484
Saunderson,Janse,Male,sjanse4b@mayoclinic.com,280 722 3723
Barny,McGavigan,Male,bmcgavigan4c@squarespace.com,969 348 2506
Drucy,MacRonald,Female,dmacronald4d@cafepress.com,605 742 0184
Neile,Steinson,Female,nsteinson4e@bbc.co.uk,862 604 3919
Allan,Patterson,Male,apatterson4f@businessweek.com,633 423 3946
Marleah,Darthe,Female,mdarthe4g@mediafire.com,471 876 5117
Celka,Pionter,Non-binary,cpionter4h@ox.ac.uk,456 901 6528
Gunther,Eastbury,Male,geastbury4i@bloglines.com,801 662 7271
Leesa,Burth,Female,lburth4j@hc360.com,599 937 0716
Tybi,Rattray,Female,trattray4k@toplist.cz,356 835 6095
Geoffrey,Hawksworth,Male,ghawksworth4l@indiatimes.com,672 535 7475
Briant,Selwyn,Male,bselwyn4m@google.es,751 867 5949
Lemmie,Minghi,Male,lminghi4n@multiply.com,409 883 9525
Sinclare,Monro,Male,smonro4o@icio.us,169 746 3715
Reuven,Gristwood,Male,rgristwood4p@tiny.cc,788 826 8828
Fraze,Grannell,Male,fgrannell4q@chronoengine.com,163 382 4733
Guido,MacRury,Male,gmacrury4r@statcounter.com,311 397 7069
Guthry,Cunnell,Male,gcunnell4s@youtube.com,208 223 0213
Rosamond,McGinley,Female,rmcginley4t@naver.com,962 275 8960
Bernice,Sey,Female,bsey4u@discovery.com,680 170 6311
Chelsey,Garment,Female,cgarment4v@gizmodo.com,161 891 7872
Caria,Paulus,Female,cpaulus4w@cargocollective.com,602 682 2112
Sapphire,Oxteby,Female,soxteby4x@loc.gov,154 390 4956
Ramonda,Daddow,Female,rdaddow4y@qq.com,199 730 6756
Fleur,Willgrass,Female,fwillgrass4z@linkedin.com,271 441 0691
Lukas,Aucourte,Male,laucourte50@dyndns.org,826 942 5607
Lindie,Georgiades,Female,lgeorgiades51@mapy.cz,520 201 3041
Adel,Skydall,Female,askydall52@samsung.com,732 503 5237
Tracy,Benardette,Male,tbenardette53@bigcartel.com,260 702 7260
Dougie,O'Shiels,Genderqueer,doshiels54@purevolume.com,315 390 4551
Nefen,Naish,Male,nnaish55@unicef.org,867 193 1548
Cynde,Baudon,Female,cbaudon56@t.co,329 407 2123
Merell,Bashford,Male,mbashford57@woothemes.com,844 993 0512
Farris,Gother,Male,fgother58@hexun.com,128 223 4647
Solomon,Laight,Bigender,slaight59@dot.gov,898 463 5108
Philly,Drinkale,Female,pdrinkale5a@wufoo.com,682 234 5889
Emilee,Lornsen,Female,elornsen5b@redcross.org,289 746 4290
Jonell,Goodger,Female,jgoodger5c@51.la,676 968 9752
Mohandis,Vida,Male,mvida5d@plala.or.jp,469 352 3278
Fransisco,Douche,Male,fdouche5e@arizona.edu,600 708 3777
Son,Grimwood,Male,sgrimwood5f@instagram.com,866 207 9229
Issi,Hawksworth,Female,ihawksworth5g@craigslist.org,729 984 7522
Mallissa,Sainsbury,Female,msainsbury5h@furl.net,910 835 6698
Grantley,Genever,Male,ggenever5i@exblog.jp,939 823 6116
Berny,Hartnell,Female,bhartnell5j@cdbaby.com,510 766 5489
Torry,Daskiewicz,Male,tdaskiewicz5k@bloglovin.com,272 858 4279
Ericha,Studdeard,Female,estuddeard5l@shinystat.com,475 121 4961
Mickie,Greenman,Female,mgreenman5m@odnoklassniki.ru,602 662 8180
Cory,Goricke,Male,cgoricke5n@arstechnica.com,451 374 7454
Adelina,Crankhorn,Female,acrankhorn5o@360.cn,610 998 5366
Babette,Fonzo,Female,bfonzo5p@nsw.gov.au,752 419 1411
Jo-ann,Mountfort,Female,jmountfort5q@delicious.com,488 745 8881
Biddie,Filippozzi,Female,bfilippozzi5r@elegantthemes.com,377 655 8237
Tabor,Cuolahan,Male,tcuolahan5s@vistaprint.com,443 809 6564
Elvyn,Coggan,Male,ecoggan5t@squidoo.com,394 501 0784
Roxine,Myrtle,Female,rmyrtle5u@engadget.com,683 427 3108
Maudie,Swiffan,Bigender,mswiffan5v@opensource.org,439 634 0142
Luciano,Drinkale,Male,ldrinkale5w@facebook.com,233 636 9459
Laurice,Overington,Female,loverington5x@netlog.com,635 951 7492
Rochette,Jozsika,Non-binary,rjozsika5y@deliciousdays.com,599 896 1198
Marnia,Frudd,Female,mfrudd5z@pinterest.com,872 571 9281
Lilyan,Andreotti,Female,landreotti60@engadget.com,534 336 8710
Lisbeth,Rowlett,Female,lrowlett61@techcrunch.com,736 186 9727
Deanne,Bealton,Female,dbealton62@domainmarket.com,986 372 1758
Jeanette,Tissier,Bigender,jtissier63@soup.io,333 924 2760
Irvine,Ramalhete,Male,iramalhete64@imageshack.us,681 349 4701
Jase,Strass,Male,jstrass65@bloomberg.com,181 304 8132
Lorettalorna,Gerhardt,Female,lgerhardt66@typepad.com,339 757 8784
Molly,Reasce,Female,mreasce67@usgs.gov,169 343 2018
Wood,Cleve,Male,wcleve68@mapquest.com,298 163 4429
Malcolm,Stocky,Male,mstocky69@elpais.com,784 245 5555
Vyky,Langeley,Female,vlangeley6a@psu.edu,364 372 4866
Stefano,Pascall,Male,spascall6b@sciencedirect.com,515 745 1323
Vannie,Shugg,Female,vshugg6c@myspace.com,292 130 9347
Hersh,Cowie,Male,hcowie6d@sogou.com,613 841 8969
Hesther,Mosdill,Female,hmosdill6e@ihg.com,848 786 1037
Noam,Halpine,Agender,nhalpine6f@wikimedia.org,405 270 2919
Keen,Kydd,Male,kkydd6g@walmart.com,660 918 2070
Perren,Wederell,Male,pwederell6h@jiathis.com,104 532 1583
Nyssa,Kitteringham,Female,nkitteringham6i@fc2.com,560 218 2663
Sammy,Deniske,Male,sdeniske6j@tinyurl.com,375 187 7070
Aluino,Patkin,Male,apatkin6k@dot.gov,865 415 4312
Murdoch,Pumphreys,Male,mpumphreys6l@springer.com,920 424 1406
Sheff,Bliss,Male,sbliss6m@kickstarter.com,837 707 3202
Ferrel,Philippeaux,Male,fphilippeaux6n@reddit.com,219 431 9460
Mel,Osgardby,Female,mosgardby6o@sina.com.cn,688 138 7006
Roanne,O'Grady,Female,rogrady6p@facebook.com,202 140 0616
Judie,Arnao,Female,jarnao6q@nytimes.com,319 317 4571
Tracie,Stoyle,Female,tstoyle6r@geocities.com,292 103 8078
Abran,Skillington,Male,askillington6s@sina.com.cn,945 880 2624
Felicio,Spenceley,Male,fspenceley6t@ihg.com,869 101 1870
Walt,Medland,Male,wmedland6u@weebly.com,738 604 7576
Caron,Garber,Female,cgarber6v@dropbox.com,942 709 9727
Branden,Edmondson,Male,bedmondson6w@bizjournals.com,302 942 0405
Taite,Gullis,Male,tgullis6x@mapy.cz,364 163 1259
Donetta,Franey,Female,dfraney6y@godaddy.com,639 562 4926
Cindie,Maud,Female,cmaud6z@amazonaws.com,915 920 1526
Kristal,Crome,Female,kcrome70@bbc.co.uk,673 141 3687
Tera,Flude,Non-binary,tflude71@ucsd.edu,552 388 0356
Emlynn,Hainey`,Female,ehainey72@hexun.com,874 736 0124
Davy,Jendrusch,Bigender,djendrusch73@acquirethisname.com,953 944 0282
Leupold,Chesher,Male,lchesher74@wix.com,356 549 8285
Fay,Balnaves,Female,fbalnaves75@spotify.com,410 560 9094
Courtnay,Ching,Male,cching76@t.co,795 682 0549
Gweneth,Giscken,Female,ggiscken77@nydailynews.com,170 966 8319
Cleveland,Beddon,Male,cbeddon78@salon.com,349 630 1772
Vick,Blakesley,Non-binary,vblakesley79@ca.gov,217 642 5543
Wendel,Viccars,Male,wviccars7a@hud.gov,393 735 6791
Karlee,Baniard,Female,kbaniard7b@opera.com,898 989 2664
Dillie,Forstall,Male,dforstall7c@diigo.com,800 239 1161
Melina,Fettes,Female,mfettes7d@t-online.de,221 360 1347
Angeli,Bott,Male,abott7e@mac.com,197 195 1434
Camile,O Mullen,Agender,comullen7f@google.fr,430 382 4607
Rhianna,Unwin,Female,runwin7g@indiatimes.com,959 909 6122
Hastie,Chafney,Polygender,hchafney7h@typepad.com,162 556 5888
Bentley,Drynan,Male,bdrynan7i@japanpost.jp,887 237 4272
Marina,Paget,Female,mpaget7j@dyndns.org,621 568 2167
Erick,Aizikovitch,Male,eaizikovitch7k@vistaprint.com,847 333 9697
Aguste,Laurisch,Male,alaurisch7l@edublogs.org,615 238 2479
Archie,Yurin,Male,ayurin7m@hatena.ne.jp,911 383 4618
Shantee,Langcastle,Female,slangcastle7n@naver.com,213 291 8293
Cesare,Croser,Male,ccroser7o@google.ru,469 301 3615
Bevon,Wagstaffe,Male,bwagstaffe7p@japanpost.jp,452 841 8547
Janeen,Demageard,Female,jdemageard7q@irs.gov,213 755 2301
Wake,Eymer,Male,weymer7r@flavors.me,773 917 1344
Roman,Musgrove,Male,rmusgrove7s@census.gov,195 925 9976
Faustine,Gaenor,Genderqueer,fgaenor7t@icq.com,981 431 2639
Tammie,Checcuzzi,Female,tcheccuzzi7u@paypal.com,779 362 3594
Logan,McRobb,Male,lmcrobb7v@hibu.com,129 852 6944
Chuck,Dysart,Male,cdysart7w@mozilla.org,996 697 3646
Dylan,Danilishin,Male,ddanilishin7x@go.com,614 911 4829
Fairleigh,Astbury,Male,fastbury7y@theglobeandmail.com,210 661 6436
Ashlen,Evanson,Female,aevanson7z@indiatimes.com,498 934 2517
Florencia,Hatliff,Female,fhatliff80@flavors.me,762 416 9227
Jens,Rodolico,Male,jrodolico81@list-manage.com,580 557 0216
Seward,Cattel,Non-binary,scattel82@cdc.gov,972 137 7786
Bay,Smaile,Male,bsmaile83@behance.net,668 637 7590
Oran,Giacobo,Male,ogiacobo84@behance.net,713 905 6022
Beltran,Piatkowski,Male,bpiatkowski85@constantcontact.com,991 388 0669
Martguerita,McLukie,Female,mmclukie86@aol.com,844 553 8531
Kimbell,Hammatt,Male,khammatt87@goodreads.com,929 104 2982
Derk,McCunn,Male,dmccunn88@ucoz.ru,965 693 8479
Irving,Rigmand,Male,irigmand89@linkedin.com,563 755 4975
Aristotle,Hunsworth,Male,ahunsworth8a@studiopress.com,708 740 3245
Justina,Cottesford,Female,jcottesford8b@stanford.edu,823 601 2456
Bebe,Emmet,Female,bemmet8c@thetimes.co.uk,622 497 1532
Christyna,Brandrick,Female,cbrandrick8d@woothemes.com,100 886 0955
Jozef,Morstatt,Male,jmorstatt8e@google.com.au,338 164 6857
Clo,Bracknall,Female,cbracknall8f@answers.com,912 644 1205
Xymenes,Delieu,Male,xdelieu8g@miitbeian.gov.cn,731 848 8601
Bertie,Rossborough,Male,brossborough8h@theglobeandmail.com,178 834 4241
Francisco,Sweedy,Male,fsweedy8i@goo.gl,672 924 4533
Colly,McLeman,Female,cmcleman8j@washington.edu,441 276 1322
Elise,Gilders,Female,egilders8k@tinyurl.com,580 556 6666
Adolphus,Trotter,Non-binary,atrotter8l@dyndns.org,496 609 6641
Dulcea,Bradie,Female,dbradie8m@creativecommons.org,817 436 5242
Joana,Capineer,Female,jcapineer8n@princeton.edu,184 421 4685
Roxane,Berisford,Agender,rberisford8o@dot.gov,718 872 6342
Addie,Taggett,Male,ataggett8p@smugmug.com,208 487 0551
Hillie,Sheilds,Male,hsheilds8q@github.com,809 858 0532
Linzy,Buckby,Female,lbuckby8r@blog.com,971 409 4833
Giffard,Caron,Male,gcaron8s@plala.or.jp,415 638 7114
Mirelle,Gettone,Female,mgettone8t@joomla.org,536 922 8256
Kassandra,MacWhan,Genderqueer,kmacwhan8u@epa.gov,730 233 1944
Glenna,Forlonge,Agender,gforlonge8v@behance.net,469 809 4587
Kilian,Ceccoli,Male,kceccoli8w@homestead.com,918 461 6476
Cly,Dreossi,Male,cdreossi8x@elpais.com,639 358 7111
Ofilia,Keford,Female,okeford8y@geocities.jp,541 247 6890
Jordana,Seivertsen,Female,jseivertsen8z@wufoo.com,246 456 1619
Bryn,Fabbri,Female,bfabbri90@businessinsider.com,240 511 9989
Kelwin,Clarricoates,Male,kclarricoates91@fema.gov,439 143 6315
Rene,Dolan,Male,rdolan92@virginia.edu,157 374 1003
Dar,Midford,Male,dmidford93@ebay.co.uk,908 399 0155
Tiphanie,Valentin,Female,tvalentin94@ft.com,481 953 7804
Laura,Hasker,Agender,lhasker95@arizona.edu,836 508 0004
Yelena,Gunny,Female,ygunny96@exblog.jp,419 328 8619
Sherilyn,Lapham,Female,slapham97@nhs.uk,505 491 2542
Nollie,Chrichton,Female,nchrichton98@icio.us,143 892 3383
Addy,Eacle,Male,aeacle99@tripadvisor.com,366 443 4881
Ashley,Farrent,Female,afarrent9a@github.io,148 850 5163
Mariel,Doble,Female,mdoble9b@ox.ac.uk,593 353 1239
Fleurette,Rhule,Female,frhule9c@usa.gov,986 324 0386
Lisabeth,Huttley,Female,lhuttley9d@yelp.com,100 665 1099
Sybila,Basezzi,Female,sbasezzi9e@cdbaby.com,884 585 1789
Lonnie,Peer,Male,lpeer9f@pagesperso-orange.fr,907 406 5476
Maryl,Lackinton,Polygender,mlackinton9g@amazon.co.uk,694 969 7768
Nissie,Iacomo,Female,niacomo9h@nasa.gov,299 429 7394
Alix,Rigglesford,Male,arigglesford9i@gravatar.com,541 717 9159
Marius,Crocroft,Male,mcrocroft9j@china.com.cn,989 757 2116
Arni,Hartford,Male,ahartford9k@ifeng.com,188 236 8198
Verna,Adanez,Female,vadanez9l@booking.com,406 785 9066
Waverly,Munns,Male,wmunns9m@dion.ne.jp,532 276 9877
Devin,Ickowicz,Genderqueer,dickowicz9n@blogger.com,155 568 1629
Nerti,Peaple,Female,npeaple9o@yellowpages.com,708 371 6993
Olivie,Todeo,Female,otodeo9p@reference.com,503 804 7410
Sammy,Agglione,Male,sagglione9q@4shared.com,266 100 2730
Fair,Conradsen,Male,fconradsen9r@goo.gl,521 862 1296
Toiboid,Texton,Male,ttexton9s@dell.com,942 965 5351
Xylina,Thicking,Female,xthicking9t@meetup.com,882 926 9595
Alex,Layland,Male,alayland9u@tumblr.com,387 959 4882
Laurella,Sambells,Female,lsambells9v@mozilla.com,429 282 3074
Jakie,McTrustey,Male,jmctrustey9w@smugmug.com,115 852 6548
Gamaliel,Carriage,Male,gcarriage9x@nbcnews.com,223 991 5576
Tobit,Peak,Male,tpeak9y@w3.org,900 425 5413
Izaak,Rawe,Male,irawe9z@amazon.co.uk,268 350 3514
Sherwynd,Lyenyng,Male,slyenynga0@biblegateway.com,680 623 2362
Nickie,Matskevich,Male,nmatskevicha1@artisteer.com,469 295 6928
Kris,Wearden,Agender,kweardena2@mapy.cz,769 463 5750
Valentine,Nears,Female,vnearsa3@goo.gl,499 156 9159
Meier,Stoute,Male,mstoutea4@plala.or.jp,553 624 9320
Quinton,Large,Male,qlargea5@xrea.com,475 848 1722
Hardy,Eat,Male,heata6@webs.com,196 762 5536
Yulma,Prince,Male,yprincea7@etsy.com,319 448 2505
May,Hannen,Female,mhannena8@symantec.com,433 374 0695
Dougie,Hallbird,Male,dhallbirda9@google.pl,869 674 3346
Tedmund,Binns,Male,tbinnsaa@nyu.edu,412 123 5730
Ernest,Tickner,Male,eticknerab@chron.com,502 273 2976
Leone,Lago,Female,llagoac@moonfruit.com,338 226 2289
Lezley,Dron,Male,ldronad@gizmodo.com,173 674 7367
Liuka,Godfery,Female,lgodferyae@dedecms.com,247 531 7411
Hilton,Whyte,Male,hwhyteaf@businessinsider.com,562 739 0663
Arte,Denkel,Male,adenkelag@shinystat.com,155 414 6947
Darsie,Revie,Female,drevieah@desdev.cn,834 797 0222
Teri,Gambell,Female,tgambellai@hibu.com,447 425 7066
Nappie,Tenny,Male,ntennyaj@wunderground.com,839 426 4198
Myrwyn,Lydden,Male,mlyddenak@wsj.com,759 568 1067
Michele,Ondrusek,Female,mondrusekal@zdnet.com,698 752 2734
Nowell,Bradnam,Male,nbradnamam@ezinearticles.com,560 260 9839
Hestia,Pena,Female,hpenaan@zimbio.com,709 247 1468
Jdavie,Tamburo,Male,jtamburoao@irs.gov,316 567 6517
Sissy,McKechnie,Female,smckechnieap@paypal.com,411 499 7362
Victoria,Eichmann,Female,veichmannaq@furl.net,387 540 0617
Maggi,Dyett,Female,mdyettar@homestead.com,773 452 4638
Annalee,Kusick,Female,akusickas@unesco.org,115 820 6968
Maryann,Gronw,Female,mgronwat@blogspot.com,342 102 3258
Callean,Broughton,Male,cbroughtonau@princeton.edu,880 602 9427
Jude,Kelk,Male,jkelkav@senate.gov,150 604 4006
Yvon,Load,Male,yloadaw@slideshare.net,386 503 6049
Jacquette,Grieg,Female,jgriegax@wordpress.org,561 469 1010
Calla,Dalla,Female,cdallaay@mayoclinic.com,227 653 3653
Sheelah,Antoniou,Female,santoniouaz@cbslocal.com,554 142 1473
Glennis,Epp,Female,geppb0@purevolume.com,880 909 7481
Aura,Rankine,Non-binary,arankineb1@hhs.gov,927 238 4208
Mag,Shevelin,Female,mshevelinb2@booking.com,891 305 4633
Sherie,Kolakowski,Bigender,skolakowskib3@cornell.edu,857 724 1761
Bennie,Chamberlayne,Male,bchamberlayneb4@naver.com,492 435 0168
Chrystel,Quidenham,Female,cquidenhamb5@bluehost.com,367 120 7735
Taddeusz,Gillings,Male,tgillingsb6@ihg.com,311 237 8584
Inna,Doubrava,Female,idoubravab7@msu.edu,481 301 7686
Cary,Yockney,Male,cyockneyb8@house.gov,360 786 9008
Marilin,Avrasin,Female,mavrasinb9@home.pl,132 313 6967
Brucie,Ellesworth,Male,bellesworthba@soundcloud.com,868 778 5622
Alleen,Alleyne,Female,aalleynebb@ycombinator.com,636 201 9301
Munmro,Ciccotto,Male,mciccottobc@utexas.edu,446 287 0819
Maddi,Bilton,Female,mbiltonbd@lycos.com,325 407 9407
Abraham,Tice,Male,aticebe@istockphoto.com,819 729 2205
Ray,Pepin,Male,rpepinbf@yale.edu,162 372 6182
Maurita,McBryde,Female,mmcbrydebg@bing.com,279 332 8313
Veriee,Camellini,Female,vcamellinibh@si.edu,456 640 3958
Maxwell,Belone,Male,mbelonebi@springer.com,651 497 3688
Marietta,Argile,Male,margilebj@baidu.com,847 745 5472
Alphard,Ximenez,Male,aximenezbk@yandex.ru,925 918 9527
Ortensia,Shercliff,Female,oshercliffbl@tumblr.com,556 361 8622
Loretta,Corbet,Female,lcorbetbm@va.gov,759 792 7082
Rubie,Blyth,Genderqueer,rblythbn@phpbb.com,726 121 9855
Brad,McClosh,Male,bmccloshbo@goodreads.com,986 991 8769
Brandyn,Cluse,Male,bclusebp@gizmodo.com,122 340 9852
Nadia,Brettle,Female,nbrettlebq@surveymonkey.com,202 341 2728
Armand,Seakes,Male,aseakesbr@smugmug.com,527 680 8658
Penny,Koubek,Female,pkoubekbs@nyu.edu,281 253 5240
Duane,Dorricott,Male,ddorricottbt@dmoz.org,950 428 7663
Adore,Olensby,Female,aolensbybu@t-online.de,340 571 2386
Alasdair,Waldock,Male,awaldockbv@opera.com,519 299 1480
Charita,Somerset,Female,csomersetbw@spiegel.de,239 601 8339
Ellissa,Croose,Genderqueer,ecroosebx@hibu.com,331 686 9613
Shaw,Smiley,Male,ssmileyby@huffingtonpost.com,889 765 4272
Georas,Aaronsohn,Male,gaaronsohnbz@hatena.ne.jp,784 765 3858
Nalani,Armytage,Female,narmytagec0@tripadvisor.com,502 944 2920
Daphne,Petrenko,Female,dpetrenkoc1@phoca.cz,420 640 6246
Creigh,Swin,Male,cswinc2@acquirethisname.com,558 212 0402
Irene,Ingleson,Female,iinglesonc3@goo.gl,950 948 6609
Roscoe,Goodred,Male,rgoodredc4@nba.com,813 167 1727
Abie,Gooderham,Genderqueer,agooderhamc5@cyberchimps.com,952 756 0338
Dyana,Garken,Female,dgarkenc6@pcworld.com,917 245 6346
Kristien,Portwaine,Female,kportwainec7@bravesites.com,388 974 1701
Alica,Backhurst,Bigender,abackhurstc8@hc360.com,412 271 4798
Loni,Gibbings,Female,lgibbingsc9@icq.com,355 677 8975
Chryste,Sparkwell,Female,csparkwellca@fastcompany.com,282 994 6338
Terese,Joskowicz,Female,tjoskowiczcb@artisteer.com,958 228 0217
Francesco,Allebone,Male,fallebonecc@amazon.co.uk,551 916 6430
Barry,Rannigan,Genderfluid,brannigancd@cmu.edu,425 368 6289
Petey,Faucett,Male,pfaucettce@mashable.com,942 144 2777
Elyn,Stringer,Female,estringercf@icio.us,977 118 7468
Hamel,Egle of Germany,Male,hegleofgermanycg@sciencedirect.com,439 519 4636
Darcee,Artindale,Female,dartindalech@usgs.gov,646 554 6181
Morgen,Hards,Bigender,mhardsci@mapquest.com,323 272 8960
Lilah,Rosewarne,Female,lrosewarnecj@vk.com,519 158 6932
Tuckie,Gammons,Male,tgammonsck@sourceforge.net,746 898 9881
Richie,Malec,Male,rmaleccl@pinterest.com,503 353 4730
Chucho,Nabarro,Male,cnabarrocm@craigslist.org,183 904 8584
Susana,Semrad,Polygender,ssemradcn@myspace.com,681 340 8755
Joela,Nobbs,Female,jnobbsco@instagram.com,117 136 6847
Estrellita,Kerwen,Female,ekerwencp@zimbio.com,437 345 5352
Arielle,Oki,Female,aokicq@simplemachines.org,133 701 1157
Cleve,Rickis,Polygender,crickiscr@geocities.jp,308 851 3957
Dede,Bickerton,Genderqueer,dbickertoncs@blogspot.com,141 879 0908
Sallie,Coonihan,Female,scoonihanct@com.com,210 494 3976
Tucky,Kinchington,Male,tkinchingtoncu@seesaa.net,835 459 6026
Maritsa,Amorine,Female,mamorinecv@xrea.com,491 112 9964
Chad,Jarnell,Male,cjarnellcw@mac.com,263 894 2664
Tobey,Dayton,Female,tdaytoncx@acquirethisname.com,197 654 6221
Ario,Fealty,Male,afealtycy@shop-pro.jp,489 451 3237
Calv,Kempstone,Genderqueer,ckempstonecz@who.int,286 869 5430
Olin,Cregeen,Male,ocregeend0@ted.com,512 669 1714
Samuele,le Keux,Male,slekeuxd1@naver.com,906 239 2774
Torry,Rocco,Male,troccod2@unc.edu,873 144 3866
Agatha,Kneale,Genderfluid,aknealed3@ow.ly,131 162 6363
Izzy,Kent,Male,ikentd4@opensource.org,713 974 5561
Levy,Cubbino,Male,lcubbinod5@ca.gov,650 608 7496
Cilka,McKevitt,Female,cmckevittd6@ucsd.edu,633 167 5624
Abby,Klimkowski,Male,aklimkowskid7@dagondesign.com,205 804 1148
Matteo,Wornham,Male,mwornhamd8@harvard.edu,170 908 0572
Ashia,Freshwater,Female,afreshwaterd9@hubpages.com,146 644 4609
Katusha,Beany,Female,kbeanyda@simplemachines.org,168 168 4172
Nev,Dominick,Male,ndominickdb@typepad.com,692 150 0081
Mortie,Castellino,Male,mcastellinodc@wisc.edu,744 136 0189
Tedie,Everly,Male,teverlydd@ucoz.ru,547 788 5962
Bette-ann,Ashburne,Female,bashburnede@is.gd,230 448 3451
Sam,Dudbridge,Male,sdudbridgedf@harvard.edu,314 816 9832
Amelie,Nendick,Bigender,anendickdg@weibo.com,521 265 9976
Anthony,Messenbird,Male,amessenbirddh@gizmodo.com,847 191 8201
Lilla,Andres,Female,landresdi@bizjournals.com,896 186 9860
Rafael,Ewbanck,Male,rewbanckdj@blog.com,245 553 4794
Dex,Stanford,Male,dstanforddk@usnews.com,206 657 7031
Barrie,Leatherborrow,Male,bleatherborrowdl@dropbox.com,466 110 9070
Bartholemy,Seemmonds,Male,bseemmondsdm@engadget.com,202 344 2164
Hector,Girodias,Male,hgirodiasdn@time.com,357 869 5032
Tomi,Stalf,Female,tstalfdo@cam.ac.uk,540 681 5823
Estrellita,Hannis,Female,ehannisdp@yellowbook.com,599 894 3852
Caren,Lauchlan,Agender,clauchlandq@washington.edu,674 330 9799
Maje,Brace,Genderqueer,mbracedr@answers.com,900 184 4063
Mehetabel,Strelitzki,Female,mstrelitzkids@sciencedaily.com,821 708 6782
Natasha,Searby,Bigender,nsearbydt@ycombinator.com,869 605 0408
Bridgette,Rue,Female,bruedu@hubpages.com,829 266 2907
Roy,Friskey,Male,rfriskeydv@accuweather.com,123 567 3700
Bogart,Calbrathe,Male,bcalbrathedw@sciencedaily.com,931 441 2179
Armin,Knipe,Male,aknipedx@alibaba.com,851 690 4885
Bryn,Deschelle,Male,bdeschelledy@usgs.gov,773 844 0594
Tildie,Deaville,Female,tdeavilledz@java.com,313 123 3986
Alon,Stolle,Male,astollee0@vinaora.com,241 789 9311
Algernon,Hurn,Male,ahurne1@imdb.com,927 459 4221
Dinah,Tempest,Female,dtempeste2@seesaa.net,748 841 8589
Corabel,Lemanu,Female,clemanue3@smugmug.com,305 230 6273
Hazel,MacAne,Female,hmacanee4@pcworld.com,294 815 2807
Herbie,Tumelty,Male,htumeltye5@wiley.com,943 698 8856
Jonathan,Amsberger,Male,jamsbergere6@hostgator.com,135 979 3108
Delmore,Do,Male,ddoe7@360.cn,284 527 2065
Alissa,Jutson,Female,ajutsone8@reference.com,325 954 7555
Idell,Roby,Agender,irobye9@reference.com,764 124 4915
Biddie,Simek,Female,bsimekea@netscape.com,913 193 0959
Izaak,Aglione,Male,iaglioneeb@mysql.com,919 444 1977
Antony,Cominotti,Male,acominottiec@sourceforge.net,306 536 9242
Riordan,Gunbie,Male,rgunbieed@dion.ne.jp,572 963 3996
Tod,Stonnell,Male,tstonnellee@networkadvertising.org,552 350 9972
Sandy,Ikins,Female,sikinsef@so-net.ne.jp,759 344 5764
Leda,Lippiatt,Female,llippiatteg@loc.gov,926 728 3345
Eadie,Donati,Female,edonatieh@amazon.de,269 826 2407
Rancell,Lapping,Male,rlappingei@feedburner.com,979 312 1759
Murdock,Demeter,Male,mdemeterej@php.net,329 108 3085
Galvin,McHaffy,Male,gmchaffyek@nydailynews.com,581 595 1274
Katie,Caistor,Genderqueer,kcaistorel@icio.us,337 526 4488
Ignacius,Howarth,Male,ihowarthem@latimes.com,880 643 2092
Marti,Ivashchenko,Female,mivashchenkoen@skyrock.com,336 153 1620
Kipper,Twiname,Male,ktwinameeo@mediafire.com,398 534 9017
Chris,Purvey,Female,cpurveyep@ning.com,552 879 8384
Britta,Westell,Female,bwestelleq@craigslist.org,402 108 9996
Con,Farquarson,Female,cfarquarsoner@over-blog.com,813 766 0252
Katharina,Palay,Female,kpalayes@themeforest.net,823 202 4273
Chanda,Podmore,Female,cpodmoreet@parallels.com,733 301 1990
Marrissa,Lovemore,Female,mlovemoreeu@shop-pro.jp,110 725 3702
Jenifer,Golsworthy,Female,jgolsworthyev@nhs.uk,246 589 0012
Hercules,Simic,Male,hsimicew@prlog.org,257 492 2923
Duke,Aymeric,Agender,daymericex@angelfire.com,872 194 5475
Augusto,Corner,Agender,acornerey@hubpages.com,671 484 1867
Oliver,Connerry,Male,oconnerryez@sbwire.com,268 352 8813
Daron,McCallum,Male,dmccallumf0@uol.com.br,279 942 6392
Lynett,Willey,Agender,lwilleyf1@netvibes.com,133 225 6055
Tudor,Paxeford,Male,tpaxefordf2@technorati.com,924 813 1062
Anissa,Joutapaitis,Female,ajoutapaitisf3@de.vu,366 599 7409
Shawna,Lyptrit,Female,slyptritf4@arizona.edu,634 746 8102
Erminia,Beadman,Female,ebeadmanf5@wikimedia.org,213 995 6769
Rodina,Hirth,Female,rhirthf6@businesswire.com,650 954 5234
Starlene,Pidgin,Female,spidginf7@ovh.net,435 564 0058
Fidelia,Fairhurst,Female,ffairhurstf8@npr.org,167 577 8467
Clem,Tollerfield,Female,ctollerfieldf9@businessinsider.com,820 176 9900
Loy,Mullinger,Male,lmullingerfa@dropbox.com,803 297 2501
Aurie,Duckham,Female,aduckhamfb@reference.com,297 466 2934
Gilli,Tuhy,Non-binary,gtuhyfc@redcross.org,603 318 6749
Brennan,Goodbody,Male,bgoodbodyfd@webnode.com,809 765 9885
Tripp,Billo,Bigender,tbillofe@ehow.com,706 347 8896
Perkin,Widdowes,Non-binary,pwiddowesff@sciencedirect.com,523 318 5434
Marcelia,Lambal,Female,mlambalfg@topsy.com,227 792 7611
Iosep,Olivazzi,Agender,iolivazzifh@networkadvertising.org,935 622 9096
Sergio,Gossan,Male,sgossanfi@myspace.com,175 338 0391
Vickie,Holburn,Female,vholburnfj@indiatimes.com,863 718 3437
Giffard,Tullett,Male,gtullettfk@mac.com,577 948 0907
Carl,Gillopp,Male,cgilloppfl@msu.edu,700 548 5734
Lilllie,Foucher,Female,lfoucherfm@ucoz.com,763 195 3900
Aviva,Tivers,Female,ativersfn@example.com,489 479 3232
Victoir,Pero,Male,vperofo@devhub.com,954 849 3167
Frederigo,Bentson,Polygender,fbentsonfp@360.cn,378 298 3219
Quinton,Austwick,Male,qaustwickfq@blog.com,752 559 0268
Elsy,Luckey,Female,eluckeyfr@icio.us,460 435 4665
Olivie,Bastable,Female,obastablefs@pen.io,986 534 9015
Rodney,Darmody,Male,rdarmodyft@yahoo.co.jp,855 687 8273
Ana,Beek,Non-binary,abeekfu@arizona.edu,859 155 0258
Diann,Dawnay,Female,ddawnayfv@cyberchimps.com,376 234 6282
D'arcy,McDavitt,Male,dmcdavittfw@hugedomains.com,605 752 6618
Gregg,Elleton,Male,gelletonfx@bluehost.com,883 187 0546
Lillian,Nevins,Female,lnevinsfy@sphinn.com,900 138 8382
Haven,Plummer,Male,hplummerfz@macromedia.com,859 843 3481
Elie,Gallier,Female,egallierg0@discovery.com,371 974 5651
Howie,Kubin,Male,hkubing1@wufoo.com,966 194 9279
Roland,MacMenamie,Male,rmacmenamieg2@theatlantic.com,734 863 0046
Wat,Audrey,Agender,waudreyg3@vkontakte.ru,194 177 1667
Aida,Haighton,Female,ahaightong4@umich.edu,105 804 5513
Arlana,Jiroutka,Female,ajiroutkag5@youku.com,547 218 6909
Betta,Stockton,Female,bstocktong6@irs.gov,587 826 5817
Elysha,Hassur,Female,ehassurg7@symantec.com,169 763 5256
Kristoforo,Rallinshaw,Male,krallinshawg8@phpbb.com,652 681 3992
Kimberly,Castagneto,Polygender,kcastagnetog9@tamu.edu,101 982 3143
Lura,Geipel,Female,lgeipelga@marriott.com,128 751 4370
Alysia,Pargetter,Female,apargettergb@mit.edu,689 482 2247
Cindra,Simukov,Non-binary,csimukovgc@qq.com,247 500 4816
Grady,Vearncomb,Male,gvearncombgd@blog.com,159 667 4161
Hector,Odger,Male,hodgerge@opera.com,936 519 1080
Crystie,Vouls,Female,cvoulsgf@shinystat.com,239 676 7382
Vittoria,Suddards,Female,vsuddardsgg@angelfire.com,823 640 0733
Anabel,Sandys,Female,asandysgh@privacy.gov.au,887 576 4009
Raphaela,Wallsam,Female,rwallsamgi@surveymonkey.com,715 767 4824
Cindie,Oxherd,Female,coxherdgj@elpais.com,650 838 4843
Karel,Lissandrini,Female,klissandrinigk@storify.com,621 924 1438
Melinde,Bambrugh,Female,mbambrughgl@cbslocal.com,688 540 2344
Teddy,Rangle,Male,tranglegm@discovery.com,176 236 1037
Felice,Ballchin,Male,fballchingn@twitter.com,630 525 0896
Lynnelle,Paumier,Agender,lpaumiergo@hubpages.com,404 929 7632
Bevan,Verrell,Agender,bverrellgp@weebly.com,202 395 0529
Chuck,Zute,Agender,czutegq@google.nl,401 760 4008
Sterling,Duinkerk,Male,sduinkerkgr@acquirethisname.com,562 964 2072
Sukey,Brentnall,Female,sbrentnallgs@cornell.edu,792 955 1672
Kingston,Camm,Male,kcammgt@fda.gov,812 922 7084
Chlo,Kenshole,Female,ckensholegu@webmd.com,544 530 6316
Rhodia,Hainge,Female,rhaingegv@indiegogo.com,982 330 0027
Damian,Dinzey,Male,ddinzeygw@yolasite.com,598 972 6073
Kristofor,Pavett,Male,kpavettgx@digg.com,494 155 4344
Allister,Trevaskis,Genderfluid,atrevaskisgy@bigcartel.com,572 404 1983
Liza,Waldock,Agender,lwaldockgz@examiner.com,597 168 4293
Guillemette,Bernli,Female,gbernlih0@nature.com,320 559 9806
Stefa,Loft,Female,slofth1@mtv.com,135 535 9522
Kaspar,Hillan,Male,khillanh2@ameblo.jp,208 173 7179
Lily,Scrivenor,Female,lscrivenorh3@51.la,106 796 0427
Price,Mation,Male,pmationh4@constantcontact.com,799 909 9594
Benson,Alliott,Male,balliotth5@ameblo.jp,131 321 9971
Ardis,Plaister,Female,aplaisterh6@ifeng.com,769 781 0379
Kenn,Woodier,Male,kwoodierh7@mtv.com,523 321 6815
Caz,Bavidge,Male,cbavidgeh8@ca.gov,167 179 6938
Haze,Stuer,Male,hstuerh9@wsj.com,505 631 0462
Cecil,Paddell,Male,cpaddellha@about.me,603 437 6982
Granville,Bonehill,Male,gbonehillhb@newsvine.com,747 839 3715
Woodrow,Boschmann,Male,wboschmannhc@hubpages.com,627 554 8444
Honor,Blinckhorne,Female,hblinckhornehd@plala.or.jp,131 422 4480
Florance,Sorrill,Female,fsorrillhe@tiny.cc,404 846 9425
Becki,Gellett,Female,bgelletthf@dell.com,102 716 0276
Angeli,Hutt,Genderfluid,ahutthg@salon.com,854 213 3398
Car,Roxbrough,Male,croxbroughhh@symantec.com,817 463 1048
Davey,Hirsthouse,Male,dhirsthousehi@dropbox.com,542 954 3618
Niccolo,Tisun,Male,ntisunhj@google.cn,453 345 6422
Livvy,Vaun,Female,lvaunhk@cdc.gov,423 790 1102
Reeva,Auckland,Genderfluid,raucklandhl@house.gov,272 475 8022
Vivian,Eleshenar,Female,veleshenarhm@technorati.com,549 704 9005
Wyndham,Franek,Male,wfranekhn@delicious.com,897 174 7994
Maxwell,Bedding,Male,mbeddingho@youku.com,645 358 6039
Shea,Dungee,Genderfluid,sdungeehp@so-net.ne.jp,473 394 9833
Jillana,Zucker,Female,jzuckerhq@canalblog.com,700 549 6158
Phebe,Kynston,Female,pkynstonhr@japanpost.jp,443 495 3700
Iris,Lilley,Female,ililleyhs@soundcloud.com,851 194 7681
Ashley,Fawlkes,Male,afawlkesht@umn.edu,205 805 7665
Johnath,Tilley,Female,jtilleyhu@bluehost.com,176 857 2246
Maighdiln,Mosedale,Female,mmosedalehv@google.com.br,642 100 4132
Clive,Chandlar,Male,cchandlarhw@auda.org.au,575 641 8973
Denny,Daviot,Male,ddaviothx@europa.eu,328 273 3203
Dorthy,Astell,Female,dastellhy@businesswire.com,760 512 5334
Frederica,Mc Caghan,Female,fmccaghanhz@ask.com,192 240 9631
Inga,Hawthorn,Female,ihawthorni0@nsw.gov.au,589 864 1992
Malva,Trahmel,Female,mtrahmeli1@sciencedirect.com,757 704 7073
Shelli,Windibank,Female,swindibanki2@foxnews.com,419 623 5204
Winnie,O'Fihillie,Male,wofihilliei3@dell.com,524 332 0439
Theodora,Test,Female,ttesti4@reddit.com,754 436 9026
Rollins,Foot,Male,rfooti5@discovery.com,516 280 1756
Averell,Palphramand,Male,apalphramandi6@github.com,497 207 1441
Nikolos,Hambleton,Male,nhambletoni7@gravatar.com,161 864 5264
Danielle,Beards,Female,dbeardsi8@fc2.com,108 908 2764
Meta,McGairl,Female,mmcgairli9@blogtalkradio.com,885 396 2698
Bobine,Lennard,Female,blennardia@wisc.edu,644 854 8933
Reiko,Hutchinson,Female,rhutchinsonib@github.io,773 352 4107
Nico,Measures,Male,nmeasuresic@xing.com,203 638 2336
Reggis,Quirk,Male,rquirkid@jalbum.net,142 605 7665
Halley,Beavan,Female,hbeavanie@who.int,840 664 3723
Ree,Eldred,Female,reldredif@imgur.com,277 291 8660
Jaquelin,Antognetti,Female,jantognettiig@4shared.com,992 888 7503
Annabel,Ansell,Female,aansellih@bloglovin.com,359 350 5672
Susi,McNickle,Female,smcnickleii@utexas.edu,214 491 2566
Forbes,Munks,Agender,fmunksij@bing.com,174 160 3210
Aubree,Sturdy,Female,asturdyik@newsvine.com,960 711 9790
Emmett,Fairrie,Male,efairrieil@cyberchimps.com,542 253 8477
Bertine,Abys,Female,babysim@barnesandnoble.com,841 192 3623
Janice,Hollibone,Female,jhollibonein@nature.com,656 296 7663
Suzann,Lorinez,Female,slorinezio@linkedin.com,666 622 3496
Fitzgerald,Manthroppe,Male,fmanthroppeip@oracle.com,146 313 6546
May,Cufflin,Female,mcuffliniq@e-recht24.de,283 683 1562
Florri,Bulled,Female,fbulledir@vistaprint.com,850 190 8007
Clive,Leither,Male,cleitheris@amazon.de,974 287 7600
Sidonia,Whitecross,Female,swhitecrossit@amazon.com,888 838 8985
Vonni,Buckeridge,Female,vbuckeridgeiu@addthis.com,241 224 7444
Shawn,Reasce,Male,sreasceiv@ihg.com,218 126 5885
Jacquenette,Garlee,Female,jgarleeiw@imdb.com,877 538 3161
Tani,Ben-Aharon,Female,tbenaharonix@dmoz.org,449 616 3868
Thedrick,Orleton,Male,torletoniy@ucoz.com,752 457 4591
Wally,de la Tremoille,Male,wdelatremoilleiz@yandex.ru,253 431 3681
Agathe,Mallabon,Polygender,amallabonj0@newyorker.com,636 330 9949
Berte,Comar,Female,bcomarj1@zimbio.com,703 292 7131
Sayre,Luparti,Male,slupartij2@plala.or.jp,631 567 4803
Sebastian,Hannaway,Male,shannawayj3@unblog.fr,500 409 8827
Joey,Berthome,Male,jberthomej4@nhs.uk,131 298 2272
Jennilee,Bewsey,Female,jbewseyj5@php.net,121 522 1932
Augustina,Graysmark,Female,agraysmarkj6@ucsd.edu,411 898 0861
Cecil,Ralton,Polygender,craltonj7@desdev.cn,454 329 1788
Ignace,Verduin,Male,iverduinj8@washington.edu,554 441 8204
Adara,Bartrop,Female,abartropj9@answers.com,607 335 5845
Tab,Pentony,Male,tpentonyja@ovh.net,779 299 8608
Cad,Gerty,Male,cgertyjb@cnet.com,572 730 4028
Alvy,Layland,Male,alaylandjc@cdc.gov,340 425 5587
Francene,Shrieve,Genderqueer,fshrievejd@hp.com,797 405 6027
Lacie,Carslaw,Female,lcarslawje@statcounter.com,114 875 9389
Dalli,Lowin,Male,dlowinjf@google.com.br,213 873 4316
Zak,Von Gladbach,Male,zvongladbachjg@tumblr.com,501 717 7219
Ailbert,Beechcraft,Male,abeechcraftjh@shinystat.com,694 269 7951
Dennie,Dunlap,Female,ddunlapji@bravesites.com,514 737 3707
Tedie,Paquet,Male,tpaquetjj@mac.com,286 541 1346
Connie,Leguay,Male,cleguayjk@discovery.com,138 675 5134
Otto,Grizard,Male,ogrizardjl@blogtalkradio.com,174 864 7245
Burty,Clausner,Male,bclausnerjm@dell.com,102 120 5051
Nial,Kynaston,Bigender,nkynastonjn@cafepress.com,701 606 7799
Devlen,De Bell,Male,ddebelljo@opera.com,873 806 9327
Nelly,Biss,Female,nbissjp@businessweek.com,231 778 4646
Ajay,Parkey,Female,aparkeyjq@chicagotribune.com,333 687 2372
Gisela,Grigorini,Female,ggrigorinijr@constantcontact.com,250 668 6533
Franny,Giocannoni,Male,fgiocannonijs@parallels.com,727 879 9619
Luelle,Heindl,Female,lheindljt@google.ca,162 796 9234
Mario,Dillway,Male,mdillwayju@typepad.com,860 906 6305
Vic,Chastel,Male,vchasteljv@vinaora.com,703 345 7771
Gnni,Bracci,Female,gbraccijw@miitbeian.gov.cn,944 729 5593
Gayleen,Stiant,Female,gstiantjx@earthlink.net,443 706 3020
Nolan,Sictornes,Male,nsictornesjy@e-recht24.de,712 411 0779
Dominga,McGilbon,Female,dmcgilbonjz@shinystat.com,901 805 6301
Christalle,Skellion,Female,cskellionk0@yahoo.com,185 379 3270
Annabelle,Pringell,Female,apringellk1@wp.com,879 762 7530
Zollie,Hamnett,Male,zhamnettk2@etsy.com,577 786 0746
Cordelie,Tyght,Female,ctyghtk3@youku.com,215 503 4991
Selestina,Aynsley,Female,saynsleyk4@booking.com,999 326 8600
Terrell,Eudall,Male,teudallk5@biblegateway.com,813 559 4254
Sandra,Fernan,Female,sfernank6@theglobeandmail.com,595 697 9898
Kris,Heditch,Male,kheditchk7@ted.com,521 942 6371
Uriah,Kinton,Male,ukintonk8@mediafire.com,859 403 5589
Lenette,Catlow,Female,lcatlowk9@godaddy.com,490 639 5165
Phillida,Davenport,Bigender,pdavenportka@163.com,238 941 8111
Jaime,Garnsworth,Male,jgarnsworthkb@privacy.gov.au,934 240 0686
Dar,Goodday,Male,dgooddaykc@meetup.com,515 680 2457
Hamid,Fardell,Male,hfardellkd@vinaora.com,573 727 2974
Nert,Le Barr,Female,nlebarrke@over-blog.com,909 355 3848
Austine,Kenwell,Female,akenwellkf@nifty.com,295 281 5195
Aloysius,Broome,Male,abroomekg@weebly.com,408 355 5069
Tonie,Wrigley,Female,twrigleykh@cbc.ca,314 237 3012
Emera,Signori,Female,esignoriki@marketwatch.com,306 891 3214
Khalil,Hernik,Male,khernikkj@quantcast.com,990 855 1266
Patrick,Issett,Male,pissettkk@epa.gov,630 800 3634
Rustie,Yearnsley,Male,ryearnsleykl@purevolume.com,541 451 6246
Neddie,Lowden,Male,nlowdenkm@twitter.com,562 571 7938
Janetta,Edinburgh,Female,jedinburghkn@prweb.com,438 570 7695
Angelo,Yurocjhin,Male,ayurocjhinko@dyndns.org,860 796 8311
Robenia,Falkner,Bigender,rfalknerkp@ted.com,147 127 6271
Waldemar,Barkaway,Male,wbarkawaykq@is.gd,626 123 9605
Gretta,Merton,Female,gmertonkr@noaa.gov,384 832 9386
Bertrand,Ebunoluwa,Male,bebunoluwaks@amazon.co.uk,810 950 8477
Arny,Jozwik,Male,ajozwikkt@instagram.com,536 303 2531
Locke,Rymill,Male,lrymillku@rediff.com,454 863 9408
Zebadiah,Kantor,Non-binary,zkantorkv@trellian.com,832 209 4409
Billi,Rimour,Female,brimourkw@miibeian.gov.cn,330 223 0540
Bailie,Flahive,Male,bflahivekx@bbc.co.uk,904 863 5044
Ariana,Dungate,Female,adungateky@wikispaces.com,127 704 4737
Gustave,Gellately,Male,ggellatelykz@telegraph.co.uk,282 235 7980
Drona,Poulsum,Female,dpoulsuml0@sitemeter.com,641 358 0159
Alanson,Revington,Male,arevingtonl1@home.pl,773 660 7917
Rosetta,Faulconer,Female,rfaulconerl2@patch.com,288 554 2710
Raye,Jarrard,Female,rjarrardl3@ovh.net,668 625 3236
Ava,Yearsley,Female,ayearsleyl4@myspace.com,353 140 9593
Timmy,Kulis,Male,tkulisl5@smh.com.au,406 597 4819
Godfree,Purvess,Male,gpurvessl6@weebly.com,529 828 2865
Gerhard,Allso,Male,gallsol7@answers.com,856 998 7604
Rozina,Ferrini,Genderqueer,rferrinil8@dell.com,326 234 7269
Alvera,Gillbey,Female,agillbeyl9@hhs.gov,691 617 1767
Hoyt,Fromant,Male,hfromantla@who.int,449 791 0607
Kizzie,Rochewell,Female,krochewelllb@live.com,510 262 4009
Gaspar,Beastall,Male,gbeastalllc@cbsnews.com,119 454 7986
Elyn,Adie,Female,eadield@photobucket.com,624 197 2840
Cam,Poyle,Female,cpoylele@ycombinator.com,540 162 2545
Sande,Bretelle,Female,sbretellelf@baidu.com,829 973 3182
Robby,Seckington,Female,rseckingtonlg@opera.com,342 796 5587
Morna,Hoovart,Female,mhoovartlh@ezinearticles.com,382 129 9778
Gawain,Gregolin,Male,ggregolinli@zimbio.com,480 634 6928
Carmelina,Brundill,Female,cbrundilllj@cdc.gov,101 634 7017
Raphael,Overland,Male,roverlandlk@tinyurl.com,120 165 7236
Wynn,Climo,Male,wclimoll@bluehost.com,249 860 3501
Doralin,Ambroisin,Female,dambroisinlm@cmu.edu,995 875 5225
Alonso,Elsby,Male,aelsbyln@quantcast.com,772 506 2459
Davie,Roomes,Male,droomeslo@last.fm,515 399 2281
Corrie,Navarre,Female,cnavarrelp@independent.co.uk,438 760 3785
Isidoro,Keep,Bigender,ikeeplq@fotki.com,665 677 6341
Gibby,Bushnell,Male,gbushnelllr@stumbleupon.com,556 697 7279
Morey,Edling,Male,medlingls@wordpress.org,942 591 9471
Mallory,Liptrod,Female,mliptrodlt@usa.gov,122 546 8941
Pennie,Pringley,Female,ppringleylu@blogspot.com,204 940 1222
Gaelan,Poacher,Male,gpoacherlv@photobucket.com,224 364 6668
Hirsch,Sunner,Non-binary,hsunnerlw@photobucket.com,849 157 9745
Sherrie,de Leon,Non-binary,sdeleonlx@cyberchimps.com,718 926 7869
Gina,Peaden,Female,gpeadenly@google.pl,916 750 7855
Diego,Hayer,Bigender,dhayerlz@yahoo.co.jp,672 169 4237
Berthe,McAndie,Female,bmcandiem0@amazon.de,587 878 8454
Elbert,Brombell,Male,ebrombellm1@washington.edu,756 736 7336
Chlo,Oakland,Female,coaklandm2@blogtalkradio.com,757 279 9231
Ninetta,Djordjevic,Female,ndjordjevicm3@cam.ac.uk,919 740 2804
Fraze,Simion,Male,fsimionm4@cbsnews.com,474 530 1845
Cari,Schruyer,Female,cschruyerm5@edublogs.org,947 530 2672
Caleb,De Few,Genderfluid,cdefewm6@ocn.ne.jp,140 465 9816
Cletus,Newbegin,Male,cnewbeginm7@webs.com,132 308 8439
Brian,Geroldi,Male,bgeroldim8@webmd.com,679 171 5301
Wallas,Callender,Male,wcallenderm9@canalblog.com,532 265 6331
Bancroft,Grindall,Male,bgrindallma@php.net,596 195 8034
Nevsa,Mc Carroll,Female,nmccarrollmb@surveymonkey.com,239 411 3525
Merry,Benoist,Female,mbenoistmc@over-blog.com,959 654 4358
Demetra,Crotty,Female,dcrottymd@usda.gov,740 139 4809
Dario,Ferrarello,Male,dferrarellome@google.com.au,697 745 4212
Letitia,Chesnut,Female,lchesnutmf@timesonline.co.uk,556 567 1612
Vite,Dingate,Male,vdingatemg@bizjournals.com,795 370 4452
Emory,Kilduff,Male,ekilduffmh@cnn.com,571 389 8967
Toddy,Absolom,Male,tabsolommi@fotki.com,113 502 4417
Dexter,Boughtflower,Genderfluid,dboughtflowermj@mit.edu,703 803 6531
Deni,Mushawe,Female,dmushawemk@ifeng.com,896 230 4141
Sabina,Lambertz,Female,slambertzml@icio.us,446 207 3465
Mellisa,Karlsson,Female,mkarlssonmm@fema.gov,583 533 6680
Tedi,Boydle,Genderfluid,tboydlemn@redcross.org,150 319 6166
Vivyan,Janota,Female,vjanotamo@google.it,461 308 8180
Shaun,Brucker,Female,sbruckermp@forbes.com,187 913 3552
Lorena,Leate,Genderqueer,lleatemq@cdbaby.com,851 256 6133
Hazel,Thain,Non-binary,hthainmr@omniture.com,262 747 9317
Lyndsey,Barroux,Female,lbarrouxms@uol.com.br,946 528 5622
Purcell,Herreran,Male,pherreranmt@baidu.com,583 912 6604
Jerry,Dowty,Non-binary,jdowtymu@360.cn,302 508 0537
Magdaia,Howselee,Polygender,mhowseleemv@army.mil,152 885 7992
Etti,Scripture,Agender,escripturemw@studiopress.com,862 123 6053
Trixy,Beacroft,Female,tbeacroftmx@prnewswire.com,412 567 9154
Pace,Seavers,Male,pseaversmy@about.com,435 679 9004
Janifer,Archibald,Polygender,jarchibaldmz@ow.ly,512 305 4681
Kareem,Dunlap,Male,kdunlapn0@patch.com,458 608 0446
Ravid,Peschka,Male,rpeschkan1@google.nl,932 953 5392
Garrot,Darkott,Male,gdarkottn2@ted.com,731 534 8607
Zack,Keable,Male,zkeablen3@slate.com,697 595 0621
Saudra,Hamal,Female,shamaln4@columbia.edu,798 528 3837
Augie,Evans,Male,aevansn5@cmu.edu,756 398 3208
Edi,Ewen,Female,eewenn6@goodreads.com,716 479 2720
Lonny,Farreil,Male,lfarreiln7@oracle.com,473 940 9897
Adda,Eastwell,Female,aeastwelln8@foxnews.com,195 361 2408
Ty,Card,Male,tcardn9@businessinsider.com,211 669 8523
Stafani,Watters,Polygender,swattersna@netscape.com,279 910 7116
Heinrick,Kettell,Male,hkettellnb@xing.com,229 368 4383
Cynthea,Hurren,Female,churrennc@pinterest.com,579 844 8888
Guglielma,Easby,Female,geasbynd@nymag.com,193 828 1467
Duncan,Alford,Male,dalfordne@simplemachines.org,794 590 5878
Taddeo,Barzen,Male,tbarzennf@pagesperso-orange.fr,948 646 7561
Fransisco,Snassell,Male,fsnassellng@gravatar.com,438 196 8465
Grace,Gobbett,Genderfluid,ggobbettnh@blog.com,397 962 8298
Toddie,Drysdale,Male,tdrysdaleni@chron.com,299 760 0600
Elwood,Feetham,Male,efeethamnj@rambler.ru,364 995 5329
Burtie,Fletham,Male,bflethamnk@weebly.com,194 844 1189
Giavani,Durno,Male,gdurnonl@woothemes.com,883 659 6299
L;urette,Planke,Female,lplankenm@paypal.com,391 201 2168
Vicky,Narup,Female,vnarupnn@amazon.co.uk,902 516 5119
Isabelle,Mustard,Female,imustardno@irs.gov,620 461 7951
Fulvia,Garment,Female,fgarmentnp@admin.ch,800 667 5444
Debby,Brickstock,Female,dbrickstocknq@1und1.de,379 598 4198
Letitia,Gorring,Female,lgorringnr@soup.io,224 859 8264
Elwira,Cowterd,Female,ecowterdns@economist.com,187 397 4431
Dur,Lassetter,Male,dlassetternt@sogou.com,424 205 5966
Cordell,Murtimer,Male,cmurtimernu@barnesandnoble.com,195 246 9495
Bel,Cartmel,Genderfluid,bcartmelnv@hexun.com,717 487 6922
Josefa,Moreside,Female,jmoresidenw@issuu.com,484 657 5691
Javier,Kubista,Male,jkubistanx@jimdo.com,450 772 8420
Tasha,Stonehouse,Female,tstonehouseny@gmpg.org,813 900 5840
Hesther,Scripps,Female,hscrippsnz@blogger.com,230 488 4895
Klemens,Heinsius,Male,kheinsiuso0@un.org,265 137 2785
Xenos,Trenbay,Male,xtrenbayo1@e-recht24.de,488 679 0488
Damaris,Carnegy,Genderqueer,dcarnegyo2@chronoengine.com,631 947 6483
Stavro,Abba,Male,sabbao3@bravesites.com,231 446 4642
Maitilde,Pirrey,Female,mpirreyo4@economist.com,198 307 2180
Cass,Hollyar,Genderfluid,chollyaro5@tumblr.com,350 290 0448
Romona,Austing,Female,raustingo6@godaddy.com,903 927 8456
Elfrida,Jays,Female,ejayso7@ucoz.ru,141 487 9908
Derril,Roloff,Male,droloffo8@icio.us,236 746 1273
Fay,Ertel,Agender,fertelo9@google.co.jp,754 785 9146
Abagail,Lawlee,Female,alawleeoa@studiopress.com,519 285 3792
Sauncho,Gillingham,Polygender,sgillinghamob@examiner.com,892 996 3397
Ilaire,Moss,Male,imossoc@list-manage.com,818 680 0800
Leela,Wilhelmy,Female,lwilhelmyod@wix.com,209 253 2007
Selby,Hamlin,Male,shamlinoe@elpais.com,159 185 2148
Allistir,Vautrey,Male,avautreyof@china.com.cn,130 311 5605
Othilie,Saddler,Female,osaddlerog@springer.com,786 346 4415
Tynan,Sheepy,Male,tsheepyoh@creativecommons.org,389 952 3186
Papagena,Purslow,Female,ppurslowoi@zimbio.com,974 334 2343
Yovonnda,Armytage,Agender,yarmytageoj@hexun.com,650 241 7642
Sibyl,Errichi,Polygender,serrichiok@kickstarter.com,353 412 6952
Mariellen,Perview,Female,mperviewol@go.com,568 698 2207
Wainwright,Antoinet,Male,wantoinetom@blogger.com,965 325 3833
Dora,Piddlehinton,Female,dpiddlehintonon@sina.com.cn,320 461 9985
Elfrida,Cumbridge,Female,ecumbridgeoo@auda.org.au,618 925 7533
Sammy,Gillimgham,Female,sgillimghamop@joomla.org,442 922 0107
Alexandrina,Billison,Female,abillisonoq@sfgate.com,525 407 6814
Mackenzie,Eckley,Male,meckleyor@wisc.edu,771 695 1410
Jill,Grabb,Female,jgrabbos@stumbleupon.com,368 910 6988
Wilburt,Goodhew,Male,wgoodhewot@bandcamp.com,157 621 6631
Waldo,Poad,Male,wpoadou@gravatar.com,417 817 0727
Budd,Bourgour,Male,bbourgourov@flickr.com,778 855 6935
Royal,Baike,Male,rbaikeow@whitehouse.gov,230 780 0810
Rriocard,Hubbocks,Male,rhubbocksox@bbb.org,944 862 3724
Kissiah,Heaphy,Non-binary,kheaphyoy@hatena.ne.jp,944 552 2194
Marius,Ewell,Male,mewelloz@fc2.com,660 122 1302
Katrinka,MacCaughey,Female,kmaccaugheyp0@shareasale.com,952 226 5551
Joell,Matheson,Female,jmathesonp1@yahoo.co.jp,422 703 4244
Poppy,Morrel,Agender,pmorrelp2@freewebs.com,364 338 6594
Oralle,Heaseman,Female,oheasemanp3@chron.com,775 896 3342
Heriberto,Fosse,Male,hfossep4@go.com,579 320 0494
Sigismond,Baal,Male,sbaalp5@who.int,402 717 0068
Kasper,Swindells,Male,kswindellsp6@histats.com,950 625 9447
Sheffie,Daouse,Male,sdaousep7@seattletimes.com,904 169 5775
Luella,Betham,Female,lbethamp8@princeton.edu,736 983 2262
Fraze,Sporton,Male,fsportonp9@theguardian.com,223 180 7810
Rossie,Needham,Male,rneedhampa@vimeo.com,795 583 0635
Anthia,Lavens,Agender,alavenspb@mapy.cz,316 599 1105
Petunia,Beebe,Female,pbeebepc@alexa.com,310 480 4880
Paula,Mew,Female,pmewpd@redcross.org,916 838 5057
Dimitry,Courcey,Male,dcourceype@marriott.com,533 822 9682
Dominique,Shakelade,Female,dshakeladepf@list-manage.com,732 209 2099
Chrystel,Thornley,Female,cthornleypg@accuweather.com,422 897 8671
Cirillo,Spillman,Male,cspillmanph@usda.gov,680 211 7142
Gradeigh,Langrick,Male,glangrickpi@whitehouse.gov,385 678 1231
Ansley,Illwell,Genderfluid,aillwellpj@paginegialle.it,611 623 4832
Minny,Lauchlan,Female,mlauchlanpk@squarespace.com,570 978 9107
Claudia,Ahren,Female,cahrenpl@go.com,628 231 4701
Georas,Gauche,Male,ggauchepm@issuu.com,647 943 5172
Joete,Ahmad,Female,jahmadpn@over-blog.com,398 943 6044
Forrest,McCalister,Male,fmccalisterpo@cornell.edu,452 785 1970
Garry,Philipot,Male,gphilipotpp@godaddy.com,834 679 9139
Garrard,Treweke,Male,gtrewekepq@vistaprint.com,960 579 2866
Ulick,Harbor,Male,uharborpr@gravatar.com,103 138 6689
Sargent,Spurgin,Male,sspurginps@tinyurl.com,142 195 6081
Bailey,Ilsley,Male,bilsleypt@com.com,582 710 0096
Arri,Prince,Male,aprincepu@hugedomains.com,239 623 8773
Arliene,Copestake,Female,acopestakepv@topsy.com,868 377 2848
Eddy,Acedo,Male,eacedopw@posterous.com,422 217 5522
Anna-diane,Goodbanne,Female,agoodbannepx@vinaora.com,175 152 9007
Waylan,Wellbelove,Genderqueer,wwellbelovepy@ameblo.jp,748 763 7180
Lance,Goodbar,Male,lgoodbarpz@yolasite.com,825 383 2305
Karlotta,Trayford,Female,ktrayfordq0@disqus.com,248 674 5290
Toddie,Trengove,Male,ttrengoveq1@amazon.co.uk,809 543 5436
Klarika,Durdan,Female,kdurdanq2@yelp.com,253 504 1906
Sibylla,Crummey,Female,scrummeyq3@sourceforge.net,806 850 0141
Winfield,Lagden,Male,wlagdenq4@alibaba.com,693 870 4171
Amandi,Dermot,Female,adermotq5@senate.gov,665 916 6954
Land,Bowlands,Male,lbowlandsq6@nyu.edu,753 389 8981
Ennis,Ellerman,Male,eellermanq7@buzzfeed.com,217 998 3130
Martainn,Shillabear,Male,mshillabearq8@cpanel.net,550 886 6016
Vernon,Jervois,Male,vjervoisq9@uiuc.edu,196 560 0836
Carce,Gloster,Male,cglosterqa@1und1.de,815 319 3351
Eimile,Gandey,Female,egandeyqb@ifeng.com,199 663 4778
Kelwin,Delacourt,Male,kdelacourtqc@pen.io,558 446 8865
Creight,Vittet,Polygender,cvittetqd@simplemachines.org,277 143 8362
Dukey,Francescuccio,Male,dfrancescuccioqe@uol.com.br,444 343 9437
Anselm,Grayling,Male,agraylingqf@4shared.com,823 575 9823
Christian,Ahearne,Male,cahearneqg@unc.edu,886 128 7751
Annabela,Dragge,Female,adraggeqh@bandcamp.com,601 283 4032
Marcia,Marusic,Female,mmarusicqi@barnesandnoble.com,515 137 1752
Reece,Carous,Male,rcarousqj@360.cn,395 688 9983
Sibby,Nevet,Female,snevetqk@linkedin.com,572 228 4311
Lynna,Skace,Female,lskaceql@sourceforge.net,793 624 4982
Lorrie,Cordey,Polygender,lcordeyqm@spotify.com,255 176 7993
Idalia,Crathern,Female,icrathernqn@uol.com.br,248 299 0913
Ki,Faas,Female,kfaasqo@histats.com,451 686 3150
Cristiano,Patterfield,Genderfluid,cpatterfieldqp@upenn.edu,407 893 2017
Beau,Stoffersen,Male,bstoffersenqq@accuweather.com,722 441 8366
Elsworth,Barnardo,Male,ebarnardoqr@tripadvisor.com,438 535 3790
Boy,Dilland,Male,bdillandqs@irs.gov,793 143 5324
Cortney,Matzeitis,Female,cmatzeitisqt@newsvine.com,965 853 2996
Sholom,Penchen,Agender,spenchenqu@ameblo.jp,735 121 7773
Clari,Miroy,Female,cmiroyqv@mysql.com,615 854 6983
Caron,De Few,Female,cdefewqw@elpais.com,877 222 2329
Lindy,Brezlaw,Male,lbrezlawqx@zimbio.com,471 711 5896
Raffaello,Margerrison,Male,rmargerrisonqy@constantcontact.com,186 475 6903
Alexina,Peddar,Female,apeddarqz@cbsnews.com,533 983 6578
Cordelia,Benning,Female,cbenningr0@china.com.cn,253 365 1578
Ellyn,Blazeby,Female,eblazebyr1@msn.com,121 615 2667
Aland,Murfin,Male,amurfinr2@wisc.edu,556 843 6702
Moreen,Itzcak,Female,mitzcakr3@earthlink.net,315 709 3813
Amanda,Costar,Female,acostarr4@epa.gov,356 917 5017
Jarrid,Rockall,Male,jrockallr5@scientificamerican.com,235 285 3441
Gillie,Restorick,Female,grestorickr6@zimbio.com,330 453 8227
Corey,Chater,Female,cchaterr7@printfriendly.com,202 472 3676
Lucretia,Slator,Female,lslatorr8@qq.com,123 780 2777
Consuelo,Izhakov,Female,cizhakovr9@nasa.gov,481 347 9135
Christoforo,Beumant,Male,cbeumantra@buzzfeed.com,899 515 8233
Wilona,Eldredge,Female,weldredgerb@amazon.com,523 654 8985
Marven,Lyvon,Male,mlyvonrc@lycos.com,373 890 7816
Yuma,Harm,Male,yharmrd@instagram.com,437 418 2877
Lebbie,Tracey,Female,ltraceyre@unesco.org,410 282 8057
Cirillo,Jessard,Non-binary,cjessardrf@comcast.net,769 219 9228
Vivienne,Exter,Female,vexterrg@list-manage.com,575 326 0660
Mendy,Rosenschein,Male,mrosenscheinrh@discovery.com,468 317 4886
Brandyn,Dalrymple,Male,bdalrympleri@mapquest.com,336 767 2928
Myrle,Van der Kruys,Genderqueer,mvanderkruysrj@cloudflare.com,516 584 1593
Garrard,Ruckledge,Male,gruckledgerk@shutterfly.com,733 763 1929
Vilhelmina,Rojas,Female,vrojasrl@squarespace.com,238 608 1604
Wally,Creany,Male,wcreanyrm@discuz.net,524 580 0990
Valentin,Rens,Male,vrensrn@chicagotribune.com,294 265 2494
Andree,Ewin,Female,aewinro@trellian.com,611 624 1400
Corbet,Whitsey,Male,cwhitseyrp@psu.edu,778 476 8746
Licha,Millery,Female,lmilleryrq@hubpages.com,460 651 8142
Raimund,Standell,Male,rstandellrr@apache.org,135 644 9739
