first_name,last_name,gender,email,phone
Zane,Bayly,Male,zbayly0@admin.ch,195 894 9579
Zondra,Heaseman,Female,zheaseman1@about.me,644 503 6081
Arleyne,Haycock,Female,ahaycock2@icq.com,613 591 5287
Helene,Billingsley,Female,hbillingsley3@ocn.ne.jp,716 539 1218
Angelita,Goodere,Bigender,agoodere4@ow.ly,315 148 2693
Shaine,Menel,Male,smenel5@ca.gov,555 801 8806
Gale,Evert,Female,gevert6@xing.com,685 123 1498
Leigha,Tolchar,Female,ltolchar7@cnet.com,647 802 7808
Rivalee,Ortmann,Female,rortmann8@hibu.com,546 918 6223
Matteo,McRobb,Male,mmcrobb9@storify.com,397 579 0066
Fanchette,Antuk,Female,fantuka@delicious.com,774 826 7486
Augusto,Twelftree,Male,atwelftreeb@ehow.com,729 293 7209
Tab,Gonneau,Male,tgonneauc@tiny.cc,797 719 9015
Cissiee,O'Hickey,Female,cohickeyd@npr.org,300 975 3993
Rakel,Blankhorn,Female,rblankhorne@nifty.com,100 793 9267
Colby,Hegdonne,Male,chegdonnef@yahoo.co.jp,944 305 9557
Nadia,Shervil,Female,nshervilg@google.com.hk,787 430 7629
Jena,O'Hartnett,Female,johartnetth@census.gov,806 382 4540
Dun,Aleksich,Male,daleksichi@gnu.org,586 807 7404
Ruby,Desseine,Male,rdesseinej@photobucket.com,746 435 4721
Osgood,Ourry,Genderfluid,oourryk@goo.ne.jp,133 210 9938
Camel,Rudyard,Female,crudyardl@t-online.de,995 288 0496
Rob,Ridehalgh,Male,rridehalghm@netlog.com,655 435 2874
Willard,Schanke,Male,wschanken@tuttocitta.it,911 507 5042
Geoffrey,Haylett,Male,ghayletto@diigo.com,447 314 1702
Cinnamon,Ducastel,Female,cducastelp@guardian.co.uk,999 833 0365
Alexander,Lovelady,Male,aloveladyq@yellowpages.com,872 858 4070
Demetre,Simpkins,Male,dsimpkinsr@csmonitor.com,798 454 3052
Hestia,McGowing,Female,hmcgowings@go.com,783 468 6796
Forest,Rainbird,Male,frainbirdt@economist.com,542 161 3059
Allistir,Mouncey,Male,amounceyu@github.io,811 975 4601
Toddy,Sehorsch,Male,tsehorschv@dailymail.co.uk,748 885 7606
Hy,Sylvaine,Male,hsylvainew@smugmug.com,322 251 9006
Cliff,Pergens,Male,cpergensx@walmart.com,501 799 2458
Mira,Keig,Female,mkeigy@ustream.tv,460 439 7888
Eadmund,Talby,Male,etalbyz@alibaba.com,569 755 4410
Bentley,Kamienski,Male,bkamienski10@purevolume.com,492 186 2227
Tab,Stonebridge,Male,tstonebridge11@arizona.edu,609 427 6141
Lisa,Grandin,Female,lgrandin12@bbc.co.uk,198 980 3458
Gregor,Bloy,Male,gbloy13@ed.gov,478 522 6142
Joan,Eskriett,Female,jeskriett14@reference.com,610 159 6514
Dorthy,Driffill,Female,ddriffill15@elpais.com,995 712 3080
Gothart,Windows,Male,gwindows16@parallels.com,104 221 2570
Lyndsey,Matchitt,Female,lmatchitt17@skype.com,293 223 1739
Nomi,Marquese,Female,nmarquese18@constantcontact.com,457 613 6334
Sayre,Keaveny,Male,skeaveny19@dot.gov,365 652 5821
Thelma,Scragg,Female,tscragg1a@newsvine.com,366 600 3345
Hadleigh,Mcasparan,Male,hmcasparan1b@posterous.com,239 993 3892
Bucky,Dibson,Male,bdibson1c@pbs.org,436 340 7022
Timotheus,Rowbrey,Agender,trowbrey1d@oaic.gov.au,557 472 7456
Fulvia,Liepina,Female,fliepina1e@dailymail.co.uk,290 477 4775
Carley,Lewens,Polygender,clewens1f@yellowbook.com,403 887 5343
Jerrold,Bauer,Genderfluid,jbauer1g@eepurl.com,255 681 4285
Aili,McCrum,Female,amccrum1h@ning.com,810 854 3333
Jory,Jaggli,Male,jjaggli1i@mapy.cz,222 581 1188
Chandal,Tieman,Female,ctieman1j@blinklist.com,664 541 2157
Nerti,Kohlerman,Female,nkohlerman1k@php.net,520 817 3480
Francisca,Foucar,Female,ffoucar1l@squarespace.com,551 101 9234
Domingo,Collete,Male,dcollete1m@go.com,318 802 0171
Gustie,Goodoune,Female,ggoodoune1n@topsy.com,761 220 7536
Timmy,Auty,Female,tauty1o@bbb.org,998 667 3761
Arvie,Yakobowitz,Male,ayakobowitz1p@economist.com,863 218 6916
Cara,Tidbald,Female,ctidbald1q@i2i.jp,170 288 2194
Fowler,Gagg,Male,fgagg1r@mlb.com,927 506 3598
Gillian,Galego,Female,ggalego1s@dailymail.co.uk,705 569 5926
Dominick,Cano,Male,dcano1t@telegraph.co.uk,604 105 9386
Bill,Standall,Male,bstandall1u@yellowbook.com,802 619 6765
Early,Stratton,Male,estratton1v@usatoday.com,771 616 9788
Ernest,Cordingly,Male,ecordingly1w@dell.com,655 897 5104
Georgie,Paris,Female,gparis1x@constantcontact.com,192 451 3894
Jo-ann,Sapshed,Female,jsapshed1y@scribd.com,361 602 3314
Ford,Ragot,Genderqueer,fragot1z@ibm.com,980 684 6831
Monica,Ocheltree,Female,mocheltree20@w3.org,531 316 9778
Karita,Wiltsher,Female,kwiltsher21@lulu.com,106 907 8914
Nancee,Whenman,Female,nwhenman22@dyndns.org,871 222 1583
Farra,Lattimore,Female,flattimore23@cargocollective.com,370 389 6595
Nonna,Chomicz,Female,nchomicz24@wsj.com,681 552 9765
Florence,Damerell,Female,fdamerell25@cdc.gov,984 657 4307
Hendrik,Di Maria,Agender,hdimaria26@tamu.edu,340 919 9573
Deerdre,Dowrey,Female,ddowrey27@mediafire.com,116 421 6121
Kathrine,Taylerson,Female,ktaylerson28@cmu.edu,357 519 7393
Marwin,Cosstick,Male,mcosstick29@wikipedia.org,248 670 8738
Reena,Mattam,Bigender,rmattam2a@mysql.com,937 905 8717
Kalinda,Franschini,Female,kfranschini2b@taobao.com,832 126 7671
Kendell,Rosedale,Male,krosedale2c@umich.edu,844 470 1817
Tarah,Jedrasik,Female,tjedrasik2d@psu.edu,157 199 2480
Sheilah,Grundle,Female,sgrundle2e@a8.net,702 503 9974
Jillie,Heighton,Female,jheighton2f@oracle.com,504 175 7555
Lind,Palek,Male,lpalek2g@sphinn.com,187 454 4568
Darla,Ambrosoni,Female,dambrosoni2h@networkadvertising.org,677 864 1038
Ivory,Eayrs,Female,ieayrs2i@toplist.cz,683 358 3632
Shoshana,Janu,Female,sjanu2j@ebay.co.uk,566 214 4903
Phillipe,Lambrick,Male,plambrick2k@oakley.com,871 303 9194
Tiffanie,Hayesman,Female,thayesman2l@bizjournals.com,477 894 1973
Gaspar,Hunnicot,Male,ghunnicot2m@reuters.com,665 253 6563
Ezequiel,Duckit,Male,educkit2n@illinois.edu,275 667 9298
Abran,Ashelford,Male,aashelford2o@mail.ru,104 202 8057
Hilda,Woodhams,Female,hwoodhams2p@google.de,535 124 8232
Alidia,Laborda,Genderfluid,alaborda2q@ameblo.jp,484 521 2087
Bari,Mangenot,Female,bmangenot2r@techcrunch.com,898 135 9703
Iris,Winkworth,Female,iwinkworth2s@cornell.edu,581 560 7386
Odie,Wollen,Male,owollen2t@purevolume.com,499 858 9185
Batholomew,Byrcher,Male,bbyrcher2u@ibm.com,338 756 6234
Sax,Hustler,Male,shustler2v@people.com.cn,589 942 2566
Lynsey,Pead,Female,lpead2w@delicious.com,329 461 5056
Merill,Cowden,Male,mcowden2x@abc.net.au,724 909 8845
Heindrick,Dewfall,Male,hdewfall2y@ucoz.com,689 892 0515
Ruggiero,Capelow,Male,rcapelow2z@boston.com,758 384 8401
Blithe,Edds,Female,bedds30@theatlantic.com,480 967 6624
Carver,MacAlester,Male,cmacalester31@miitbeian.gov.cn,213 433 1527
Tye,Eccott,Male,teccott32@weibo.com,243 618 3626
Jaynell,Treend,Female,jtreend33@github.io,471 395 8408
Valle,Benzie,Male,vbenzie34@hud.gov,305 811 8182
Georgena,Bascomb,Female,gbascomb35@pcworld.com,495 754 0734
Webster,Pender,Male,wpender36@blogger.com,610 268 9850
Cherida,Traher,Female,ctraher37@twitter.com,666 603 7383
Erin,Fetteplace,Male,efetteplace38@g.co,548 802 6099
Nani,Crosbie,Female,ncrosbie39@lycos.com,259 723 7823
Falkner,Sudlow,Male,fsudlow3a@answers.com,267 338 7834
Natalina,Sweeny,Female,nsweeny3b@about.me,441 140 1407
Micki,Radbone,Female,mradbone3c@mysql.com,186 276 6162
Ivar,O' Flaherty,Male,ioflaherty3d@archive.org,193 914 7108
Timothee,Lacaze,Male,tlacaze3e@webmd.com,551 653 0258
Aldon,Lievesley,Agender,alievesley3f@about.me,375 217 2702
Rossy,Tootal,Male,rtootal3g@elpais.com,715 737 7900
Hube,Snoddy,Male,hsnoddy3h@4shared.com,279 997 4722
Courtney,Trass,Male,ctrass3i@ucoz.ru,284 290 5579
Raffaello,Worpole,Male,rworpole3j@mapy.cz,609 583 0065
Andrus,Michell,Male,amichell3k@hibu.com,475 465 7616
Dody,Hove,Non-binary,dhove3l@meetup.com,730 421 0538
Patrizius,Megarrell,Male,pmegarrell3m@about.com,898 596 9885
Dougie,Labbez,Male,dlabbez3n@wikipedia.org,292 124 6736
Neils,Stackbridge,Male,nstackbridge3o@java.com,648 410 6538
Benedikt,Tomaszewicz,Male,btomaszewicz3p@boston.com,313 304 7142
Mehetabel,Jossel,Female,mjossel3q@tinypic.com,807 369 1676
Claribel,Ackwood,Female,cackwood3r@bigcartel.com,747 456 7727
Dalston,Khadir,Male,dkhadir3s@ycombinator.com,623 759 8369
Osborne,Renvoise,Male,orenvoise3t@noaa.gov,165 252 2000
Jarrid,Blackbrough,Male,jblackbrough3u@github.io,570 333 7865
Francesca,Pietranek,Female,fpietranek3v@edublogs.org,434 196 1268
Palmer,Lever,Male,plever3w@google.de,549 440 2995
Cyndy,Jefferson,Female,cjefferson3x@wsj.com,636 406 7986
Fan,Schistl,Female,fschistl3y@dagondesign.com,456 527 5979
Doy,Hanning,Male,dhanning3z@netlog.com,999 911 1935
Elfreda,Lloyds,Female,elloyds40@amazonaws.com,980 411 1186
Meade,MacAllan,Male,mmacallan41@ucoz.ru,462 864 2504
Muire,Bruckental,Female,mbruckental42@instagram.com,953 257 7721
Lara,Chicco,Female,lchicco43@stumbleupon.com,757 152 7449
Kathryne,Vispo,Female,kvispo44@a8.net,110 268 5604
Sandy,Bispham,Male,sbispham45@g.co,934 894 4608
Arlena,Jessope,Female,ajessope46@toplist.cz,294 455 8351
Annmaria,Nazareth,Female,anazareth47@dmoz.org,968 627 4906
Else,Coultard,Female,ecoultard48@smh.com.au,556 885 8699
Ricard,Grix,Male,rgrix49@mapquest.com,631 135 2483
Anthony,Prene,Male,aprene4a@instagram.com,373 905 9957
Corey,Tithecott,Female,ctithecott4b@ucoz.ru,328 817 2874
Cynthy,Peret,Female,cperet4c@microsoft.com,813 772 7930
Karylin,Minto,Female,kminto4d@va.gov,320 410 8443
Silvio,Wilgar,Male,swilgar4e@bing.com,409 906 7114
Pren,Butland,Male,pbutland4f@spotify.com,424 825 6341
Adriaens,Sweetmore,Female,asweetmore4g@360.cn,928 807 0241
Leonhard,MacKenney,Male,lmackenney4h@wunderground.com,869 180 5407
Elisabeth,Chadwin,Female,echadwin4i@cafepress.com,350 419 9572
Consuela,Jorcke,Female,cjorcke4j@howstuffworks.com,946 495 2295
Arron,Venart,Male,avenart4k@freewebs.com,959 103 9121
Carroll,Tuer,Male,ctuer4l@hugedomains.com,113 349 1251
Reynold,Anfossi,Male,ranfossi4m@soundcloud.com,693 446 8641
Alia,Cisar,Female,acisar4n@blog.com,238 145 5830
Dita,Lipp,Female,dlipp4o@naver.com,408 467 3042
Oberon,Tickel,Male,otickel4p@ameblo.jp,568 433 1607
Jonell,Hazeldene,Female,jhazeldene4q@pen.io,401 912 8329
Eduardo,Jarmyn,Non-binary,ejarmyn4r@typepad.com,352 494 4229
Conni,Rivers,Female,crivers4s@shareasale.com,664 773 6364
Vivianna,De Domenicis,Female,vdedomenicis4t@ted.com,840 255 3653
Verina,Van der Brugge,Female,vvanderbrugge4u@yale.edu,461 549 9004
Erasmus,Pietri,Male,epietri4v@hexun.com,741 782 8585
Wendell,Sircombe,Male,wsircombe4w@ow.ly,157 935 0941
Jamie,Mattheissen,Non-binary,jmattheissen4x@home.pl,770 777 3451
Moira,Bridell,Female,mbridell4y@plala.or.jp,281 589 7611
Lyssa,Petteford,Female,lpetteford4z@wired.com,705 760 7144
Agathe,Rawlings,Female,arawlings50@nba.com,118 837 2077
Tomas,Leyden,Male,tleyden51@arizona.edu,460 939 6400
Celia,Grishanov,Female,cgrishanov52@psu.edu,552 381 8929
Griffy,Di Pietro,Male,gdipietro53@blogger.com,971 829 2323
Emlen,Batchellor,Male,ebatchellor54@dailymail.co.uk,274 903 8713
Vail,Saket,Male,vsaket55@wunderground.com,261 538 3697
Kalil,Auten,Male,kauten56@dedecms.com,895 740 5697
Nickey,Ranscombe,Male,nranscombe57@jigsy.com,722 823 4607
Pernell,Zotto,Male,pzotto58@t.co,279 620 1616
Dall,Heads,Male,dheads59@4shared.com,792 141 4994
Fiann,Olivi,Female,folivi5a@prlog.org,794 222 3018
Gil,Piegrome,Bigender,gpiegrome5b@engadget.com,786 310 3748
Trudie,Scholtz,Female,tscholtz5c@dot.gov,505 622 4944
Tawsha,Vail,Genderqueer,tvail5d@list-manage.com,833 293 1439
Keri,Enrigo,Bigender,kenrigo5e@google.it,902 957 2566
Bald,Parcell,Male,bparcell5f@mashable.com,316 167 9789
Quentin,Hakes,Male,qhakes5g@ycombinator.com,895 559 9465
Guy,Storrah,Male,gstorrah5h@who.int,766 489 0850
Winonah,Crunkhorn,Female,wcrunkhorn5i@google.de,333 777 9001
Biddie,Klesel,Female,bklesel5j@blogger.com,630 178 2601
Derward,Puttnam,Male,dputtnam5k@aol.com,838 238 8544
Christiane,Quainton,Female,cquainton5l@wikia.com,407 504 7813
Ardyce,Gethins,Female,agethins5m@sourceforge.net,699 981 4066
Octavius,Uren,Male,ouren5n@gnu.org,390 107 3717
Molly,Hourican,Female,mhourican5o@craigslist.org,134 716 0581
Bordie,Letherbury,Male,bletherbury5p@geocities.com,729 707 7915
Harriett,Storre,Female,hstorre5q@mit.edu,433 991 5886
Josefa,Mussetti,Female,jmussetti5r@marriott.com,145 836 9357
Joly,Murrock,Female,jmurrock5s@artisteer.com,188 500 4234
Angelo,Adnet,Male,aadnet5t@shinystat.com,570 687 5320
Nevsa,Bowdery,Female,nbowdery5u@4shared.com,362 565 0120
Noell,Zimmermanns,Female,nzimmermanns5v@msn.com,411 955 2591
Linoel,Butchers,Male,lbutchers5w@irs.gov,144 481 3308
Mark,Walthall,Male,mwalthall5x@earthlink.net,441 122 0444
Sheeree,Kleis,Female,skleis5y@scribd.com,840 601 1563
Carly,Girardy,Female,cgirardy5z@usnews.com,996 390 4469
Alejoa,Fonso,Male,afonso60@time.com,536 435 5753
Clara,Wimmers,Female,cwimmers61@weibo.com,125 841 5640
Jarrod,Stribbling,Male,jstribbling62@theatlantic.com,197 603 4249
Jerome,Bexley,Male,jbexley63@answers.com,375 847 6156
Allistir,Crews,Male,acrews64@geocities.com,513 324 8306
Caleb,Edyson,Male,cedyson65@wired.com,854 352 9032
Ewen,Finci,Male,efinci66@amazonaws.com,384 279 7194
Stormy,Cutsforth,Female,scutsforth67@typepad.com,164 840 9734
Saw,Sloat,Male,ssloat68@shinystat.com,969 488 5627
Reece,Beades,Male,rbeades69@unesco.org,163 543 9911
Ulrike,Trueman,Female,utrueman6a@edublogs.org,600 772 1482
Davey,Pinnell,Male,dpinnell6b@dagondesign.com,159 913 1332
Oralla,Dexter,Female,odexter6c@indiegogo.com,625 718 5406
Hertha,Murkus,Female,hmurkus6d@spiegel.de,864 574 4363
Nicolais,Pacheco,Male,npacheco6e@technorati.com,877 960 4524
Yoshiko,Trimmill,Non-binary,ytrimmill6f@foxnews.com,950 762 1322
Candi,Eilhermann,Genderfluid,ceilhermann6g@csmonitor.com,249 868 0378
Chandal,Skeech,Female,cskeech6h@forbes.com,643 654 7689
Suzette,Cristou,Female,scristou6i@blogger.com,988 916 5550
Waneta,Gaylard,Female,wgaylard6j@independent.co.uk,942 568 5851
Kettie,Boutflour,Female,kboutflour6k@furl.net,150 815 7383
Thomasa,Rudman,Female,trudman6l@mit.edu,762 926 8087
Ardella,Saintpierre,Female,asaintpierre6m@theatlantic.com,985 988 4131
Harris,Cubbino,Male,hcubbino6n@plala.or.jp,599 141 8200
Doloritas,Stocks,Female,dstocks6o@cbslocal.com,665 496 2565
Salomi,Yakushkev,Agender,syakushkev6p@jalbum.net,576 238 4344
Franciska,Le Leu,Female,fleleu6q@java.com,434 406 9850
Elicia,Pollie,Female,epollie6r@bluehost.com,638 463 3902
Geraldine,McNeil,Female,gmcneil6s@npr.org,885 832 3435
Elyssa,Scottrell,Bigender,escottrell6t@comcast.net,727 109 7045
Romain,Brimman,Male,rbrimman6u@ask.com,957 889 0384
Berenice,Tempest,Non-binary,btempest6v@hc360.com,994 439 2583
Joann,Blyden,Female,jblyden6w@dell.com,814 875 5405
Luciano,Gaskarth,Male,lgaskarth6x@arstechnica.com,681 978 1252
Lynnett,Horley,Female,lhorley6y@google.de,836 746 6630
Edmon,Pittoli,Male,epittoli6z@parallels.com,788 234 1056
Alaster,Lantry,Male,alantry70@apache.org,874 373 9232
Ruprecht,Barti,Male,rbarti71@histats.com,660 855 2857
Benoite,Connah,Female,bconnah72@angelfire.com,864 209 9452
Stesha,Schwand,Female,sschwand73@youtu.be,544 933 7890
Godfree,Seymark,Male,gseymark74@constantcontact.com,956 305 6908
Scot,Brimacombe,Male,sbrimacombe75@theguardian.com,763 480 1063
Emmaline,Gurnett,Female,egurnett76@google.co.jp,454 383 8294
Halette,Ivanichev,Female,hivanichev77@altervista.org,652 553 8482
Ina,Cheasman,Female,icheasman78@ow.ly,537 523 5455
Phillipe,Larvin,Male,plarvin79@cbc.ca,613 575 6730
Sharron,Blanpein,Female,sblanpein7a@diigo.com,839 535 6513
Lindsey,Aberdalgy,Agender,laberdalgy7b@hexun.com,897 986 9752
Andriette,Ridwood,Female,aridwood7c@addthis.com,650 152 4485
Brittaney,Stinson,Female,bstinson7d@clickbank.net,701 977 7020
Reeba,Ithell,Polygender,rithell7e@elpais.com,252 594 7494
Almire,Wass,Female,awass7f@xinhuanet.com,960 628 3275
Traver,Hentzer,Male,thentzer7g@hao123.com,911 358 9606
Arlette,Jeandet,Female,ajeandet7h@webmd.com,170 725 1633
Floyd,Works,Male,fworks7i@weibo.com,592 621 1134
Lucius,Tomasoni,Male,ltomasoni7j@scientificamerican.com,154 490 8576
Harmonie,Daviot,Female,hdaviot7k@nymag.com,860 960 1886
Frazier,Whisson,Male,fwhisson7l@msu.edu,442 228 0922
Marylinda,Lebel,Female,mlebel7m@slideshare.net,903 807 7011
Gardie,Grigaut,Male,ggrigaut7n@virginia.edu,327 674 8842
Juieta,Stone,Female,jstone7o@usda.gov,449 206 5758
Claire,Ricks,Female,cricks7p@globo.com,602 655 4416
Aldon,Grichukhanov,Male,agrichukhanov7q@github.com,474 148 1844
Ellen,Soldner,Female,esoldner7r@sciencedirect.com,565 299 5623
Livvy,Keneleyside,Female,lkeneleyside7s@alexa.com,779 668 3179
Maxwell,Trythall,Male,mtrythall7t@harvard.edu,465 718 8309
Max,Brownill,Female,mbrownill7u@networkadvertising.org,197 504 9391
Grayce,Daglish,Female,gdaglish7v@typepad.com,502 862 3834
Maurine,Roux,Female,mroux7w@mapy.cz,316 414 4737
Brenn,Herreran,Female,bherreran7x@china.com.cn,241 275 1928
Dorothee,Durgan,Female,ddurgan7y@instagram.com,898 392 0763
Maurice,Skittrell,Non-binary,mskittrell7z@umn.edu,421 299 0867
Marie-ann,Occleshaw,Female,moccleshaw80@prnewswire.com,797 998 7404
Obidiah,Gepheart,Male,ogepheart81@sitemeter.com,308 768 1956
Costanza,Bumford,Female,cbumford82@theglobeandmail.com,225 526 8922
Dian,Macvain,Female,dmacvain83@wiley.com,504 630 6009
Sam,Behnen,Male,sbehnen84@usatoday.com,632 178 3648
Monte,Jewitt,Male,mjewitt85@opera.com,522 515 0138
Sutherlan,Roberson,Male,sroberson86@live.com,835 932 2578
Nobie,Kitcatt,Non-binary,nkitcatt87@mayoclinic.com,618 536 2490
Clari,Merioth,Female,cmerioth88@epa.gov,993 127 8149
Ruthi,Longshaw,Female,rlongshaw89@ocn.ne.jp,566 678 5671
Lucius,Malloy,Male,lmalloy8a@netlog.com,861 938 9265
Bettina,Berardt,Female,bberardt8b@friendfeed.com,841 193 5542
Inessa,Vanezis,Female,ivanezis8c@istockphoto.com,649 266 0196
Billie,Bayns,Female,bbayns8d@behance.net,589 615 5535
Yurik,Smewin,Male,ysmewin8e@weibo.com,426 559 0559
Kristofor,Babbidge,Male,kbabbidge8f@prnewswire.com,139 184 4465
Cristian,Chittey,Male,cchittey8g@amazon.co.uk,467 456 6848
Corine,Capelin,Female,ccapelin8h@1und1.de,194 820 4182
Vivianne,Geekie,Polygender,vgeekie8i@webmd.com,393 198 4804
Jerrome,Grzegorczyk,Male,jgrzegorczyk8j@stumbleupon.com,199 488 5015
Aurelie,Gogin,Female,agogin8k@jugem.jp,699 426 7477
Leonhard,Dudney,Male,ldudney8l@mapquest.com,180 357 4570
Jermaine,Gainforth,Female,jgainforth8m@tamu.edu,295 605 0653
Daisey,Reditt,Female,dreditt8n@ebay.co.uk,352 523 5496
Richardo,Wrightim,Male,rwrightim8o@lycos.com,498 845 8560
Ingeborg,Dennistoun,Female,idennistoun8p@nba.com,185 640 3291
Aleen,Goater,Female,agoater8q@umich.edu,385 908 1366
Heddi,Eam,Female,heam8r@dell.com,111 606 2961
Hildagarde,Storey,Female,hstorey8s@phoca.cz,550 882 9958
Layney,Lishman,Female,llishman8t@dell.com,247 598 5660
Lucila,Crossthwaite,Female,lcrossthwaite8u@about.com,851 198 7704
Otto,Hazeldine,Male,ohazeldine8v@joomla.org,442 795 2174
Booth,Luparti,Male,bluparti8w@angelfire.com,431 129 0583
Randa,McGrail,Female,rmcgrail8x@phpbb.com,158 371 9612
Ernestus,Entwisle,Male,eentwisle8y@mozilla.com,479 914 9866
Dex,More,Male,dmore8z@home.pl,387 717 2846
Hurleigh,McAlester,Male,hmcalester90@answers.com,374 831 5620
Irv,McCaig,Male,imccaig91@imageshack.us,520 606 0982
Burnaby,Aingel,Male,baingel92@myspace.com,214 698 1814
Mead,Bielfeldt,Female,mbielfeldt93@hubpages.com,468 700 3402
York,Spedroni,Male,yspedroni94@surveymonkey.com,804 299 2730
Cecelia,Guiraud,Female,cguiraud95@slate.com,249 582 4262
Isaak,Craxford,Male,icraxford96@bbc.co.uk,347 836 2497
Germayne,Lashmar,Polygender,glashmar97@360.cn,288 338 5549
Corbin,Yurukhin,Non-binary,cyurukhin98@zdnet.com,711 770 6727
Merv,Natalie,Male,mnatalie99@businessweek.com,434 535 4468
Horton,Dearnley,Genderfluid,hdearnley9a@reverbnation.com,893 709 6589
Joyous,Pryce,Female,jpryce9b@ustream.tv,316 593 1168
Glynis,Aylott,Female,gaylott9c@smh.com.au,807 146 5420
Bald,Rubinsohn,Male,brubinsohn9d@reuters.com,288 498 8273
Carlos,Acom,Male,cacom9e@loc.gov,784 591 3327
Anne,Capener,Female,acapener9f@cornell.edu,576 993 4829
Ardys,Denniss,Female,adenniss9g@tamu.edu,972 373 3780
Holmes,Shirley,Male,hshirley9h@hostgator.com,592 528 4889
Elisabet,Padginton,Female,epadginton9i@joomla.org,814 623 4530
Spense,Robbey,Male,srobbey9j@nydailynews.com,923 432 4551
Freddie,Mintram,Female,fmintram9k@zimbio.com,970 613 8671
Gayelord,Mann,Male,gmann9l@earthlink.net,303 971 5517
Karin,Densham,Female,kdensham9m@examiner.com,683 722 3694
Gretna,Floch,Genderfluid,gfloch9n@trellian.com,428 377 5862
Isadora,Beurich,Female,ibeurich9o@ihg.com,699 534 6937
Kary,Monteaux,Female,kmonteaux9p@home.pl,110 790 3858
Fianna,Schlagh,Female,fschlagh9q@apple.com,875 493 5127
Bambie,Laurens,Non-binary,blaurens9r@dell.com,391 346 9956
Maye,Pettiward,Female,mpettiward9s@123-reg.co.uk,446 103 1759
Brok,Jankin,Male,bjankin9t@godaddy.com,638 411 9927
Ancell,Tear,Male,atear9u@usatoday.com,744 415 0220
Justin,Brinklow,Male,jbrinklow9v@ted.com,957 450 2938
Lorine,O'Dogherty,Female,lodogherty9w@unc.edu,977 726 9865
Jerad,Roswarne,Male,jroswarne9x@wp.com,391 981 0475
Billie,Bernardotte,Male,bbernardotte9y@census.gov,183 207 9681
Pamelina,Sirmond,Female,psirmond9z@pcworld.com,944 484 7103
Alaster,Nuzzetti,Male,anuzzettia0@ca.gov,661 103 4073
Gabbi,Rainton,Female,graintona1@jalbum.net,923 486 4562
Tony,Tolossi,Female,ttolossia2@ucoz.ru,719 980 6705
Andie,Javes,Male,ajavesa3@bravesites.com,305 611 5012
Janette,Atherley,Female,jatherleya4@histats.com,915 172 8007
Jim,Francisco,Male,jfranciscoa5@woothemes.com,595 308 7654
Jade,Piaggia,Female,jpiaggiaa6@live.com,995 953 9145
Bess,Possel,Polygender,bpossela7@amazonaws.com,703 354 0067
Angelico,O'Loughlin,Male,aoloughlina8@mapy.cz,283 385 6658
Katey,Stollenbecker,Agender,kstollenbeckera9@goo.gl,136 388 5376
Sabine,Jenking,Female,sjenkingaa@techcrunch.com,945 362 3257
Eveline,Moylan,Female,emoylanab@cocolog-nifty.com,438 680 1867
Sile,Rea,Female,sreaac@uiuc.edu,286 823 4705
Orren,Cholonin,Male,ocholoninad@hexun.com,726 277 5652
Idell,Lancett,Female,ilancettae@dot.gov,371 221 4984
Philippe,Lenthall,Female,plenthallaf@mashable.com,605 823 8394
Winn,Wynn,Male,wwynnag@indiegogo.com,309 400 5066
Paige,Swatman,Male,pswatmanah@blog.com,904 563 1974
Maxy,Springford,Female,mspringfordai@woothemes.com,315 294 2386
Filip,Drayson,Male,fdraysonaj@prlog.org,131 272 4864
Alyce,Henighan,Female,ahenighanak@craigslist.org,410 860 8202
Antoine,Serrels,Male,aserrelsal@myspace.com,500 101 1201
Sauveur,Torrance,Male,storranceam@nasa.gov,717 660 5220
Emma,Duckerin,Female,educkerinan@fda.gov,821 291 0170
Mateo,Carlo,Genderfluid,mcarloao@dyndns.org,410 184 8116
Ode,Wilkes,Male,owilkesap@omniture.com,361 190 8943
Tedie,Healey,Male,thealeyaq@biblegateway.com,763 940 8496
Hieronymus,Vero,Male,hveroar@photobucket.com,891 556 4152
Wilma,Forcade,Female,wforcadeas@kickstarter.com,976 598 2910
Lianne,Linsay,Genderfluid,llinsayat@whitehouse.gov,878 447 3503
Elvina,Barwick,Female,ebarwickau@123-reg.co.uk,334 369 9733
Berk,Colbertson,Male,bcolbertsonav@go.com,674 497 0239
Lanita,Bruyns,Female,lbruynsaw@meetup.com,816 389 5832
Tamas,Armytage,Male,tarmytageax@4shared.com,500 643 0025
Flinn,Baumber,Male,fbaumberay@unicef.org,286 176 9907
Quinta,Antonikov,Female,qantonikovaz@sohu.com,752 964 6304
Maynord,Posselwhite,Male,mposselwhiteb0@zimbio.com,820 637 8025
Belicia,Shanks,Female,bshanksb1@tinyurl.com,151 622 5777
Carolynn,Markushkin,Female,cmarkushkinb2@wikispaces.com,196 750 3476
Goran,Pinnion,Male,gpinnionb3@ehow.com,486 654 4153
Jere,Sheldrick,Male,jsheldrickb4@bloglines.com,630 962 0453
Damaris,Schulz,Female,dschulzb5@wiley.com,358 898 7725
Erek,McCudden,Male,emccuddenb6@homestead.com,702 930 1701
Cully,Spottswood,Male,cspottswoodb7@virginia.edu,411 871 4945
Ferdinanda,Tyce,Female,ftyceb8@tamu.edu,369 359 8131
Danny,Idwal Evans,Female,didwalevansb9@mediafire.com,282 534 6684
Leigh,Loram,Female,lloramba@tinypic.com,363 160 5487
Pebrook,Ondrasek,Male,pondrasekbb@weebly.com,148 698 8781
Darcey,Riddle,Female,driddlebc@godaddy.com,429 524 4460
Lois,Broszkiewicz,Female,lbroszkiewiczbd@bizjournals.com,828 684 9793
Madelaine,Hissett,Female,mhissettbe@marriott.com,755 796 1491
Yulma,Ashmole,Male,yashmolebf@chronoengine.com,484 979 5491
Ame,Smillie,Female,asmilliebg@joomla.org,990 156 8169
Carin,Oxlade,Female,coxladebh@theguardian.com,950 545 4879
Haily,Kingsley,Bigender,hkingsleybi@imageshack.us,267 968 7972
Bink,Phelan,Male,bphelanbj@spiegel.de,714 289 6894
Cherin,Rolinson,Female,crolinsonbk@geocities.com,424 536 9444
Padriac,Menichino,Male,pmenichinobl@quantcast.com,603 856 6398
Marissa,Shucksmith,Genderqueer,mshucksmithbm@sohu.com,845 148 6904
Lila,Fleckno,Female,lflecknobn@behance.net,222 872 0272
Anselma,Braven,Female,abravenbo@livejournal.com,963 446 8508
Dix,O'Growgane,Female,dogrowganebp@woothemes.com,303 156 8124
Erwin,Prynne,Male,eprynnebq@mayoclinic.com,878 806 0422
Reta,Saldler,Genderqueer,rsaldlerbr@nytimes.com,142 161 5291
Morty,Attride,Male,mattridebs@prweb.com,644 124 5767
Lou,Pagan,Female,lpaganbt@epa.gov,780 939 2815
Christos,Jacqueme,Male,cjacquemebu@histats.com,774 282 3559
Seamus,Silverman,Male,ssilvermanbv@columbia.edu,852 559 3079
Tabby,Sapwell,Female,tsapwellbw@unesco.org,189 280 8444
Melissa,Masterson,Female,mmastersonbx@smugmug.com,704 817 7823
Olenka,Lowell,Agender,olowellby@bloglovin.com,983 232 5994
Emmaline,Mordey,Female,emordeybz@usa.gov,411 554 7640
Kori,Lintill,Female,klintillc0@spotify.com,516 778 2349
Dahlia,Childers,Female,dchildersc1@intel.com,256 356 2815
Latia,Corby,Female,lcorbyc2@alibaba.com,932 207 3246
Patty,Aharoni,Male,paharonic3@symantec.com,803 473 0028
Christiana,Poyser,Female,cpoyserc4@xing.com,232 741 2614
Zorah,Whalley,Female,zwhalleyc5@weebly.com,910 429 5812
Darcie,Jedrychowski,Female,djedrychowskic6@unesco.org,408 889 6409
Daile,Kissick,Female,dkissickc7@epa.gov,255 139 2518
Johnny,Harsant,Male,jharsantc8@ca.gov,206 206 7288
Teddi,Slowley,Female,tslowleyc9@i2i.jp,571 702 0233
Court,Gunbie,Male,cgunbieca@mediafire.com,163 497 0030
Keen,Becconsall,Male,kbecconsallcb@usa.gov,922 728 6659
Miriam,Riolfi,Bigender,mriolficc@bbb.org,106 320 5912
Keven,Stiegers,Male,kstiegerscd@artisteer.com,338 908 8610
Paulita,Estabrook,Female,pestabrookce@npr.org,869 568 3720
Roy,Riggs,Male,rriggscf@prweb.com,267 803 6429
Jarad,Bartelli,Male,jbartellicg@marketwatch.com,212 181 8778
Cybil,Hanscombe,Female,chanscombech@msu.edu,231 849 8414
Nisse,Georgeot,Female,ngeorgeotci@buzzfeed.com,634 293 2581
Ephrayim,Bayle,Male,ebaylecj@i2i.jp,882 896 7001
Liz,Golsworthy,Female,lgolsworthyck@springer.com,497 191 4939
Gabi,Fackney,Female,gfackneycl@si.edu,756 463 7418
Fredra,Labrow,Female,flabrowcm@boston.com,850 712 4968
Dell,Banbrigge,Male,dbanbriggecn@hhs.gov,269 310 9745
Rurik,Manvelle,Male,rmanvelleco@omniture.com,649 233 0934
Nat,Vicary,Female,nvicarycp@ibm.com,902 796 4637
Abbie,Buckle,Female,abucklecq@ycombinator.com,713 353 2286
Lucias,Shury,Male,lshurycr@marketwatch.com,149 730 7106
Ranique,Mundle,Female,rmundlecs@pen.io,546 978 1361
Terrel,Mathiasen,Genderfluid,tmathiasenct@freewebs.com,508 662 3961
Antonin,L' Anglois,Male,alangloiscu@nhs.uk,301 898 1566
Phebe,Bartleet,Female,pbartleetcv@blogtalkradio.com,335 451 4215
Janeczka,Margrem,Female,jmargremcw@list-manage.com,231 942 7442
Spike,Jeanes,Male,sjeanescx@youku.com,248 595 9516
Javier,Forbear,Male,jforbearcy@china.com.cn,690 313 7503
Chester,MacCahey,Male,cmaccaheycz@devhub.com,582 235 0929
Corena,Duce,Female,cduced0@flavors.me,123 734 7081
Marcelia,Swinnard,Female,mswinnardd1@rakuten.co.jp,574 381 7606
Genni,Martinolli,Female,gmartinollid2@census.gov,960 408 2215
Maddalena,Winchcombe,Female,mwinchcombed3@tuttocitta.it,825 932 4157
Virginia,Mc Caughan,Female,vmccaughand4@unc.edu,666 198 1846
Bern,McGeown,Male,bmcgeownd5@sciencedirect.com,801 532 5773
Brina,Althorp,Female,balthorpd6@sun.com,359 882 6779
Robby,Hawkridge,Male,rhawkridged7@virginia.edu,981 660 6305
Travis,Cassells,Male,tcassellsd8@reddit.com,779 574 3850
Corabelle,Cocklie,Female,ccocklied9@lulu.com,987 856 4881
Jaime,Labrone,Male,jlabroneda@blogger.com,806 895 4781
Miguel,Mucillo,Male,mmucillodb@opera.com,587 240 4370
Edmund,O'Hegertie,Non-binary,eohegertiedc@ibm.com,769 743 0884
Leonid,Hayer,Male,lhayerdd@etsy.com,394 949 7396
Sianna,Heardman,Female,sheardmande@gravatar.com,658 490 6169
Bernita,Lawtie,Female,blawtiedf@mysql.com,381 396 6853
Thorndike,McShirie,Male,tmcshiriedg@usnews.com,209 166 3316
King,Bolt,Male,kboltdh@pcworld.com,733 972 7405
Honey,Ramstead,Female,hramsteaddi@last.fm,643 501 8720
Stanleigh,Horstead,Male,shorsteaddj@artisteer.com,680 587 2090
Tris,Halegarth,Male,thalegarthdk@people.com.cn,463 747 4604
Berkly,Cozzi,Male,bcozzidl@furl.net,649 642 9528
Kippy,Spirit,Male,kspiritdm@tiny.cc,515 219 8920
Patten,Flux,Male,pfluxdn@flavors.me,506 689 4047
Thom,Lannin,Male,tlannindo@ucla.edu,333 353 9086
Lenore,Jahan,Female,ljahandp@ycombinator.com,759 422 8226
Delmer,Skoggins,Male,dskogginsdq@ehow.com,395 656 0937
Garrot,Garbutt,Male,ggarbuttdr@oracle.com,112 439 2182
Korrie,Tellenbach,Female,ktellenbachds@skype.com,538 929 2312
Hobart,Winger,Male,hwingerdt@topsy.com,925 380 3399
Phedra,Louw,Female,plouwdu@sina.com.cn,588 444 8733
Becki,Fairbrace,Female,bfairbracedv@yolasite.com,874 536 6906
Roxi,Gagen,Genderfluid,rgagendw@unicef.org,873 326 4764
Liam,Benford,Male,lbenforddx@delicious.com,714 648 9876
Adrian,Tarquinio,Male,atarquiniody@dell.com,185 114 3199
Andrej,Budgeon,Male,abudgeondz@moonfruit.com,116 212 0697
Gus,Wheildon,Male,gwheildone0@360.cn,292 140 2687
Steffie,Ambrogioni,Female,sambrogionie1@ihg.com,344 253 0914
Alexina,Llewhellin,Female,allewhelline2@amazon.co.jp,243 552 6306
Connie,Dacca,Female,cdaccae3@hhs.gov,135 398 0149
Debbi,Gwilliam,Female,dgwilliame4@discovery.com,608 814 6305
Ivy,Pash,Female,ipashe5@auda.org.au,827 840 0459
Arlette,Stritton,Female,astrittone6@naver.com,952 692 7644
Cherida,Hymans,Female,chymanse7@wsj.com,933 294 0850
Evelin,Box,Non-binary,eboxe8@utexas.edu,526 309 4766
Thorsten,Guile,Male,tguilee9@arstechnica.com,672 448 5641
Cinderella,Mitchely,Female,cmitchelyea@home.pl,185 331 1491
Rani,Gatchell,Female,rgatchelleb@mediafire.com,725 100 2942
Alwyn,Chrispin,Male,achrispinec@eventbrite.com,985 849 9106
Arnaldo,Lafee,Male,alafeeed@deviantart.com,973 473 9377
Edmund,MacNalley,Male,emacnalleyee@google.it,167 948 5238
Pierette,Poschel,Female,pposchelef@github.com,701 538 7984
Trista,Babb,Female,tbabbeg@ocn.ne.jp,884 265 8666
Mattie,Temperley,Female,mtemperleyeh@digg.com,499 849 8277
Myrtie,MacAvddy,Female,mmacavddyei@dailymotion.com,432 595 0720
Michele,Wethered,Female,mwetheredej@dailymail.co.uk,525 216 1489
Nanice,O'Hoey,Female,nohoeyek@mashable.com,514 215 8441
Edithe,Tippin,Female,etippinel@hostgator.com,190 108 2826
Ethe,Ganley,Male,eganleyem@wikia.com,559 683 0871
Linnet,Furber,Agender,lfurberen@aboutads.info,558 152 7643
Cody,Jerrams,Female,cjerramseo@miitbeian.gov.cn,644 156 6667
Craggy,Baskeyfield,Male,cbaskeyfieldep@qq.com,913 748 0818
Eliot,Enochsson,Male,eenochssoneq@nbcnews.com,207 351 6492
Den,Klimczak,Male,dklimczaker@exblog.jp,905 472 9675
Gerry,Matkovic,Male,gmatkovices@ow.ly,382 171 5524
Lavinie,Pudsall,Female,lpudsallet@webnode.com,709 345 3072
Neils,Francescuccio,Male,nfrancescuccioeu@kickstarter.com,117 373 1034
Pasquale,O'Scandall,Male,poscandallev@photobucket.com,457 716 5798
Orelle,Caston,Female,ocastonew@trellian.com,645 784 5000
Worthington,Garm,Male,wgarmex@issuu.com,849 613 6995
Simona,Larrad,Female,slarradey@paginegialle.it,776 902 9290
Otis,Draycott,Male,odraycottez@163.com,318 849 7631
Veronica,Truce,Female,vtrucef0@tinyurl.com,160 409 9288
Konstance,Dayce,Female,kdaycef1@baidu.com,438 621 2995
Windy,Coomber,Female,wcoomberf2@ed.gov,434 219 2498
Cathyleen,Halle,Female,challef3@dyndns.org,626 396 5239
Robby,Kersley,Male,rkersleyf4@japanpost.jp,525 306 2725
Lilla,Louis,Female,llouisf5@telegraph.co.uk,824 555 9763
Alina,Doctor,Female,adoctorf6@answers.com,667 273 1356
Helen,Yewdale,Female,hyewdalef7@biblegateway.com,841 869 9174
Rivy,Kingscote,Female,rkingscotef8@nasa.gov,393 304 6940
Barnaby,Baumadier,Male,bbaumadierf9@cocolog-nifty.com,898 895 5147
Federico,McHale,Male,fmchalefa@about.com,825 709 0349
Darrelle,Sealeaf,Genderqueer,dsealeaffb@hao123.com,391 915 4652
Lars,Ibbitt,Male,libbittfc@dot.gov,816 352 4524
Ardra,Deppen,Female,adeppenfd@posterous.com,315 788 8458
Kennan,Stanwix,Male,kstanwixfe@flickr.com,132 656 0560
Roberto,Dykas,Male,rdykasff@icq.com,940 676 0088
Charlene,Lakeland,Female,clakelandfg@goodreads.com,350 842 7624
Vanny,Trevon,Non-binary,vtrevonfh@nationalgeographic.com,283 719 7797
Ringo,Barends,Male,rbarendsfi@abc.net.au,212 101 2930
Felecia,Regglar,Female,fregglarfj@spotify.com,435 112 6950
Felipa,Meffen,Female,fmeffenfk@aol.com,562 220 2872
Glynn,Solomonides,Polygender,gsolomonidesfl@cornell.edu,567 658 2740
Rozalin,Carver,Female,rcarverfm@archive.org,211 463 9858
Stephana,Borrowman,Female,sborrowmanfn@wiley.com,398 567 2500
Neil,Waring,Male,nwaringfo@mtv.com,547 412 0693
Jobyna,Glazier,Female,jglazierfp@dion.ne.jp,892 967 1990
Cameron,Northrop,Male,cnorthropfq@wix.com,311 768 9966
Elvera,Waterfall,Female,ewaterfallfr@google.cn,258 995 1886
Ingaberg,Bemment,Polygender,ibemmentfs@timesonline.co.uk,296 717 0582
Raleigh,Littlewood,Male,rlittlewoodft@msn.com,809 798 0480
Isidoro,McCurtin,Male,imccurtinfu@cam.ac.uk,722 573 6331
Jerrie,Bevir,Male,jbevirfv@rediff.com,821 706 5956
Kendell,Hooke,Male,khookefw@so-net.ne.jp,951 236 9570
Beau,Hanton,Male,bhantonfx@google.pl,818 913 2010
Knox,Jeremiah,Male,kjeremiahfy@oakley.com,236 607 6085
Lois,St. Ledger,Female,lstledgerfz@google.com.hk,465 403 0388
Bailey,Wendover,Male,bwendoverg0@nydailynews.com,148 890 6995
Glenna,Weyland,Female,gweylandg1@themeforest.net,612 214 7914
Worthington,Abrahart,Male,wabrahartg2@tamu.edu,130 899 6179
Merrielle,Hughlock,Female,mhughlockg3@shareasale.com,820 848 6961
Omar,Biggin,Male,obigging4@unicef.org,765 933 8066
Rosalia,Clowley,Female,rclowleyg5@360.cn,829 651 1070
Teriann,De Vries,Female,tdevriesg6@aboutads.info,268 986 4343
Biron,Benfell,Male,bbenfellg7@twitter.com,586 459 6835
Florri,Spear,Female,fspearg8@ibm.com,334 842 4151
Tomas,Leddie,Male,tleddieg9@canalblog.com,483 886 9964
Jessey,Pendlenton,Male,jpendlentonga@ezinearticles.com,172 888 3066
Kania,Hatherley,Female,khatherleygb@devhub.com,591 891 0376
Morissa,McFadyen,Female,mmcfadyengc@si.edu,324 806 7556
Igor,McIlvenny,Male,imcilvennygd@discuz.net,143 540 7979
Verena,Muller,Female,vmullerge@shinystat.com,671 282 7225
Brit,Lacasa,Female,blacasagf@alibaba.com,782 434 3801
Emalia,Lowe,Female,elowegg@latimes.com,320 161 8277
Rowland,Bleything,Male,rbleythinggh@hp.com,522 773 7428
Norrie,Stollen,Female,nstollengi@ftc.gov,573 149 6756
Regen,Winkett,Male,rwinkettgj@huffingtonpost.com,623 715 4101
My,Proctor,Male,mproctorgk@vimeo.com,259 728 5351
Daisey,Cota,Female,dcotagl@cnn.com,850 193 5479
Darsey,Annable,Female,dannablegm@google.com.hk,787 632 1890
Gregoor,Stokoe,Male,gstokoegn@google.de,277 751 7402
Matilda,Brantl,Female,mbrantlgo@prweb.com,351 287 5993
Sacha,Tessyman,Female,stessymangp@bizjournals.com,753 818 7985
Chrissie,Cellone,Female,ccellonegq@is.gd,740 600 0502
Pattie,Biggadyke,Male,pbiggadykegr@odnoklassniki.ru,206 599 1364
Nicholle,Pottle,Female,npottlegs@bing.com,284 605 6874
Carmine,Moncrieffe,Male,cmoncrieffegt@nature.com,347 364 8889
Antonietta,Caunce,Female,acauncegu@cpanel.net,377 434 8910
Minnnie,Borg-Bartolo,Female,mborgbartologv@e-recht24.de,744 868 5914
Patrica,Coverley,Female,pcoverleygw@geocities.com,949 866 6728
Giacinta,Mustill,Female,gmustillgx@webs.com,280 685 0066
Roseanna,Myles,Female,rmylesgy@noaa.gov,794 939 7974
Adolf,Rayer,Male,arayergz@utexas.edu,434 843 9813
Katheryn,Wathan,Female,kwathanh0@pen.io,279 904 6828
Gard,Vaszoly,Male,gvaszolyh1@cloudflare.com,693 705 2895
Rustin,Moodycliffe,Male,rmoodycliffeh2@exblog.jp,906 296 2719
Loren,Lampen,Male,llampenh3@ow.ly,317 753 1759
Farley,Scollard,Male,fscollardh4@java.com,948 734 5554
Brana,Cottee,Female,bcotteeh5@oaic.gov.au,345 724 1487
Lyndell,Rosina,Female,lrosinah6@simplemachines.org,794 236 6168
Brianna,Keyden,Female,bkeydenh7@jugem.jp,422 290 6973
Fonsie,Milham,Male,fmilhamh8@4shared.com,915 799 3411
Maxine,Ida,Female,midah9@issuu.com,909 393 0287
Eddie,Finnigan,Female,efinniganha@nih.gov,213 792 9940
Clayson,Synnot,Male,csynnothb@usgs.gov,870 771 0908
Katherine,Bowley,Female,kbowleyhc@networksolutions.com,988 301 1442
Kristine,Bratton,Female,kbrattonhd@goo.gl,469 132 2857
Stormy,Goldie,Non-binary,sgoldiehe@sfgate.com,673 584 3169
Hercules,Wakenshaw,Male,hwakenshawhf@wordpress.org,427 636 4032
Emmanuel,O'Dunneen,Male,eodunneenhg@ucsd.edu,395 237 3164
Risa,Itzhayek,Female,ritzhayekhh@uiuc.edu,564 347 5298
Sula,Baskerville,Female,sbaskervillehi@economist.com,193 820 3083
Jeremiah,Twort,Male,jtworthj@dailymotion.com,190 126 2706
Vina,Vasyutin,Female,vvasyutinhk@parallels.com,681 994 5795
Leoline,Trevance,Female,ltrevancehl@un.org,557 753 9858
Chrissy,Rainger,Male,craingerhm@cargocollective.com,723 345 8516
Wandie,Regler,Female,wreglerhn@dailymail.co.uk,338 103 5671
Freedman,Clarricoates,Male,fclarricoatesho@xinhuanet.com,743 947 6146
Benyamin,Brice,Male,bbricehp@networkadvertising.org,246 447 5036
Waiter,Ashford,Male,washfordhq@furl.net,154 954 9970
Natty,Dykas,Non-binary,ndykashr@t-online.de,531 589 8611
Pasquale,Farrington,Male,pfarringtonhs@bbb.org,408 910 6229
Antony,Bearfoot,Male,abearfootht@dedecms.com,637 543 9627
Madelon,Kyngdon,Female,mkyngdonhu@google.com.au,483 492 7958
Annecorinne,Allabarton,Genderqueer,aallabartonhv@storify.com,110 353 6246
Mirna,Febre,Female,mfebrehw@xing.com,371 173 6616
Abdul,Regis,Male,aregishx@nbcnews.com,797 552 9922
Guido,Scraney,Male,gscraneyhy@mysql.com,978 932 4416
Ichabod,De Biaggi,Male,idebiaggihz@scientificamerican.com,837 883 0501
Melva,Fountaine,Female,mfountainei0@feedburner.com,442 961 6235
Klarrisa,Glidden,Female,kgliddeni1@toplist.cz,725 619 6483
Kenny,Keefe,Male,kkeefei2@tripod.com,190 121 6497
Tami,Havoc,Female,thavoci3@reference.com,860 541 9657
Alanson,Musgrove,Male,amusgrovei4@com.com,518 854 9895
Nickey,Janikowski,Male,njanikowskii5@cam.ac.uk,725 524 6490
Zechariah,Cochern,Male,zcocherni6@shop-pro.jp,417 660 6258
Royal,Bezzant,Male,rbezzanti7@amazon.co.jp,139 532 2508
Lauritz,Leedes,Male,lleedesi8@microsoft.com,189 444 7863
Aubry,Worner,Female,aworneri9@cbslocal.com,231 872 5536
Fredrick,Oakenfull,Male,foakenfullia@elpais.com,758 812 9946
Adelbert,Pridding,Male,apriddingib@edublogs.org,442 573 6001
Greer,Alelsandrowicz,Female,galelsandrowiczic@flickr.com,116 876 5198
Oliver,Siggens,Male,osiggensid@oaic.gov.au,397 466 1295
Maure,Christon,Female,mchristonie@google.nl,521 443 4965
Lorant,Goding,Male,lgodingif@amazon.de,873 334 3133
Betty,Geri,Female,bgeriig@angelfire.com,593 686 0612
Babs,Chaudhry,Female,bchaudhryih@va.gov,635 799 0704
Flore,Bagg,Female,fbaggii@businessweek.com,439 902 8272
Farrah,Paulat,Female,fpaulatij@smugmug.com,867 278 6435
Roxanne,Chesterfield,Female,rchesterfieldik@google.fr,198 605 3112
Darsey,Simonsson,Female,dsimonssonil@sciencedaily.com,616 764 8734
Elvis,Sallier,Male,esallierim@ycombinator.com,467 612 1332
Renelle,Harget,Female,rhargetin@deliciousdays.com,697 260 6239
Bengt,Wisniewski,Male,bwisniewskiio@sciencedaily.com,768 649 6372
Manolo,Breewood,Male,mbreewoodip@constantcontact.com,872 784 2318
Waylen,Makey,Male,wmakeyiq@squidoo.com,904 391 9403
Cesare,Sulland,Male,csullandir@narod.ru,652 901 4989
Menard,Killwick,Male,mkillwickis@smugmug.com,909 933 2810
Agnella,Impy,Female,aimpyit@skype.com,957 426 4438
Janey,Gilvary,Female,jgilvaryiu@google.it,443 390 9699
Corbett,McClunaghan,Genderfluid,cmcclunaghaniv@princeton.edu,437 310 9435
Judye,Robbings,Female,jrobbingsiw@uiuc.edu,906 236 7079
Corinna,Hathwood,Female,chathwoodix@ustream.tv,194 716 9424
Adams,Lints,Male,alintsiy@dell.com,137 436 8488
Kittie,Grimmolby,Female,kgrimmolbyiz@hubpages.com,756 833 2251
Erminie,Wastie,Female,ewastiej0@ftc.gov,277 583 0465
Naomi,Dumelow,Female,ndumelowj1@sciencedaily.com,304 623 4765
Eleen,Bernardez,Genderfluid,ebernardezj2@microsoft.com,626 778 4127
Sarge,Rivlin,Male,srivlinj3@liveinternet.ru,493 770 5844
North,Songest,Non-binary,nsongestj4@sogou.com,250 693 5528
Jerrie,Drennan,Male,jdrennanj5@gmpg.org,448 746 4217
Ginnifer,Costin,Genderqueer,gcostinj6@tiny.cc,986 422 0455
Frazier,Ellery,Male,felleryj7@yelp.com,483 309 7715
Rebbecca,Dobbyn,Female,rdobbynj8@wiley.com,485 691 2183
Mayer,MacMeanma,Male,mmacmeanmaj9@ask.com,295 323 8805
Vivie,Eglaise,Female,veglaiseja@narod.ru,177 651 9649
Fannie,Beechcraft,Polygender,fbeechcraftjb@ning.com,253 875 8301
Alard,Schulz,Male,aschulzjc@taobao.com,790 935 8371
Denice,Joynson,Female,djoynsonjd@ucsd.edu,183 240 8391
Korella,Manchester,Female,kmanchesterje@domainmarket.com,416 593 6781
Kendre,Gunner,Female,kgunnerjf@mac.com,979 774 6553
Meggy,Dory,Female,mdoryjg@opensource.org,420 404 2489
Keene,Howells,Male,khowellsjh@cam.ac.uk,666 718 9413
Tiphany,Pickerill,Female,tpickerillji@guardian.co.uk,260 512 0809
Arv,Bengtsson,Male,abengtssonjj@clickbank.net,639 198 8914
Delaney,Lorkin,Male,dlorkinjk@lycos.com,816 355 8559
Ody,Willimott,Agender,owillimottjl@hatena.ne.jp,567 130 4322
Perle,Crucitti,Female,pcrucittijm@jugem.jp,572 424 9071
Findlay,Gyppes,Male,fgyppesjn@ifeng.com,508 665 3834
Annnora,Coleshill,Female,acoleshilljo@ft.com,178 739 3499
Marchelle,Redhole,Female,mredholejp@cmu.edu,236 510 3794
Cara,Pitcaithley,Female,cpitcaithleyjq@miitbeian.gov.cn,541 944 6572
Mufi,Spellissy,Female,mspellissyjr@harvard.edu,277 895 8439
Had,Owbridge,Male,howbridgejs@constantcontact.com,917 929 2083
Hugibert,Lanmeid,Male,hlanmeidjt@eepurl.com,900 260 6085
Jonathan,Curnow,Male,jcurnowju@amazonaws.com,314 552 2923
Dermot,McInnes,Male,dmcinnesjv@ezinearticles.com,910 321 5585
Fitzgerald,Mattingson,Male,fmattingsonjw@scientificamerican.com,878 425 9554
Mayer,Derwin,Male,mderwinjx@accuweather.com,731 566 7248
Aurea,Skegg,Female,askeggjy@xinhuanet.com,281 272 3881
Nelie,Worvill,Female,nworvilljz@opera.com,492 562 7231
Kyle,McGaugie,Male,kmcgaugiek0@about.com,649 526 1780
Alexa,Bretland,Female,abretlandk1@usnews.com,938 626 5281
Cristobal,Martinuzzi,Male,cmartinuzzik2@eepurl.com,265 515 6832
Modesta,Grugerr,Female,mgrugerrk3@surveymonkey.com,483 405 9157
Walsh,Moro,Male,wmorok4@youku.com,319 916 3340
Massimiliano,Rigg,Male,mriggk5@wordpress.org,617 313 6840
Roley,Artois,Male,rartoisk6@sogou.com,895 390 5023
Chelsey,Gallier,Female,cgallierk7@phpbb.com,555 120 2212
Lenee,Devericks,Female,ldevericksk8@pen.io,662 893 6337
Gino,Jagoe,Male,gjagoek9@vinaora.com,774 569 9366
Ashbey,Leil,Agender,aleilka@fotki.com,387 998 7325
Virge,Duckerin,Male,vduckerinkb@blog.com,120 489 3620
Rabbi,Humbert,Male,rhumbertkc@altervista.org,165 550 7179
Lawry,Huxstep,Male,lhuxstepkd@wiley.com,412 970 4167
Zitella,Ventura,Female,zventurake@ameblo.jp,938 781 6404
Jacki,McConnel,Female,jmcconnelkf@lulu.com,653 947 2254
Mendie,Brotherwood,Male,mbrotherwoodkg@springer.com,999 281 7107
Debora,Leith-Harvey,Bigender,dleithharveykh@indiatimes.com,629 858 9955
Karlens,Latch,Male,klatchki@mozilla.org,906 473 3301
Nomi,Hinze,Female,nhinzekj@cargocollective.com,232 726 6272
Geordie,Djurkovic,Male,gdjurkovickk@berkeley.edu,509 677 6113
Ricky,Pettiward,Male,rpettiwardkl@biglobe.ne.jp,582 409 7838
Antin,Bothram,Male,abothramkm@mysql.com,833 452 3358
Natalina,Eassom,Female,neassomkn@house.gov,685 941 3644
Rozamond,Rendbaek,Female,rrendbaekko@4shared.com,611 725 5235
Aliza,Eagar,Female,aeagarkp@themeforest.net,244 942 4917
Mile,Middlebrook,Male,mmiddlebrookkq@ovh.net,351 857 8932
Lonee,Smedmore,Female,lsmedmorekr@salon.com,211 548 9903
Franky,Martinie,Female,fmartinieks@hugedomains.com,875 467 4844
Afton,Cosens,Female,acosenskt@unblog.fr,227 711 3643
Lorene,Rotge,Female,lrotgeku@booking.com,903 366 4881
Cari,Shade,Female,cshadekv@nationalgeographic.com,416 580 4918
Annora,Nicholas,Female,anicholaskw@go.com,438 244 5535
Rossie,Markham,Male,rmarkhamkx@dedecms.com,714 947 3803
Gerianne,Akerman,Female,gakermanky@scientificamerican.com,751 840 1422
Gerick,Lyddon,Male,glyddonkz@4shared.com,810 389 8053
Vinny,Milliere,Female,vmillierel0@odnoklassniki.ru,261 328 0974
Crawford,Enrietto,Male,cenriettol1@plala.or.jp,598 715 5288
Giffy,Emslie,Male,gemsliel2@ocn.ne.jp,181 834 9255
Ludovika,McCully,Female,lmccullyl3@google.it,514 912 1060
Rob,Vannini,Male,rvanninil4@umich.edu,530 489 9157
Hazlett,Fredson,Male,hfredsonl5@ifeng.com,442 141 7220
Hilde,Shapter,Female,hshapterl6@list-manage.com,253 778 1221
Patrizius,Paulat,Male,ppaulatl7@goo.gl,311 666 7257
Laurianne,Causnett,Female,lcausnettl8@privacy.gov.au,687 472 2201
Hillery,Shoesmith,Male,hshoesmithl9@reference.com,460 859 9329
Bay,Cowton,Male,bcowtonla@wiley.com,145 942 2626
Hally,Crossfield,Female,hcrossfieldlb@tripod.com,945 448 0567
Iormina,Prudham,Female,iprudhamlc@mysql.com,416 893 8902
Riccardo,Castagnaro,Bigender,rcastagnarold@histats.com,124 572 1978
Fin,Oolahan,Male,foolahanle@xinhuanet.com,453 371 3758
Marena,Braunroth,Female,mbraunrothlf@lulu.com,696 308 1134
Dennet,Barnet,Male,dbarnetlg@miitbeian.gov.cn,719 789 1316
Aleda,Brasted,Female,abrastedlh@smugmug.com,522 135 9259
Stanislas,Dietmar,Male,sdietmarli@nymag.com,449 933 9326
Sofie,Millis,Female,smillislj@about.me,637 696 0894
Ted,Schoffler,Female,tschofflerlk@squidoo.com,738 772 4626
Natalya,Ambrozik,Female,nambrozikll@creativecommons.org,112 505 0232
Cleveland,Lindhe,Male,clindhelm@github.com,761 762 7808
Curt,Coal,Male,ccoalln@seesaa.net,556 226 4463
Erek,Chattoe,Male,echattoelo@army.mil,165 829 9199
Brien,Pomeroy,Male,bpomeroylp@cbslocal.com,698 620 8775
Patty,Beavon,Male,pbeavonlq@opensource.org,297 655 1084
Holmes,Slate,Non-binary,hslatelr@wisc.edu,265 594 1366
Ilyssa,Beange,Female,ibeangels@com.com,756 922 8330
Agosto,Behagg,Male,abehagglt@slideshare.net,287 731 2020
Moshe,Boorer,Non-binary,mboorerlu@prweb.com,830 999 8692
Gram,Downie,Male,gdownielv@discovery.com,272 792 7489
Cobby,Bignold,Male,cbignoldlw@microsoft.com,508 892 7470
Melly,Sutherns,Female,msuthernslx@desdev.cn,890 350 9927
Ermin,Burbridge,Male,eburbridgely@myspace.com,643 539 7015
Joell,Wasteney,Female,jwasteneylz@yandex.ru,887 346 0910
Norry,Shay,Female,nshaym0@usda.gov,723 885 8952
Ula,Simmings,Female,usimmingsm1@phpbb.com,263 555 4913
Eldredge,Estcourt,Male,eestcourtm2@eventbrite.com,374 529 9843
Natty,Martinetto,Male,nmartinettom3@dion.ne.jp,786 384 6842
Mellicent,Christophle,Female,mchristophlem4@chron.com,934 354 5083
Shoshana,Lincoln,Non-binary,slincolnm5@whitehouse.gov,859 257 1573
Karney,Ugolini,Male,kugolinim6@forbes.com,458 998 5484
Alfred,Horche,Male,ahorchem7@reuters.com,868 921 9751
Enriqueta,Ricardo,Genderfluid,ericardom8@hatena.ne.jp,548 766 4668
Ingemar,Vauter,Male,ivauterm9@abc.net.au,547 206 2671
Allyce,Haukey,Female,ahaukeyma@clickbank.net,790 246 8332
Kaitlynn,Attenbarrow,Non-binary,kattenbarrowmb@dailymotion.com,323 227 4419
Viv,Pelos,Female,vpelosmc@privacy.gov.au,744 897 1428
De witt,Frame,Genderqueer,dframemd@rakuten.co.jp,194 728 9124
Tris,Woofinden,Male,twoofindenme@t.co,750 996 4052
Jere,Adamowitz,Female,jadamowitzmf@flavors.me,392 239 3420
Roman,Romagosa,Agender,rromagosamg@posterous.com,880 937 2605
Adara,Quan,Female,aquanmh@webnode.com,658 158 4658
Easter,How,Female,ehowmi@miibeian.gov.cn,808 682 2971
Gerhardt,Trevain,Male,gtrevainmj@wsj.com,803 934 2488
Zebulon,Bosma,Male,zbosmamk@t.co,935 161 1774
Cindee,Greatorex,Female,cgreatorexml@tripod.com,171 109 3574
Eddi,Checo,Genderqueer,echecomm@discuz.net,990 932 1268
Felipa,Vlach,Female,fvlachmn@ask.com,632 295 1772
Gibb,Dulake,Male,gdulakemo@bandcamp.com,453 108 6495
Zorana,Brizland,Female,zbrizlandmp@dot.gov,358 903 2190
Brant,Albinson,Male,balbinsonmq@dagondesign.com,738 367 0919
Haslett,Lantuffe,Male,hlantuffemr@yellowbook.com,115 615 0446
Eduardo,Drissell,Male,edrissellms@tinyurl.com,214 388 8178
Marcos,Spafford,Male,mspaffordmt@mashable.com,314 583 9500
Pablo,Purves,Male,ppurvesmu@bing.com,664 441 6024
Dalia,Quarrie,Female,dquarriemv@biglobe.ne.jp,527 164 1759
Katie,Gertray,Female,kgertraymw@ucoz.ru,609 837 7125
Perle,Issacson,Female,pissacsonmx@fotki.com,953 948 0112
Murielle,Melan,Female,mmelanmy@google.com.br,192 809 5387
D'arcy,Sopp,Male,dsoppmz@eventbrite.com,344 108 9459
Kelbee,Abramson,Male,kabramsonn0@about.me,552 471 0685
Minne,Braunle,Female,mbraunlen1@cnet.com,852 631 9090
Hayley,Ewbach,Female,hewbachn2@vistaprint.com,311 679 0955
Cheslie,Seals,Female,csealsn3@homestead.com,717 753 3166
Carolynn,McInnerny,Female,cmcinnernyn4@umn.edu,742 402 9289
Athene,Vergo,Female,avergon5@microsoft.com,533 544 1743
Findley,Arenson,Male,farensonn6@dyndns.org,444 410 4192
Hershel,Ibbitson,Male,hibbitsonn7@examiner.com,813 202 8783
Yvonne,Tampen,Female,ytampenn8@gnu.org,890 752 5583
Win,Grishakov,Male,wgrishakovn9@answers.com,898 732 7050
Leodora,Fuke,Female,lfukena@booking.com,999 953 4067
Wandis,Crackel,Female,wcrackelnb@so-net.ne.jp,960 986 3743
Priscella,Seamon,Female,pseamonnc@geocities.com,908 455 1614
Paulo,Lumm,Male,plummnd@house.gov,907 327 2474
Bordy,Boller,Male,bbollerne@furl.net,196 998 3207
Brok,McCrea,Male,bmccreanf@gov.uk,121 731 4219
Fidelio,Bobasch,Male,fbobaschng@harvard.edu,774 503 7211
Page,Cannings,Male,pcanningsnh@wisc.edu,984 535 2387
Berky,Dahlen,Male,bdahlenni@newyorker.com,281 713 5807
Elspeth,McGenis,Female,emcgenisnj@technorati.com,922 963 0568
Livvy,Pidwell,Female,lpidwellnk@bbc.co.uk,856 988 3024
Allyn,Glas,Male,aglasnl@npr.org,901 704 6186
Aidan,Story,Female,astorynm@columbia.edu,636 122 8900
Michal,Rive,Female,mrivenn@networksolutions.com,283 805 2900
Gene,Aseef,Genderqueer,gaseefno@utexas.edu,666 988 5827
Edi,Lisle,Female,elislenp@netvibes.com,933 850 0773
Chase,Seed,Male,cseednq@un.org,693 962 9293
Murry,Kluss,Genderfluid,mklussnr@noaa.gov,473 907 9860
Tiertza,Valek,Female,tvalekns@behance.net,270 195 1916
Jermain,Truscott,Male,jtruscottnt@woothemes.com,120 553 0019
Devy,Penhale,Male,dpenhalenu@google.com.hk,234 102 4001
Benji,Guidoni,Male,bguidoninv@vk.com,743 943 8715
Petra,Salters,Genderqueer,psaltersnw@hud.gov,324 725 0184
Carrissa,Relph,Female,crelphnx@google.it,425 142 9982
Benson,Edelheit,Male,bedelheitny@va.gov,107 438 2525
Avril,Headings,Female,aheadingsnz@sun.com,589 183 8344
Vladimir,Mullaney,Male,vmullaneyo0@uiuc.edu,276 678 8251
Bailey,Elijahu,Polygender,belijahuo1@privacy.gov.au,180 987 9909
Jerri,Sunderland,Male,jsunderlando2@vk.com,861 336 4323
Carlen,Maciaszek,Female,cmaciaszeko3@deviantart.com,796 310 8619
Stavros,Collings,Male,scollingso4@eventbrite.com,245 667 0264
Ursola,Yashin,Female,uyashino5@github.com,411 105 7169
Gaston,Pastor,Male,gpastoro6@printfriendly.com,626 358 2024
Garik,Purvis,Male,gpurviso7@deliciousdays.com,478 752 8060
Beniamino,Ludgrove,Male,bludgroveo8@unesco.org,529 560 1225
Jillane,Storek,Female,jstoreko9@is.gd,509 450 5836
Correy,Pobjoy,Male,cpobjoyoa@wisc.edu,602 193 2390
Reinaldos,Domleo,Male,rdomleoob@gmpg.org,547 742 4755
Jess,Jorge,Agender,jjorgeoc@umich.edu,140 897 3210
Jannelle,Muddiman,Bigender,jmuddimanod@lycos.com,279 591 0510
Linus,Mongain,Male,lmongainoe@webeden.co.uk,716 817 6284
Sybyl,Splevings,Female,ssplevingsof@army.mil,509 535 3299
Adolphus,D'eathe,Genderfluid,adeatheog@mozilla.org,538 197 8781
Kathryne,Blaylock,Female,kblaylockoh@illinois.edu,710 639 7700
Hagan,Helliwell,Male,hhelliwelloi@uol.com.br,276 720 2160
Brade,Leppingwell,Male,bleppingwelloj@angelfire.com,218 782 4724
Anderea,MacGibbon,Female,amacgibbonok@hud.gov,220 180 6205
Siward,De'Ath,Male,sdeathol@edublogs.org,929 803 3391
Abbie,Elven,Male,aelvenom@hhs.gov,427 690 2506
Frank,Tunney,Female,ftunneyon@mlb.com,248 141 4158
Alvy,Kilmartin,Male,akilmartinoo@smh.com.au,569 805 7271
Jefferson,Szymczyk,Male,jszymczykop@gmpg.org,789 807 2147
Barnabe,Danter,Male,bdanteroq@sfgate.com,126 323 9568
Jania,Sturte,Female,jsturteor@cmu.edu,984 968 3002
Travis,Stave,Male,tstaveos@slashdot.org,901 621 5458
Amalea,Seeley,Female,aseeleyot@bandcamp.com,566 706 3213
Valentine,Camous,Male,vcamousou@cam.ac.uk,214 246 0610
Gay,Grewes,Male,ggrewesov@answers.com,743 387 0733
Ogdon,Attyeo,Male,oattyeoow@wikispaces.com,823 992 0044
Zenia,Bettley,Female,zbettleyox@goo.ne.jp,979 410 9471
Kaspar,Hovenden,Male,khovendenoy@multiply.com,870 196 9424
Devy,Arkin,Male,darkinoz@com.com,810 971 2158
Camille,Kidston,Polygender,ckidstonp0@virginia.edu,594 637 4452
Arch,Shortell,Male,ashortellp1@deviantart.com,257 677 6640
Amitie,Asple,Female,aasplep2@tripadvisor.com,784 469 4774
Alwyn,Rathborne,Male,arathbornep3@stumbleupon.com,728 416 0919
Dre,Whitnall,Female,dwhitnallp4@paypal.com,571 449 2884
Gilberte,Guidetti,Female,gguidettip5@google.ca,167 580 7118
Faina,Roseby,Female,frosebyp6@vk.com,570 161 2391
Obediah,Hubbert,Male,ohubbertp7@nytimes.com,929 471 6422
Mikaela,Briztman,Female,mbriztmanp8@vistaprint.com,275 676 6743
Augusto,Stacy,Male,astacyp9@blogs.com,740 128 8053
Ricardo,Pilbury,Male,rpilburypa@ow.ly,640 513 6042
Farah,Brydell,Female,fbrydellpb@free.fr,168 856 9578
Essie,Vivians,Female,evivianspc@unesco.org,917 150 9978
Florella,Malam,Female,fmalampd@google.nl,179 534 3439
Georgy,Bater,Male,gbaterpe@si.edu,162 979 8939
Addia,Denning,Female,adenningpf@adobe.com,166 910 8292
Janna,Kubacki,Female,jkubackipg@networksolutions.com,130 447 8130
Yul,Orbon,Male,yorbonph@wikia.com,375 234 6675
Rafaela,Northin,Female,rnorthinpi@drupal.org,477 694 0085
Caprice,Overall,Female,coverallpj@nih.gov,957 354 4720
Sydney,Waryk,Female,swarykpk@domainmarket.com,641 764 0613
Natalina,Kerwood,Female,nkerwoodpl@icio.us,846 982 0158
Samson,Olivera,Genderqueer,soliverapm@usda.gov,343 520 4760
Bay,Hedin,Male,bhedinpn@livejournal.com,310 805 0499
Oriana,Scoyne,Female,oscoynepo@e-recht24.de,769 271 1405
Sigismond,Grandham,Male,sgrandhampp@ucoz.ru,139 465 2419
Sibyl,Caldicot,Male,scaldicotpq@parallels.com,822 891 9280
Gavan,Ilymanov,Male,gilymanovpr@newsvine.com,119 924 7457
Aldo,Guilfoyle,Male,aguilfoyleps@youku.com,841 358 3905
Orelie,Warham,Female,owarhampt@clickbank.net,327 221 3940
Shelby,Shilston,Male,sshilstonpu@theguardian.com,534 861 3996
Duke,Strauss,Male,dstrausspv@sun.com,460 386 7388
Becky,Scholte,Genderqueer,bscholtepw@sbwire.com,395 387 7373
Royce,Pesic,Male,rpesicpx@tripod.com,674 854 2224
Demetri,Hellin,Male,dhellinpy@posterous.com,745 779 3680
Jaime,Scoggins,Female,jscogginspz@ibm.com,258 997 6382
Willdon,Ranaghan,Male,wranaghanq0@cnbc.com,135 276 4741
Ransell,Logan,Male,rloganq1@symantec.com,726 288 7208
Nollie,Ridel,Female,nridelq2@blogspot.com,857 537 3622
Gavin,Wellan,Male,gwellanq3@dropbox.com,896 917 4446
Godart,McGeagh,Male,gmcgeaghq4@jalbum.net,405 304 8011
Gerri,McKeran,Female,gmckeranq5@geocities.jp,397 903 4675
John,Mousby,Male,jmousbyq6@jimdo.com,880 411 2825
Quinton,Cruz,Male,qcruzq7@scientificamerican.com,568 144 9363
Brittaney,Hasney,Female,bhasneyq8@tuttocitta.it,125 961 6669
Yance,Clarabut,Male,yclarabutq9@mysql.com,424 410 3471
Wainwright,Oxford,Male,woxfordqa@themeforest.net,475 248 8548
Jefferey,Cradey,Male,jcradeyqb@ibm.com,316 256 8758
Josephina,Cratere,Female,jcratereqc@paypal.com,938 223 3611
Quinlan,Crayden,Male,qcraydenqd@biblegateway.com,671 265 0476
Katherina,Whordley,Female,kwhordleyqe@newyorker.com,606 799 8927
Angela,Nears,Female,anearsqf@tinyurl.com,847 978 7844
Tandy,Chiene,Female,tchieneqg@archive.org,615 609 0984
Kean,Hirche,Male,khircheqh@phpbb.com,432 847 4569
Thibaud,Blance,Male,tblanceqi@shinystat.com,276 302 7274
Fawn,Coldrick,Female,fcoldrickqj@foxnews.com,252 890 1298
Gayler,Curnow,Male,gcurnowqk@jigsy.com,314 588 7135
Min,Lambe,Female,mlambeql@constantcontact.com,924 757 7398
Livia,Spoerl,Polygender,lspoerlqm@sciencedirect.com,596 895 7362
Yvor,Lapidus,Male,ylapidusqn@hc360.com,439 913 6105
Waldo,Frith,Male,wfrithqo@weibo.com,910 414 8646
Anabal,Traynor,Agender,atraynorqp@sfgate.com,488 728 1643
Ash,D'Alesco,Male,adalescoqq@google.pl,890 546 8642
Nicolas,Marnane,Male,nmarnaneqr@slate.com,773 823 4972
Helga,Collishaw,Female,hcollishawqs@prweb.com,189 441 8497
Hi,Josum,Male,hjosumqt@slashdot.org,256 787 3571
Nerte,Gierok,Female,ngierokqu@va.gov,137 695 1243
Mal,Mingus,Male,mmingusqv@utexas.edu,922 974 5396
Lavina,Jirek,Female,ljirekqw@vistaprint.com,422 445 7589
Burnaby,Lalevee,Male,blaleveeqx@youku.com,991 678 7938
Ingmar,Aldgate,Male,ialdgateqy@slideshare.net,342 746 1703
Aidan,Brunotti,Female,abrunottiqz@edublogs.org,949 121 7148
Emelita,Dudin,Female,edudinr0@blogger.com,209 417 5919
Johann,Gorton,Non-binary,jgortonr1@slate.com,291 290 8627
Leif,Argile,Male,largiler2@last.fm,303 174 6298
Ethe,Egdal,Male,eegdalr3@salon.com,372 446 8952
Amelita,Kinnock,Female,akinnockr4@businessinsider.com,734 619 6929
Fergus,Dagg,Male,fdaggr5@sogou.com,566 508 3382
Elsy,Simon,Female,esimonr6@auda.org.au,124 811 0628
Abeu,Bernaciak,Male,abernaciakr7@netvibes.com,775 679 5692
Fabiano,Jessen,Male,fjessenr8@salon.com,589 339 6694
Seymour,Bree,Male,sbreer9@businessinsider.com,141 303 1774
Nancy,Madill,Female,nmadillra@bloglines.com,303 724 0540
Jemmie,Hawick,Female,jhawickrb@unblog.fr,820 821 0001
Darill,Clifft,Male,dclifftrc@live.com,691 510 1937
Terencio,Doyland,Male,tdoylandrd@hud.gov,872 775 8532
Carver,Le Fevre,Male,clefevrere@ycombinator.com,130 484 5329
Tadd,Shales,Male,tshalesrf@youtube.com,969 370 1673
Winnie,Stood,Male,wstoodrg@odnoklassniki.ru,967 355 5542
Camella,Vahey,Female,cvaheyrh@nba.com,913 829 2697
Darlleen,Rigts,Female,drigtsri@tiny.cc,421 607 2857
Hyacinthia,Cranch,Female,hcranchrj@army.mil,508 155 3814
Flore,Whild,Female,fwhildrk@feedburner.com,874 210 4321
Jared,Dinjes,Male,jdinjesrl@trellian.com,141 861 9337
Ashley,Churching,Female,achurchingrm@netlog.com,374 970 2730
Kanya,Shellibeer,Female,kshellibeerrn@bluehost.com,958 285 8039
Debbie,Souter,Female,dsouterro@spotify.com,264 525 1319
Lizabeth,Tunder,Female,ltunderrp@wix.com,985 212 0405
Roberto,Gaine of England,Male,rgaineofenglandrq@themeforest.net,243 584 0765
Gweneth,Grimme,Agender,ggrimmerr@moonfruit.com,220 328 9869
