first_name,last_name,gender,email,phone
Cherri,Amort,Female,camort0@ameblo.jp,672 628 1338
Rossie,Joanic,Male,rjoanic1@google.fr,527 706 0499
Christal,Liddall,Female,cliddall2@yale.edu,316 583 3477
Say,Dallmann,Agender,sdallmann3@ocn.ne.jp,690 438 9786
Tilly,Toulch,Non-binary,ttoulch4@cnet.com,289 147 7253
Kele,Chaudron,Male,kchaudron5@loc.gov,412 617 1081
Hally,Jonson,Female,hjonson6@yellowbook.com,814 241 0323
Baily,Schutte,Male,bschutte7@mozilla.org,378 140 2488
Rinaldo,Sillis,Male,rsillis8@baidu.com,937 752 6278
Smitty,Kinneir,Male,skinneir9@vistaprint.com,579 263 0337
Misti,Spellacey,Female,mspellaceya@newsvine.com,252 910 5792
Darsie,Mains,Female,dmainsb@parallels.com,234 101 0170
Freddie,Gummie,Female,fgummiec@buzzfeed.com,193 869 9958
Lyndsie,Keningley,Female,lkeningleyd@hp.com,920 470 4068
Spense,Ellerman,Agender,sellermane@fda.gov,268 183 6972
Brittne,McKoy,Female,bmckoyf@flavors.me,747 627 4021
Freemon,Pond-Jones,Male,fpondjonesg@smugmug.com,757 103 6091
Zed,Saul,Agender,zsaulh@storify.com,402 232 5266
Leontine,Darte,Female,ldartei@reddit.com,278 314 4086
Rory,Giacopello,Bigender,rgiacopelloj@china.com.cn,990 276 2399
Dimitry,Brader,Male,dbraderk@imdb.com,115 174 0144
Bonnie,Whetton,Female,bwhettonl@shareasale.com,789 368 0404
Hinze,Steuart,Non-binary,hsteuartm@goodreads.com,266 934 7727
Corrine,Crust,Female,ccrustn@hubpages.com,550 710 4749
Jamey,Grendon,Male,jgrendono@ox.ac.uk,174 129 0134
Regan,Creggan,Genderqueer,rcregganp@jalbum.net,757 407 2575
Jeno,Trench,Male,jtrenchq@uol.com.br,879 499 6491
Trula,Burchmore,Polygender,tburchmorer@alexa.com,564 340 4700
Gertruda,Baigent,Female,gbaigents@studiopress.com,536 889 8944
Dickie,Kobsch,Male,dkobscht@netscape.com,293 745 5953
Mathe,Lafont,Male,mlafontu@tuttocitta.it,462 783 5930
Clemmie,Arnaud,Genderqueer,carnaudv@bluehost.com,533 890 1907
Rodney,Marney,Male,rmarneyw@angelfire.com,908 372 2787
Kaleb,Maly,Non-binary,kmalyx@dot.gov,134 326 4959
Rinaldo,Friday,Male,rfridayy@istockphoto.com,319 313 0368
Lowe,Blunkett,Male,lblunkettz@clickbank.net,516 667 2323
Clary,Hordle,Female,chordle10@unc.edu,288 615 8073
Darsie,Jindrich,Female,djindrich11@flavors.me,890 915 6195
Courtenay,Benterman,Female,cbenterman12@examiner.com,422 158 1050
Valle,Yablsley,Male,vyablsley13@europa.eu,283 115 0632
Licha,Cissen,Female,lcissen14@sfgate.com,894 807 5525
Collette,Moreman,Female,cmoreman15@weibo.com,578 492 7488
Evangelina,Vear,Female,evear16@yelp.com,987 229 2738
Tarrance,Biddlestone,Male,tbiddlestone17@google.fr,868 363 0697
Josefina,Angell,Female,jangell18@woothemes.com,208 339 2078
Elton,Brewerton,Male,ebrewerton19@de.vu,400 274 9952
Elsey,Nazair,Female,enazair1a@slate.com,610 610 1188
Erl,Garrad,Male,egarrad1b@wsj.com,640 842 3523
Janene,Josefowicz,Female,jjosefowicz1c@weibo.com,653 438 2329
Allie,Ramey,Male,aramey1d@apache.org,266 419 9617
Maria,McGuirk,Non-binary,mmcguirk1e@mapy.cz,674 570 7274
Justina,Circuitt,Female,jcircuitt1f@diigo.com,509 526 7477
Merry,Cartman,Genderfluid,mcartman1g@paginegialle.it,376 984 6360
Denyse,Piborn,Female,dpiborn1h@techcrunch.com,755 261 5182
Alyss,Lincke,Genderqueer,alincke1i@msu.edu,526 810 6261
Terese,Cords,Polygender,tcords1j@soundcloud.com,614 211 3602
Taite,Soggee,Male,tsoggee1k@wordpress.org,454 639 4807
Heall,Blowne,Male,hblowne1l@soundcloud.com,186 439 7901
Ramona,Cumpsty,Female,rcumpsty1m@comcast.net,207 557 2804
Devora,Faulconbridge,Female,dfaulconbridge1n@japanpost.jp,974 635 9407
Lynnelle,Waghorn,Female,lwaghorn1o@ftc.gov,833 339 3994
Jozef,Minshull,Male,jminshull1p@friendfeed.com,593 624 6328
Kerr,Dreher,Male,kdreher1q@zimbio.com,183 289 4653
Ignatius,Spondley,Male,ispondley1r@chron.com,839 976 2457
Heindrick,Darby,Male,hdarby1s@yellowpages.com,608 236 1956
Braden,Matson,Male,bmatson1t@nymag.com,405 206 5436
Evey,Mackerel,Agender,emackerel1u@blogs.com,544 546 3548
Hasty,Van Der Vlies,Genderqueer,hvandervlies1v@addthis.com,255 470 6859
Gauthier,Meece,Male,gmeece1w@msu.edu,427 386 7626
Garek,Follett,Male,gfollett1x@usnews.com,953 737 1563
Elene,Paulino,Female,epaulino1y@cafepress.com,109 182 3011
Brandy,Clift,Male,bclift1z@ted.com,544 988 4182
Dionisio,Crosher,Male,dcrosher20@cdbaby.com,768 314 0406
Yard,Simner,Male,ysimner21@altervista.org,853 972 9815
Marlowe,Tetley,Agender,mtetley22@1688.com,672 310 9956
Rance,Sherringham,Male,rsherringham23@adobe.com,616 468 5540
Alejoa,Clace,Agender,aclace24@cloudflare.com,492 232 6212
Thorin,McKellar,Male,tmckellar25@dailymail.co.uk,734 431 0572
Philly,Girardey,Female,pgirardey26@answers.com,764 999 5965
Torrey,Birney,Male,tbirney27@dagondesign.com,162 276 3536
Christen,Mateja,Female,cmateja28@hostgator.com,569 976 5688
Clayborn,Fawcitt,Male,cfawcitt29@cam.ac.uk,777 922 5810
Greg,Exall,Male,gexall2a@theguardian.com,110 119 8362
Janelle,Davitti,Female,jdavitti2b@google.it,817 235 6004
Fonzie,Murkitt,Male,fmurkitt2c@apple.com,535 316 5118
Graehme,Furlonge,Genderqueer,gfurlonge2d@devhub.com,335 198 6842
Wade,Exrol,Male,wexrol2e@angelfire.com,709 199 3887
Fairfax,Dumbleton,Male,fdumbleton2f@de.vu,347 168 1335
Darrel,Gorring,Male,dgorring2g@ebay.com,132 322 9259
Moe,Lippard,Male,mlippard2h@narod.ru,171 698 0783
Hatty,Santino,Female,hsantino2i@surveymonkey.com,212 569 0179
Cahra,Earland,Female,cearland2j@barnesandnoble.com,903 626 1999
Mignon,Autrie,Female,mautrie2k@state.tx.us,417 154 7419
Cesar,Bartell,Male,cbartell2l@wikia.com,937 687 3840
Town,MacKeeg,Male,tmackeeg2m@etsy.com,336 726 4389
Emile,Fraanchyonok,Male,efraanchyonok2n@blogspot.com,657 162 1572
Ancell,Gludor,Male,agludor2o@mayoclinic.com,644 619 6710
Agnesse,D'Ambrogi,Female,adambrogi2p@bing.com,857 396 4026
Happy,Wickenden,Female,hwickenden2q@hugedomains.com,337 896 1110
Fran,Persence,Female,fpersence2r@ft.com,837 296 4154
Donaugh,Blowne,Polygender,dblowne2s@sbwire.com,166 412 1674
Engracia,Haws,Female,ehaws2t@google.it,340 885 7981
Lamar,Dwyr,Male,ldwyr2u@ucoz.com,802 233 3809
Cirstoforo,Birkhead,Male,cbirkhead2v@cafepress.com,929 601 6745
Sherlock,Cud,Male,scud2w@lulu.com,485 383 7108
Geordie,Briamo,Male,gbriamo2x@amazon.de,701 733 5334
Colleen,Johansson,Female,cjohansson2y@homestead.com,479 240 5334
Beauregard,Padell,Male,bpadell2z@wikia.com,679 478 7825
Donavon,Gimenez,Non-binary,dgimenez30@scientificamerican.com,180 993 5629
Leland,Cromly,Female,lcromly31@mozilla.org,954 655 0255
Persis,Thirlwall,Female,pthirlwall32@theglobeandmail.com,389 783 9243
Janene,Mussotti,Female,jmussotti33@nymag.com,231 557 2892
Melodee,Tonkes,Female,mtonkes34@scribd.com,273 232 2123
Eda,Kleewein,Female,ekleewein35@foxnews.com,131 297 0384
Claudine,Antrag,Female,cantrag36@stanford.edu,581 887 6761
Audi,Keeping,Female,akeeping37@live.com,550 500 2964
Delmor,Hungerford,Male,dhungerford38@digg.com,775 308 9525
Sullivan,MacClure,Male,smacclure39@slashdot.org,546 622 4840
Horst,Glidden,Male,hglidden3a@time.com,116 489 5450
Alexandra,Kliche,Female,akliche3b@people.com.cn,126 988 5750
Merridie,Cowser,Genderqueer,mcowser3c@ca.gov,303 502 3561
Fredric,Watford,Polygender,fwatford3d@icq.com,961 724 0387
Nial,Fewell,Male,nfewell3e@wunderground.com,959 193 1821
Gran,Aves,Male,gaves3f@instagram.com,597 620 5669
Jewel,Macauley,Genderfluid,jmacauley3g@1688.com,105 410 9009
Lonna,Najara,Female,lnajara3h@bbb.org,248 726 1132
Culley,Lippard,Agender,clippard3i@ezinearticles.com,238 634 4574
Jodi,Trenholm,Female,jtrenholm3j@altervista.org,580 646 4190
Bethanne,Omond,Female,bomond3k@mozilla.org,918 892 4787
Burr,Iacobo,Male,biacobo3l@twitpic.com,633 349 4636
Carlynne,Bottrell,Female,cbottrell3m@ox.ac.uk,824 130 2793
Byrom,Hubbocks,Male,bhubbocks3n@gizmodo.com,156 804 3719
Welbie,Paradis,Male,wparadis3o@abc.net.au,356 453 6748
Lowell,Hadgraft,Male,lhadgraft3p@blogger.com,473 446 5442
Gabriello,Amy,Male,gamy3q@is.gd,918 621 5741
Max,Blackall,Female,mblackall3r@dailymotion.com,898 449 3112
Garvy,Patton,Male,gpatton3s@discuz.net,732 693 5122
Arlinda,Instrell,Genderqueer,ainstrell3t@indiatimes.com,585 428 2490
Chandal,Lobe,Female,clobe3u@opensource.org,474 792 3125
Ruthy,Garrud,Female,rgarrud3v@bandcamp.com,189 165 8140
Junina,Rangall,Bigender,jrangall3w@php.net,243 359 5549
Orly,Davidge,Female,odavidge3x@ft.com,842 436 9909
Lou,Worg,Female,lworg3y@jimdo.com,808 119 4562
Nata,Mancktelow,Female,nmancktelow3z@tamu.edu,289 987 4033
Ardenia,Sherwin,Female,asherwin40@aboutads.info,954 295 1052
Reuven,Rose,Male,rrose41@vk.com,192 679 8379
Cristabel,Lusk,Female,clusk42@pcworld.com,795 279 8651
Koenraad,Loder,Male,kloder43@amazon.de,940 464 1513
Tab,Sinclair,Male,tsinclair44@wufoo.com,936 725 9750
Maisey,Tidbold,Female,mtidbold45@wikimedia.org,578 697 1568
Cairistiona,Minnis,Female,cminnis46@google.de,856 480 6826
Emili,Fahey,Genderfluid,efahey47@guardian.co.uk,498 856 0329
Iver,Elan,Male,ielan48@mapquest.com,983 578 9937
Radcliffe,Gartin,Male,rgartin49@boston.com,261 302 4217
William,Bugden,Male,wbugden4a@google.ca,242 690 8788
Matelda,Crippes,Genderfluid,mcrippes4b@jigsy.com,629 618 1099
Jermayne,Mattacks,Male,jmattacks4c@blogger.com,636 507 5357
Kelley,Seager,Male,kseager4d@about.me,428 992 5346
Homere,Dalman,Male,hdalman4e@parallels.com,820 163 4907
Wang,McCray,Male,wmccray4f@diigo.com,672 608 1954
Matti,Fettiplace,Female,mfettiplace4g@utexas.edu,136 714 6725
Elinor,Faulo,Female,efaulo4h@ucsd.edu,421 566 9543
Marcelle,Heathfield,Female,mheathfield4i@bloglovin.com,900 594 6600
Wolf,Vakhrushev,Male,wvakhrushev4j@home.pl,381 695 4296
Leonanie,Marco,Female,lmarco4k@joomla.org,354 162 6920
Alfredo,Parmby,Male,aparmby4l@addtoany.com,996 765 9260
Boony,Howkins,Non-binary,bhowkins4m@techcrunch.com,178 747 7053
Maible,Roser,Female,mroser4n@exblog.jp,664 612 9114
Neysa,Beaford,Female,nbeaford4o@nyu.edu,400 657 0692
Christos,Fricke,Non-binary,cfricke4p@soundcloud.com,580 652 6849
Alys,McAughtrie,Female,amcaughtrie4q@blog.com,271 311 5878
Amii,Saberton,Female,asaberton4r@nature.com,354 200 1607
Lorelle,Bruineman,Female,lbruineman4s@sourceforge.net,614 261 6111
Granger,Motte,Male,gmotte4t@princeton.edu,258 619 8162
Field,Dilke,Male,fdilke4u@pbs.org,937 374 9717
Armin,Penkethman,Male,apenkethman4v@house.gov,544 555 7971
Stevana,Wabersinke,Female,swabersinke4w@yahoo.co.jp,736 683 1598
Waverley,Allard,Male,wallard4x@soup.io,586 308 4715
Bartholomew,Norwell,Male,bnorwell4y@fda.gov,220 246 5657
Gloriana,Swindlehurst,Female,gswindlehurst4z@dagondesign.com,399 338 6408
Portie,Ivushkin,Male,pivushkin50@hhs.gov,684 943 6123
Melinde,Mercik,Female,mmercik51@marketwatch.com,742 339 3149
Row,Thorneloe,Female,rthorneloe52@blogspot.com,514 848 8648
Katherina,Gitting,Polygender,kgitting53@japanpost.jp,392 339 6528
Padget,Nevill,Male,pnevill54@oakley.com,584 315 2209
Hernando,Gutowski,Male,hgutowski55@yellowpages.com,801 598 5700
Augustin,Baptist,Male,abaptist56@networkadvertising.org,956 658 5252
Lib,Splevin,Female,lsplevin57@cloudflare.com,237 455 3985
Bartlet,Carletto,Genderfluid,bcarletto58@foxnews.com,479 289 5992
Fee,Kubacek,Male,fkubacek59@jiathis.com,316 801 6796
Thorvald,Boreham,Agender,tboreham5a@naver.com,743 965 1755
Waring,Rockingham,Male,wrockingham5b@prnewswire.com,673 962 3387
Angeline,Grindell,Bigender,agrindell5c@wikipedia.org,299 743 3816
Marietta,Hilley,Female,mhilley5d@technorati.com,104 790 8751
Marna,Dachey,Female,mdachey5e@domainmarket.com,563 346 9618
Merill,De la croix,Male,mdelacroix5f@businesswire.com,827 561 0894
Maxwell,Quodling,Male,mquodling5g@unicef.org,477 870 5777
Charley,Baldacco,Male,cbaldacco5h@pcworld.com,710 190 5949
Ulrikaumeko,Cayle,Female,ucayle5i@illinois.edu,189 165 2186
Britni,Courage,Female,bcourage5j@foxnews.com,411 895 5851
Leonora,Tuckett,Female,ltuckett5k@nyu.edu,126 836 3025
Ganny,Cobbold,Male,gcobbold5l@etsy.com,546 909 9773
Pete,Skyrm,Male,pskyrm5m@hibu.com,968 864 2007
Reidar,Lailey,Male,rlailey5n@ted.com,814 687 0530
Patsy,Upchurch,Female,pupchurch5o@tinyurl.com,490 449 0249
Urbanus,Rainsbury,Male,urainsbury5p@google.de,194 100 0540
Ansley,Sambiedge,Female,asambiedge5q@foxnews.com,903 170 1395
Abe,Greenhalgh,Male,agreenhalgh5r@blog.com,326 589 6606
Ahmed,Kidner,Male,akidner5s@tiny.cc,992 550 8392
Lucita,MacGillicuddy,Female,lmacgillicuddy5t@imageshack.us,564 100 4340
Drusilla,Tommasuzzi,Agender,dtommasuzzi5u@amazon.com,753 820 1527
Rosalynd,Jurzyk,Female,rjurzyk5v@ftc.gov,553 142 2929
Alia,Gerold,Female,agerold5w@google.es,766 318 4008
Elmore,Harlick,Male,eharlick5x@patch.com,673 653 8110
Florrie,Lloyds,Female,flloyds5y@technorati.com,612 481 6536
Price,Krochmann,Male,pkrochmann5z@discovery.com,332 121 8347
Shelley,Hosby,Female,shosby60@china.com.cn,752 507 4423
Jessey,Avesque,Male,javesque61@ifeng.com,568 846 7905
Arvin,Osgordby,Male,aosgordby62@deviantart.com,160 831 4872
Freda,Sweedland,Female,fsweedland63@mozilla.org,611 305 7257
Ric,Sturt,Male,rsturt64@cocolog-nifty.com,633 285 8778
Si,Punch,Male,spunch65@ihg.com,614 721 8118
Skell,Henkmann,Male,shenkmann66@disqus.com,101 961 0380
Adrian,Newnham,Male,anewnham67@altervista.org,655 134 7465
Billye,Blanning,Female,bblanning68@vistaprint.com,683 539 8184
Lizzy,Dulanty,Female,ldulanty69@tuttocitta.it,233 756 2108
Gwenni,Charlet,Female,gcharlet6a@163.com,392 226 4613
Moise,Stelljes,Male,mstelljes6b@acquirethisname.com,127 801 6921
Bink,Robinette,Male,brobinette6c@wordpress.org,526 694 7258
Loise,Mattersey,Female,lmattersey6d@marriott.com,861 631 8051
Bride,Haseley,Female,bhaseley6e@jugem.jp,959 191 8328
Corey,Gillopp,Male,cgillopp6f@51.la,944 296 3592
Lyndsay,Burkin,Female,lburkin6g@earthlink.net,102 751 3875
Reina,Gilding,Female,rgilding6h@wordpress.com,468 839 5954
Lisabeth,Coggon,Female,lcoggon6i@phpbb.com,393 916 1622
Sergei,Duffer,Male,sduffer6j@cocolog-nifty.com,518 901 0034
Fernando,Brown,Male,fbrown6k@hp.com,456 916 1385
Eugenio,Sleith,Male,esleith6l@desdev.cn,635 324 4988
Oswell,Posnette,Male,oposnette6m@usa.gov,764 746 4214
Lillian,Rillett,Female,lrillett6n@ibm.com,884 383 9169
Meghan,Izakson,Female,mizakson6o@smh.com.au,967 525 8625
Ky,Robens,Male,krobens6p@wiley.com,364 101 6471
Angie,Walter,Male,awalter6q@bravesites.com,494 566 8086
Bamby,Siggers,Female,bsiggers6r@unesco.org,634 920 4308
Skipp,Mc Carrick,Male,smccarrick6s@house.gov,211 179 1127
Antonin,Rosenstein,Male,arosenstein6t@who.int,714 456 4831
Nora,Bilbey,Female,nbilbey6u@ft.com,543 555 4503
Elwin,Vuitton,Male,evuitton6v@state.gov,376 383 6658
Abel,Rawood,Male,arawood6w@about.me,208 964 4282
Shamus,Byford,Male,sbyford6x@youku.com,760 332 5277
Daile,Davidovicz,Female,ddavidovicz6y@google.pl,633 745 8094
Caitrin,Mully,Female,cmully6z@salon.com,438 172 4987
Caron,Woltering,Female,cwoltering70@hao123.com,980 257 4222
Thoma,Carlesso,Male,tcarlesso71@ifeng.com,339 718 7247
Falkner,Petofi,Male,fpetofi72@cam.ac.uk,737 285 4613
Timofei,Swann,Male,tswann73@bloglovin.com,346 530 5789
Chanda,Heilds,Female,cheilds74@microsoft.com,611 764 1010
Giffie,Palatino,Male,gpalatino75@sogou.com,258 305 3665
Bondy,Burrus,Male,bburrus76@etsy.com,587 831 0220
Adella,Benoist,Female,abenoist77@dropbox.com,525 232 5858
Larissa,Falco,Female,lfalco78@cocolog-nifty.com,238 317 2262
Tierney,Hugnet,Polygender,thugnet79@who.int,567 635 3988
Antin,Craze,Male,acraze7a@apache.org,728 773 6685
Gram,Kentish,Male,gkentish7b@biblegateway.com,898 259 3210
Karlotta,Trafford,Female,ktrafford7c@uol.com.br,477 520 9093
Maurice,Domange,Male,mdomange7d@google.es,542 182 0774
Garrett,Harverson,Male,gharverson7e@virginia.edu,990 459 4971
Sidonnie,Dundredge,Female,sdundredge7f@trellian.com,817 559 6111
Leif,Lamberton,Male,llamberton7g@time.com,931 663 0932
Antonino,Curd,Male,acurd7h@springer.com,334 687 3187
Paulie,Woodbridge,Female,pwoodbridge7i@tumblr.com,592 883 1416
Mendie,Hibbart,Male,mhibbart7j@bloglovin.com,594 997 8095
Shalne,Commins,Female,scommins7k@sfgate.com,254 802 5220
Pierre,Laborda,Male,plaborda7l@canalblog.com,587 917 0019
Arman,De'Ath,Male,adeath7m@naver.com,604 665 6880
Gwyn,Krzyzaniak,Female,gkrzyzaniak7n@jigsy.com,117 653 6228
Waverley,Copestick,Male,wcopestick7o@topsy.com,372 232 1212
Salmon,Coy,Male,scoy7p@youtube.com,212 501 9562
Claudianus,Parmeter,Male,cparmeter7q@wsj.com,774 756 7617
Daune,Jumonet,Female,djumonet7r@berkeley.edu,434 675 5286
Chas,Emons,Male,cemons7s@twitter.com,734 847 3151
Zachery,Crame,Male,zcrame7t@nydailynews.com,691 585 7479
Kean,Leipnik,Male,kleipnik7u@google.co.jp,214 811 7338
Brigham,Streight,Male,bstreight7v@soundcloud.com,532 755 3031
Lew,Lawtey,Male,llawtey7w@cpanel.net,178 432 6131
Aaron,Tyzack,Male,atyzack7x@fotki.com,466 758 2245
Clementius,MacComiskey,Male,cmaccomiskey7y@comsenz.com,924 135 9066
Winny,Mc-Kerley,Female,wmckerley7z@nature.com,416 612 2688
Nikita,Faherty,Male,nfaherty80@blogtalkradio.com,857 245 9635
Lyda,Semiras,Female,lsemiras81@google.de,570 751 9848
Albie,Larkin,Male,alarkin82@quantcast.com,731 732 4080
Karlis,Skells,Male,kskells83@businessinsider.com,437 135 7508
Rickert,Stockey,Male,rstockey84@trellian.com,454 678 7862
Sampson,Wooding,Genderqueer,swooding85@nytimes.com,218 854 2053
Javier,Cumine,Male,jcumine86@amazonaws.com,356 741 6649
Gage,Elvy,Genderfluid,gelvy87@phpbb.com,551 547 1593
Perle,Ellul,Female,pellul88@bloglines.com,108 680 0087
Nevile,Marklow,Male,nmarklow89@youtube.com,282 847 2616
Arluene,Baggarley,Female,abaggarley8a@china.com.cn,768 585 4816
Demetre,Coster,Male,dcoster8b@scientificamerican.com,438 460 2449
Corri,Chupin,Female,cchupin8c@sun.com,200 687 0549
Richy,Sheering,Male,rsheering8d@shop-pro.jp,878 642 2879
Rubie,Taggert,Female,rtaggert8e@cnbc.com,396 955 4937
Lianne,Armitage,Agender,larmitage8f@is.gd,466 528 0682
Rose,Vogt,Female,rvogt8g@europa.eu,305 351 9041
Beth,Choudhury,Female,bchoudhury8h@unc.edu,860 842 0271
Marie,Finneran,Female,mfinneran8i@cnn.com,755 111 1467
Stavro,McRae,Male,smcrae8j@blog.com,635 645 1067
Cristina,Headrick,Female,cheadrick8k@foxnews.com,104 917 1042
Nial,Trahair,Male,ntrahair8l@independent.co.uk,717 204 6720
Henry,Reily,Male,hreily8m@senate.gov,769 160 0224
Kimmi,Renzini,Female,krenzini8n@census.gov,715 798 7096
Channa,Giercke,Female,cgiercke8o@goo.gl,326 172 5214
Giuditta,Gillease,Female,ggillease8p@hc360.com,381 118 4904
Binnie,MacAfee,Female,bmacafee8q@arizona.edu,754 710 1150
Dorie,Beenham,Female,dbeenham8r@t-online.de,147 135 3426
Merl,Stentiford,Female,mstentiford8s@deviantart.com,628 342 1556
Zerk,Braid,Male,zbraid8t@ucoz.ru,955 564 7629
Dewain,Frigout,Male,dfrigout8u@wired.com,447 501 1401
Jdavie,Hollindale,Male,jhollindale8v@xrea.com,121 455 6822
Shelbi,Pennino,Female,spennino8w@blogger.com,138 537 0023
Emile,Guare,Male,eguare8x@dyndns.org,756 720 7759
Alric,Gilham,Male,agilham8y@yahoo.com,413 836 6938
Horton,Cahill,Male,hcahill8z@4shared.com,109 528 1231
Dyanne,Hughes,Female,dhughes90@latimes.com,561 603 3437
Dom,Leathwood,Genderqueer,dleathwood91@shareasale.com,946 885 4937
Silvio,Boles,Bigender,sboles92@youku.com,971 795 1158
Andrew,Vaux,Male,avaux93@cnn.com,682 243 1255
Rici,Tisor,Female,rtisor94@mail.ru,460 790 2380
Pete,Duckit,Male,pduckit95@seesaa.net,860 254 4970
Marget,Artingstall,Female,martingstall96@addthis.com,562 775 8260
Ambur,Eastment,Female,aeastment97@mit.edu,925 567 3120
Suzy,Tombleson,Genderqueer,stombleson98@reuters.com,963 396 1537
Felicle,Lawry,Female,flawry99@microsoft.com,775 479 6828
Elsbeth,Rappoport,Female,erappoport9a@eepurl.com,709 263 8917
Cherye,Hutley,Female,chutley9b@gmpg.org,522 841 6161
Andrej,Stigger,Male,astigger9c@berkeley.edu,959 257 8553
Tracie,Rubenov,Genderqueer,trubenov9d@imgur.com,280 906 0534
Seth,Fritz,Agender,sfritz9e@hc360.com,156 559 8443
Rodger,Blissett,Male,rblissett9f@imageshack.us,628 958 5341
Patsy,Mocquer,Female,pmocquer9g@opensource.org,901 445 4123
Way,Piele,Male,wpiele9h@narod.ru,390 118 9941
Roland,Fraulo,Male,rfraulo9i@unc.edu,173 325 7366
Elihu,Earle,Male,eearle9j@go.com,562 655 0931
Brena,Hebble,Female,bhebble9k@soup.io,159 117 8251
Jaye,Barnaclough,Male,jbarnaclough9l@webmd.com,549 767 3940
Arther,Oxherd,Male,aoxherd9m@quantcast.com,206 356 5936
Lizzie,Atkinson,Female,latkinson9n@theglobeandmail.com,109 522 7457
Trip,Skentelbery,Male,tskentelbery9o@ameblo.jp,677 138 5774
Milzie,Alam,Female,malam9p@typepad.com,717 735 2266
Onida,Caseri,Female,ocaseri9q@gmpg.org,909 471 1461
Corabella,Pinnegar,Female,cpinnegar9r@cdc.gov,123 554 4236
Franzen,Karlolczak,Male,fkarlolczak9s@furl.net,998 234 6197
Ranique,Banaszkiewicz,Agender,rbanaszkiewicz9t@fc2.com,491 201 5274
Randi,Woofenden,Female,rwoofenden9u@youtu.be,978 882 9158
Harley,Toal,Female,htoal9v@msn.com,425 134 3540
Corbett,Capsey,Male,ccapsey9w@spiegel.de,586 352 2081
Ermin,Rhule,Male,erhule9x@etsy.com,639 891 3305
Anjanette,Uebel,Female,auebel9y@bravesites.com,557 234 6921
Sergeant,Bassford,Male,sbassford9z@nsw.gov.au,413 214 0924
Gerrard,Van der Kruys,Male,gvanderkruysa0@forbes.com,515 612 0567
Nels,Reckus,Male,nreckusa1@nbcnews.com,172 515 4335
Orion,Iddiens,Genderqueer,oiddiensa2@phpbb.com,528 346 0032
Amargo,Broadbent,Female,abroadbenta3@disqus.com,724 554 7116
Issi,Mersey,Female,imerseya4@berkeley.edu,179 117 8596
Eachelle,Vondracek,Female,evondraceka5@163.com,206 625 6266
Farlee,Kyttor,Male,fkyttora6@naver.com,323 339 4512
Adolph,Dallow,Male,adallowa7@hugedomains.com,732 564 1198
Fanni,Thoms,Female,fthomsa8@wp.com,640 619 3805
Bobinette,Tobias,Female,btobiasa9@nbcnews.com,978 360 3749
Lindy,Twyford,Male,ltwyfordaa@tiny.cc,477 277 4638
Rowena,Van Eeden,Female,rvaneedenab@businessinsider.com,308 728 7203
Isak,Croucher,Male,icroucherac@dropbox.com,250 945 1828
Dwayne,Barnardo,Male,dbarnardoad@tripod.com,157 907 7139
Hali,Turfrey,Female,hturfreyae@zimbio.com,821 890 1429
Carie,De Wolfe,Female,cdewolfeaf@reddit.com,944 752 8939
Aliza,Benwell,Female,abenwellag@blogs.com,728 113 1262
Demetris,Semrad,Agender,dsemradah@feedburner.com,710 735 5253
Burgess,Origin,Male,boriginai@lulu.com,133 995 0786
Benedikt,Di Domenico,Male,bdidomenicoaj@umich.edu,563 863 7416
Eugen,Gurnee,Male,egurneeak@reuters.com,353 745 0431
Sheela,Oven,Genderqueer,sovenal@tripadvisor.com,722 246 4293
Marthena,Pepis,Female,mpepisam@diigo.com,521 657 5882
Corny,Stutely,Male,cstutelyan@oracle.com,900 750 1425
Kristen,Barenskie,Female,kbarenskieao@dot.gov,163 673 6302
Jermaine,Larner,Female,jlarnerap@dmoz.org,133 128 3965
Cristian,Seymer,Male,cseymeraq@statcounter.com,487 430 8249
Jacki,Hail,Female,jhailar@list-manage.com,567 369 6333
Nariko,Pierton,Female,npiertonas@purevolume.com,297 697 7351
Duky,Goley,Male,dgoleyat@walmart.com,221 313 5193
Benjy,Dashkov,Male,bdashkovau@techcrunch.com,531 686 5744
Arielle,Howatt,Agender,ahowattav@noaa.gov,595 309 7841
Gwennie,Guiduzzi,Female,gguiduzziaw@barnesandnoble.com,145 624 2107
Emmett,Slade,Male,esladeax@newyorker.com,207 105 2374
Thomas,Steade,Male,tsteadeay@newyorker.com,662 438 3396
Camile,Driffield,Female,cdriffieldaz@123-reg.co.uk,606 602 1230
Spence,Fery,Male,sferyb0@sohu.com,449 479 5095
Wynn,Willatts,Bigender,wwillattsb1@abc.net.au,413 278 2915
Jacenta,Zappel,Female,jzappelb2@sfgate.com,648 816 5698
Alys,Allanson,Female,aallansonb3@behance.net,202 369 3581
Pearle,Buten,Female,pbutenb4@pbs.org,279 466 6197
Em,Matyushonok,Genderqueer,ematyushonokb5@berkeley.edu,569 409 8798
Crista,Benitez,Female,cbenitezb6@umich.edu,952 350 8843
Orrin,Klug,Male,oklugb7@t-online.de,142 663 1626
Cortie,Slade,Male,csladeb8@icio.us,453 491 2292
Templeton,Saltwell,Male,tsaltwellb9@topsy.com,328 468 8060
Sheridan,Sharples,Male,ssharplesba@tiny.cc,546 777 4150
Adler,Dand,Male,adandbb@yellowbook.com,391 630 6911
Margi,Whimpenny,Female,mwhimpennybc@wikia.com,436 691 1443
Nancey,O'Lynn,Female,nolynnbd@barnesandnoble.com,915 722 3190
Marianne,Tidbold,Female,mtidboldbe@mlb.com,945 912 5669
Auguste,Wasling,Female,awaslingbf@macromedia.com,152 700 8450
Nollie,Huglin,Male,nhuglinbg@nih.gov,464 861 6706
Sterling,Dax,Male,sdaxbh@apple.com,248 739 1329
Gussi,Sidwick,Female,gsidwickbi@blinklist.com,712 838 3836
Charla,Melior,Female,cmeliorbj@wikimedia.org,373 268 3404
Kikelia,Headland,Genderfluid,kheadlandbk@sina.com.cn,866 963 5498
Ewart,Stephens,Male,estephensbl@cam.ac.uk,905 484 6134
Josiah,Ternouth,Bigender,jternouthbm@mozilla.org,396 203 3882
Kamila,Huston,Female,khustonbn@opensource.org,555 901 7875
Henka,ffrench Beytagh,Female,hffrenchbeytaghbo@clickbank.net,454 264 2873
Michaeline,Hampshaw,Female,mhampshawbp@who.int,100 608 8158
Berni,Dilawey,Female,bdilaweybq@skyrock.com,754 319 3255
Henrietta,Igonet,Female,higonetbr@hp.com,693 805 7181
Wally,Jeavons,Male,wjeavonsbs@simplemachines.org,421 773 4694
Correna,Bonwick,Female,cbonwickbt@ameblo.jp,863 192 4380
Burr,Wanka,Male,bwankabu@purevolume.com,396 187 5504
Mikael,Jiracek,Male,mjiracekbv@bluehost.com,340 571 9206
Conni,Chitter,Female,cchitterbw@ca.gov,708 263 3690
Billy,Deinhardt,Non-binary,bdeinhardtbx@angelfire.com,197 628 8743
Leonard,Marklow,Male,lmarklowby@elegantthemes.com,692 438 7333
Naomi,Parramore,Female,nparramorebz@hc360.com,716 662 4355
Monro,Peebles,Male,mpeeblesc0@cnn.com,363 359 1094
Tull,Joincey,Male,tjoinceyc1@hubpages.com,230 426 5805
Abramo,Sibbit,Male,asibbitc2@wufoo.com,514 642 2363
Zach,Gartin,Male,zgartinc3@yahoo.com,207 523 7333
Ernesta,Ruddin,Female,eruddinc4@nba.com,472 275 7871
Winslow,Bartrop,Male,wbartropc5@washingtonpost.com,791 725 3616
Joceline,Rassmann,Female,jrassmannc6@google.ca,933 750 8203
Bethina,Bennallck,Female,bbennallckc7@vkontakte.ru,154 591 0931
Hallie,Phripp,Female,hphrippc8@360.cn,900 111 8533
Leonardo,Hariot,Male,lhariotc9@wordpress.com,703 928 1664
Georges,Caskey,Male,gcaskeyca@ehow.com,195 818 4846
Dana,Congdon,Male,dcongdoncb@booking.com,371 665 7962
Stavro,Kettlestringe,Male,skettlestringecc@si.edu,781 588 6303
Garner,Tippell,Male,gtippellcd@nih.gov,862 320 0478
Bowie,Ison,Male,bisonce@ovh.net,976 114 7633
Forster,Blodg,Male,fblodgcf@mediafire.com,300 697 5255
Vitia,Broggini,Female,vbrogginicg@uiuc.edu,139 317 1198
Arlyne,Brookhouse,Female,abrookhousech@bloglovin.com,119 550 9478
Billy,Danit,Female,bdanitci@1688.com,854 530 6188
Nelie,Abbyss,Bigender,nabbysscj@archive.org,667 208 2939
Jackquelin,Pendrich,Female,jpendrichck@jigsy.com,208 307 4876
Bran,Albasiny,Male,balbasinycl@zimbio.com,676 858 6152
Arlin,Roswarn,Male,aroswarncm@google.nl,563 461 6144
Timmi,Cheasman,Female,tcheasmancn@topsy.com,341 718 8497
Alexandro,Fardo,Male,afardoco@twitpic.com,936 773 4640
Francis,Gofton,Male,fgoftoncp@vistaprint.com,651 651 9591
Ursa,Jacobs,Female,ujacobscq@google.nl,883 894 6780
Delcine,Bissell,Female,dbissellcr@wikimedia.org,486 216 8101
Wheeler,Paull,Male,wpaullcs@thetimes.co.uk,594 487 6087
Jermain,Poter,Male,jpoterct@taobao.com,183 159 4659
Jocelyne,Poynzer,Female,jpoynzercu@delicious.com,638 999 1680
Gerta,Wyd,Polygender,gwydcv@ycombinator.com,496 561 5488
Rich,McLernon,Male,rmclernoncw@elpais.com,308 681 7041
Dena,Kirrens,Female,dkirrenscx@blogs.com,195 222 0552
Willamina,Swalough,Female,wswaloughcy@acquirethisname.com,107 292 6894
Kerstin,Perle,Female,kperlecz@ask.com,936 258 2596
Rosaline,McBain,Female,rmcbaind0@hostgator.com,145 729 8003
Avram,Coghlan,Male,acoghland1@com.com,368 766 7687
Karyn,Sarton,Female,ksartond2@google.cn,954 382 8885
Bartolomeo,Bernardinelli,Male,bbernardinellid3@tinypic.com,227 383 5047
Feodora,Traviss,Female,ftravissd4@cbsnews.com,506 709 4708
Lori,Popham,Female,lpophamd5@vinaora.com,973 698 2782
Kinsley,Dimbleby,Male,kdimblebyd6@barnesandnoble.com,348 571 3929
Ardys,Martland,Female,amartlandd7@mayoclinic.com,114 473 9354
Garik,Lohoar,Male,glohoard8@unc.edu,777 974 3133
Alaric,Sidebotham,Male,asidebothamd9@addthis.com,863 649 8719
Haleigh,Smaleman,Male,hsmalemanda@sun.com,951 258 5258
Conrado,Mansell,Genderfluid,cmanselldb@ihg.com,450 120 5574
Marja,Townby,Female,mtownbydc@odnoklassniki.ru,855 800 3240
Ricardo,Kepling,Male,rkeplingdd@state.tx.us,757 589 0955
Gwenni,Semon,Female,gsemonde@linkedin.com,265 973 9400
Hale,Zuenelli,Male,hzuenellidf@chronoengine.com,462 373 1079
Casey,Gulliver,Female,cgulliverdg@oaic.gov.au,207 937 4304
Susanne,Westney,Female,swestneydh@topsy.com,980 542 7861
Guenevere,oldey,Female,goldeydi@paginegialle.it,707 429 4328
Rockwell,Milland,Male,rmillanddj@arizona.edu,299 484 6537
Rab,Trelease,Male,rtreleasedk@bbb.org,880 834 0698
Brittani,Phettis,Female,bphettisdl@youtube.com,177 354 0589
Erny,Harmond,Male,eharmonddm@hp.com,291 206 9840
Davida,Derges,Bigender,ddergesdn@furl.net,628 563 4199
Pacorro,Albury,Non-binary,palburydo@arizona.edu,383 962 2557
Conrado,Caven,Male,ccavendp@blog.com,510 897 7543
Cary,Bjorkan,Female,cbjorkandq@bravesites.com,430 468 4195
Marshal,McGlone,Male,mmcglonedr@alexa.com,587 782 8248
Dode,Brunotti,Female,dbrunottids@a8.net,696 534 7874
Elaine,Drinnan,Female,edrinnandt@simplemachines.org,338 858 1367
Roi,Lanceley,Male,rlanceleydu@nih.gov,756 456 8824
Tiffani,Thorndycraft,Female,tthorndycraftdv@army.mil,699 872 6376
Corabel,Cretney,Female,ccretneydw@cbsnews.com,735 834 4477
Nap,Fazan,Agender,nfazandx@toplist.cz,463 437 1103
Sandor,Dearle-Palser,Male,sdearlepalserdy@devhub.com,576 975 8827
Faye,Kesby,Genderqueer,fkesbydz@t.co,498 706 0262
Joeann,Hindrich,Female,jhindriche0@abc.net.au,285 897 0780
Stern,Hannabus,Male,shannabuse1@smh.com.au,679 823 4684
Annmarie,Ghirigori,Female,aghirigorie2@paypal.com,176 907 8952
Catrina,Spurr,Polygender,cspurre3@cornell.edu,115 843 2730
Keelby,Nann,Male,knanne4@mail.ru,116 436 1157
Rianon,De Ferrari,Female,rdeferrarie5@jigsy.com,908 371 6685
Demetria,Lippitt,Bigender,dlippitte6@blogspot.com,969 282 5226
Marchelle,Itzchaky,Female,mitzchakye7@1688.com,608 157 0034
Maribeth,Muckleston,Female,mmucklestone8@tinypic.com,880 142 3221
Sheela,Tomblin,Female,stombline9@paypal.com,102 615 7097
Bordie,Torri,Male,btorriea@indiegogo.com,704 824 3960
Ezri,Voysey,Genderfluid,evoyseyeb@webmd.com,723 229 6751
Judye,Jirusek,Female,jjirusekec@berkeley.edu,694 337 3796
Odelia,Nutbeem,Female,onutbeemed@discovery.com,686 613 7763
Sofie,Perillio,Female,sperillioee@webmd.com,446 271 5436
Dudley,Bryett,Male,dbryettef@adobe.com,581 820 6121
Julie,Dreng,Female,jdrengeg@npr.org,506 113 4292
Lanny,Frye,Female,lfryeeh@desdev.cn,896 538 5088
Trudi,Frizzell,Female,tfrizzellei@cornell.edu,232 593 2383
Marlena,Panas,Female,mpanasej@tripadvisor.com,579 241 7120
Aldric,Garred,Male,agarredek@prlog.org,363 611 6948
Krystal,Haggerty,Female,khaggertyel@goo.gl,571 290 7152
Roarke,Dofty,Male,rdoftyem@usa.gov,485 142 4508
Cole,Newland,Male,cnewlanden@bloomberg.com,907 929 6440
Nestor,Thurber,Male,nthurbereo@prnewswire.com,621 768 8032
Michaelina,Erickssen,Genderqueer,merickssenep@godaddy.com,282 550 8127
Thatcher,Rosander,Male,trosandereq@japanpost.jp,706 969 9518
Hobie,Sill,Male,hsiller@unc.edu,400 300 1249
Brock,Hammerberger,Male,bhammerbergeres@storify.com,521 834 3298
Kerrill,McAster,Female,kmcasteret@vkontakte.ru,179 242 1455
Elianore,Hugill,Female,ehugilleu@bizjournals.com,575 983 6062
Edmon,Giordano,Bigender,egiordanoev@facebook.com,148 747 3606
Cam,Dunnet,Female,cdunnetew@gnu.org,644 334 9447
Alister,Menat,Male,amenatex@archive.org,770 293 9728
Egbert,Glennard,Male,eglennardey@army.mil,221 169 5627
Linn,Bille,Female,lbilleez@nymag.com,834 896 2139
Sascha,Dorcey,Male,sdorceyf0@newsvine.com,208 809 8785
Staford,Benardet,Genderqueer,sbenardetf1@discuz.net,817 345 9827
Antons,Langran,Male,alangranf2@amazon.com,623 639 6505
Barnaby,Pinare,Male,bpinaref3@nasa.gov,439 507 8677
Helena,Mateo,Female,hmateof4@ehow.com,796 643 0128
Keir,Restill,Male,krestillf5@cnbc.com,228 392 9272
Keslie,Impey,Bigender,kimpeyf6@typepad.com,111 697 7052
Scotty,Finby,Male,sfinbyf7@paginegialle.it,960 661 8798
Adelbert,Monger,Male,amongerf8@va.gov,509 431 0505
Kylie,Orgill,Female,korgillf9@wired.com,571 885 1601
Wynne,Croose,Polygender,wcroosefa@discovery.com,558 286 4798
Marilyn,Collyns,Female,mcollynsfb@t.co,213 534 8511
Poul,Stalf,Male,pstalffc@blogger.com,811 683 0836
Haze,Pudsall,Male,hpudsallfd@plala.or.jp,819 233 6467
Tabbi,Toomey,Female,ttoomeyfe@paypal.com,451 853 2103
Giulio,Besnardeau,Male,gbesnardeauff@marketwatch.com,634 162 4114
Ardelia,Rickword,Female,arickwordfg@taobao.com,513 883 3411
Rheta,Gelling,Female,rgellingfh@mashable.com,684 832 2347
Irita,Gridon,Female,igridonfi@tiny.cc,639 770 5123
Fanechka,Durban,Female,fdurbanfj@dion.ne.jp,501 795 4573
Aurore,Stutely,Female,astutelyfk@economist.com,984 362 8610
Veriee,Hounihan,Female,vhounihanfl@newsvine.com,647 135 1355
Sydney,Herreran,Male,sherreranfm@unc.edu,613 961 1560
Beau,Claus,Male,bclausfn@chronoengine.com,267 162 6449
Rufus,Brann,Male,rbrannfo@nbcnews.com,906 567 9719
Olly,Willimot,Female,owillimotfp@uol.com.br,436 503 4903
Esmaria,Grayling,Female,egraylingfq@artisteer.com,943 548 8933
Jackson,Barbier,Male,jbarbierfr@java.com,113 268 3178
Travers,Flanner,Male,tflannerfs@uiuc.edu,993 568 2623
Timothee,St. Queintain,Male,tstqueintainft@go.com,963 356 6882
Kata,Burder,Female,kburderfu@forbes.com,123 502 2683
Giffer,Koppens,Male,gkoppensfv@msn.com,491 957 9073
Tommie,Copcutt,Female,tcopcuttfw@yahoo.com,198 633 5919
Cedric,Caughey,Male,ccaugheyfx@hc360.com,763 659 3546
Wood,Clem,Male,wclemfy@oracle.com,698 409 8306
Kathe,Cristofol,Female,kcristofolfz@instagram.com,691 719 6943
Virgie,Fawlks,Male,vfawlksg0@toplist.cz,578 936 9062
Enos,Jobern,Male,ejoberng1@t-online.de,518 901 1254
Richmound,Jamme,Male,rjammeg2@ucsd.edu,479 314 6659
Adolphe,Doggart,Male,adoggartg3@pbs.org,945 120 8056
Kain,Newark,Male,knewarkg4@prweb.com,807 614 4796
Kendricks,Aire,Male,kaireg5@cnbc.com,363 521 1029
Joey,Sherwyn,Male,jsherwyng6@wiley.com,251 738 7137
Clement,Treweke,Male,ctrewekeg7@oaic.gov.au,309 982 3844
Luke,Ecclestone,Male,lecclestoneg8@google.ca,623 288 5292
Faythe,Skirrow,Female,fskirrowg9@dailymotion.com,256 971 8010
Jock,Glenn,Male,jglennga@wp.com,234 966 9586
Goldie,Maass,Female,gmaassgb@samsung.com,248 450 9334
Seward,Mulran,Male,smulrangc@cnet.com,369 222 0730
Trudie,Ravenscraft,Female,travenscraftgd@imdb.com,641 985 6413
Orren,Warmisham,Male,owarmishamge@diigo.com,712 278 0226
Orran,Bratten,Male,obrattengf@topsy.com,878 467 9779
Enos,Thomsson,Male,ethomssongg@last.fm,916 113 0343
Noella,Marcum,Genderfluid,nmarcumgh@artisteer.com,539 683 8088
Miner,Goulbourn,Male,mgoulbourngi@npr.org,493 875 2729
Geraldine,Bygate,Non-binary,gbygategj@addtoany.com,369 419 6959
Washington,Ivanenkov,Male,wivanenkovgk@slate.com,429 277 4928
Karney,Swaile,Male,kswailegl@mac.com,796 611 4602
Violante,D'Ambrogi,Female,vdambrogigm@who.int,530 613 5509
Andrea,Callen,Male,acallengn@nhs.uk,503 418 4352
Editha,Garron,Female,egarrongo@washington.edu,744 386 6326
Archy,Barkess,Male,abarkessgp@baidu.com,429 937 6632
Fina,Ector,Female,fectorgq@walmart.com,706 650 0317
Ashil,Izzard,Female,aizzardgr@webnode.com,639 369 4778
Jimmy,Greenham,Male,jgreenhamgs@google.nl,650 646 8615
Jody,Heigold,Female,jheigoldgt@time.com,274 577 5900
Les,Godon,Male,lgodongu@parallels.com,162 182 7761
Lonni,Blackah,Female,lblackahgv@wordpress.org,268 874 8926
Josee,Carbett,Female,jcarbettgw@jalbum.net,538 966 8339
Buck,Pietron,Male,bpietrongx@amazonaws.com,174 116 0486
Birch,Barczynski,Male,bbarczynskigy@blogs.com,377 663 9232
Berri,Vasnetsov,Agender,bvasnetsovgz@merriam-webster.com,353 540 6474
Clement,Goulbourn,Male,cgoulbournh0@stanford.edu,640 889 5052
Moises,Grooby,Male,mgroobyh1@fastcompany.com,732 721 7884
Vaughn,Pechard,Male,vpechardh2@ow.ly,280 826 1022
Frank,Rodder,Male,frodderh3@diigo.com,586 980 7657
Star,Dobbins,Female,sdobbinsh4@hud.gov,227 874 0607
Clare,Cleiment,Female,ccleimenth5@mapquest.com,205 873 0808
Aila,Stairmond,Female,astairmondh6@epa.gov,321 253 0293
Buckie,Shaylor,Male,bshaylorh7@dailymail.co.uk,546 912 1852
Rhodia,Kobiela,Female,rkobielah8@dyndns.org,941 808 1247
Elihu,Grigolashvill,Male,egrigolashvillh9@live.com,858 726 1179
Diarmid,Masser,Bigender,dmasserha@va.gov,307 794 4981
Turner,Blackburne,Male,tblackburnehb@taobao.com,907 835 0524
Lanita,Cuncarr,Female,lcuncarrhc@prnewswire.com,757 799 8204
Tammi,Hanford,Female,thanfordhd@abc.net.au,864 638 3651
Virgil,Darby,Male,vdarbyhe@va.gov,325 182 4087
Chalmers,Kausche,Male,ckauschehf@reuters.com,872 591 8724
Fletcher,Caroline,Male,fcarolinehg@google.cn,191 578 8369
Ivory,Roggers,Female,iroggershh@trellian.com,833 893 5272
Julie,Holah,Female,jholahhi@qq.com,313 399 5226
Nicky,Duligall,Female,nduligallhj@smugmug.com,879 219 0780
Marwin,Skippon,Male,mskipponhk@wisc.edu,122 217 8638
Emelda,Farherty,Genderfluid,efarhertyhl@wix.com,516 650 5426
Hakim,Bedding,Bigender,hbeddinghm@xing.com,608 490 9681
Finley,Bloxham,Male,fbloxhamhn@youku.com,810 433 3132
Glennie,Dufour,Female,gdufourho@artisteer.com,433 909 0133
Lorene,Calf,Female,lcalfhp@themeforest.net,150 888 6820
Rollo,Holligan,Male,rholliganhq@chron.com,846 967 8446
Waylan,Odde,Male,woddehr@chron.com,326 515 6657
Adelbert,Albrighton,Male,aalbrightonhs@opensource.org,730 266 1875
Constanta,Orro,Female,corroht@amazon.de,744 688 4667
Milo,Briston,Male,mbristonhu@symantec.com,785 264 5702
Flor,Jerosch,Female,fjeroschhv@paypal.com,251 918 5014
Hali,Hapgood,Female,hhapgoodhw@artisteer.com,751 374 7112
Griffy,Fuggle,Male,gfugglehx@gmpg.org,475 994 3151
Antonella,Donne,Genderfluid,adonnehy@engadget.com,581 544 8231
Addy,Jinkin,Female,ajinkinhz@de.vu,373 371 3737
Pandora,Filinkov,Genderfluid,pfilinkovi0@mlb.com,810 212 1160
Berrie,Volk,Female,bvolki1@themeforest.net,274 563 3119
Liana,Stourton,Female,lstourtoni2@lycos.com,258 515 9164
Berne,Augur,Male,bauguri3@arstechnica.com,379 709 9568
Colman,Everington,Male,ceveringtoni4@wikimedia.org,596 161 8682
Ezri,Briscam,Male,ebriscami5@answers.com,192 333 9344
Stefano,Standbrooke,Male,sstandbrookei6@addthis.com,987 796 1512
Tod,Sipson,Non-binary,tsipsoni7@japanpost.jp,548 366 2325
Philbert,Semark,Male,psemarki8@mlb.com,919 904 2877
Max,Brunelleschi,Female,mbrunelleschii9@sciencedaily.com,752 553 3210
Stinky,Dobbinson,Male,sdobbinsonia@ycombinator.com,972 761 3499
Allegra,Ethelstone,Genderfluid,aethelstoneib@globo.com,192 931 5737
Briny,Stodart,Female,bstodartic@geocities.com,860 941 7527
Wyatan,Acarson,Male,wacarsonid@simplemachines.org,965 151 6098
Hanson,Sweatman,Male,hsweatmanie@opensource.org,299 371 7153
Felipe,Jerche,Male,fjercheif@economist.com,213 101 2655
Enrica,Ever,Female,eeverig@bbc.co.uk,805 821 5810
Zora,Beelby,Agender,zbeelbyih@csmonitor.com,247 416 2399
Ruttger,Marrow,Male,rmarrowii@gizmodo.com,424 562 1261
Yurik,Camock,Male,ycamockij@pinterest.com,415 895 4998
Trefor,Thame,Male,tthameik@gizmodo.com,611 995 6284
Arleyne,Reynoldson,Genderqueer,areynoldsonil@java.com,123 129 3480
Derward,Seth,Male,dsethim@google.it,171 872 8737
Lydon,Everson,Male,leversonin@prlog.org,957 663 1056
Ariana,Dreghorn,Genderqueer,adreghornio@nyu.edu,133 988 3260
Gibby,Casaro,Polygender,gcasaroip@alexa.com,235 735 6846
Fidela,MacGeffen,Female,fmacgeffeniq@shinystat.com,786 745 4906
Margaux,Jacobowitz,Female,mjacobowitzir@tumblr.com,166 769 0529
Odelle,Carruth,Female,ocarruthis@telegraph.co.uk,143 980 0993
Yvon,Rigmond,Bigender,yrigmondit@biglobe.ne.jp,540 247 9350
Licha,Liversidge,Female,lliversidgeiu@usgs.gov,663 527 1774
Bordie,Pedgrift,Male,bpedgriftiv@artisteer.com,989 969 2683
Wait,Chamberlen,Male,wchamberleniw@npr.org,785 962 7589
Davis,Dimic,Male,ddimicix@dailymail.co.uk,432 279 0894
Charlton,Tomasik,Male,ctomasikiy@patch.com,608 637 6265
Aprilette,Adne,Female,aadneiz@independent.co.uk,603 694 3561
Jacquelyn,Everix,Female,jeverixj0@apache.org,337 151 7324
Hagen,Coie,Male,hcoiej1@webnode.com,231 748 5253
Creigh,Disbrow,Male,cdisbrowj2@oaic.gov.au,262 573 4215
Fayth,Tomasello,Female,ftomaselloj3@salon.com,930 299 8831
Fraser,Dunthorn,Male,fdunthornj4@pinterest.com,272 539 6361
Antoine,Heeks,Male,aheeksj5@vistaprint.com,343 738 1490
Anthe,Bemment,Genderfluid,abemmentj6@amazon.com,424 664 0583
Mordy,Frowing,Polygender,mfrowingj7@reddit.com,172 650 5299
Arv,Akerman,Male,aakermanj8@nydailynews.com,109 475 4153
Dalston,Tomadoni,Male,dtomadonij9@dion.ne.jp,784 566 8333
Tobias,Newcombe,Male,tnewcombeja@theguardian.com,588 524 3383
Diannne,Dearnaly,Female,ddearnalyjb@cdbaby.com,436 111 0311
Raquela,Mizen,Female,rmizenjc@amazon.co.jp,741 260 8074
Guy,Scullin,Male,gscullinjd@alibaba.com,763 399 0910
Gaile,Goult,Male,ggoultje@trellian.com,134 256 9610
Dorena,Brosch,Non-binary,dbroschjf@spotify.com,274 618 8187
Jeth,De Giorgi,Male,jdegiorgijg@goo.gl,188 477 0403
Ugo,Keele,Male,ukeelejh@webs.com,766 871 5795
Jonathan,Isles,Male,jislesji@amazon.de,131 365 3764
Marthe,Meiner,Female,mmeinerjj@nhs.uk,270 995 4194
Mervin,Johnston,Male,mjohnstonjk@ucoz.com,540 643 0169
Eleanor,Dawtrey,Female,edawtreyjl@marketwatch.com,664 560 7124
Sandor,Dovydenas,Male,sdovydenasjm@mozilla.com,729 790 7546
Timmie,Ilyin,Female,tilyinjn@google.com.au,626 276 2141
Derk,Oluwatoyin,Male,doluwatoyinjo@kickstarter.com,184 914 5693
Archibold,Fursland,Male,afurslandjp@joomla.org,217 311 2575
Eadith,Andrassy,Female,eandrassyjq@uol.com.br,363 910 7560
Sofia,Dunnion,Female,sdunnionjr@ocn.ne.jp,632 975 6428
Kaspar,Steljes,Male,ksteljesjs@wikimedia.org,780 999 8055
Cheri,Ren,Female,crenjt@elegantthemes.com,568 647 4657
Jenn,Worgen,Female,jworgenju@flickr.com,792 621 3523
Cory,Saunders,Female,csaundersjv@usa.gov,513 981 5004
Gale,Starking,Male,gstarkingjw@techcrunch.com,624 385 6872
Obidiah,Yellop,Male,oyellopjx@fotki.com,979 137 7713
Marten,Gellert,Male,mgellertjy@cdc.gov,596 593 8669
Harlene,Olkowicz,Female,holkowiczjz@baidu.com,650 480 5949
Monroe,Yeatman,Male,myeatmank0@state.tx.us,327 929 9682
Candace,Odda,Genderfluid,coddak1@buzzfeed.com,958 511 0294
Edee,Postlethwaite,Female,epostlethwaitek2@cocolog-nifty.com,813 243 6944
Raymond,Timothy,Male,rtimothyk3@cornell.edu,291 425 1220
Jenda,Manuely,Female,jmanuelyk4@rambler.ru,279 586 9779
Jillane,Midford,Female,jmidfordk5@answers.com,158 149 2813
Marion,Stirton,Female,mstirtonk6@cisco.com,958 605 9023
Natale,Broy,Male,nbroyk7@samsung.com,389 755 8673
Sayer,Monteith,Male,smonteithk8@twitpic.com,412 767 1104
Ab,Pond-Jones,Male,apondjonesk9@dailymail.co.uk,743 182 9380
Rafaelia,Wardingley,Female,rwardingleyka@myspace.com,697 316 7086
Burtie,Kliemchen,Male,bkliemchenkb@dot.gov,933 375 6051
Cassy,Lempke,Female,clempkekc@intel.com,447 891 5821
Keir,Yoskowitz,Male,kyoskowitzkd@blogger.com,346 428 6876
De,Piddock,Female,dpiddockke@msn.com,138 254 1174
Verla,Withnall,Female,vwithnallkf@instagram.com,468 475 6366
Sibylla,Janousek,Female,sjanousekkg@fema.gov,889 493 9599
Jedidiah,Mansell,Male,jmansellkh@infoseek.co.jp,667 268 0173
Anjela,Vasenin,Female,avaseninki@senate.gov,127 446 9698
Freida,Recke,Polygender,freckekj@google.co.uk,637 916 6503
Cristal,Gaiger,Female,cgaigerkk@hugedomains.com,403 125 8998
Donni,Danielkiewicz,Female,ddanielkiewiczkl@unblog.fr,835 328 0105
Shirlene,Wrist,Female,swristkm@ovh.net,542 573 0136
Ivie,Arnecke,Agender,iarneckekn@mysql.com,890 432 2813
Hyacinthe,Salerg,Female,hsalergko@last.fm,775 940 0198
Solly,Tourmell,Male,stourmellkp@1688.com,619 852 8285
Amerigo,Stellman,Male,astellmankq@w3.org,877 868 4243
Aksel,Mc Pake,Male,amcpakekr@sina.com.cn,585 796 7264
Eduard,Extal,Male,eextalks@twitter.com,473 187 6809
Carolus,Alenov,Male,calenovkt@mediafire.com,753 608 4836
Martguerita,Pinnigar,Female,mpinnigarku@state.gov,940 940 7924
Sal,Wistance,Female,swistancekv@liveinternet.ru,793 753 2017
Barny,Sanderson,Male,bsandersonkw@delicious.com,418 383 1747
Melinda,Mathelon,Agender,mmathelonkx@yandex.ru,457 950 4719
Sherline,O'Concannon,Female,soconcannonky@sphinn.com,550 383 7138
Ira,Upstell,Male,iupstellkz@hud.gov,688 714 7937
Louisa,Grimwad,Female,lgrimwadl0@whitehouse.gov,811 539 3606
Fleurette,Halling,Female,fhallingl1@comsenz.com,201 469 3055
Susannah,Wesgate,Female,swesgatel2@instagram.com,229 303 0614
Worthy,Dollen,Male,wdollenl3@cbc.ca,411 439 4943
Janek,Derx,Male,jderxl4@slate.com,465 881 4164
Sioux,Spick,Female,sspickl5@unicef.org,950 959 9601
Bertie,Saffell,Male,bsaffelll6@w3.org,542 583 1871
Damara,Chatelain,Female,dchatelainl7@printfriendly.com,847 480 2441
Syman,Ferre,Male,sferrel8@unicef.org,575 253 7669
Stillmann,Heino,Male,sheinol9@moonfruit.com,987 769 3240
Casie,Bonicelli,Female,cbonicellila@bloomberg.com,147 635 1874
Bryon,Yaxley,Male,byaxleylb@wsj.com,606 283 6023
Corinne,D'Acth,Female,cdacthlc@sakura.ne.jp,879 222 0477
Fraze,Lant,Male,flantld@adobe.com,750 153 8226
Onfre,Beldham,Male,obeldhamle@dmoz.org,480 190 3046
Camel,Wickerson,Female,cwickersonlf@yale.edu,410 751 2322
Eddie,Coneybeare,Female,econeybearelg@ebay.com,592 401 8842
Abigael,Lavelle,Female,alavellelh@washington.edu,662 309 1906
Aurlie,Bruntje,Female,abruntjeli@dailymotion.com,682 721 4221
Eward,MacCrosson,Male,emaccrossonlj@people.com.cn,249 936 6832
Margaretta,Airy,Female,mairylk@theatlantic.com,306 796 1675
Benni,Trorey,Female,btroreyll@phoca.cz,244 816 5055
Denney,Richley,Male,drichleylm@ucla.edu,194 141 5720
Jedediah,Pagen,Genderfluid,jpagenln@lulu.com,358 645 6198
Debi,Dubois,Female,dduboislo@over-blog.com,255 853 3942
Whittaker,Andrag,Genderfluid,wandraglp@theglobeandmail.com,784 590 4138
Shir,Doohey,Female,sdooheylq@dmoz.org,798 694 6066
Odey,Maybury,Male,omayburylr@dmoz.org,137 867 5104
Carmita,Rosenwasser,Polygender,crosenwasserls@fastcompany.com,174 659 3908
Garreth,Sotham,Male,gsothamlt@sogou.com,546 680 1959
Jeanine,Sorey,Female,jsoreylu@yandex.ru,800 120 8971
Andrej,Kiley,Male,akileylv@dell.com,578 598 6295
Marni,Kalewe,Female,mkalewelw@ox.ac.uk,483 744 2514
Cherilyn,Coogan,Female,ccooganlx@cocolog-nifty.com,378 804 3887
Burke,Needham,Male,bneedhamly@slashdot.org,789 389 8620
Arnie,Keyser,Male,akeyserlz@pcworld.com,445 323 0539
Cori,Van der Brug,Male,cvanderbrugm0@hc360.com,309 721 4541
Roderigo,Nowill,Male,rnowillm1@amazon.co.uk,794 859 6577
Althea,Papworth,Female,apapworthm2@vk.com,692 547 6275
Gay,Jaspar,Female,gjasparm3@google.ca,251 586 0446
Kelley,Ratazzi,Male,kratazzim4@state.gov,303 135 4287
Walker,Shoutt,Male,wshouttm5@instagram.com,862 157 5709
Lorne,Wrathmell,Male,lwrathmellm6@freewebs.com,778 143 3757
Orelee,Giraux,Female,ogirauxm7@zdnet.com,832 732 2003
Zarla,Hayle,Female,zhaylem8@admin.ch,580 557 9482
Homerus,Altimas,Male,haltimasm9@businesswire.com,237 438 0531
Sunny,Awcoate,Female,sawcoatema@flavors.me,765 601 5487
Aloin,Diloway,Male,adilowaymb@1688.com,386 578 7276
Ameline,Vegas,Female,avegasmc@senate.gov,579 130 8269
Waldo,Dix,Male,wdixmd@google.fr,216 391 1726
Tobias,Strathearn,Male,tstrathearnme@mozilla.org,795 573 1234
Bendite,Fellos,Female,bfellosmf@blinklist.com,971 725 4072
Conrade,Yendall,Male,cyendallmg@com.com,131 721 0166
Melosa,Bony,Female,mbonymh@technorati.com,950 585 4086
Hewett,Fielden,Male,hfieldenmi@cargocollective.com,948 310 0566
Deedee,Clackers,Female,dclackersmj@marketwatch.com,626 986 5418
Tracy,Edmott,Male,tedmottmk@reverbnation.com,432 897 0899
Nerty,Faber,Female,nfaberml@nytimes.com,188 646 5560
Odilia,O'Dyvoie,Female,oodyvoiemm@webeden.co.uk,186 630 5778
Daron,Nehlsen,Male,dnehlsenmn@hc360.com,520 747 5980
Genevra,Comben,Female,gcombenmo@yolasite.com,508 525 4432
Margaretha,Scutchings,Female,mscutchingsmp@gmpg.org,979 768 9272
Pepillo,Tolefree,Male,ptolefreemq@samsung.com,717 379 2050
Liuka,Courtliff,Female,lcourtliffmr@reddit.com,293 228 9280
Abigale,Patching,Female,apatchingms@dropbox.com,378 560 7204
Iris,Licciardello,Female,ilicciardellomt@cloudflare.com,595 861 9987
Dud,Castagnaro,Male,dcastagnaromu@jalbum.net,642 932 7593
Raine,Egdale,Female,regdalemv@slate.com,748 706 5864
Alexandros,Cordrey,Male,acordreymw@nymag.com,354 954 3063
Sigismond,Tufts,Male,stuftsmx@delicious.com,105 938 2819
Marcelia,Leser,Female,mlesermy@webnode.com,272 622 7565
Janot,Houldin,Female,jhouldinmz@google.nl,856 298 3747
Swen,Witch,Male,switchn0@skyrock.com,304 554 5291
Penn,Jarrel,Male,pjarreln1@prnewswire.com,840 182 1192
Yetty,Eyeington,Genderfluid,yeyeingtonn2@dot.gov,388 960 1064
Vickie,Kisbey,Female,vkisbeyn3@elpais.com,928 946 8691
Rachel,Dobbison,Female,rdobbisonn4@ow.ly,545 452 8739
Innis,Conlon,Male,iconlonn5@psu.edu,988 388 9370
Jorie,Sandry,Female,jsandryn6@slate.com,343 126 7926
Juliann,Emslie,Genderqueer,jemslien7@slashdot.org,404 192 8228
Gabbi,Fanti,Female,gfantin8@usatoday.com,851 593 6586
Roddy,Blanche,Male,rblanchen9@cdbaby.com,412 355 8922
Araldo,Cerman,Male,acermanna@mac.com,197 298 4652
Valeda,Wickwar,Female,vwickwarnb@vistaprint.com,940 188 6295
Phillis,Blethyn,Female,pblethynnc@newsvine.com,895 515 5539
Carlyle,Bruce,Male,cbrucend@dailymotion.com,271 373 3617
Dorian,Leadley,Female,dleadleyne@nhs.uk,207 431 4649
Felipa,Purselowe,Female,fpurselowenf@liveinternet.ru,521 955 5027
Derry,Battill,Male,dbattillng@hp.com,716 866 0207
Theresita,Cubberley,Female,tcubberleynh@scribd.com,207 953 2687
Dede,Burch,Female,dburchni@uol.com.br,269 557 9495
Jemmie,O'Donnelly,Female,jodonnellynj@alexa.com,721 508 5304
Darius,Oblein,Male,dobleinnk@arizona.edu,308 297 8867
Aldwin,Lamborn,Male,alambornnl@chronoengine.com,677 872 7664
Ellerey,Bellelli,Male,ebellellinm@mlb.com,352 742 4219
Taylor,Gittus,Polygender,tgittusnn@toplist.cz,771 702 6674
Emmi,Michelin,Female,emichelinno@so-net.ne.jp,450 833 8952
Ofilia,Poynton,Female,opoyntonnp@amazon.com,829 905 5214
Erich,Couper,Male,ecoupernq@nsw.gov.au,313 176 4217
Dunc,Wingfield,Male,dwingfieldnr@ucsd.edu,425 887 4690
Barbara-anne,Wike,Female,bwikens@ca.gov,243 363 7030
Hyacinthie,Germaine,Female,hgermainent@wsj.com,571 309 3896
Devin,Sayward,Female,dsaywardnu@foxnews.com,125 636 5860
Smitty,Reubel,Male,sreubelnv@theglobeandmail.com,126 301 5278
Sigfried,Bidgood,Male,sbidgoodnw@nbcnews.com,100 104 1486
Jeffrey,Thorn,Male,jthornnx@google.com.br,775 876 8086
Mara,Hubbold,Female,mhubboldny@techcrunch.com,708 589 6201
Elayne,Perview,Female,eperviewnz@apache.org,226 508 4627
Bourke,Marrington,Male,bmarringtono0@lulu.com,240 443 3272
Garv,Pilmoor,Male,gpilmooro1@cbc.ca,907 907 4119
Rubin,Ivashchenko,Male,rivashchenkoo2@seattletimes.com,989 114 1237
Ardys,Pittendreigh,Female,apittendreigho3@i2i.jp,845 638 0386
Brew,Barukh,Male,bbarukho4@gnu.org,285 212 7873
Kev,Avory,Male,kavoryo5@free.fr,260 622 3983
Rustie,Summers,Male,rsummerso6@cdbaby.com,937 170 7517
Delly,Frail,Female,dfrailo7@usnews.com,603 441 2285
Vinnie,Blowick,Male,vblowicko8@google.it,260 947 0234
Stearne,Duley,Male,sduleyo9@answers.com,569 684 4863
Jami,Macallam,Female,jmacallamoa@moonfruit.com,273 220 9146
Sinclare,D'Angeli,Male,sdangeliob@mysql.com,632 876 7813
Dareen,Bracchi,Female,dbracchioc@tinypic.com,956 622 0684
Ginnie,Swalwell,Female,gswalwellod@storify.com,366 695 6936
Arie,Lansberry,Male,alansberryoe@deliciousdays.com,364 477 5811
Gregoire,Nestor,Male,gnestorof@dell.com,393 665 1473
Dinah,Houtby,Female,dhoutbyog@example.com,653 429 2215
Hewe,Karpinski,Male,hkarpinskioh@tinyurl.com,753 432 3540
Deane,Iacobassi,Male,diacobassioi@uiuc.edu,460 537 7915
Cross,Pic,Male,cpicoj@gov.uk,378 700 2041
Kiah,Rape,Female,krapeok@blog.com,782 196 9915
Shanda,Fuzzey,Female,sfuzzeyol@cbslocal.com,434 845 3023
Ernesta,Ruckledge,Female,eruckledgeom@quantcast.com,975 406 9232
Kristo,Polini,Male,kpolinion@scribd.com,569 498 6578
Marten,Mellem,Male,mmellemoo@imdb.com,788 905 6188
Somerset,Akast,Male,sakastop@gravatar.com,229 482 3111
Ulric,Robertshaw,Male,urobertshawoq@google.pl,486 517 9260
Maison,Passfield,Male,mpassfieldor@woothemes.com,642 812 7230
Belia,Gibbard,Non-binary,bgibbardos@msn.com,466 599 8806
Ash,Burwood,Male,aburwoodot@wikia.com,136 766 4932
Currie,Heinritz,Male,cheinritzou@drupal.org,397 422 9774
Nadya,Orme,Female,normeov@mapy.cz,897 406 8284
Alexandr,Suller,Male,asullerow@godaddy.com,958 336 4111
Ivan,Mushawe,Agender,imushaweox@nymag.com,201 532 8668
Regen,Asken,Male,raskenoy@slideshare.net,997 441 6351
Joletta,Valasek,Female,jvalasekoz@liveinternet.ru,980 852 9535
Patrick,Hylands,Male,phylandsp0@studiopress.com,684 395 4860
Ola,Giacovazzo,Female,ogiacovazzop1@rakuten.co.jp,416 954 9434
Izak,Attride,Male,iattridep2@creativecommons.org,944 793 2697
Malchy,Cannop,Male,mcannopp3@unblog.fr,345 299 7038
Fergus,Crookes,Male,fcrookesp4@51.la,122 863 8125
Elle,MacEllen,Female,emacellenp5@ifeng.com,748 355 2387
Stephan,Meynell,Male,smeynellp6@auda.org.au,617 751 7784
Aharon,Torrie,Male,atorriep7@disqus.com,946 561 1741
Lonnie,Oades,Male,loadesp8@hhs.gov,839 157 1497
Hillier,Mitroshinov,Male,hmitroshinovp9@facebook.com,158 813 3477
Lorenza,Mcall,Female,lmcallpa@amazon.co.jp,805 137 5416
Sanford,Giffin,Male,sgiffinpb@4shared.com,780 914 7189
Jayme,Enefer,Male,jeneferpc@jimdo.com,587 780 0861
Franni,Byer,Female,fbyerpd@alexa.com,639 182 1721
Gabi,Caldecourt,Polygender,gcaldecourtpe@yandex.ru,589 403 7375
Packston,Normandale,Male,pnormandalepf@biglobe.ne.jp,187 256 0066
Silvio,Arkwright,Male,sarkwrightpg@aboutads.info,148 823 6181
Shepperd,Jacobowitz,Male,sjacobowitzph@netvibes.com,263 655 8538
Gabie,MacTrustrie,Male,gmactrustriepi@shop-pro.jp,632 415 4372
Colin,Bruton,Male,cbrutonpj@reverbnation.com,255 326 2275
Marja,McDarmid,Female,mmcdarmidpk@g.co,480 633 7166
Clementia,Ovey,Bigender,coveypl@com.com,198 373 5305
Roseanne,Kelsey,Female,rkelseypm@sourceforge.net,810 897 9386
Colas,Gibbe,Agender,cgibbepn@fema.gov,948 321 2990
Valera,Watford,Female,vwatfordpo@weather.com,815 447 9385
Perri,Friedenbach,Female,pfriedenbachpp@statcounter.com,308 614 3176
Rianon,Lambird,Female,rlambirdpq@quantcast.com,303 446 6400
Inglebert,Overington,Non-binary,ioveringtonpr@discovery.com,574 536 9245
Cathrin,Etchells,Female,cetchellsps@bigcartel.com,595 114 7196
Winne,McKimmie,Female,wmckimmiept@shutterfly.com,375 189 9902
Peyter,Carnalan,Male,pcarnalanpu@edublogs.org,663 236 8057
Winston,Lazenby,Male,wlazenbypv@homestead.com,871 746 3448
Elwin,Graysmark,Male,egraysmarkpw@va.gov,243 255 8894
Dari,Truitt,Female,dtruittpx@wikimedia.org,387 997 1136
Robbie,Overlow,Female,roverlowpy@unc.edu,653 791 5123
Justino,Piscotti,Male,jpiscottipz@buzzfeed.com,528 606 4097
Haskel,Georgievski,Male,hgeorgievskiq0@harvard.edu,485 486 6660
Berne,Finneran,Male,bfinneranq1@unblog.fr,275 239 8734
Abran,Lasham,Male,alashamq2@bravesites.com,887 925 0486
Leena,Clench,Female,lclenchq3@cmu.edu,380 944 2507
Alberta,Nathan,Female,anathanq4@princeton.edu,343 283 6923
Sherlocke,O'Sheeryne,Male,sosheeryneq5@bizjournals.com,184 818 4236
Ward,Bontoft,Male,wbontoftq6@studiopress.com,434 101 1858
Brian,Capoun,Male,bcapounq7@bbc.co.uk,754 820 4908
Deva,Battill,Female,dbattillq8@usatoday.com,717 126 0757
Silas,Fowkes,Male,sfowkesq9@ftc.gov,602 129 1798
Amie,Dansey,Female,adanseyqa@constantcontact.com,420 541 3557
Hollie,Rielly,Female,hriellyqb@webnode.com,437 817 2330
Marco,Battams,Male,mbattamsqc@typepad.com,513 671 8628
Clive,Petrussi,Male,cpetrussiqd@sun.com,610 542 7730
Rolando,Brauns,Male,rbraunsqe@flickr.com,776 116 8507
Inessa,Churchlow,Female,ichurchlowqf@nba.com,450 703 9896
Evie,Prothero,Female,eprotheroqg@theatlantic.com,837 272 4757
Bellina,Itzkin,Female,bitzkinqh@nih.gov,516 601 7729
Isahella,Scad,Female,iscadqi@vkontakte.ru,651 110 0098
Nora,Gilfoy,Female,ngilfoyqj@cafepress.com,537 167 9722
Wain,Lafferty,Bigender,wlaffertyqk@wsj.com,724 185 3274
Gerhardine,Woolfitt,Genderqueer,gwoolfittql@ca.gov,485 168 7285
Barbette,Craighead,Female,bcraigheadqm@netvibes.com,372 208 1692
Jed,Routh,Male,jrouthqn@zdnet.com,317 132 5947
Mendie,Bottby,Male,mbottbyqo@twitter.com,837 374 2501
Merwyn,Doveston,Polygender,mdovestonqp@ebay.co.uk,580 944 9093
Tadd,Feldstern,Male,tfeldsternqq@cdbaby.com,942 155 7209
Ninetta,Baike,Female,nbaikeqr@themeforest.net,405 199 6005
Marcelline,Reburn,Female,mreburnqs@infoseek.co.jp,463 977 1389
Benn,Swaby,Bigender,bswabyqt@wordpress.com,564 819 0579
Silas,Schruur,Male,sschruurqu@zimbio.com,686 893 5927
Shepard,Barsam,Male,sbarsamqv@ameblo.jp,123 198 8125
Sutherlan,Burrage,Male,sburrageqw@howstuffworks.com,950 486 5783
Adrian,Colquit,Male,acolquitqx@spotify.com,454 879 3014
Dianemarie,Tewkesbury,Female,dtewkesburyqy@i2i.jp,650 611 8876
Jill,Gillogley,Female,jgillogleyqz@prlog.org,266 828 3474
Umeko,Peto,Female,upetor0@spiegel.de,710 882 4960
Karoly,Garett,Female,kgarettr1@guardian.co.uk,693 708 6768
Cynthea,Summerill,Female,csummerillr2@mozilla.com,616 947 3678
Bertha,Croson,Female,bcrosonr3@google.de,658 342 7202
Merlina,Grundon,Female,mgrundonr4@state.gov,947 202 6509
Brigit,Hellicar,Female,bhellicarr5@mysql.com,359 784 4631
Sadye,Kurten,Female,skurtenr6@wordpress.com,513 305 0238
Mordecai,Bridgewood,Male,mbridgewoodr7@spotify.com,506 757 4730
Iolanthe,Bingle,Female,ibingler8@deliciousdays.com,708 878 5895
Kelvin,Heenan,Male,kheenanr9@youtube.com,283 848 0726
Carr,O'Bradain,Male,cobradainra@a8.net,727 775 0104
Mellisa,Adrain,Female,madrainrb@oracle.com,463 462 5906
Rhett,Attack,Male,rattackrc@hc360.com,620 843 6290
Lorens,Pashler,Male,lpashlerrd@technorati.com,830 290 5908
Osgood,Bankhurst,Male,obankhurstre@dell.com,423 948 0428
Winni,Eliez,Female,weliezrf@elpais.com,354 295 7068
Stephani,Shoutt,Female,sshouttrg@shareasale.com,452 617 4254
Bond,Deny,Male,bdenyrh@wunderground.com,694 818 9245
Arlan,Gorcke,Male,agorckeri@list-manage.com,848 613 8936
Jorge,Hember,Male,jhemberrj@twitter.com,934 284 7353
Ignazio,Bulfoy,Male,ibulfoyrk@ted.com,141 844 8641
Fenelia,Ruthen,Female,fruthenrl@telegraph.co.uk,812 293 5669
Elonore,Georgeau,Agender,egeorgeaurm@adobe.com,208 758 7846
Karel,Lilburn,Male,klilburnrn@mozilla.com,180 150 2340
Rosalie,Airth,Female,rairthro@taobao.com,645 634 1795
Larry,Jefford,Bigender,ljeffordrp@dyndns.org,466 418 3304
Sancho,Awmack,Male,sawmackrq@goo.gl,945 919 1914
My,Bour,Male,mbourrr@ucoz.com,647 154 2376
