first_name,last_name,gender,email,phone
Coletta,Bjorkan,Female,cbjorkan0@huffingtonpost.com,571 400 4964
Lynsey,Boseley,Female,lboseley1@pbs.org,290 166 1270
Delmor,Vallender,Male,dvallender2@google.co.uk,621 226 4757
Rand,Anchor,Male,ranchor3@forbes.com,710 237 7015
Trefor,Hindmore,Genderfluid,thindmore4@weather.com,476 339 2529
Rutter,Barrat,Male,rbarrat5@army.mil,590 114 0768
Kylie,Van Geffen,Male,kvangeffen6@hostgator.com,961 467 1171
Hall,Issac,Male,hissac7@archive.org,848 939 8178
Fanni,Basill,Female,fbasill8@sun.com,776 339 6646
Hurlee,Connah,Male,hconnah9@cbslocal.com,220 799 1378
Ferdinand,Pullar,Male,fpullara@home.pl,249 728 2931
Madonna,Hillum,Female,mhillumb@europa.eu,158 531 9130
Elie,Woodroofe,Female,ewoodroofec@about.com,614 120 9981
Donna,Androlli,Female,dandrollid@instagram.com,766 531 6834
Tymothy,Matzeitis,Male,tmatzeitise@pbs.org,947 575 5078
Jesus,Evered,Male,jeveredf@mozilla.com,616 889 8660
Hamilton,Ierland,Male,hierlandg@hatena.ne.jp,330 651 4117
Whitaker,Jenney,Male,wjenneyh@washington.edu,104 552 4041
Hogan,Matzl,Male,hmatzli@cafepress.com,709 992 4020
Juditha,Bowdrey,Female,jbowdreyj@yellowbook.com,692 722 1828
Townsend,Barnewell,Male,tbarnewellk@yelp.com,377 370 6130
Alfonso,Trimby,Male,atrimbyl@netscape.com,116 165 9387
Aryn,Salasar,Female,asalasarm@facebook.com,663 557 7874
Eustacia,Twittey,Female,etwitteyn@wp.com,131 466 2048
Fernanda,State,Female,fstateo@sciencedirect.com,932 932 8966
Kathleen,Grimley,Female,kgrimleyp@mit.edu,992 655 2030
Selby,Esler,Male,seslerq@tiny.cc,815 425 6990
Carson,Chartman,Male,cchartmanr@newyorker.com,685 568 6663
Tiebout,Whitemarsh,Male,twhitemarshs@taobao.com,967 356 0825
Sheree,McNeilly,Female,smcneillyt@sphinn.com,766 131 4533
Ripley,Sailes,Male,rsailesu@samsung.com,863 982 2853
Ame,Bottlestone,Female,abottlestonev@irs.gov,600 309 6845
Mendie,Gransden,Male,mgransdenw@yahoo.co.jp,247 836 2031
Othelia,Brooksbie,Non-binary,obrooksbiex@dailymotion.com,379 713 6342
Sophronia,Storry,Female,sstorryy@plala.or.jp,797 683 7597
Brittany,Crittal,Bigender,bcrittalz@eventbrite.com,828 132 8168
Alyosha,Simpkins,Male,asimpkins10@census.gov,740 896 0476
Erastus,Rourke,Male,erourke11@ovh.net,770 132 7624
Rahal,Payze,Female,rpayze12@nytimes.com,153 246 7037
Annabal,Burmingham,Female,aburmingham13@time.com,723 472 0437
Willette,Kimberley,Female,wkimberley14@cisco.com,845 634 4462
Harrie,Geillier,Female,hgeillier15@princeton.edu,719 393 4769
Andi,Dicey,Female,adicey16@freewebs.com,810 822 9163
Chantal,O'Longain,Female,colongain17@bravesites.com,919 370 0187
Giraud,Coppens,Bigender,gcoppens18@cdbaby.com,584 849 1856
Levin,Ferrierio,Male,lferrierio19@myspace.com,186 122 8598
Gnni,Tour,Female,gtour1a@friendfeed.com,283 525 6462
Ruthy,Jackson,Female,rjackson1b@51.la,438 442 2675
Anjanette,Hiom,Bigender,ahiom1c@seesaa.net,997 141 4074
Berne,Ramage,Male,bramage1d@ezinearticles.com,575 117 7412
Seth,Lozano,Male,slozano1e@webs.com,808 374 9231
Merwyn,Burds,Male,mburds1f@ifeng.com,539 903 2595
Paxton,Honatsch,Male,phonatsch1g@nyu.edu,346 760 1580
Henryetta,Butterwick,Female,hbutterwick1h@addtoany.com,863 413 0366
Burty,McEnteggart,Male,bmcenteggart1i@dailymotion.com,293 212 1134
Trixi,Blackley,Female,tblackley1j@xing.com,568 420 8101
Reg,Godsal,Male,rgodsal1k@pinterest.com,530 516 4686
Rafi,Cayet,Male,rcayet1l@creativecommons.org,227 850 1081
Elfrida,Hansley,Female,ehansley1m@rambler.ru,871 417 4075
Silvana,Danell,Female,sdanell1n@hugedomains.com,640 732 6980
Cassie,Collete,Female,ccollete1o@tmall.com,317 638 0727
Pepita,Caso,Female,pcaso1p@eventbrite.com,265 819 1133
Mabelle,Gillebride,Female,mgillebride1q@virginia.edu,702 609 7406
Field,Rosingdall,Male,frosingdall1r@toplist.cz,492 499 9768
Royall,Middleditch,Male,rmiddleditch1s@eepurl.com,717 794 0353
Tammara,Branigan,Female,tbranigan1t@bigcartel.com,521 611 1988
Revkah,Nicolls,Female,rnicolls1u@zdnet.com,940 245 6865
Brucie,Roskruge,Male,broskruge1v@digg.com,607 496 0529
Tamar,Zywicki,Female,tzywicki1w@cbc.ca,475 708 6632
Lorain,Facher,Genderfluid,lfacher1x@hhs.gov,826 242 0200
Gennifer,Burkart,Female,gburkart1y@issuu.com,558 764 7909
Polly,Lewinton,Female,plewinton1z@xing.com,834 802 0876
Ed,Jorgensen,Male,ejorgensen20@ucsd.edu,384 620 9088
Delano,Antosch,Male,dantosch21@amazon.com,448 325 0144
Maryrose,Bredbury,Female,mbredbury22@cornell.edu,806 936 8103
Lotti,Weber,Female,lweber23@edublogs.org,688 441 0023
Karoly,Krimmer,Male,kkrimmer24@squarespace.com,440 834 7955
Fayre,Betjes,Female,fbetjes25@t.co,641 884 5788
Toddy,Bigmore,Male,tbigmore26@miibeian.gov.cn,614 880 9397
Mick,Allom,Male,mallom27@tinypic.com,343 788 1921
Melloney,Geaves,Female,mgeaves28@discovery.com,336 540 3683
Mandie,Ivankin,Female,mivankin29@wufoo.com,641 654 4906
Arleyne,Bathow,Female,abathow2a@cocolog-nifty.com,504 528 4120
Hedvig,Verheijden,Female,hverheijden2b@jiathis.com,460 435 7661
Shirley,Pipet,Female,spipet2c@yale.edu,546 865 3865
Lynett,Sivior,Female,lsivior2d@engadget.com,718 602 9186
Brandyn,Demetr,Male,bdemetr2e@deviantart.com,521 849 4990
Vivie,Hatrick,Female,vhatrick2f@eepurl.com,561 641 2384
Raddie,Fairholm,Male,rfairholm2g@free.fr,719 498 6042
Noll,Micklem,Male,nmicklem2h@cpanel.net,677 821 8789
Claresta,Vowden,Female,cvowden2i@un.org,929 595 2621
Aubree,Barensen,Female,abarensen2j@weebly.com,216 994 6808
Rodrigo,Ramlot,Polygender,rramlot2k@engadget.com,402 250 9436
Claiborne,McNeil,Male,cmcneil2l@imdb.com,408 747 4205
Florie,Garnsworth,Female,fgarnsworth2m@ning.com,351 527 9662
Gallard,Count,Male,gcount2n@hibu.com,109 842 0891
Isidore,Lambswood,Male,ilambswood2o@psu.edu,213 520 4756
Eugenia,Iseton,Female,eiseton2p@webs.com,472 819 9737
Giovanni,Stibbs,Male,gstibbs2q@acquirethisname.com,541 435 2065
Lorrin,Betteson,Female,lbetteson2r@spotify.com,546 470 7908
Karrie,Blaase,Female,kblaase2s@tiny.cc,193 716 3663
Nil,Daymont,Male,ndaymont2t@typepad.com,209 994 7661
Simon,Gelderd,Male,sgelderd2u@symantec.com,856 513 3088
Rivi,Furmage,Female,rfurmage2v@godaddy.com,866 188 4202
Mona,Antonat,Female,mantonat2w@hp.com,630 851 1784
Goran,Slobom,Male,gslobom2x@acquirethisname.com,361 943 4433
Anne,Cutchee,Female,acutchee2y@telegraph.co.uk,639 736 3272
Wynne,Tyres,Female,wtyres2z@sphinn.com,832 217 6831
Tait,Berrisford,Male,tberrisford30@ucoz.ru,995 709 6072
Morissa,Berka,Female,mberka31@furl.net,583 252 6680
Laurianne,Howler,Female,lhowler32@github.com,227 291 6867
Boone,Gallehawk,Male,bgallehawk33@msn.com,760 863 7002
Leslie,Sives,Genderfluid,lsives34@berkeley.edu,387 508 0780
Normand,Frigot,Male,nfrigot35@boston.com,657 841 5193
Kearney,De Goey,Bigender,kdegoey36@purevolume.com,851 627 7988
Archambault,d' Eye,Male,adeye37@admin.ch,831 491 1856
Zeb,Curnock,Male,zcurnock38@nytimes.com,925 241 5165
Chantalle,Stutely,Agender,cstutely39@sourceforge.net,701 751 5601
Myer,Brabham,Male,mbrabham3a@hubpages.com,855 856 4450
Venus,Hirth,Female,vhirth3b@odnoklassniki.ru,836 125 6731
Reinhard,Millgate,Male,rmillgate3c@wunderground.com,810 676 4604
Bettina,MacGuigan,Female,bmacguigan3d@tuttocitta.it,493 484 3950
Tobie,Ladyman,Male,tladyman3e@rakuten.co.jp,830 933 9274
Marcus,O' Clovan,Male,moclovan3f@oaic.gov.au,772 211 2744
Shep,Iggulden,Male,siggulden3g@mlb.com,444 596 8631
Luce,MacPaden,Male,lmacpaden3h@acquirethisname.com,172 381 4449
Yolande,Wallington,Female,ywallington3i@usnews.com,614 936 2759
Vito,Hails,Male,vhails3j@chicagotribune.com,219 275 4736
Maxim,Hackwell,Polygender,mhackwell3k@engadget.com,392 935 7002
Loy,Mordy,Male,lmordy3l@google.ca,169 110 7853
Cassy,Burford,Female,cburford3m@blogger.com,489 902 3287
Felicity,Agglione,Female,fagglione3n@imdb.com,118 895 3701
Donny,Twells,Male,dtwells3o@ning.com,651 787 6327
Luce,Dufour,Male,ldufour3p@ucla.edu,896 471 8868
Gael,Crassweller,Female,gcrassweller3q@who.int,458 475 0308
Claudianus,Boxen,Male,cboxen3r@51.la,198 298 2668
Belvia,Mintram,Female,bmintram3s@macromedia.com,985 456 5453
Reuben,Elia,Male,relia3t@indiatimes.com,775 271 9393
Tally,Eggar,Male,teggar3u@wufoo.com,258 953 3027
Lilllie,Salters,Non-binary,lsalters3v@mlb.com,267 763 7334
Sean,Thebeaud,Female,sthebeaud3w@paginegialle.it,202 650 5982
Garth,O'Gormley,Male,gogormley3x@illinois.edu,463 496 5589
Garik,Bastistini,Male,gbastistini3y@bbc.co.uk,733 491 1378
Florenza,Bamford,Female,fbamford3z@mapy.cz,172 477 8791
Hallie,Courtonne,Polygender,hcourtonne40@china.com.cn,712 421 7304
Tobe,Chopin,Male,tchopin41@storify.com,894 576 3805
Weston,Stockin,Male,wstockin42@hhs.gov,774 190 7633
Dorotea,Cracoe,Female,dcracoe43@skyrock.com,576 787 5135
Bambie,Hamlet,Female,bhamlet44@zimbio.com,404 423 4955
Farrell,Midson,Male,fmidson45@usnews.com,122 933 1498
Gerrie,Mills,Male,gmills46@ed.gov,239 465 6944
Ailbert,Sand,Non-binary,asand47@unc.edu,364 811 5031
Sidonnie,Vannah,Female,svannah48@virginia.edu,195 543 9340
Codee,Castagnasso,Female,ccastagnasso49@vkontakte.ru,256 183 0373
Carlynn,Misken,Female,cmisken4a@google.cn,124 207 8564
Peterus,Kealey,Genderqueer,pkealey4b@google.it,481 835 0267
Job,Larrie,Male,jlarrie4c@house.gov,719 294 3150
Vita,Mourton,Female,vmourton4d@statcounter.com,470 708 1429
Claudell,Kinnar,Male,ckinnar4e@craigslist.org,141 991 8683
Miles,Brade,Male,mbrade4f@marketwatch.com,940 822 5740
Lorna,Ritchie,Female,lritchie4g@histats.com,598 411 7901
Lev,Blackaby,Male,lblackaby4h@sun.com,500 901 4682
Jeth,Howman,Male,jhowman4i@furl.net,235 590 2542
Olenolin,Quilkin,Male,oquilkin4j@skyrock.com,407 602 2330
Simeon,Farrier,Male,sfarrier4k@japanpost.jp,149 909 9442
Fransisco,Cotterel,Male,fcotterel4l@disqus.com,766 474 3856
Krystalle,Rowswell,Female,krowswell4m@exblog.jp,185 255 9412
Archibaldo,Smitheman,Male,asmitheman4n@netlog.com,734 458 9105
Verile,Bloor,Female,vbloor4o@digg.com,441 433 2772
Weston,Plampin,Male,wplampin4p@wordpress.com,756 584 2857
Jolie,Ingall,Female,jingall4q@ow.ly,346 784 4634
Aileen,Cuttles,Female,acuttles4r@sphinn.com,549 157 4288
Guillema,L' Anglois,Female,glanglois4s@google.com,301 554 1907
Charis,Mathivet,Female,cmathivet4t@shop-pro.jp,319 625 2216
Leena,Stacey,Female,lstacey4u@godaddy.com,689 496 8596
Holly,Brockie,Female,hbrockie4v@bloglines.com,686 278 3678
Dean,Cottham,Male,dcottham4w@vk.com,333 444 2659
Gizela,Jamblin,Female,gjamblin4x@unc.edu,131 194 9755
Ermanno,Coe,Male,ecoe4y@pinterest.com,855 287 3016
Marcel,Barles,Male,mbarles4z@mtv.com,877 323 0392
Stormy,Bloxholm,Female,sbloxholm50@reverbnation.com,309 994 9194
Colette,Culp,Female,cculp51@meetup.com,411 889 4581
Sayres,Exley,Male,sexley52@globo.com,953 752 6208
Iris,Dericut,Female,idericut53@stumbleupon.com,353 478 3123
Silvie,Gwyn,Female,sgwyn54@behance.net,402 428 9762
Gaultiero,Brade,Male,gbrade55@mediafire.com,479 327 9416
Hestia,Synke,Female,hsynke56@diigo.com,674 597 0372
Riki,Riddell,Female,rriddell57@odnoklassniki.ru,256 542 0778
Ashia,Vallentin,Female,avallentin58@amazon.co.uk,556 609 9492
Angil,McLleese,Female,amclleese59@studiopress.com,352 999 3852
Grace,Heggman,Male,gheggman5a@sohu.com,382 955 4005
Laurella,Creevy,Female,lcreevy5b@bloglines.com,238 221 6952
Lance,Kiggel,Male,lkiggel5c@sourceforge.net,380 917 4254
Loutitia,Allbon,Female,lallbon5d@mediafire.com,479 178 4249
Darya,Mendel,Female,dmendel5e@geocities.jp,977 385 9621
Zach,Ioselevich,Male,zioselevich5f@alexa.com,631 925 1667
Caprice,Nibley,Female,cnibley5g@hostgator.com,542 256 9926
Alanah,Sawkin,Female,asawkin5h@youku.com,844 423 4577
Merrily,Prendergrast,Female,mprendergrast5i@ehow.com,637 664 4855
Lancelot,Landreth,Male,llandreth5j@digg.com,181 496 9550
Wayne,Quinlan,Male,wquinlan5k@privacy.gov.au,187 901 3458
Valene,Hannigane,Female,vhannigane5l@java.com,345 107 7419
Leroi,Roullier,Male,lroullier5m@harvard.edu,166 337 5634
Malia,Litchfield,Female,mlitchfield5n@blogtalkradio.com,149 513 4396
Sheelagh,Vardy,Female,svardy5o@amazonaws.com,434 342 5621
Ronnie,Margaret,Male,rmargaret5p@moonfruit.com,808 380 1390
Alessandro,Cranmore,Agender,acranmore5q@vk.com,789 950 6550
Olenolin,Bygrave,Male,obygrave5r@kickstarter.com,636 277 4685
Pepito,Kennealy,Male,pkennealy5s@ca.gov,416 779 0432
Peggie,Poyle,Female,ppoyle5t@zimbio.com,480 898 3953
Bartholomew,Geertje,Male,bgeertje5u@scientificamerican.com,455 493 2832
Elmira,Camell,Female,ecamell5v@multiply.com,618 357 7504
Reade,Ingrem,Male,ringrem5w@dot.gov,469 649 8231
Lizbeth,Loughnan,Female,lloughnan5x@cmu.edu,214 992 4123
Marianna,Pingston,Female,mpingston5y@ycombinator.com,922 806 6958
Siward,Brakewell,Male,sbrakewell5z@instagram.com,135 836 9595
Shep,Tarpey,Male,starpey60@wunderground.com,249 569 0725
Dorine,Myall,Female,dmyall61@blogspot.com,674 832 7417
Duff,Eldrett,Male,deldrett62@virginia.edu,503 491 1879
Any,Helling,Male,ahelling63@discuz.net,650 186 7214
Cosimo,Harriagn,Male,charriagn64@mashable.com,257 564 3395
Allianora,Tomaszewicz,Female,atomaszewicz65@ox.ac.uk,693 192 9899
Gothart,Marciek,Male,gmarciek66@taobao.com,729 400 9990
Ahmed,Manicom,Agender,amanicom67@networksolutions.com,427 724 5525
Steward,Sporle,Male,ssporle68@posterous.com,842 701 2762
Valentin,Gordon,Male,vgordon69@seesaa.net,886 550 2029
Sax,Calderon,Male,scalderon6a@who.int,478 570 4106
Waldemar,Tedridge,Male,wtedridge6b@forbes.com,154 825 0603
Raymund,Tourville,Genderfluid,rtourville6c@dailymotion.com,614 639 3844
Kevin,Wickersham,Male,kwickersham6d@ucoz.ru,245 479 0338
Dougie,Emberton,Male,demberton6e@g.co,675 590 2960
Cristine,MacAlpine,Female,cmacalpine6f@e-recht24.de,453 356 8747
Stanleigh,Stolle,Polygender,sstolle6g@paypal.com,822 568 2147
Lynnette,Raywood,Female,lraywood6h@clickbank.net,590 643 0224
Rafaela,Coll,Female,rcoll6i@tmall.com,918 533 4560
Elsbeth,Stanyon,Female,estanyon6j@soundcloud.com,629 513 7077
Hilton,O'Corrin,Male,hocorrin6k@wikispaces.com,417 592 7544
Dorothy,Monan,Female,dmonan6l@illinois.edu,805 419 4350
Phillis,Ibbett,Female,pibbett6m@squidoo.com,833 804 1092
Anitra,Stoyles,Female,astoyles6n@godaddy.com,369 312 6819
Jaymie,Poetz,Male,jpoetz6o@newyorker.com,125 189 0976
Bonny,Brewitt,Female,bbrewitt6p@state.gov,561 162 0020
Harper,Brumbye,Male,hbrumbye6q@sbwire.com,486 877 2547
Elsie,MacKay,Female,emackay6r@blinklist.com,263 284 4544
Gerik,McCaughey,Male,gmccaughey6s@scientificamerican.com,780 663 8236
Fernandina,Beedell,Female,fbeedell6t@mashable.com,184 363 5741
Helyn,Shimwell,Female,hshimwell6u@jigsy.com,828 109 3754
Marline,Carillo,Female,mcarillo6v@mapy.cz,585 746 7807
Hayyim,Carling,Male,hcarling6w@dion.ne.jp,206 943 9610
Phyllys,Jewks,Female,pjewks6x@posterous.com,861 793 8049
Cassy,Holehouse,Female,cholehouse6y@mtv.com,973 433 6303
Foss,Burleigh,Male,fburleigh6z@wordpress.org,651 103 5654
Rabi,Pollie,Male,rpollie70@time.com,245 771 8966
Tirrell,Sotham,Male,tsotham71@dagondesign.com,188 100 4853
Elonore,Spilling,Female,espilling72@fema.gov,591 958 9398
Leda,Gammell,Female,lgammell73@bravesites.com,611 860 8922
Stephanus,Isselee,Male,sisselee74@senate.gov,940 938 8853
Elisha,Mohamed,Male,emohamed75@weibo.com,639 126 5830
Brett,Eckert,Male,beckert76@stanford.edu,864 314 8459
Dag,Pagin,Male,dpagin77@ucoz.ru,127 350 9024
Fairleigh,Pontain,Male,fpontain78@unc.edu,677 242 4946
Dacy,Polgreen,Bigender,dpolgreen79@taobao.com,506 711 0219
Merralee,Binge,Female,mbinge7a@pbs.org,792 638 5964
Jory,O'Doogan,Male,jodoogan7b@google.cn,511 839 5685
Arty,Soltan,Male,asoltan7c@weebly.com,852 462 1054
Townsend,Dik,Male,tdik7d@constantcontact.com,212 643 5164
Donn,Lemerie,Male,dlemerie7e@domainmarket.com,350 396 1378
Benito,Gwioneth,Male,bgwioneth7f@yelp.com,323 679 3821
Cherilynn,Rudwell,Female,crudwell7g@hubpages.com,909 295 9637
Sioux,Betjes,Female,sbetjes7h@apache.org,639 291 0206
Tybi,Hooban,Female,thooban7i@gov.uk,399 618 5572
Carver,Staneland,Male,cstaneland7j@friendfeed.com,279 953 1548
Mab,Smaleman,Female,msmaleman7k@wp.com,709 826 6567
Marabel,Ricardon,Female,mricardon7l@businessinsider.com,274 395 0688
Chaddie,Cashley,Male,ccashley7m@alexa.com,368 232 6132
Waly,Hallsworth,Female,whallsworth7n@google.ca,765 844 0664
Vince,Grafton,Male,vgrafton7o@state.tx.us,687 918 0972
Avrit,Raitt,Female,araitt7p@xinhuanet.com,623 242 5025
Rena,Lemonnier,Non-binary,rlemonnier7q@jugem.jp,310 243 8388
Bendite,Haggarty,Female,bhaggarty7r@rakuten.co.jp,819 967 8959
Gabriel,Minithorpe,Male,gminithorpe7s@businesswire.com,723 831 5006
Gates,Lakenton,Female,glakenton7t@ocn.ne.jp,690 447 6099
Ingemar,Rozier,Male,irozier7u@hugedomains.com,234 557 3553
Wilt,Cleare,Male,wcleare7v@networksolutions.com,624 559 2328
Dukey,Cawston,Male,dcawston7w@economist.com,115 302 1440
Corenda,Kersey,Female,ckersey7x@state.gov,247 493 8216
Jeffry,Carnew,Male,jcarnew7y@flavors.me,966 511 1543
Dodie,Facher,Female,dfacher7z@prnewswire.com,317 784 6343
Melisenda,McTurley,Female,mmcturley80@jiathis.com,971 751 1275
Addie,Wyles,Female,awyles81@virginia.edu,189 683 0028
Neale,Sirr,Male,nsirr82@ox.ac.uk,905 512 2613
Caldwell,Dumbrall,Male,cdumbrall83@mlb.com,277 216 0392
Rene,Eggle,Male,reggle84@mac.com,819 936 2124
Karina,Soonhouse,Female,ksoonhouse85@twitpic.com,406 386 1873
Clint,MacClinton,Male,cmacclinton86@unc.edu,295 175 9746
Ugo,Hubble,Male,uhubble87@narod.ru,135 213 2950
Rodolph,Hannan,Male,rhannan88@columbia.edu,343 779 1692
Tiffy,Votier,Female,tvotier89@mac.com,417 613 6608
Odelia,Bruyns,Female,obruyns8a@digg.com,915 122 0700
Vince,Fagge,Genderqueer,vfagge8b@comcast.net,177 292 0812
Antonino,Mighele,Male,amighele8c@ifeng.com,758 204 7811
Byram,Wield,Bigender,bwield8d@vk.com,544 120 6457
Malissa,Comusso,Female,mcomusso8e@google.co.jp,630 782 0632
Barnaby,Gladbeck,Male,bgladbeck8f@wordpress.org,215 245 8530
Hakeem,Messer,Male,hmesser8g@cnbc.com,808 435 2846
Raf,Ayer,Female,rayer8h@deliciousdays.com,423 416 5064
Caldwell,Harvison,Male,charvison8i@istockphoto.com,563 326 5199
Storm,Capponeer,Female,scapponeer8j@salon.com,857 875 8862
Ebony,Foxall,Bigender,efoxall8k@lycos.com,939 303 2382
Lynn,Baumford,Male,lbaumford8l@vistaprint.com,409 643 1506
Royce,McGaughey,Male,rmcgaughey8m@diigo.com,661 921 6072
Inez,Bertelsen,Female,ibertelsen8n@canalblog.com,328 778 8635
Mada,Hiscocks,Female,mhiscocks8o@cargocollective.com,619 900 1933
Silvan,Yoell,Genderqueer,syoell8p@cdc.gov,157 136 8801
Ozzie,Sambals,Male,osambals8q@hexun.com,689 695 7667
Jard,Golledge,Male,jgolledge8r@miitbeian.gov.cn,860 185 5245
Lexi,Freen,Female,lfreen8s@cdbaby.com,794 916 6260
Diego,Baxstare,Male,dbaxstare8t@virginia.edu,218 863 2800
Dalt,Ibeson,Male,dibeson8u@statcounter.com,180 534 8645
Ivar,Djuricic,Male,idjuricic8v@salon.com,239 758 5353
Bill,Migheli,Non-binary,bmigheli8w@cocolog-nifty.com,613 994 8514
Diarmid,Coffin,Male,dcoffin8x@so-net.ne.jp,265 553 4970
Beverlee,Sutherland,Female,bsutherland8y@fotki.com,103 388 8749
Netty,Crayker,Female,ncrayker8z@people.com.cn,151 570 3839
Wit,Canby,Male,wcanby90@utexas.edu,877 586 2424
Blayne,Bolesma,Male,bbolesma91@java.com,502 452 3612
Lamar,Wilstead,Polygender,lwilstead92@meetup.com,664 311 7831
Gibbie,Sorensen,Male,gsorensen93@alexa.com,726 300 9190
Milena,McCormack,Female,mmccormack94@wisc.edu,298 850 1482
Aridatha,Ticic,Female,aticic95@goo.gl,803 184 7925
Nathanael,Drysdell,Male,ndrysdell96@amazonaws.com,368 329 6037
Sherill,Kirkpatrick,Female,skirkpatrick97@taobao.com,963 542 8305
Forbes,Abrahams,Male,fabrahams98@elegantthemes.com,707 276 0086
Leif,Strettle,Male,lstrettle99@phpbb.com,985 602 6939
Dori,Tierny,Female,dtierny9a@delicious.com,687 377 5676
Clerc,Capehorn,Male,ccapehorn9b@reverbnation.com,462 319 9907
Torin,Limming,Male,tlimming9c@homestead.com,879 619 7841
Starla,Stiell,Female,sstiell9d@twitpic.com,405 575 4375
Lorie,Eathorne,Female,leathorne9e@yellowbook.com,578 386 9408
Shela,Schultes,Agender,sschultes9f@slideshare.net,613 915 1713
Beau,Kaas,Male,bkaas9g@who.int,502 619 5531
Christin,Klaaasen,Female,cklaaasen9h@biglobe.ne.jp,287 949 8529
Jamill,Bach,Male,jbach9i@google.de,134 972 5073
Laina,Reboul,Female,lreboul9j@go.com,429 106 2568
Aurore,Lakenton,Female,alakenton9k@mozilla.com,503 174 9143
Colan,Danniel,Male,cdanniel9l@nifty.com,153 680 6939
Merwin,Hyland,Male,mhyland9m@merriam-webster.com,229 750 1161
Stephi,Liddicoat,Female,sliddicoat9n@dion.ne.jp,121 297 6077
Lyda,Hlavac,Female,lhlavac9o@odnoklassniki.ru,550 447 1041
Suzi,Rodgerson,Female,srodgerson9p@chron.com,509 398 5363
Clarette,MacCoughan,Female,cmaccoughan9q@cocolog-nifty.com,788 181 9353
Luci,Worg,Female,lworg9r@cbsnews.com,923 735 5454
Adan,Lutwidge,Male,alutwidge9s@nhs.uk,599 471 7948
Falito,MacGowan,Male,fmacgowan9t@google.de,750 920 7665
Harlen,MacRedmond,Male,hmacredmond9u@over-blog.com,338 681 9711
Dud,McKinlay,Male,dmckinlay9v@cargocollective.com,746 547 0177
Zerk,Imesen,Male,zimesen9w@sohu.com,912 697 5076
Tomasina,Vearnals,Female,tvearnals9x@hc360.com,339 672 9220
Selig,Schuster,Genderqueer,sschuster9y@soundcloud.com,212 334 3340
Karlis,Kinnard,Polygender,kkinnard9z@ox.ac.uk,244 810 5013
Mattie,Dyshart,Polygender,mdysharta0@webs.com,294 643 1189
Nial,Crankshaw,Male,ncrankshawa1@stanford.edu,619 846 4503
Wes,Vivash,Male,wvivasha2@themeforest.net,296 796 4484
Lonnard,Kettley,Male,lkettleya3@wikimedia.org,139 721 7155
Bartolomeo,Bleakman,Male,bbleakmana4@pinterest.com,114 567 9741
Ellyn,Aleso,Genderqueer,ealesoa5@blogs.com,769 639 8470
Avictor,Gasnell,Male,agasnella6@craigslist.org,413 770 8095
Hamid,Kerans,Male,hkeransa7@boston.com,696 739 5467
Andrew,Birkmyr,Male,abirkmyra8@msu.edu,951 427 7227
Scotti,Kintish,Male,skintisha9@vimeo.com,958 970 8681
Lexie,Legg,Female,lleggaa@craigslist.org,517 500 1714
Hube,Medlicott,Male,hmedlicottab@chicagotribune.com,366 563 2770
Robbi,Jaquin,Female,rjaquinac@ed.gov,405 168 1516
Cecil,O'Kennavain,Female,cokennavainad@tinyurl.com,826 345 5915
Drugi,Antunes,Male,dantunesae@apache.org,875 671 7578
Keane,Walak,Male,kwalakaf@joomla.org,182 866 4088
Harley,Pridgeon,Female,hpridgeonag@wiley.com,398 807 2062
Salome,Lisciandri,Female,slisciandriah@businesswire.com,320 577 4892
Lev,Ayliffe,Genderfluid,layliffeai@craigslist.org,784 630 3164
Saxe,Brownsey,Male,sbrownseyaj@unesco.org,704 704 6361
Alon,Blasio,Male,ablasioak@photobucket.com,339 904 4572
Nettle,Brum,Female,nbrumal@google.cn,983 470 1645
Gare,Reace,Male,greaceam@ameblo.jp,950 644 9430
Waldon,Miguel,Male,wmiguelan@hostgator.com,607 311 6220
Claudina,Missington,Female,cmissingtonao@youku.com,219 171 3903
Amity,McWilliam,Female,amcwilliamap@dropbox.com,291 761 5315
Ricki,Bickerdike,Polygender,rbickerdikeaq@vkontakte.ru,920 629 7569
Kele,Cowherd,Male,kcowherdar@google.com.br,217 369 6100
Guillermo,Chettoe,Male,gchettoeas@twitter.com,954 978 6150
Stavros,Kovnot,Male,skovnotat@nature.com,723 559 7320
Sharity,Vellden,Female,svelldenau@photobucket.com,709 247 8555
Wilbur,Bushel,Male,wbushelav@a8.net,838 189 2927
Devland,Curton,Male,dcurtonaw@miitbeian.gov.cn,946 437 5415
Herve,Bodham,Genderqueer,hbodhamax@jiathis.com,343 324 8328
Nikaniki,Brickham,Female,nbrickhamay@dell.com,932 194 4458
Delilah,Yglesia,Female,dyglesiaaz@webs.com,725 356 7978
Philly,Clubley,Female,pclubleyb0@fastcompany.com,316 315 0141
Ludwig,O'Henehan,Male,lohenehanb1@washingtonpost.com,661 844 2245
Melonie,Moscon,Female,mmosconb2@reddit.com,820 293 2728
Isiahi,Eymor,Male,ieymorb3@nsw.gov.au,519 864 3523
Orelee,Hebden,Female,ohebdenb4@census.gov,679 402 2619
Corry,Couthard,Female,ccouthardb5@cdc.gov,380 289 8422
Siffre,Bichard,Male,sbichardb6@purevolume.com,556 138 7077
Brnaba,Gilloran,Male,bgilloranb7@merriam-webster.com,481 577 8300
Rudy,Penswick,Male,rpenswickb8@wufoo.com,739 793 5652
Jacques,Bravery,Agender,jbraveryb9@washingtonpost.com,549 705 3893
Putnem,Djuricic,Male,pdjuricicba@soundcloud.com,874 280 2405
Blinni,Eborall,Female,beborallbb@fda.gov,547 892 8483
Kale,Trussell,Non-binary,ktrussellbc@1688.com,973 325 2251
Rita,Hambrick,Agender,rhambrickbd@blogspot.com,310 198 1084
Del,Loughead,Male,dlougheadbe@elegantthemes.com,179 257 1928
Lilyan,Youd,Female,lyoudbf@accuweather.com,313 902 8432
Ryley,Probbin,Male,rprobbinbg@mapy.cz,439 762 6636
Adrianna,Bartaletti,Female,abartalettibh@wix.com,271 815 0438
Teri,Broyd,Female,tbroydbi@wp.com,309 438 6613
Sergent,Stringman,Bigender,sstringmanbj@nydailynews.com,774 352 3400
Goddard,Locard,Male,glocardbk@harvard.edu,865 289 1885
Farley,Malcolm,Male,fmalcolmbl@newsvine.com,503 868 8012
Karim,Calafato,Male,kcalafatobm@mac.com,563 691 3175
Estrellita,MacLise,Female,emaclisebn@accuweather.com,823 207 7582
Cassius,Loughhead,Male,cloughheadbo@discuz.net,414 666 6197
Devlen,Ipsly,Male,dipslybp@prweb.com,482 162 4132
Petrina,Cluett,Female,pcluettbq@dailymail.co.uk,154 555 8057
Krystle,Chippin,Female,kchippinbr@wired.com,959 127 9885
Reagan,Kerwin,Male,rkerwinbs@myspace.com,606 110 7276
Tann,Bertholin,Male,tbertholinbt@alibaba.com,798 871 5655
Danell,Shaplin,Female,dshaplinbu@harvard.edu,601 324 0268
Vladimir,Dearnaly,Male,vdearnalybv@yale.edu,242 460 8696
Bibi,Vlies,Female,bvliesbw@mozilla.com,667 204 8572
Fanni,Olivello,Female,folivellobx@360.cn,720 950 7172
Tiffie,Congdon,Female,tcongdonby@toplist.cz,558 293 9313
Dolorita,Tythe,Female,dtythebz@cam.ac.uk,565 375 7030
Nevile,Posner,Male,nposnerc0@state.gov,657 726 8918
Olly,Foggarty,Female,ofoggartyc1@columbia.edu,705 394 4021
Maribeth,Trainer,Female,mtrainerc2@aboutads.info,538 439 2087
Cirilo,Acott,Male,cacottc3@amazon.com,920 786 1803
Goraud,Turville,Male,gturvillec4@bravesites.com,382 885 2752
Lindon,Fumagall,Male,lfumagallc5@zimbio.com,569 193 6539
Ina,Tuckwell,Female,ituckwellc6@howstuffworks.com,856 948 0877
Leif,Paulisch,Male,lpaulischc7@vinaora.com,840 218 9567
Ash,Gurdon,Male,agurdonc8@xrea.com,803 820 0618
Emelita,Loblie,Female,elobliec9@oaic.gov.au,937 382 0216
Elisabet,Domengue,Agender,edomengueca@cornell.edu,773 961 9158
Missie,Gumey,Female,mgumeycb@timesonline.co.uk,707 867 1364
Candis,Eskell,Genderfluid,ceskellcc@google.com.au,976 322 2015
Isador,Nerney,Male,inerneycd@washington.edu,654 772 5842
Hube,Slora,Male,hslorace@tmall.com,393 787 0665
Benedicto,Kennicott,Male,bkennicottcf@bloglines.com,725 425 4599
Jeralee,Edes,Female,jedescg@auda.org.au,673 543 7363
Lodovico,Morgen,Genderfluid,lmorgench@apple.com,161 438 8329
Moyra,Suddock,Female,msuddockci@oakley.com,419 984 9885
Basilio,Showen,Male,bshowencj@scribd.com,218 287 5182
Joelynn,Kanwell,Female,jkanwellck@bloomberg.com,173 457 8134
Lari,Aviss,Female,lavisscl@hexun.com,913 640 4380
Guy,Gayter,Male,ggaytercm@cisco.com,634 390 5894
Kacey,Picheford,Female,kpichefordcn@biglobe.ne.jp,358 964 2084
Helena,Halston,Female,hhalstonco@intel.com,165 613 0208
Tyrus,Eassom,Male,teassomcp@google.co.uk,540 155 8217
Vivianne,Borland,Female,vborlandcq@nydailynews.com,133 161 8067
Leola,Kelk,Female,lkelkcr@intel.com,756 731 9609
Enrika,Padgham,Female,epadghamcs@nhs.uk,945 283 1023
Kelcie,Sanbroke,Female,ksanbrokect@cnet.com,582 710 5653
Krystle,Bullers,Female,kbullerscu@photobucket.com,905 257 9551
Sharon,Hortop,Female,shortopcv@acquirethisname.com,436 654 5233
Myrtle,Tarpey,Female,mtarpeycw@china.com.cn,477 179 6847
Lawry,Kintish,Male,lkintishcx@hubpages.com,594 253 7612
Ivette,Guerrieri,Polygender,iguerriericy@cdc.gov,543 142 1911
Rosmunda,Hurle,Female,rhurlecz@ftc.gov,798 435 1606
Dur,Newcomen,Male,dnewcomend0@dot.gov,688 909 5695
Melissa,Pierri,Non-binary,mpierrid1@t-online.de,110 728 5376
Christiano,Ingley,Male,cingleyd2@joomla.org,357 395 0379
Timotheus,Willford,Male,twillfordd3@sourceforge.net,395 883 6568
Giuseppe,Tattersdill,Male,gtattersdilld4@shutterfly.com,477 518 1996
Josiah,Di Claudio,Male,jdiclaudiod5@tmall.com,464 495 4551
Daniel,Dellenbrok,Male,ddellenbrokd6@illinois.edu,534 366 7356
Griffy,Milland,Male,gmillandd7@who.int,489 853 6864
Gottfried,Pavlov,Bigender,gpavlovd8@chronoengine.com,349 501 1829
Filip,Cleiment,Male,fcleimentd9@ask.com,877 414 4852
Elissa,Prover,Female,eproverda@xinhuanet.com,838 705 3626
Elsinore,Broadwell,Female,ebroadwelldb@i2i.jp,110 972 0270
Annora,MacPaike,Female,amacpaikedc@people.com.cn,737 834 5556
Caritta,Blaxlande,Female,cblaxlandedd@friendfeed.com,150 812 2220
Quint,Shyres,Male,qshyresde@washington.edu,825 708 9842
Thorsten,Rigglesford,Male,trigglesforddf@reference.com,377 118 3208
Silvanus,Skeeles,Male,sskeelesdg@slideshare.net,109 939 0225
Michelina,Annatt,Female,mannattdh@twitpic.com,708 679 3767
Karl,Neary,Male,knearydi@linkedin.com,391 844 2753
Mellisent,Yakovich,Female,myakovichdj@godaddy.com,372 827 7240
Ambrose,Frodsam,Male,afrodsamdk@geocities.jp,306 418 5382
Olenka,Wyett,Female,owyettdl@fda.gov,571 669 5609
Clarance,Hillyatt,Male,chillyattdm@blinklist.com,998 249 1773
Eadie,Marzellano,Female,emarzellanodn@studiopress.com,779 331 2260
Millicent,Abreheart,Female,mabreheartdo@geocities.com,150 948 6837
Reade,McBrady,Male,rmcbradydp@printfriendly.com,164 709 8591
Forester,Witham,Male,fwithamdq@sogou.com,461 870 8535
Romola,Boriston,Female,rboristondr@cocolog-nifty.com,965 747 9073
Pate,Scafe,Male,pscafeds@go.com,700 803 0029
Constance,Lipsett,Female,clipsettdt@elpais.com,597 317 9155
Elie,Vaskov,Female,evaskovdu@slideshare.net,384 515 6535
Ellerey,Hounsham,Male,ehounshamdv@people.com.cn,533 406 9637
Florentia,Brimilcombe,Female,fbrimilcombedw@liveinternet.ru,612 984 0942
Jolie,Walrond,Female,jwalronddx@stanford.edu,988 296 1481
Emilie,Lampke,Female,elampkedy@woothemes.com,483 334 4104
Edith,Teare,Female,etearedz@bing.com,215 731 5778
Verina,Anscombe,Female,vanscombee0@who.int,966 877 2690
Sandye,Drabble,Female,sdrabblee1@webmd.com,238 752 7988
Tedi,Bussens,Female,tbussense2@blogs.com,984 931 6129
Gill,Brookfield,Male,gbrookfielde3@people.com.cn,964 137 5094
Sibeal,Durbridge,Female,sdurbridgee4@china.com.cn,309 550 4340
Hadlee,Tomaszynski,Male,htomaszynskie5@usda.gov,370 349 8404
Brooks,Sabates,Male,bsabatese6@alexa.com,107 767 0011
Molly,Skirven,Female,mskirvene7@yahoo.com,398 347 9077
Tiffie,Haldon,Female,thaldone8@home.pl,738 820 3253
Geoff,Akerman,Male,gakermane9@ebay.com,231 209 6102
Renato,Boldecke,Male,rboldeckeea@hao123.com,938 355 6329
Billy,Aris,Male,bariseb@berkeley.edu,549 133 3445
Alaine,Morphey,Female,amorpheyec@yale.edu,653 731 2021
Bertine,Colmer,Female,bcolmered@jigsy.com,724 779 1960
Berti,Guinness,Male,bguinnessee@google.nl,645 148 7378
Richmound,Burtenshaw,Male,rburtenshawef@yale.edu,967 977 6748
Sibbie,Priter,Female,spritereg@exblog.jp,902 713 1905
Goddard,Hearsey,Male,ghearseyeh@europa.eu,799 943 6248
Sammy,Matthiesen,Male,smatthiesenei@moonfruit.com,676 157 9375
Peria,Latchmore,Female,platchmoreej@nationalgeographic.com,541 730 5332
Sharlene,Guwer,Female,sguwerek@intel.com,326 244 4787
Riobard,Collopy,Male,rcollopyel@cdc.gov,566 315 3005
Pembroke,O' Mara,Male,pomaraem@census.gov,116 158 3038
Hilton,Gregine,Male,hgregineen@apple.com,420 139 1273
Jourdain,Doberer,Male,jdoberereo@state.gov,178 899 9839
Iain,Dobble,Male,idobbleep@wikispaces.com,390 703 4090
Gregorius,Libri,Non-binary,glibrieq@sourceforge.net,617 896 9690
Magda,Hargate,Female,mhargateer@a8.net,177 639 5700
Meaghan,Battey,Female,mbatteyes@t.co,202 434 9997
Harriette,Bawles,Female,hbawleset@google.de,305 727 6555
Fulvia,Llewellyn,Bigender,fllewellyneu@vistaprint.com,668 370 5047
Hobart,Carnduff,Male,hcarnduffev@nifty.com,169 999 9641
Cathee,Lawrinson,Female,clawrinsonew@barnesandnoble.com,620 817 5802
Ber,Jansey,Male,bjanseyex@theglobeandmail.com,736 376 8346
Falkner,Delos,Male,fdelosey@huffingtonpost.com,878 807 0936
Rorke,Tonna,Male,rtonnaez@youku.com,350 395 0947
Rorke,Graith,Male,rgraithf0@oracle.com,535 807 1228
Delilah,Yegorkin,Female,dyegorkinf1@mlb.com,348 734 3130
Noak,Vergo,Male,nvergof2@apache.org,714 567 8615
Ernestus,Widocks,Male,ewidocksf3@jimdo.com,931 495 6835
Guillemette,Greatrex,Female,ggreatrexf4@nasa.gov,222 298 9453
Rene,Kersting,Female,rkerstingf5@noaa.gov,900 115 1767
Candide,Gayther,Female,cgaytherf6@mashable.com,735 201 4075
Jinny,Tomaschke,Female,jtomaschkef7@oaic.gov.au,341 253 0978
Alden,Kingescot,Male,akingescotf8@google.com,542 395 5289
Tabby,Kemet,Genderfluid,tkemetf9@constantcontact.com,357 515 3060
Alyse,Radoux,Female,aradouxfa@arstechnica.com,978 534 3843
Merrile,Espine,Bigender,mespinefb@ovh.net,364 506 8551
Louis,Arnault,Male,larnaultfc@gov.uk,824 772 2413
Daryle,Sessuns,Male,dsessunsfd@spotify.com,343 179 7185
Joshia,Pinkett,Male,jpinkettfe@shop-pro.jp,213 455 0490
Si,Cuddihy,Male,scuddihyff@cbc.ca,688 472 9568
Berton,Diggin,Male,bdigginfg@domainmarket.com,641 705 2946
Kristofor,Cometti,Male,kcomettifh@ucoz.com,639 597 1754
Cindra,Boutton,Female,cbouttonfi@arizona.edu,335 188 2461
Morly,Craigg,Male,mcraiggfj@deliciousdays.com,348 705 9517
Phaidra,Collibear,Female,pcollibearfk@w3.org,359 501 0925
Vonny,Caze,Female,vcazefl@people.com.cn,118 321 4675
Darnell,Rozanski,Male,drozanskifm@over-blog.com,558 393 3584
Robinett,Cridlin,Female,rcridlinfn@abc.net.au,981 257 5464
Inga,Wandrack,Female,iwandrackfo@miibeian.gov.cn,101 103 8077
Shelby,Maskall,Male,smaskallfp@wisc.edu,951 332 1580
Hana,Cornish,Female,hcornishfq@mysql.com,941 445 2434
Xenia,Nesby,Female,xnesbyfr@yellowbook.com,997 834 4589
Hallsy,Boden,Male,hbodenfs@acquirethisname.com,993 752 5199
Wells,Castanaga,Male,wcastanagaft@lycos.com,568 949 7595
Jan,Eddow,Male,jeddowfu@de.vu,694 601 4452
Moll,Tottle,Female,mtottlefv@privacy.gov.au,232 527 0146
Josey,Howden,Female,jhowdenfw@seesaa.net,868 123 8178
Tybalt,Van Der Vlies,Genderfluid,tvandervliesfx@jugem.jp,290 236 8307
Brenna,MacNeish,Female,bmacneishfy@gmpg.org,396 714 9808
Gaby,Pearton,Female,gpeartonfz@ning.com,310 238 8503
Alva,Bartolommeo,Male,abartolommeog0@nih.gov,311 779 0643
Dougy,Forward,Male,dforwardg1@aol.com,476 926 1169
Mike,Roll,Male,mrollg2@rediff.com,861 930 6813
Tibold,Tallent,Male,ttallentg3@sakura.ne.jp,391 206 0403
Merilyn,Kemmey,Female,mkemmeyg4@wikipedia.org,446 591 4583
Lilia,Nyssen,Female,lnysseng5@pbs.org,976 537 8520
Roscoe,Blitz,Male,rblitzg6@loc.gov,105 219 1609
Hatty,O'Keaveny,Female,hokeavenyg7@linkedin.com,918 600 7779
Inness,Toseland,Male,itoselandg8@qq.com,650 565 4662
Sonni,de Clerc,Female,sdeclercg9@linkedin.com,844 951 4465
Fairfax,Grindrod,Male,fgrindrodga@cbslocal.com,661 202 9805
Winni,Opy,Female,wopygb@census.gov,423 907 2887
Jacklin,Hattam,Genderfluid,jhattamgc@alexa.com,640 886 0124
Kiah,Tine,Female,ktinegd@facebook.com,801 696 7582
Angelo,Dusting,Genderfluid,adustingge@scribd.com,753 703 3548
Aldwin,Congram,Male,acongramgf@eepurl.com,369 391 3471
Fredrick,Neiland,Male,fneilandgg@bizjournals.com,929 155 6070
Tait,Chicotti,Male,tchicottigh@statcounter.com,269 197 9084
Jourdan,Bockmann,Female,jbockmanngi@examiner.com,831 375 7452
Moritz,McGlynn,Male,mmcglynngj@privacy.gov.au,282 770 8036
Sal,Fosserd,Male,sfosserdgk@ibm.com,161 118 9461
Elbertine,Ropkes,Female,eropkesgl@miitbeian.gov.cn,295 541 8256
Gibbie,Hourstan,Male,ghourstangm@usnews.com,339 842 5875
Stinky,Laurant,Male,slaurantgn@meetup.com,944 835 1481
Martin,Norgan,Male,mnorgango@trellian.com,573 973 8304
Carole,Panting,Female,cpantinggp@globo.com,129 998 7382
Abey,Voules,Male,avoulesgq@multiply.com,789 707 1471
Alexio,Iorio,Male,aioriogr@soup.io,814 693 1646
Antonia,Elcott,Female,aelcottgs@businessinsider.com,971 657 5249
Natal,Oldridge,Male,noldridgegt@google.com,736 774 8904
Demeter,Forber,Female,dforbergu@indiegogo.com,449 478 7999
Dennis,Flaonier,Male,dflaoniergv@issuu.com,579 858 9748
Sharleen,Forestel,Female,sforestelgw@state.gov,701 529 7364
Tamar,Hartnup,Female,thartnupgx@weebly.com,172 287 9785
Noak,Windeatt,Male,nwindeattgy@squidoo.com,835 214 6521
Base,Southan,Male,bsouthangz@eepurl.com,131 464 4056
Rodolfo,Blasli,Bigender,rblaslih0@ca.gov,985 211 9547
Karlan,Cochran,Male,kcochranh1@seattletimes.com,706 991 1146
Claudie,Snook,Female,csnookh2@sohu.com,690 400 3008
Stephenie,Gherardesci,Female,sgherardescih3@sakura.ne.jp,670 683 9660
Georgette,De Lisle,Female,gdelisleh4@ycombinator.com,140 982 3489
Catharine,Berrey,Female,cberreyh5@edublogs.org,789 223 2647
Margareta,Jordeson,Female,mjordesonh6@squarespace.com,403 961 6142
Kerrill,Duckels,Female,kduckelsh7@netscape.com,447 847 7867
Anatole,Skeldon,Male,askeldonh8@pagesperso-orange.fr,737 680 2466
Rooney,Spawell,Male,rspawellh9@photobucket.com,475 289 2045
Malanie,Cammocke,Female,mcammockeha@ucsd.edu,283 889 6000
Ellary,Wastall,Male,ewastallhb@1und1.de,969 663 4272
Noella,Netti,Female,nnettihc@examiner.com,224 252 0955
Dwayne,Kalf,Male,dkalfhd@nifty.com,432 622 1285
Betsy,Bruno,Female,bbrunohe@home.pl,341 970 2431
Knox,Juggins,Male,kjugginshf@japanpost.jp,392 982 6990
Miguelita,Medley,Female,mmedleyhg@cafepress.com,515 980 3738
Elmo,Comiskey,Male,ecomiskeyhh@biblegateway.com,264 935 9637
Doyle,Silcock,Male,dsilcockhi@t-online.de,978 713 5274
Ev,Mullane,Male,emullanehj@google.com.br,928 836 9188
Gannon,Sidworth,Male,gsidworthhk@statcounter.com,239 644 2484
Cahra,Featonby,Female,cfeatonbyhl@topsy.com,892 758 9893
Tull,Werlock,Male,twerlockhm@cpanel.net,581 358 7021
Carrie,Aizikovitz,Female,caizikovitzhn@vinaora.com,152 211 5286
Baxy,Griss,Polygender,bgrissho@nhs.uk,123 968 0468
Reider,Zapata,Male,rzapatahp@elpais.com,296 964 5373
Wilfred,Balsdon,Male,wbalsdonhq@dell.com,405 178 1036
Lela,Challis,Female,lchallishr@t-online.de,646 308 1108
Kane,Schout,Male,kschouths@wordpress.org,658 323 6485
Adamo,Comusso,Genderqueer,acomussoht@t.co,445 832 5061
Jenifer,Edmondson,Female,jedmondsonhu@t.co,866 762 0687
Berri,Brogan,Female,bbroganhv@apache.org,308 417 5151
Roslyn,Tynan,Female,rtynanhw@creativecommons.org,591 884 8059
Maisie,Cosker,Female,mcoskerhx@csmonitor.com,977 307 2399
Marta,Chapleo,Female,mchapleohy@furl.net,937 610 9960
Waverley,Bywaters,Male,wbywatershz@trellian.com,339 410 6258
Jehanna,Scriviner,Female,jscrivineri0@nifty.com,241 793 7597
Maynard,Catlin,Non-binary,mcatlini1@photobucket.com,542 735 8515
Bettina,Whelband,Female,bwhelbandi2@mlb.com,222 768 2078
Perry,Oakly,Male,poaklyi3@wikia.com,651 206 2104
Margeaux,McQuarrie,Female,mmcquarriei4@amazon.com,831 112 9511
Sherie,Pipe,Female,spipei5@blogtalkradio.com,950 699 2730
Clim,Whitaker,Male,cwhitakeri6@amazon.co.jp,706 964 2661
Michel,Trewett,Male,mtrewetti7@google.cn,176 892 9332
Codie,Greenman,Female,cgreenmani8@cdc.gov,920 859 0794
Jessica,Windus,Female,jwindusi9@cbslocal.com,158 233 3460
Francklyn,Prosh,Male,fproshia@topsy.com,943 829 0054
Binnie,Poles,Female,bpolesib@geocities.com,945 817 6839
Randie,Skillern,Bigender,rskillernic@tumblr.com,135 333 6117
Peirce,Meeson,Male,pmeesonid@baidu.com,643 861 9842
Eachelle,Leeuwerink,Female,eleeuwerinkie@wix.com,595 947 0127
Thibaut,Glasebrook,Male,tglasebrookif@bbc.co.uk,173 101 7295
Colan,Mac,Male,cmacig@amazonaws.com,396 236 1709
Dina,Walework,Female,dwaleworkih@symantec.com,520 201 5250
Gregorio,Steffens,Male,gsteffensii@alexa.com,158 802 7041
Sigismondo,McCuthais,Male,smccuthaisij@printfriendly.com,420 287 0784
Marylynne,Tassel,Female,mtasselik@posterous.com,743 607 4512
Farrel,Davidovicz,Male,fdavidoviczil@dmoz.org,704 543 5222
Krishna,Rymell,Male,krymellim@cnn.com,168 256 8921
Jayme,Lowle,Female,jlowlein@netscape.com,579 604 1935
Baily,Coatts,Male,bcoattsio@storify.com,169 767 8349
Antone,Alpe,Male,aalpeip@cmu.edu,960 810 3590
Christian,Gledhall,Female,cgledhalliq@nsw.gov.au,419 617 2769
Grange,Labroue,Male,glabroueir@ezinearticles.com,577 424 9786
Renae,Goude,Female,rgoudeis@ustream.tv,540 610 9963
Reuben,Santacrole,Male,rsantacroleit@nsw.gov.au,436 764 3009
Gawain,Ounsworth,Male,gounsworthiu@europa.eu,995 572 3582
Brier,Petford,Female,bpetfordiv@cafepress.com,247 112 0880
Dyna,Tocknell,Female,dtocknelliw@hugedomains.com,226 517 3028
Rock,Charsley,Male,rcharsleyix@house.gov,794 748 9400
Paulette,Peatman,Female,ppeatmaniy@senate.gov,316 891 3522
Garv,Mellodey,Male,gmellodeyiz@google.pl,960 635 3426
Carmita,Schutte,Female,cschuttej0@reference.com,501 314 3166
Cozmo,Malimoe,Male,cmalimoej1@globo.com,371 650 5339
Enoch,Shaxby,Male,eshaxbyj2@youtu.be,445 598 6078
Brandy,Arnault,Male,barnaultj3@shinystat.com,836 293 6282
Adey,Showl,Female,ashowlj4@free.fr,663 733 4861
Chaim,Kempstone,Male,ckempstonej5@yale.edu,770 886 9687
Iggie,Oganesian,Male,ioganesianj6@cocolog-nifty.com,328 257 5415
Lanny,Payler,Female,lpaylerj7@utexas.edu,637 950 9537
Harmonie,Jerdein,Female,hjerdeinj8@sohu.com,379 186 2451
Sean,Hulett,Female,shulettj9@google.es,144 783 7365
Johannes,Scyone,Male,jscyoneja@ihg.com,804 587 6024
Clemmy,Gascoyen,Male,cgascoyenjb@kickstarter.com,283 831 5410
Calla,Mossop,Female,cmossopjc@deliciousdays.com,458 847 5989
Olav,Kop,Male,okopjd@etsy.com,354 740 1697
Minnnie,Henze,Female,mhenzeje@storify.com,662 517 6835
Jarrad,Johannes,Male,jjohannesjf@google.co.uk,676 603 7601
Butch,Morsey,Agender,bmorseyjg@bizjournals.com,896 822 3247
Xymenes,Yarmouth,Male,xyarmouthjh@alibaba.com,942 533 9670
Mateo,Klaggeman,Male,mklaggemanji@mapquest.com,963 764 2007
Keefe,Kovelmann,Male,kkovelmannjj@twitter.com,879 712 9802
Caesar,Earie,Male,ceariejk@aboutads.info,829 801 2590
Kally,Bottini,Female,kbottinijl@t-online.de,212 636 0542
Easter,Norcross,Female,enorcrossjm@go.com,770 701 7726
Egan,Rishman,Male,erishmanjn@cdc.gov,503 788 3705
Ben,Miell,Male,bmielljo@jiathis.com,481 324 9392
Jedidiah,Forte,Male,jfortejp@dailymail.co.uk,293 816 1718
Merwin,O'Sherin,Male,mosherinjq@qq.com,181 966 3862
Alwin,Rosebotham,Male,arosebothamjr@elegantthemes.com,563 991 2839
Daveen,Caddan,Polygender,dcaddanjs@desdev.cn,584 814 5179
Daryn,de Wilde,Female,ddewildejt@vistaprint.com,783 382 8460
Orion,Massingberd,Male,omassingberdju@dailymotion.com,280 508 3357
Brady,Weiss,Male,bweissjv@chron.com,128 731 2034
Calv,Doumerque,Bigender,cdoumerquejw@theglobeandmail.com,749 951 5011
Fanchon,Younge,Female,fyoungejx@nih.gov,675 321 3767
Nadine,Shireff,Female,nshireffjy@blogs.com,829 553 4201
Cindelyn,Sperling,Female,csperlingjz@woothemes.com,963 667 0179
Jemimah,Hinz,Genderfluid,jhinzk0@bandcamp.com,947 405 0730
Odilia,Franklin,Agender,ofranklink1@goo.ne.jp,167 777 6134
Rosalynd,Longega,Female,rlongegak2@yellowbook.com,830 624 2422
Cherey,Nornasell,Bigender,cnornasellk3@house.gov,576 507 9056
Missie,Eads,Female,meadsk4@weather.com,921 212 9589
Minda,Stut,Female,mstutk5@sun.com,835 189 8046
Dionysus,Mattersey,Male,dmatterseyk6@wikia.com,742 921 3067
Brandtr,Barens,Genderfluid,bbarensk7@squidoo.com,819 567 5541
Lorelle,Guidotti,Female,lguidottik8@ihg.com,614 692 5711
Kimbra,Dawidowsky,Female,kdawidowskyk9@smh.com.au,915 909 3605
Uriah,Elkins,Male,uelkinska@hao123.com,625 829 0429
Natalina,McLenaghan,Genderfluid,nmclenaghankb@nps.gov,828 431 4432
Deck,Garrould,Male,dgarrouldkc@usgs.gov,486 119 9718
Ransom,Canham,Male,rcanhamkd@vkontakte.ru,967 252 2575
Selina,Alessandretti,Genderfluid,salessandrettike@google.it,883 695 0908
Ysabel,McCraw,Non-binary,ymccrawkf@arizona.edu,297 326 8283
Nananne,O'Keevan,Female,nokeevankg@ucla.edu,481 115 2819
Jephthah,Sturmey,Male,jsturmeykh@com.com,366 108 6626
Sonnie,Shurmer,Male,sshurmerki@cbslocal.com,931 166 5473
Sophi,M'Quharge,Female,smquhargekj@imageshack.us,874 271 4644
Staffard,Prestland,Male,sprestlandkk@hugedomains.com,617 385 5937
Jenna,Hallsworth,Female,jhallsworthkl@sohu.com,429 813 1643
Emelda,Wilbor,Female,ewilborkm@mail.ru,289 497 2218
Clementius,Howorth,Male,choworthkn@arizona.edu,171 150 2528
Bengt,O'Hollegan,Male,boholleganko@wisc.edu,775 719 6967
Deane,Dahlberg,Male,ddahlbergkp@ameblo.jp,844 217 9418
Dieter,Tash,Male,dtashkq@spotify.com,552 316 3431
Alain,MacCrann,Male,amaccrannkr@ucoz.com,465 292 8572
Alejandro,Macconachy,Male,amacconachyks@nyu.edu,961 966 5810
De witt,Naismith,Male,dnaismithkt@wix.com,774 293 4829
Thomas,Donahue,Genderqueer,tdonahueku@hp.com,411 927 7345
Vin,Dewick,Male,vdewickkv@loc.gov,656 887 8075
Marcile,Tutill,Female,mtutillkw@nba.com,590 999 3114
Sara-ann,Janiak,Female,sjaniakkx@archive.org,161 317 1312
Goraud,Treadgall,Male,gtreadgallky@xinhuanet.com,242 479 0395
Goddart,Pinks,Male,gpinkskz@google.ca,248 682 0153
Brent,Catterall,Male,bcatteralll0@chron.com,460 444 5008
Egon,McIlwain,Male,emcilwainl1@hao123.com,101 424 7196
Bria,MacEvilly,Female,bmacevillyl2@seesaa.net,575 801 9356
Vivienne,Skitral,Female,vskitrall3@simplemachines.org,782 562 4533
Davidde,Commings,Male,dcommingsl4@sogou.com,313 190 1732
Maud,Box,Female,mboxl5@dailymotion.com,365 288 5188
Marshall,Boulder,Male,mboulderl6@ocn.ne.jp,782 617 2975
Brand,Kubin,Male,bkubinl7@dot.gov,719 205 4105
Petronilla,Hannibal,Female,phanniball8@pbs.org,328 469 8638
Lyda,Elsby,Female,lelsbyl9@zimbio.com,632 816 7892
Wilhelmina,Orwin,Female,worwinla@icq.com,301 829 1355
Hetty,Mollitt,Female,hmollittlb@dedecms.com,436 789 7380
Ted,Fanthom,Female,tfanthomlc@independent.co.uk,724 918 1728
Sammy,Huckstepp,Female,shucksteppld@sogou.com,365 710 7693
Gloriane,Catterall,Female,gcatterallle@reference.com,274 456 8578
Cully,Klosa,Male,cklosalf@hud.gov,231 255 5159
Bernice,Steinhammer,Female,bsteinhammerlg@ebay.com,453 673 4194
Melony,McKinless,Female,mmckinlesslh@elpais.com,793 333 5713
Kirbie,Axby,Female,kaxbyli@slate.com,856 624 0604
Niels,Lawland,Male,nlawlandlj@virginia.edu,432 576 7219
Angelica,Norcliffe,Female,anorcliffelk@army.mil,615 259 5530
Ewart,Doggett,Male,edoggettll@trellian.com,951 530 2562
Roberto,Janda,Male,rjandalm@go.com,478 903 4052
Ned,Filyakov,Male,nfilyakovln@vistaprint.com,406 894 4125
Karna,Fraschetti,Female,kfraschettilo@tripadvisor.com,432 795 8204
Babbie,Thorsen,Female,bthorsenlp@comcast.net,684 851 6235
Ashla,Lowensohn,Female,alowensohnlq@cnet.com,189 863 5780
Rodie,Epelett,Female,repelettlr@fastcompany.com,734 183 4588
Fleur,Strippel,Female,fstrippells@geocities.com,624 525 7471
Andrei,Storek,Agender,astoreklt@nifty.com,376 582 1745
Gaspar,Paolini,Male,gpaolinilu@github.com,817 397 2269
Silvana,Ivain,Female,sivainlv@facebook.com,478 551 3179
Nigel,Goodee,Male,ngoodeelw@pen.io,512 390 0655
Amelina,Hargrave,Female,ahargravelx@newyorker.com,192 646 7145
Ebony,Terrington,Female,eterringtonly@facebook.com,464 742 7382
Darcy,Polo,Male,dpololz@rediff.com,936 341 8291
Englebert,Frammingham,Male,eframminghamm0@histats.com,812 200 0064
Ellwood,Grzeskowski,Male,egrzeskowskim1@disqus.com,657 150 0958
Gene,Vassel,Male,gvasselm2@pen.io,971 465 6381
Tann,Dyott,Male,tdyottm3@tamu.edu,107 434 2057
Kasper,Odom,Bigender,kodomm4@google.cn,327 867 3645
Gregoire,Killeen,Male,gkilleenm5@typepad.com,879 582 1119
Dasie,Yepiskopov,Non-binary,dyepiskopovm6@baidu.com,178 226 8954
Burl,Simes,Polygender,bsimesm7@who.int,487 272 5882
Aurelea,Passman,Female,apassmanm8@stanford.edu,583 685 1330
Etienne,Kibard,Male,ekibardm9@cocolog-nifty.com,577 423 2547
Sondra,Frazier,Female,sfrazierma@reuters.com,797 651 3804
Van,Oliva,Male,volivamb@hibu.com,480 552 8310
Patti,Robley,Genderqueer,probleymc@hp.com,804 165 6492
Marline,Fauguel,Female,mfauguelmd@barnesandnoble.com,643 637 5006
Lona,Chettle,Agender,lchettleme@hexun.com,297 454 2058
Hendrik,Belvin,Male,hbelvinmf@sourceforge.net,621 383 1320
Marsiella,Eyer,Female,meyermg@weibo.com,512 359 0651
Connie,Raddenbury,Female,craddenburymh@taobao.com,226 840 7150
Elberta,Casiero,Female,ecasieromi@pinterest.com,952 276 1006
Alanson,Le Bosse,Male,alebossemj@bbb.org,736 643 6703
Dall,Van Der Straaten,Male,dvanderstraatenmk@intel.com,817 643 8665
Leola,Benedit,Female,lbeneditml@123-reg.co.uk,772 982 3131
Gabie,Pasquale,Male,gpasqualemm@auda.org.au,701 563 8907
Donn,Bubb,Male,dbubbmn@google.nl,397 204 6934
Carling,Surgeon,Male,csurgeonmo@behance.net,463 295 5535
Belle,Malin,Female,bmalinmp@apache.org,697 937 5103
Feodor,Shercliff,Agender,fshercliffmq@arstechnica.com,369 123 3472
Perkin,Barrat,Male,pbarratmr@cam.ac.uk,312 168 9429
Jarrod,Dwine,Male,jdwinems@squidoo.com,859 257 8469
Dulcia,Letham,Female,dlethammt@delicious.com,283 618 1716
Georgeta,Garthshore,Female,ggarthshoremu@symantec.com,758 157 5932
Bev,Koppeck,Male,bkoppeckmv@nsw.gov.au,122 778 9331
Kendal,Comerford,Male,kcomerfordmw@google.de,359 528 1401
Godard,Train,Male,gtrainmx@jiathis.com,282 877 9055
Drake,Capeling,Male,dcapelingmy@bbb.org,386 894 8264
Marlee,Streat,Female,mstreatmz@mac.com,841 647 1895
Arv,Southouse,Male,asouthousen0@arizona.edu,260 767 8690
Papageno,Linnard,Male,plinnardn1@pbs.org,229 488 9678
Lock,Dunning,Male,ldunningn2@loc.gov,106 241 1100
Frederique,Chidzoy,Female,fchidzoyn3@quantcast.com,564 306 4131
Gay,Parren,Female,gparrenn4@hexun.com,267 602 4121
Joycelin,Elcy,Female,jelcyn5@smh.com.au,717 802 1203
Shaylynn,Crowche,Female,scrowchen6@aboutads.info,406 485 8811
Klaus,Devereux,Male,kdevereuxn7@gnu.org,986 451 9325
Hernando,Fishpool,Genderqueer,hfishpooln8@hatena.ne.jp,662 136 3804
Ezechiel,Walden,Male,ewaldenn9@blog.com,760 777 0122
Katine,Lucas,Female,klucasna@wunderground.com,343 932 7602
Theodosia,Kenrick,Female,tkenricknb@businessweek.com,393 980 2714
Vicki,Kornyshev,Female,vkornyshevnc@meetup.com,887 739 2981
Catlaina,Vanyarkin,Polygender,cvanyarkinnd@kickstarter.com,255 370 9435
Pammy,Tearney,Agender,ptearneyne@digg.com,872 995 6283
Faun,Jillis,Female,fjillisnf@xinhuanet.com,989 703 7616
Elane,Slegg,Female,esleggng@php.net,205 159 3091
Garvy,Wybron,Male,gwybronnh@businesswire.com,680 583 6064
Olivette,Rains,Female,orainsni@tinypic.com,720 676 4832
Lamont,Guerreiro,Male,lguerreironj@is.gd,283 151 1872
Merwyn,Heintze,Non-binary,mheintzenk@about.com,516 149 5841
Glory,Gott,Female,ggottnl@cam.ac.uk,590 384 8384
Velma,Longbone,Female,vlongbonenm@plala.or.jp,655 945 1103
Trudey,Stranger,Female,tstrangernn@house.gov,256 611 0620
Brnaby,Dufall,Male,bdufallno@statcounter.com,183 865 8519
Vasili,Streeten,Male,vstreetennp@gmpg.org,913 448 7369
Lois,Olcot,Female,lolcotnq@mayoclinic.com,800 625 8745
Adolphus,Tibalt,Male,atibaltnr@addthis.com,765 944 4566
Parsifal,Geekie,Male,pgeekiens@parallels.com,755 283 0695
Leonardo,Danielkiewicz,Male,ldanielkiewicznt@kickstarter.com,434 731 0652
Aurel,Trank,Female,atranknu@mozilla.com,790 717 4058
Waverly,Gater,Male,wgaternv@goo.ne.jp,607 724 0759
Roddy,Loude,Genderfluid,rloudenw@deliciousdays.com,843 597 0559
Kore,Knifton,Genderqueer,kkniftonnx@sakura.ne.jp,151 104 1937
Joycelin,McCrossan,Female,jmccrossanny@census.gov,964 640 9643
Guthry,Mariault,Polygender,gmariaultnz@time.com,704 967 6043
Ciro,Austen,Male,causteno0@freewebs.com,484 632 3475
Ezechiel,Ummfrey,Male,eummfreyo1@icio.us,224 422 7025
Griswold,Kleszinski,Male,gkleszinskio2@huffingtonpost.com,728 455 1229
Raeann,Abramski,Female,rabramskio3@123-reg.co.uk,700 829 1795
Madeleine,Jepson,Female,mjepsono4@usnews.com,531 772 2612
Karmen,Nelthorp,Female,knelthorpo5@sciencedaily.com,969 204 2412
Shep,Marsh,Male,smarsho6@tamu.edu,692 452 6102
Nappy,Monroe,Male,nmonroeo7@google.co.uk,987 175 0247
Tye,Gipps,Male,tgippso8@cnet.com,909 141 4584
Hynda,Blythin,Agender,hblythino9@gov.uk,193 717 7042
Laurice,Winkett,Female,lwinkettoa@oaic.gov.au,254 318 8243
Mirabel,Colleer,Female,mcolleerob@ameblo.jp,769 792 7315
Seka,Schubert,Female,sschubertoc@ehow.com,781 482 0427
Christoper,Lanmeid,Male,clanmeidod@wordpress.com,995 660 9743
Stacie,Yewman,Female,syewmanoe@youtu.be,686 753 1244
Gaston,Fowlie,Male,gfowlieof@ed.gov,346 855 0580
Rodie,Krolik,Female,rkrolikog@printfriendly.com,353 838 2790
Emmerich,Torbett,Male,etorbettoh@cloudflare.com,916 656 3927
Margo,McLaren,Female,mmclarenoi@xinhuanet.com,265 268 3534
Trumaine,Pantling,Male,tpantlingoj@huffingtonpost.com,751 917 4118
Aron,Liddon,Male,aliddonok@ed.gov,613 507 4825
Daryn,Bestall,Genderqueer,dbestallol@sfgate.com,583 533 2797
Norry,Cunniff,Female,ncunniffom@mlb.com,285 917 5973
Cleopatra,Mion,Agender,cmionon@acquirethisname.com,203 572 6650
Bogey,Semonin,Male,bsemoninoo@joomla.org,669 390 3957
Danny,Dreye,Male,ddreyeop@people.com.cn,233 594 9281
Nadeen,Chown,Female,nchownoq@berkeley.edu,136 663 2609
Noby,Humphries,Male,nhumphriesor@friendfeed.com,866 431 1960
Serene,Lomax,Female,slomaxos@flickr.com,653 945 5448
Brooks,Marikhin,Male,bmarikhinot@g.co,752 769 7162
Krysta,Banthorpe,Female,kbanthorpeou@mediafire.com,862 878 3321
Bliss,Orrum,Female,borrumov@hao123.com,346 744 8338
Noble,Fabbro,Male,nfabbroow@seattletimes.com,214 935 0529
Tandi,Greenacre,Female,tgreenacreox@huffingtonpost.com,109 683 6940
Wye,Jannequin,Genderfluid,wjannequinoy@geocities.jp,265 475 7855
Corine,Zimmer,Female,czimmeroz@ucla.edu,359 812 5283
Latashia,Lennarde,Female,llennardep0@de.vu,951 487 3887
Ximenez,Zavattero,Male,xzavatterop1@de.vu,403 222 8382
Werner,Watters,Male,wwattersp2@ebay.com,751 783 0714
Faina,Goodyer,Female,fgoodyerp3@blinklist.com,522 996 1471
Barrett,Bulle,Male,bbullep4@gmpg.org,390 924 3287
Fey,Lambol,Female,flambolp5@artisteer.com,463 999 7952
Brandi,Douch,Female,bdouchp6@un.org,400 841 9658
Mordecai,Peeke-Vout,Polygender,mpeekevoutp7@cocolog-nifty.com,406 200 6938
Mikael,Ahlin,Male,mahlinp8@flavors.me,397 781 0222
Rik,Coatham,Male,rcoathamp9@facebook.com,233 578 9389
Kippy,Mason,Female,kmasonpa@oracle.com,769 980 7615
Cletus,Footer,Male,cfooterpb@amazon.de,959 281 0007
Reuben,Berryann,Male,rberryannpc@about.com,964 830 1815
Neal,Duer,Male,nduerpd@tiny.cc,236 563 2222
Kienan,Derdes,Male,kderdespe@nydailynews.com,804 757 8019
Danni,Reeday,Female,dreedaypf@miibeian.gov.cn,474 580 7890
Dagny,Hynard,Male,dhynardpg@vk.com,669 548 3686
Sadella,Dyball,Female,sdyballph@smugmug.com,648 835 5417
Darci,Emptage,Female,demptagepi@java.com,464 234 6345
Vicky,Boor,Female,vboorpj@a8.net,761 344 7592
Gerhardt,Strettle,Genderqueer,gstrettlepk@com.com,656 680 7086
Shurlocke,Gantzman,Male,sgantzmanpl@goo.gl,113 187 1054
Sharl,Hackworthy,Female,shackworthypm@oracle.com,947 184 2248
Huntington,Dmych,Male,hdmychpn@so-net.ne.jp,859 676 9021
Ernie,Kinghorne,Male,ekinghornepo@admin.ch,396 545 2365
Chiarra,McLarnon,Female,cmclarnonpp@delicious.com,594 765 1750
Sullivan,Geffen,Male,sgeffenpq@aboutads.info,223 760 2128
Lucius,MacIlwrick,Male,lmacilwrickpr@washington.edu,310 865 0490
Antoinette,Jaumet,Female,ajaumetps@mtv.com,991 103 2166
Niels,Chesters,Genderqueer,nchesterspt@furl.net,588 130 0383
Lyn,Hambling,Male,lhamblingpu@mapquest.com,262 941 2248
Saudra,Godwyn,Female,sgodwynpv@icq.com,738 730 7148
Caritta,Biggerstaff,Female,cbiggerstaffpw@flavors.me,484 607 6194
Kerwin,Groom,Male,kgroompx@hugedomains.com,368 665 5538
Ber,Sandland,Bigender,bsandlandpy@ebay.co.uk,450 616 9939
Zelig,Veck,Male,zveckpz@ebay.com,475 481 9604
Katharyn,Possel,Female,kposselq0@odnoklassniki.ru,552 558 5070
Cariotta,Huggons,Female,chuggonsq1@opensource.org,917 140 7851
Koren,Lovering,Female,kloveringq2@squarespace.com,385 674 7706
Drud,Buck,Male,dbuckq3@bbc.co.uk,421 614 1554
Garland,Underdown,Female,gunderdownq4@rambler.ru,370 893 6061
Justine,De Biasio,Female,jdebiasioq5@dedecms.com,797 718 9238
Berkie,Rorke,Male,brorkeq6@twitter.com,925 798 6782
Chris,Bisatt,Male,cbisattq7@jugem.jp,472 913 7567
Giacobo,Tregaskis,Male,gtregaskisq8@shinystat.com,802 953 8348
Omero,Gerard,Male,ogerardq9@yolasite.com,777 100 0956
Rheba,Ruffy,Female,rruffyqa@usatoday.com,859 908 4325
Liam,Fevers,Male,lfeversqb@163.com,614 283 5471
Coleman,Emmanuele,Male,cemmanueleqc@instagram.com,553 301 6211
Camey,Fero,Male,cferoqd@indiegogo.com,300 559 1197
Lina,Colaton,Female,lcolatonqe@friendfeed.com,502 954 3100
Kandace,Deniscke,Female,kdenisckeqf@timesonline.co.uk,679 627 3672
Garwood,Danielou,Male,gdanielouqg@indiegogo.com,445 718 6700
Ellswerth,Klulicek,Male,eklulicekqh@dion.ne.jp,149 509 5839
Ardine,Waterfield,Female,awaterfieldqi@house.gov,168 634 3447
Fairlie,Friel,Male,ffrielqj@github.com,406 554 9195
Kerwinn,Toye,Male,ktoyeqk@xinhuanet.com,938 780 9976
Barbi,Cole,Female,bcoleql@rambler.ru,492 715 1536
Marketa,Waddilove,Female,mwaddiloveqm@sitemeter.com,334 249 0238
Meryl,Simka,Agender,msimkaqn@toplist.cz,788 458 9372
Sanders,Daingerfield,Bigender,sdaingerfieldqo@home.pl,689 541 7706
Marc,Fronczak,Male,mfronczakqp@theguardian.com,617 369 2985
Rianon,Izatson,Female,rizatsonqq@indiegogo.com,780 633 9127
Rozalin,Moreinis,Genderfluid,rmoreinisqr@freewebs.com,596 410 4651
Oralie,Tomei,Female,otomeiqs@chronoengine.com,356 131 2723
Bethena,Capun,Female,bcapunqt@freewebs.com,532 293 3450
Gerrilee,Goatcher,Female,ggoatcherqu@wisc.edu,959 215 6474
Karia,Corradino,Female,kcorradinoqv@yellowbook.com,399 432 7883
Rea,Calway,Female,rcalwayqw@marriott.com,656 219 4507
Isabella,Darycott,Female,idarycottqx@uol.com.br,258 560 3225
Erinn,Iannetti,Female,eiannettiqy@domainmarket.com,130 649 9963
Gaylor,Siehard,Male,gsiehardqz@washington.edu,730 602 3039
Gladys,Pawelec,Female,gpawelecr0@nature.com,859 135 9899
Talia,Whiffin,Female,twhiffinr1@amazon.co.jp,943 940 1084
Doretta,Severn,Female,dsevernr2@imdb.com,984 888 4656
Vale,Exeter,Male,vexeterr3@umn.edu,131 717 9588
Arney,Skydall,Male,askydallr4@about.com,632 362 2011
Cynthie,Woolager,Female,cwoolagerr5@guardian.co.uk,413 651 9700
Elena,Haresnaip,Female,eharesnaipr6@vkontakte.ru,246 417 6040
Siouxie,Peschet,Female,speschetr7@dell.com,831 192 8593
Frederick,Mulcaster,Male,fmulcasterr8@microsoft.com,583 526 0375
Britte,Gozzard,Female,bgozzardr9@theglobeandmail.com,261 639 2244
Nikolas,Alderson,Male,naldersonra@google.cn,380 747 2527
Sorcha,Brinded,Female,sbrindedrb@qq.com,297 639 0146
Hillary,Ricards,Male,hricardsrc@java.com,187 578 1285
Ricard,Kilford,Male,rkilfordrd@msn.com,321 666 3369
Eli,Wigfield,Male,ewigfieldre@ycombinator.com,742 823 6759
Adey,Leader,Female,aleaderrf@opera.com,232 649 2644
Estrella,Welbeck,Bigender,ewelbeckrg@livejournal.com,821 947 2774
Kathy,Gaize,Non-binary,kgaizerh@loc.gov,664 796 0756
Ellie,Pill,Agender,epillri@mit.edu,928 362 4703
Alecia,Lindup,Female,alinduprj@guardian.co.uk,368 856 6071
Estelle,Cholton,Female,echoltonrk@paypal.com,114 399 5584
Layton,Scudamore,Male,lscudamorerl@europa.eu,513 743 2754
Tessa,Franzewitch,Female,tfranzewitchrm@google.co.uk,531 574 7104
Janaye,Seligson,Female,jseligsonrn@360.cn,621 754 9502
Bill,Arkcoll,Female,barkcollro@shop-pro.jp,263 139 6926
Gaspar,Poleye,Male,gpoleyerp@nymag.com,315 737 9909
Claudine,Greggersen,Female,cgreggersenrq@phoca.cz,595 478 4329
Cos,Delgardo,Male,cdelgardorr@bloglovin.com,444 499 7244
