first_name,last_name,gender,email,phone
Calypso,Rumens,Female,crumens0@oracle.com,489 658 9791
Shir,Bachelor,Female,sbachelor1@canalblog.com,363 407 7247
Gerta,Marchiso,Female,gmarchiso2@mapquest.com,637 840 5677
Leola,Trevaskiss,Female,ltrevaskiss3@edublogs.org,819 521 8412
Shaine,Hover,Male,shover4@ifeng.com,562 657 8435
Carrie,Blaszczynski,Female,cblaszczynski5@nhs.uk,439 366 1947
Vyky,Cash,Genderfluid,vcash6@businesswire.com,996 597 0992
Christian,Selbie,Non-binary,cselbie7@pinterest.com,623 697 1015
Fleur,Solesbury,Non-binary,fsolesbury8@google.es,248 901 4979
Lannie,Clemas,Male,lclemas9@hatena.ne.jp,180 710 0960
Harvey,Durnill,Male,hdurnilla@nationalgeographic.com,291 963 5352
Rochette,Gringley,Female,rgringleyb@macromedia.com,813 698 3511
Gerda,Salaman,Female,gsalamanc@ebay.co.uk,347 221 5275
Aveline,Greswell,Agender,agreswelld@tiny.cc,932 240 1659
Fairleigh,Pashby,Male,fpashbye@utexas.edu,980 917 8364
Catha,Windram,Female,cwindramf@cdbaby.com,962 657 3113
Fran,MacCourt,Male,fmaccourtg@microsoft.com,964 668 4122
Athene,Callam,Non-binary,acallamh@wikimedia.org,160 501 1929
Concordia,Cloake,Female,ccloakei@etsy.com,123 301 3567
Minne,Withinshaw,Female,mwithinshawj@timesonline.co.uk,319 175 1986
Robinia,Cushion,Female,rcushionk@netscape.com,412 453 8473
Isaak,MacKonochie,Male,imackonochiel@wp.com,522 998 4448
Cathy,Kerford,Female,ckerfordm@photobucket.com,182 123 4356
Gary,Waterhowse,Male,gwaterhowsen@friendfeed.com,742 461 6967
Sunny,Sweeten,Female,ssweeteno@yandex.ru,193 268 5946
Sheffie,Gaukroger,Male,sgaukrogerp@gravatar.com,183 547 7132
Roseanna,Heardman,Female,rheardmanq@globo.com,682 989 8805
Maxwell,Haburne,Male,mhaburner@who.int,682 466 8510
Jermain,Balassi,Male,jbalassis@disqus.com,950 317 3490
Kent,Mosdell,Male,kmosdellt@marriott.com,111 119 1007
Stavros,Petruska,Male,spetruskau@last.fm,492 258 0373
Lindsay,Dussy,Male,ldussyv@smugmug.com,539 839 3430
Glyn,Gimbart,Female,ggimbartw@dell.com,766 573 5557
Maddy,Hritzko,Male,mhritzkox@discovery.com,466 176 3557
Sean,Bedin,Female,sbediny@ebay.co.uk,628 282 9116
Julius,Oland,Male,jolandz@xinhuanet.com,282 825 1608
Barbabas,Ellerman,Male,bellerman10@yolasite.com,763 336 0477
Tiphany,Mace,Female,tmace11@wikimedia.org,528 857 7618
Horacio,Scotchbrook,Male,hscotchbrook12@phpbb.com,497 250 4253
Ambrose,Haffner,Male,ahaffner13@buzzfeed.com,411 454 8092
Boone,Enrich,Male,benrich14@youtu.be,362 765 1306
Rickey,Aikman,Male,raikman15@umn.edu,706 215 8913
Meghan,Tucker,Female,mtucker16@edublogs.org,402 203 4711
Camilla,Drayn,Female,cdrayn17@1688.com,415 749 3568
Aldon,Vickors,Male,avickors18@europa.eu,741 959 1079
Jacquenetta,Poston,Female,jposton19@diigo.com,408 829 0595
Jerald,Braden,Male,jbraden1a@blogs.com,963 508 4941
Gilberto,Teodoro,Male,gteodoro1b@guardian.co.uk,627 223 3516
Vi,Coverdale,Female,vcoverdale1c@miitbeian.gov.cn,626 562 9621
Harriett,Dennes,Bigender,hdennes1d@answers.com,587 923 4395
Nicola,Gallichiccio,Male,ngallichiccio1e@nps.gov,798 183 6664
Toiboid,Menhci,Male,tmenhci1f@weather.com,155 285 1614
Garrick,Peckitt,Male,gpeckitt1g@joomla.org,166 453 1641
Audie,Tuxsell,Female,atuxsell1h@prweb.com,590 742 2121
Jaine,Clipston,Female,jclipston1i@netlog.com,594 573 7223
Annadiana,Sphinxe,Female,asphinxe1j@wired.com,545 531 3987
Renard,Cowell,Male,rcowell1k@nasa.gov,705 441 2433
Chelsae,Bastiman,Female,cbastiman1l@diigo.com,667 195 8179
Thorn,Gooday,Genderfluid,tgooday1m@pbs.org,382 413 9610
Julianne,Okie,Female,jokie1n@time.com,159 475 9492
Rosabelle,East,Female,reast1o@aboutads.info,741 939 4398
Rollo,Niles,Male,rniles1p@bigcartel.com,722 982 4465
Durward,Fairs,Male,dfairs1q@squarespace.com,733 898 9898
Allyce,Losemann,Female,alosemann1r@bing.com,436 564 1381
Frayda,Christopher,Female,fchristopher1s@exblog.jp,624 456 7654
Maximilien,Pinks,Polygender,mpinks1t@guardian.co.uk,446 497 1044
Joanie,Eccersley,Female,jeccersley1u@ow.ly,746 338 3977
Sylvan,Pulley,Male,spulley1v@indiatimes.com,564 994 3879
Yulma,Scambler,Male,yscambler1w@unesco.org,489 422 7966
Kenn,Mackiewicz,Male,kmackiewicz1x@de.vu,730 650 8937
Osbert,Mapston,Male,omapston1y@cmu.edu,391 497 3092
Rosemaria,Kermott,Female,rkermott1z@state.gov,686 550 4018
Hailey,Libby,Male,hlibby20@whitehouse.gov,875 331 4841
Kenon,Tolumello,Male,ktolumello21@bizjournals.com,259 470 4975
Lethia,Waumsley,Female,lwaumsley22@liveinternet.ru,134 575 8325
Morie,Lagen,Male,mlagen23@comcast.net,637 191 1450
Andrey,Seywood,Male,aseywood24@deliciousdays.com,415 951 3565
Roxanna,Langhor,Female,rlanghor25@spotify.com,471 684 2217
Kean,Menault,Non-binary,kmenault26@dell.com,246 117 7506
Brenden,Vagges,Genderfluid,bvagges27@twitpic.com,646 907 0479
Cly,Cloutt,Male,ccloutt28@nbcnews.com,677 961 4963
Maurine,Wykey,Female,mwykey29@wunderground.com,519 991 6907
Brendin,Starmer,Male,bstarmer2a@wisc.edu,752 853 2074
Dian,Trussman,Bigender,dtrussman2b@tamu.edu,941 967 0479
Bobby,Douch,Male,bdouch2c@imageshack.us,122 223 6752
Erie,Poad,Male,epoad2d@php.net,254 971 1819
Chiarra,Barltrop,Female,cbarltrop2e@etsy.com,980 498 3045
Lexis,Van Velde,Female,lvanvelde2f@google.de,522 773 6843
Allissa,Freemantle,Female,afreemantle2g@free.fr,274 683 3427
Edie,Butteris,Female,ebutteris2h@npr.org,450 899 5274
Jamil,Aizikov,Male,jaizikov2i@soup.io,560 955 6763
Farra,Dederick,Female,fdederick2j@hibu.com,877 790 9572
Nadya,Walbrook,Female,nwalbrook2k@goodreads.com,447 131 8119
Dewain,Illwell,Male,dillwell2l@ocn.ne.jp,225 216 0753
Beck,Rispen,Male,brispen2m@people.com.cn,384 456 3145
Coraline,Arne,Female,carne2n@go.com,763 660 6429
Alexine,Speeding,Female,aspeeding2o@pagesperso-orange.fr,307 101 7794
Jim,Rosenbush,Male,jrosenbush2p@abc.net.au,513 313 7789
Maximilian,Cord,Male,mcord2q@comsenz.com,474 170 6560
Glenn,Laviste,Male,glaviste2r@unicef.org,849 510 2331
Krysta,Iban,Female,kiban2s@flavors.me,869 829 3596
Louis,Twinbrow,Male,ltwinbrow2t@umich.edu,376 616 0415
Gasparo,Growcott,Non-binary,ggrowcott2u@miibeian.gov.cn,447 842 2014
Cynthy,Janczewski,Female,cjanczewski2v@auda.org.au,583 288 7424
Barbra,Sandbatch,Bigender,bsandbatch2w@ifeng.com,104 767 7134
Alley,Leamon,Male,aleamon2x@nbcnews.com,521 612 8774
Ramonda,Fold,Female,rfold2y@nasa.gov,955 403 1945
Isabella,Leah,Female,ileah2z@twitter.com,480 793 6028
Alisa,Cafe,Female,acafe30@jiathis.com,411 546 6924
Dasha,Fossett,Female,dfossett31@blinklist.com,578 900 8032
Romola,Crosham,Female,rcrosham32@hugedomains.com,354 623 5644
Brande,Witherspoon,Female,bwitherspoon33@nymag.com,863 228 3981
Derron,Brauner,Male,dbrauner34@tiny.cc,583 644 5687
Francesco,Vango,Male,fvango35@comsenz.com,610 798 4733
Nichols,Mateo,Male,nmateo36@lulu.com,313 359 8372
Cassie,Boagey,Female,cboagey37@reuters.com,989 155 0613
Howey,Dumini,Male,hdumini38@webeden.co.uk,913 901 5843
Hamel,Faldoe,Male,hfaldoe39@devhub.com,440 216 4509
Humphrey,Yakunikov,Male,hyakunikov3a@linkedin.com,531 915 1817
Elissa,Leacock,Female,eleacock3b@wikipedia.org,329 397 6175
Hernando,Norres,Male,hnorres3c@163.com,674 176 2201
Dix,Gerwood,Female,dgerwood3d@hp.com,729 902 9581
Lennard,Ledington,Male,lledington3e@goo.ne.jp,477 517 0649
Ninette,Mundow,Female,nmundow3f@baidu.com,100 568 1577
Fonz,Lampe,Male,flampe3g@rakuten.co.jp,307 568 4752
Vickie,Broschek,Female,vbroschek3h@fda.gov,721 271 5220
Duke,Mallam,Male,dmallam3i@delicious.com,382 887 9274
Mickey,Fanshawe,Male,mfanshawe3j@ning.com,454 263 2910
Borden,Cough,Male,bcough3k@google.it,942 165 4243
Krisha,Edlyn,Male,kedlyn3l@google.com.br,228 327 9639
Wyndham,Grimsdyke,Male,wgrimsdyke3m@dmoz.org,970 665 5129
Renelle,Kaine,Female,rkaine3n@ocn.ne.jp,864 361 3242
Land,Biever,Male,lbiever3o@icq.com,359 236 1407
Daryle,Morrish,Male,dmorrish3p@edublogs.org,145 942 8678
Pauly,Voice,Male,pvoice3q@people.com.cn,312 186 2279
Rudyard,Heinzler,Male,rheinzler3r@indiatimes.com,648 601 1397
Harold,Reide,Male,hreide3s@state.tx.us,201 931 7121
Sampson,Raulston,Genderqueer,sraulston3t@home.pl,763 523 2897
Esra,Hardwell,Male,ehardwell3u@jimdo.com,951 755 5885
Crissie,Krochmann,Female,ckrochmann3v@fastcompany.com,640 330 7120
Antoni,Densie,Male,adensie3w@chronoengine.com,422 266 2486
Les,Tanswill,Male,ltanswill3x@examiner.com,798 268 3702
Vinny,Cough,Male,vcough3y@hud.gov,220 784 8676
Saudra,Bampkin,Female,sbampkin3z@newsvine.com,280 718 7121
Willi,Mangam,Male,wmangam40@fotki.com,977 989 8643
Wyatt,Rolance,Male,wrolance41@redcross.org,534 849 9067
Loise,Fiddyment,Female,lfiddyment42@mayoclinic.com,183 805 2871
Alvina,Kort,Female,akort43@tinypic.com,909 251 9569
Pernell,Sapir,Polygender,psapir44@epa.gov,411 831 8616
Elfrida,Flowitt,Female,eflowitt45@skyrock.com,577 150 4260
Shaylynn,Hailwood,Female,shailwood46@over-blog.com,484 181 4672
Manfred,Marvelley,Male,mmarvelley47@typepad.com,373 984 5678
Lenna,Ashbolt,Female,lashbolt48@phpbb.com,600 953 4352
Bearnard,Le Lievre,Male,blelievre49@reddit.com,805 690 4996
Curry,Villaron,Genderqueer,cvillaron4a@about.com,711 451 9933
Troy,Mattheissen,Male,tmattheissen4b@miitbeian.gov.cn,410 887 1488
Humphrey,Peartree,Male,hpeartree4c@earthlink.net,276 859 1533
Ari,Hews,Male,ahews4d@ted.com,536 404 5399
Alika,Beton,Female,abeton4e@deviantart.com,721 771 1832
Bobbee,Kemshell,Female,bkemshell4f@cbsnews.com,857 765 1671
Wash,Seywood,Male,wseywood4g@economist.com,507 409 9511
Wandis,Folbige,Female,wfolbige4h@acquirethisname.com,568 311 2014
Lottie,Ryott,Female,lryott4i@constantcontact.com,449 197 5815
Major,Banbrick,Male,mbanbrick4j@microsoft.com,473 143 2626
Toby,Foakes,Male,tfoakes4k@example.com,106 895 5817
Jabez,Lavrinov,Male,jlavrinov4l@addthis.com,148 458 6634
Saxe,Lathleiff,Male,slathleiff4m@unblog.fr,108 713 2493
Emmalee,Whiteson,Female,ewhiteson4n@is.gd,275 883 0842
Cody,Swatland,Female,cswatland4o@reuters.com,785 845 7595
Ogdon,Shingfield,Male,oshingfield4p@amazonaws.com,630 802 9557
Bab,Gepheart,Agender,bgepheart4q@goo.gl,862 270 0150
Jareb,Renvoys,Male,jrenvoys4r@google.cn,475 548 4175
Ryley,Rosendall,Male,rrosendall4s@gov.uk,317 861 0310
Selie,Bonds,Female,sbonds4t@ucsd.edu,906 795 7939
Tandie,Jime,Female,tjime4u@sfgate.com,480 853 5951
Sherie,Whitmell,Female,swhitmell4v@symantec.com,636 654 2181
Celinda,Ecclestone,Female,cecclestone4w@friendfeed.com,981 732 3613
Quent,Joskovitch,Male,qjoskovitch4x@abc.net.au,374 485 3578
Grethel,Foxcroft,Female,gfoxcroft4y@vk.com,549 857 5073
Karole,Tomczykowski,Female,ktomczykowski4z@trellian.com,904 823 5957
Danila,Luca,Female,dluca50@domainmarket.com,976 938 1844
Tessa,Swires,Female,tswires51@un.org,425 550 2100
Hester,Elwin,Agender,helwin52@rediff.com,812 810 5374
Marcille,Godney,Female,mgodney53@ca.gov,425 866 0924
Sigismond,Trengrouse,Male,strengrouse54@examiner.com,186 466 5279
Pattie,Chidley,Female,pchidley55@goodreads.com,454 443 3871
Ingrid,Radford,Female,iradford56@angelfire.com,327 409 4976
Di,Rowlatt,Female,drowlatt57@nsw.gov.au,200 900 8891
Lauree,McCourt,Female,lmccourt58@salon.com,359 443 5302
Ely,Matthewman,Male,ematthewman59@salon.com,787 892 6560
Minda,Molen,Female,mmolen5a@ameblo.jp,713 347 6010
Lisabeth,Ledrun,Female,lledrun5b@hud.gov,666 784 6537
Bryan,Dils,Male,bdils5c@senate.gov,126 292 9849
Ezekiel,Blandford,Male,eblandford5d@mayoclinic.com,828 744 3723
Elissa,Ethelstone,Female,eethelstone5e@craigslist.org,787 247 4076
Edith,Wicken,Female,ewicken5f@reverbnation.com,340 265 3088
Jessika,Arnson,Female,jarnson5g@marketwatch.com,171 791 4531
Lavinia,Gaule,Polygender,lgaule5h@nifty.com,196 778 0964
Stanford,Colliard,Male,scolliard5i@msn.com,795 919 9020
Cullen,Eberz,Male,ceberz5j@smugmug.com,551 143 6878
Dall,Briggdale,Bigender,dbriggdale5k@ning.com,721 920 8587
Roxy,Kingerby,Female,rkingerby5l@telegraph.co.uk,156 891 9520
Salli,Haddrell,Female,shaddrell5m@hostgator.com,483 179 4478
Eward,Frankel,Agender,efrankel5n@un.org,460 739 3111
Haslett,Heavyside,Male,hheavyside5o@answers.com,685 880 2055
Dyan,Tale,Female,dtale5p@weather.com,591 972 5226
Janessa,Geaves,Female,jgeaves5q@yale.edu,508 959 3084
Adolphus,Saveall,Male,asaveall5r@topsy.com,610 565 1360
Jayme,Clother,Female,jclother5s@narod.ru,991 215 4303
Aleen,Kidstoun,Genderqueer,akidstoun5t@geocities.jp,620 905 5322
Mick,Luparti,Male,mluparti5u@51.la,256 190 9374
Cosimo,Flatley,Male,cflatley5v@sun.com,157 194 7078
Guido,Jelliman,Male,gjelliman5w@instagram.com,726 203 6198
Seward,Whoolehan,Male,swhoolehan5x@rambler.ru,810 918 4104
Selia,Filchakov,Female,sfilchakov5y@hubpages.com,463 815 9946
Ericka,Bradford,Female,ebradford5z@4shared.com,249 307 7043
Verina,Sevior,Polygender,vsevior60@prlog.org,277 116 3582
Raymond,Twohig,Non-binary,rtwohig61@bloglovin.com,862 193 3312
Bonni,Runnalls,Female,brunnalls62@archive.org,575 475 1250
Jarad,Hext,Male,jhext63@bloomberg.com,378 831 9264
Bertram,Volage,Male,bvolage64@blogs.com,957 580 1391
Chastity,Carmel,Female,ccarmel65@marriott.com,147 271 7967
Tasha,Sidebotton,Female,tsidebotton66@wikispaces.com,821 283 4079
Tilda,Rame,Female,trame67@addthis.com,713 736 5788
Jarrod,Barca,Male,jbarca68@bigcartel.com,995 130 7001
Tabbatha,de Merida,Female,tdemerida69@seattletimes.com,314 970 2220
Abigael,Chess,Female,achess6a@github.com,863 512 4530
Lou,Ccomini,Male,lccomini6b@admin.ch,653 800 2444
Chloette,Castangia,Female,ccastangia6c@gizmodo.com,612 543 9649
Cindie,Fedder,Female,cfedder6d@delicious.com,805 310 9594
Edgardo,Waddoups,Male,ewaddoups6e@cocolog-nifty.com,417 491 0541
Brenden,Rubinsztein,Male,brubinsztein6f@smugmug.com,704 847 5366
Keslie,Gribbin,Female,kgribbin6g@timesonline.co.uk,565 474 0387
Herby,Bradnick,Male,hbradnick6h@deliciousdays.com,715 863 5442
Lon,Samways,Male,lsamways6i@timesonline.co.uk,505 835 4578
Cherish,Woolfall,Female,cwoolfall6j@nature.com,553 762 0323
Mendel,Whiteman,Male,mwhiteman6k@naver.com,925 952 0396
Lydon,Bosquet,Male,lbosquet6l@walmart.com,526 863 6719
Dennet,Vynoll,Male,dvynoll6m@vk.com,968 240 3127
Fred,Guillem,Male,fguillem6n@about.com,686 213 9050
Riley,Leare,Bigender,rleare6o@hugedomains.com,778 119 5461
Jareb,McKinless,Male,jmckinless6p@virginia.edu,287 382 3800
Jena,Gout,Female,jgout6q@salon.com,869 876 1226
Ermanno,Ovitz,Male,eovitz6r@hc360.com,505 642 5157
Madeline,Twiddle,Female,mtwiddle6s@cbsnews.com,362 997 1092
Jodee,Atling,Female,jatling6t@sun.com,850 337 7878
Germain,Nan Carrow,Bigender,gnancarrow6u@shareasale.com,854 847 9860
Ramon,Peniman,Male,rpeniman6v@google.pl,253 593 3914
Marielle,Roisen,Female,mroisen6w@ow.ly,422 733 9361
Iris,Ferraresi,Female,iferraresi6x@nature.com,697 672 4663
Jerald,McGrudder,Male,jmcgrudder6y@alexa.com,365 408 4909
Brittan,Baythrop,Polygender,bbaythrop6z@addthis.com,529 713 6700
Shirleen,Barfitt,Female,sbarfitt70@earthlink.net,691 590 7586
Waring,Neillans,Male,wneillans71@amazon.co.uk,819 518 0971
Brant,Diche,Male,bdiche72@bloomberg.com,469 339 4223
Cordi,Galway,Female,cgalway73@nifty.com,432 836 3315
Elaina,Streeting,Female,estreeting74@sogou.com,147 619 3329
Leonidas,Legister,Male,llegister75@blogs.com,125 967 9588
Everett,Faier,Male,efaier76@t.co,455 834 6713
Madelene,Fernyhough,Genderqueer,mfernyhough77@friendfeed.com,439 415 4568
Lesya,Pullar,Female,lpullar78@example.com,916 616 1954
Dyann,Dumblton,Female,ddumblton79@blog.com,591 617 8619
Rozina,Gaither,Female,rgaither7a@wordpress.org,926 269 9219
Neale,Elder,Genderfluid,nelder7b@prweb.com,593 313 9619
Nichol,Ruff,Female,nruff7c@naver.com,238 270 6323
Dacie,Hamerton,Female,dhamerton7d@salon.com,982 586 5158
Berget,Francesconi,Female,bfrancesconi7e@webmd.com,493 730 3061
Edsel,Overell,Male,eoverell7f@fotki.com,992 956 0245
Consuelo,Elintune,Non-binary,celintune7g@google.com,653 637 8340
Perceval,Dyers,Male,pdyers7h@prlog.org,700 470 8041
Clement,Lornsen,Male,clornsen7i@geocities.com,815 118 1324
Natale,Cartmer,Bigender,ncartmer7j@europa.eu,959 471 0524
Lazarus,Livens,Male,llivens7k@sitemeter.com,981 592 3859
Eleanore,Resun,Female,eresun7l@de.vu,344 277 1849
Perri,Outibridge,Female,poutibridge7m@ca.gov,726 630 7104
Freedman,Sibyllina,Male,fsibyllina7n@fda.gov,102 599 6768
Lorrayne,Soro,Female,lsoro7o@tiny.cc,816 700 0801
Carolus,Pamplin,Male,cpamplin7p@123-reg.co.uk,788 551 2417
Frasier,Moxson,Male,fmoxson7q@go.com,776 914 4207
Cornie,Greenwood,Female,cgreenwood7r@theglobeandmail.com,317 239 2884
Anastassia,Caverhill,Female,acaverhill7s@sogou.com,867 974 0376
Vite,Eplett,Male,veplett7t@typepad.com,722 382 7722
Tremayne,Pagett,Male,tpagett7u@tiny.cc,594 983 4351
Tabby,L'Amie,Female,tlamie7v@sitemeter.com,508 209 8663
Roze,Beattie,Female,rbeattie7w@google.cn,294 180 9553
Izzy,Dallimore,Polygender,idallimore7x@ed.gov,717 980 7137
Vincent,Reuben,Male,vreuben7y@bandcamp.com,631 201 8451
Killie,England,Male,kengland7z@privacy.gov.au,333 953 6953
Deonne,Vasyukhin,Female,dvasyukhin80@nbcnews.com,204 701 6612
Virgilio,Krishtopaittis,Male,vkrishtopaittis81@un.org,428 809 2518
Astrid,Primmer,Female,aprimmer82@huffingtonpost.com,984 853 1551
Nathalie,Jowett,Female,njowett83@bandcamp.com,837 981 4460
Chere,Narducci,Female,cnarducci84@unblog.fr,381 573 7374
Davie,Teager,Bigender,dteager85@cdc.gov,221 160 5077
Glenden,Nice,Male,gnice86@quantcast.com,264 610 2749
Barbey,Nuschke,Female,bnuschke87@cisco.com,443 521 8743
Jasun,Junkin,Agender,jjunkin88@telegraph.co.uk,512 728 7858
Nicolas,Gilliard,Male,ngilliard89@blogspot.com,728 990 1053
Elihu,MacGhee,Male,emacghee8a@wp.com,384 655 8900
Janean,Scrivener,Female,jscrivener8b@gmpg.org,900 131 3463
Anallise,Haskur,Female,ahaskur8c@ucsd.edu,985 844 1436
Claudina,Seyfart,Female,cseyfart8d@desdev.cn,953 394 4653
Kathy,Wale,Female,kwale8e@e-recht24.de,289 266 2941
Ario,Attewill,Male,aattewill8f@creativecommons.org,747 501 2431
Philly,McCart,Female,pmccart8g@cbc.ca,997 649 1247
Patrick,Dorling,Male,pdorling8h@oakley.com,922 211 9612
Keelby,Norheny,Male,knorheny8i@surveymonkey.com,991 244 3736
Willy,Warwick,Female,wwarwick8j@msu.edu,266 805 4620
Kendell,Skamal,Male,kskamal8k@senate.gov,564 380 3268
Danette,Rosendale,Female,drosendale8l@jimdo.com,462 673 4688
Anallise,Kirrens,Female,akirrens8m@disqus.com,876 689 1946
Niall,Rooksby,Male,nrooksby8n@nymag.com,409 640 5588
Carolee,Frederick,Genderfluid,cfrederick8o@1und1.de,617 943 6748
Daffie,Gosney,Female,dgosney8p@weibo.com,768 723 2786
Nettle,Ritchings,Female,nritchings8q@domainmarket.com,879 635 2890
Kelsey,Redemile,Female,kredemile8r@cyberchimps.com,720 426 3784
Shurlock,Euler,Genderfluid,seuler8s@linkedin.com,407 957 8248
Jeffry,Mulles,Male,jmulles8t@cbslocal.com,572 818 6681
Val,Hughman,Female,vhughman8u@nytimes.com,845 215 6426
Claribel,Ortner,Female,cortner8v@ifeng.com,847 656 5143
Lilli,Drury,Female,ldrury8w@g.co,987 706 8088
Denna,Gilbertson,Female,dgilbertson8x@bbb.org,760 900 3216
Grove,Kettley,Bigender,gkettley8y@elegantthemes.com,343 508 6118
Raina,Haggar,Female,rhaggar8z@amazon.de,210 907 3506
Berri,Bodle,Female,bbodle90@unesco.org,956 828 4455
Dani,Fowls,Female,dfowls91@usda.gov,439 210 1475
Archer,Bolduc,Male,abolduc92@npr.org,291 936 2984
Jabez,Windaybank,Male,jwindaybank93@wufoo.com,660 934 5655
Hubey,Shave,Male,hshave94@bluehost.com,836 910 1909
Janek,Petticrow,Male,jpetticrow95@1und1.de,781 724 8506
Ada,MacNaughton,Agender,amacnaughton96@nba.com,259 628 1255
Dale,Foxley,Male,dfoxley97@vinaora.com,165 844 9338
Garvin,Guite,Male,gguite98@ezinearticles.com,888 307 5842
Lexine,Tripet,Female,ltripet99@marriott.com,439 324 7969
Kaleena,Sperrett,Female,ksperrett9a@economist.com,581 494 5966
Hale,Clemmett,Male,hclemmett9b@washington.edu,583 953 4970
Camel,Woolmore,Genderqueer,cwoolmore9c@nasa.gov,250 689 0221
Gradeigh,Darville,Male,gdarville9d@51.la,573 770 3333
Eustace,Stocker,Male,estocker9e@disqus.com,154 528 5807
Jehanna,Galliford,Bigender,jgalliford9f@google.cn,424 246 0930
Kain,McGarry,Genderqueer,kmcgarry9g@example.com,347 419 8791
Irwin,Korpolak,Male,ikorpolak9h@goodreads.com,628 857 1906
Elsbeth,Broadis,Female,ebroadis9i@alibaba.com,834 289 7786
Sindee,Scott,Female,sscott9j@cbslocal.com,977 390 3786
Berni,Stanluck,Female,bstanluck9k@skyrock.com,218 346 8231
Kennie,Gregory,Male,kgregory9l@bloglines.com,647 150 6892
Megen,Jaram,Female,mjaram9m@shutterfly.com,880 727 2266
Pernell,Hatcliffe,Male,phatcliffe9n@360.cn,997 194 1573
Ely,Arnaudot,Male,earnaudot9o@biblegateway.com,263 180 9090
Vanda,Turbard,Female,vturbard9p@alibaba.com,760 908 6632
Ricard,Sawter,Male,rsawter9q@twitter.com,757 858 1064
Wallas,Brindley,Male,wbrindley9r@ft.com,139 982 9007
Adelbert,Muslim,Male,amuslim9s@bloglines.com,892 569 5498
Nicholas,Teager,Male,nteager9t@clickbank.net,479 210 3569
Carrissa,Fetherston,Female,cfetherston9u@skype.com,105 935 4042
Vaughan,McIleen,Male,vmcileen9v@phoca.cz,455 269 6270
Mariel,Massard,Female,mmassard9w@google.ru,495 875 7697
Clevey,Skoyles,Male,cskoyles9x@simplemachines.org,838 879 4853
Amelie,O'Doghesty,Polygender,aodoghesty9y@example.com,744 967 7285
Lesley,Pettus,Male,lpettus9z@woothemes.com,356 444 9866
Nancie,Smoughton,Female,nsmoughtona0@psu.edu,805 415 7037
Lev,Matten,Male,lmattena1@wired.com,367 639 0575
Cher,Scoffins,Female,cscoffinsa2@netlog.com,341 904 2649
Clarinda,Boynes,Female,cboynesa3@nytimes.com,886 580 4693
Xenia,MacAdie,Female,xmacadiea4@goo.gl,331 916 4631
Mace,Spleving,Male,msplevinga5@geocities.com,229 768 3058
Berkley,Jacobsohn,Male,bjacobsohna6@ifeng.com,981 470 6028
Rufe,Coath,Male,rcoatha7@deliciousdays.com,387 350 4241
Urbanus,Zanni,Male,uzannia8@youtu.be,203 308 0329
Emlen,Sporgeon,Male,esporgeona9@yolasite.com,605 336 5262
Clari,Vearncombe,Female,cvearncombeaa@dailymotion.com,291 797 0109
Jean,Duckers,Genderqueer,jduckersab@unblog.fr,366 788 9077
Veronica,Malam,Female,vmalamac@washingtonpost.com,512 993 8397
Ermin,Duckit,Male,educkitad@hud.gov,962 756 3696
Augusta,Tinline,Female,atinlineae@wikimedia.org,430 750 8404
Loralee,Gillford,Female,lgillfordaf@cyberchimps.com,558 711 1690
Leicester,Beuscher,Male,lbeuscherag@opensource.org,558 531 5896
Kalina,Shovlin,Female,kshovlinah@multiply.com,758 651 4250
Nicolette,McCome,Female,nmccomeai@nyu.edu,233 240 5014
Corey,Meechan,Genderfluid,cmeechanaj@soup.io,751 199 6704
Eddy,Kingscote,Female,ekingscoteak@hao123.com,537 936 5124
Abel,Chong,Male,achongal@odnoklassniki.ru,933 542 7282
Alvie,Banat,Male,abanatam@cdc.gov,844 552 0368
Randolph,Caulfield,Male,rcaulfieldan@instagram.com,710 402 5647
Ronna,Bauser,Female,rbauserao@ocn.ne.jp,133 877 1891
Nerta,Springthorp,Female,nspringthorpap@4shared.com,250 304 7356
Revkah,Vogt,Female,rvogtaq@npr.org,538 298 7690
Michelina,Husset,Female,mhussetar@360.cn,773 425 7563
Aindrea,Moye,Female,amoyeas@virginia.edu,293 890 4331
Jinny,Isgar,Female,jisgarat@digg.com,835 367 7280
Eal,Dawidowsky,Genderqueer,edawidowskyau@mac.com,926 498 9145
Marji,Janssen,Female,mjanssenav@unc.edu,317 928 8983
Kacy,Riddiough,Female,kriddioughaw@aboutads.info,619 213 9849
Cathrin,Childe,Female,cchildeax@com.com,992 932 7004
Sharyl,Campagne,Bigender,scampagneay@archive.org,760 597 5370
Emmaline,Glyne,Female,eglyneaz@ftc.gov,295 351 1044
Cissiee,Hickenbottom,Female,chickenbottomb0@cyberchimps.com,592 485 4542
Artemis,Grinsted,Male,agrinstedb1@t.co,892 997 3780
Catrina,Esland,Female,ceslandb2@adobe.com,701 321 5788
Sara,Cradoc,Female,scradocb3@weather.com,863 150 0157
Joey,Lawerence,Male,jlawerenceb4@admin.ch,792 149 2292
Tracy,Birt,Non-binary,tbirtb5@auda.org.au,239 609 7665
Jobey,Richmont,Female,jrichmontb6@businessinsider.com,841 761 7416
Smitty,Cleere,Male,scleereb7@who.int,749 203 7172
Orton,Brunelli,Male,obrunellib8@twitter.com,486 293 6879
Bernardo,Lillistone,Male,blillistoneb9@creativecommons.org,655 248 9561
Tomkin,Loftus,Male,tloftusba@e-recht24.de,481 541 6785
Leigh,Toye,Male,ltoyebb@pinterest.com,386 327 5612
Geordie,Samms,Male,gsammsbc@theguardian.com,732 472 8057
Collin,Moscon,Male,cmosconbd@ezinearticles.com,852 867 2392
El,Ruoff,Male,eruoffbe@stanford.edu,609 326 9895
Newton,Manach,Male,nmanachbf@mlb.com,433 723 7895
Man,Dewdney,Genderfluid,mdewdneybg@xinhuanet.com,807 593 8702
Silvie,Lyman,Female,slymanbh@patch.com,315 952 4145
Dale,De Vries,Female,ddevriesbi@theglobeandmail.com,849 102 1826
Timmie,Cohen,Male,tcohenbj@spiegel.de,775 168 9101
Waring,Northern,Male,wnorthernbk@illinois.edu,148 264 8990
Tiertza,Danet,Female,tdanetbl@scientificamerican.com,734 759 8711
Torey,Bramer,Female,tbramerbm@pbs.org,227 739 0274
Ramonda,Matteini,Female,rmatteinibn@tumblr.com,337 516 3458
Donnie,Gannan,Female,dgannanbo@about.me,374 576 0807
Waite,Vazquez,Male,wvazquezbp@bizjournals.com,885 542 1671
Tori,Whicher,Polygender,twhicherbq@princeton.edu,571 644 8417
Allyce,Guynemer,Female,aguynemerbr@irs.gov,524 692 2699
Fanny,Salle,Female,fsallebs@weather.com,269 629 0765
Sorcha,Rosewall,Female,srosewallbt@ed.gov,444 281 1468
Shaughn,Chatters,Male,schattersbu@census.gov,847 786 6442
Angelia,Rowaszkiewicz,Female,arowaszkiewiczbv@illinois.edu,139 597 4536
Marilyn,Pattenden,Female,mpattendenbw@hhs.gov,633 498 7158
Ashbey,Stirgess,Male,astirgessbx@unicef.org,154 243 5447
Daisy,Poag,Female,dpoagby@scientificamerican.com,838 711 2673
Wendeline,Collin,Female,wcollinbz@pbs.org,363 413 9991
Winnie,Josiah,Male,wjosiahc0@stumbleupon.com,348 382 8268
Ulrikaumeko,Dedham,Female,udedhamc1@1688.com,275 441 1717
Emili,Skocroft,Female,eskocroftc2@oakley.com,794 764 7752
Pepi,Ketley,Female,pketleyc3@usnews.com,313 221 7816
Reube,Casely,Male,rcaselyc4@etsy.com,323 630 6113
Liza,Godlee,Agender,lgodleec5@amazon.co.jp,436 628 2536
George,Notton,Female,gnottonc6@wikipedia.org,444 816 7094
Lyndsey,Swyer,Female,lswyerc7@yahoo.com,939 474 9598
Lin,Corss,Male,lcorssc8@hugedomains.com,920 809 1007
Marcos,Wainer,Male,mwainerc9@cafepress.com,768 452 7137
Benn,Brekonridge,Male,bbrekonridgeca@vk.com,599 679 0648
Boris,Klimowski,Male,bklimowskicb@mozilla.org,431 249 9804
Callie,Kirkman,Female,ckirkmancc@msn.com,155 989 9711
Codi,Putten,Male,cputtencd@unicef.org,534 153 7327
Riannon,Collihole,Female,rcolliholece@wiley.com,116 798 2927
Avivah,Karolowski,Female,akarolowskicf@github.com,617 813 3235
Wain,Hamprecht,Male,whamprechtcg@ox.ac.uk,612 762 4251
Myrta,Lye,Polygender,mlyech@google.pl,642 133 3729
Anneliese,Goldspink,Genderqueer,agoldspinkci@dailymail.co.uk,200 671 3886
Wendel,Paull,Male,wpaullcj@sbwire.com,559 626 3379
Ronny,Leitch,Female,rleitchck@umich.edu,633 114 5324
Ulysses,Naile,Male,unailecl@goodreads.com,745 336 3805
Holly,Sclater,Male,hsclatercm@hexun.com,518 667 8488
Ryon,Dawltrey,Male,rdawltreycn@acquirethisname.com,344 464 2271
Clifford,Fitzpatrick,Male,cfitzpatrickco@vinaora.com,286 601 5939
Willy,Portriss,Genderqueer,wportrisscp@1und1.de,408 910 0484
Caron,Bottrill,Female,cbottrillcq@shutterfly.com,863 567 0409
Winni,Klewer,Polygender,wklewercr@yelp.com,606 943 5640
Murray,Steedman,Male,msteedmancs@psu.edu,624 261 4257
Amabelle,Windross,Female,awindrossct@latimes.com,111 813 4128
Ysabel,Peirazzi,Female,ypeirazzicu@tmall.com,537 524 7735
Simmonds,Mulder,Male,smuldercv@youtube.com,505 560 8821
Lorant,Itzkovich,Male,litzkovichcw@apache.org,717 499 3163
Tuck,Sutter,Male,tsuttercx@nationalgeographic.com,546 820 6816
Kinsley,Creavin,Male,kcreavincy@infoseek.co.jp,740 137 7137
See,Melin,Male,smelincz@fda.gov,258 222 6218
Pippo,Ferreres,Male,pferreresd0@home.pl,879 625 9115
Levi,Kincla,Male,lkinclad1@msu.edu,449 331 2537
Jefferey,McKissack,Male,jmckissackd2@mlb.com,820 532 9600
Genna,Clail,Female,gclaild3@printfriendly.com,966 958 5564
Jameson,Keemer,Male,jkeemerd4@google.es,227 340 9186
Care,Tapping,Male,ctappingd5@github.io,886 449 0951
Norry,Impson,Female,nimpsond6@freewebs.com,329 315 9342
Maggi,McFarland,Female,mmcfarlandd7@cbsnews.com,162 433 9736
Seward,Cella,Male,scellad8@tamu.edu,646 154 2920
Dolli,Esson,Female,dessond9@redcross.org,555 256 8933
Leupold,Grigaut,Male,lgrigautda@dagondesign.com,386 461 0652
Kerrie,Wisbey,Female,kwisbeydb@soundcloud.com,518 148 2084
Susana,Jolliss,Female,sjollissdc@printfriendly.com,160 333 2810
Basil,Cubley,Male,bcubleydd@hc360.com,503 934 0684
Aeriela,Bimson,Female,abimsonde@digg.com,346 147 7420
Allister,Wyd,Male,awyddf@webmd.com,551 394 5783
Ros,Dorricott,Genderfluid,rdorricottdg@gravatar.com,161 118 1044
Garrett,De Lacey,Male,gdelaceydh@un.org,987 411 5298
Eugene,Caldera,Male,ecalderadi@ow.ly,206 156 7223
Talbot,Dougan,Male,tdougandj@toplist.cz,756 623 3605
Siana,Marlor,Female,smarlordk@bandcamp.com,112 944 6079
Merlina,Dehmel,Female,mdehmeldl@state.gov,819 970 0729
Kamillah,Edens,Female,kedensdm@cmu.edu,763 326 2346
Zaccaria,Perillo,Male,zperillodn@eepurl.com,727 705 3604
Joelly,Bartak,Female,jbartakdo@myspace.com,991 616 2260
Kellby,Haken,Male,khakendp@webnode.com,269 777 0095
Matthias,Priddie,Male,mpriddiedq@spiegel.de,836 619 7074
Alicia,Maylour,Female,amaylourdr@slate.com,892 469 3218
Benny,Delacroix,Male,bdelacroixds@wp.com,110 503 6180
Aime,Beech,Female,abeechdt@quantcast.com,723 508 9800
Archer,Gluyas,Male,agluyasdu@theatlantic.com,933 264 4693
Preston,Peery,Male,ppeerydv@taobao.com,178 270 1258
Coralyn,Puleston,Female,cpulestondw@columbia.edu,327 347 8726
Maiga,Essame,Female,messamedx@vistaprint.com,479 436 7604
Taddeusz,Shuttle,Male,tshuttledy@hud.gov,983 875 9306
Burgess,Rounsivall,Male,brounsivalldz@wired.com,978 655 3033
Arther,Dillimore,Male,adillimoree0@wordpress.com,805 123 7455
August,Selliman,Male,asellimane1@guardian.co.uk,634 631 9022
Harwilll,Koppelmann,Agender,hkoppelmanne2@twitter.com,798 641 6334
Bella,Rennenbach,Female,brennenbache3@multiply.com,977 985 8999
Mac,Piel,Male,mpiele4@networksolutions.com,791 452 8451
Lamont,Brickett,Male,lbrickette5@reverbnation.com,949 701 0971
Ruth,Brando,Female,rbrandoe6@bigcartel.com,572 956 0774
Burr,Calveley,Male,bcalveleye7@tripadvisor.com,748 159 3392
Karee,Budden,Female,kbuddene8@google.com.hk,614 335 6273
Ronnie,Agirre,Female,ragirree9@tumblr.com,219 453 7532
Benedikt,Feldbau,Male,bfeldbauea@is.gd,273 134 9273
Tuckie,Petherick,Male,tpetherickeb@state.gov,209 583 6210
Rafaelia,Veltman,Female,rveltmanec@is.gd,502 403 1904
Loralyn,Dunbleton,Female,ldunbletoned@people.com.cn,948 682 7820
Ricky,Domoney,Male,rdomoneyee@gov.uk,640 439 3250
Nollie,Bilofsky,Female,nbilofskyef@cafepress.com,561 518 0508
Sephira,Gadault,Female,sgadaulteg@geocities.com,333 297 5567
Modestine,Hasard,Female,mhasardeh@vimeo.com,345 512 9776
Jodi,Ariss,Male,jarissei@amazon.com,473 937 2833
Wynne,Eyres,Genderqueer,weyresej@earthlink.net,308 207 8042
Corilla,Edscer,Female,cedscerek@earthlink.net,662 980 4352
Kellen,Knowles,Female,kknowlesel@myspace.com,158 195 2068
Dwight,Ruane,Male,druaneem@businessinsider.com,939 982 4404
Levey,Viveash,Male,lviveashen@tinypic.com,620 854 9804
Winifield,Mellonby,Bigender,wmellonbyeo@vistaprint.com,317 452 7141
Vilma,Fibbens,Agender,vfibbensep@meetup.com,540 424 9087
Jeni,Bridgeman,Female,jbridgemaneq@ehow.com,199 190 6122
Cybil,Robertis,Female,crobertiser@army.mil,551 110 5206
Loren,O'Hogertie,Male,lohogertiees@ucla.edu,111 571 3882
Kylie,Veel,Female,kveelet@harvard.edu,500 372 3272
Agathe,Fonso,Female,afonsoeu@illinois.edu,124 587 0501
Olin,Mayhow,Male,omayhowev@163.com,966 885 0353
Christen,Gilardoni,Female,cgilardoniew@salon.com,854 213 0624
Rikki,Kohnert,Female,rkohnertex@economist.com,596 824 6846
Hendrick,Weeds,Male,hweedsey@aboutads.info,402 824 0491
Emelda,Giraths,Female,egirathsez@devhub.com,383 408 0926
Celestyna,Bloodworth,Female,cbloodworthf0@jimdo.com,456 596 4654
Sean,Frichley,Female,sfrichleyf1@yahoo.com,113 501 2165
Tyrus,Lynes,Male,tlynesf2@pcworld.com,559 246 1342
Heriberto,Burdell,Male,hburdellf3@histats.com,214 838 4372
Ardelle,Piers,Female,apiersf4@people.com.cn,465 652 2763
Hollis,Toombs,Genderqueer,htoombsf5@bandcamp.com,325 625 1405
Andie,Marron,Male,amarronf6@altervista.org,113 433 7460
Evita,Boylan,Female,eboylanf7@cornell.edu,188 332 9460
Angel,Cheale,Female,achealef8@unesco.org,456 857 1675
Micky,Mussettini,Female,mmussettinif9@sciencedirect.com,130 229 7340
Shayna,Grimsley,Female,sgrimsleyfa@businessweek.com,545 228 0291
Hersh,Churcher,Male,hchurcherfb@jigsy.com,294 299 6327
Doll,Tregoning,Female,dtregoningfc@utexas.edu,840 205 5036
Hettie,Mallinar,Female,hmallinarfd@blogs.com,102 116 1676
Hayward,Entwhistle,Male,hentwhistlefe@hhs.gov,776 257 2320
Brock,Mould,Male,bmouldff@yahoo.co.jp,810 453 3452
Ricky,Almack,Male,ralmackfg@ucla.edu,909 567 7319
Shela,Craydon,Female,scraydonfh@reuters.com,386 555 3234
Monica,Eisold,Female,meisoldfi@pbs.org,678 817 7588
Adelina,Guerry,Female,aguerryfj@ezinearticles.com,189 949 0831
Augustine,Gleeson,Female,agleesonfk@discuz.net,102 974 0916
Carlotta,Sleeman,Female,csleemanfl@ihg.com,819 959 9392
Pepito,Headington,Genderfluid,pheadingtonfm@sohu.com,727 468 5467
Jena,Paybody,Female,jpaybodyfn@dropbox.com,595 600 1296
Luella,Adelsberg,Female,ladelsbergfo@macromedia.com,227 979 3672
Siward,Legion,Male,slegionfp@bloomberg.com,379 398 8158
Cissiee,Buttery,Female,cbutteryfq@paypal.com,940 104 0066
Georgiana,Whybrow,Female,gwhybrowfr@ucsd.edu,650 172 0059
Zollie,Crummay,Male,zcrummayfs@stanford.edu,737 408 3968
Millisent,Vinecombe,Female,mvinecombeft@nymag.com,712 434 6946
Jonell,Tanzig,Female,jtanzigfu@yahoo.co.jp,816 576 7212
Revkah,Paulton,Female,rpaultonfv@baidu.com,404 105 8569
Maddy,Long,Male,mlongfw@technorati.com,524 447 6229
Beverlee,Dafydd,Female,bdafyddfx@wsj.com,873 945 9881
Orelie,Mitham,Female,omithamfy@ftc.gov,632 940 4962
Jillie,Grundey,Female,jgrundeyfz@thetimes.co.uk,496 657 6378
Annabel,O'Dwyer,Bigender,aodwyerg0@phpbb.com,899 729 4943
Jordain,Reppaport,Female,jreppaportg1@odnoklassniki.ru,973 738 6843
Haydon,Bacup,Male,hbacupg2@jugem.jp,531 772 7444
Jermain,Punt,Male,jpuntg3@yolasite.com,435 273 4289
Thurstan,Danilchev,Male,tdanilchevg4@google.ru,773 602 4593
Ofella,Ingleton,Female,oingletong5@sohu.com,710 842 6193
Stormi,Rudkin,Female,srudking6@ucoz.ru,636 259 4071
Casie,Franschini,Female,cfranschinig7@domainmarket.com,835 219 4895
Jeramie,Paolazzi,Male,jpaolazzig8@google.com.hk,272 823 5036
Winfred,Huncoot,Male,whuncootg9@upenn.edu,730 861 3022
Ulla,Yurmanovev,Female,uyurmanovevga@ask.com,727 633 1024
Guillaume,Tremethack,Male,gtremethackgb@constantcontact.com,985 954 7396
Danna,Kearney,Female,dkearneygc@joomla.org,332 111 9749
Dulciana,Donan,Female,ddonangd@illinois.edu,641 693 1677
Ardyce,Vacher,Female,avacherge@seesaa.net,197 331 8539
Elianora,Kingett,Female,ekingettgf@pinterest.com,579 875 1355
Dex,Doleman,Male,ddolemangg@qq.com,430 440 9292
Christiano,Parmeter,Genderfluid,cparmetergh@cafepress.com,766 130 8966
Ki,Goodier,Female,kgoodiergi@miitbeian.gov.cn,823 775 4259
Cyndia,Franklen,Genderqueer,cfranklengj@aboutads.info,509 505 5964
Ricky,Antonoczyk,Male,rantonoczykgk@51.la,675 638 4311
Latrena,O'Farris,Female,lofarrisgl@howstuffworks.com,363 371 5430
Cristen,Brumfield,Female,cbrumfieldgm@nbcnews.com,451 612 2207
Giorgio,Jancey,Male,gjanceygn@samsung.com,697 927 3920
Rubina,Birt,Female,rbirtgo@linkedin.com,770 939 2610
Melamie,Stansfield,Female,mstansfieldgp@abc.net.au,393 268 7586
Randall,Frayling,Male,rfraylinggq@hexun.com,723 952 9389
Weber,MacAndrew,Male,wmacandrewgr@spiegel.de,910 478 4515
Raphael,Dayley,Male,rdayleygs@wordpress.org,139 999 5602
Ricardo,Leslie,Male,rlesliegt@ucoz.com,794 293 5047
Arie,Peasey,Male,apeaseygu@google.de,571 127 1156
Hakeem,Milliken,Male,hmillikengv@feedburner.com,749 217 4440
Natalina,Fierman,Agender,nfiermangw@reverbnation.com,364 832 7140
Lizette,Attenborough,Female,lattenboroughgx@t.co,904 779 0922
Deeanne,Sandbrook,Female,dsandbrookgy@drupal.org,421 611 6362
Bengt,Bagster,Male,bbagstergz@hostgator.com,310 507 5019
Wallie,Roset,Male,wroseth0@1688.com,744 575 2399
Berky,Leward,Male,blewardh1@desdev.cn,698 583 7311
Blakeley,Spalding,Genderqueer,bspaldingh2@skyrock.com,860 141 0176
Garvy,Ivoshin,Male,givoshinh3@cbsnews.com,948 158 2157
Britte,Dufour,Female,bdufourh4@google.com,493 855 7468
Glyn,Picardo,Male,gpicardoh5@ca.gov,136 839 9345
Simone,Olivella,Female,solivellah6@uol.com.br,689 528 3727
Isiahi,Maynard,Male,imaynardh7@toplist.cz,426 544 0850
Clarance,Grigoryov,Male,cgrigoryovh8@wordpress.com,894 654 5524
Hyacinth,Lindenman,Female,hlindenmanh9@studiopress.com,482 104 4328
Trish,Fley,Female,tfleyha@wordpress.com,824 141 0434
Romonda,Keemar,Female,rkeemarhb@smugmug.com,835 158 3055
Tiffy,Nulty,Female,tnultyhc@nytimes.com,796 154 8103
Flem,Ely,Male,felyhd@g.co,489 159 2780
Venita,Edmans,Female,vedmanshe@scribd.com,494 272 8565
Federico,Eastgate,Male,feastgatehf@mail.ru,213 857 1650
Griffin,Bizley,Male,gbizleyhg@buzzfeed.com,818 710 5570
Tim,Mewton,Female,tmewtonhh@phoca.cz,448 667 2058
Camille,Dumini,Female,cduminihi@cbsnews.com,964 990 5368
Kip,Pigden,Male,kpigdenhj@ebay.co.uk,962 532 0282
Karen,Yuranovev,Genderfluid,kyuranovevhk@ycombinator.com,440 982 6701
Jill,Gelland,Female,jgellandhl@cloudflare.com,355 509 3013
Cora,Fayter,Female,cfayterhm@ycombinator.com,408 203 3094
Perri,Mitchinson,Female,pmitchinsonhn@digg.com,661 393 0456
Tiena,Arntzen,Female,tarntzenho@home.pl,296 635 8439
Dov,Fewster,Male,dfewsterhp@economist.com,289 265 9590
Lorenza,Ericsson,Female,lericssonhq@slate.com,961 213 0159
Anya,Garrick,Female,agarrickhr@nature.com,626 980 5112
Franklyn,Wholesworth,Male,fwholesworthhs@com.com,799 595 0754
Jesus,D'Aguanno,Male,jdaguannoht@fda.gov,508 397 0558
Hadley,Celli,Male,hcellihu@google.com.br,132 392 0943
Alfonse,Mossman,Bigender,amossmanhv@cornell.edu,148 625 9902
Lebbie,Bluett,Female,lbluetthw@columbia.edu,158 365 4214
Clemente,Timson,Male,ctimsonhx@deviantart.com,475 913 7646
Elianore,Amerighi,Female,eamerighihy@people.com.cn,298 130 7340
Angel,Villaron,Female,avillaronhz@gnu.org,462 209 2650
Adolphe,Colbeck,Male,acolbecki0@clickbank.net,754 708 1641
Zelma,Millett,Female,zmilletti1@google.co.jp,873 884 5781
Vinson,Cryer,Male,vcryeri2@hhs.gov,431 464 1807
Wenda,Traice,Female,wtraicei3@123-reg.co.uk,167 368 9373
Skippy,Ert,Male,serti4@livejournal.com,974 253 2639
Ronnica,Songust,Female,rsongusti5@narod.ru,958 321 1718
Reilly,Allcorn,Male,rallcorni6@dmoz.org,929 994 7940
Marve,Doherty,Polygender,mdohertyi7@vkontakte.ru,906 888 4704
Willi,Ivanishev,Female,wivanishevi8@dagondesign.com,975 162 7498
Gillian,McOmish,Female,gmcomishi9@europa.eu,465 511 1408
Kingsley,MacNamee,Male,kmacnameeia@ucoz.com,387 227 4573
Elnore,Hugo,Female,ehugoib@ask.com,269 404 0371
Dynah,Mattiazzi,Female,dmattiazziic@noaa.gov,790 345 3968
Nealy,Chang,Male,nchangid@amazon.de,227 984 3870
Dael,Goult,Male,dgoultie@sun.com,955 697 9850
Elden,Toulamain,Male,etoulamainif@jigsy.com,351 992 0075
Teriann,Dominec,Female,tdominecig@redcross.org,185 784 2788
Abraham,Staff,Bigender,astaffih@state.tx.us,888 942 0549
Hillie,Willgoss,Male,hwillgossii@pen.io,402 907 3749
Lenee,Raunds,Female,lraundsij@cnet.com,131 676 6610
Lauren,Robez,Male,lrobezik@simplemachines.org,849 871 4102
Tann,Housley,Male,thousleyil@tripod.com,459 347 7821
Althea,Ixor,Female,aixorim@foxnews.com,592 195 0778
Blinny,Barbisch,Female,bbarbischin@gnu.org,278 349 7743
Gayelord,Longhorne,Male,glonghorneio@blinklist.com,356 522 3332
Lorena,Westhead,Female,lwestheadip@engadget.com,746 683 5253
Ernestine,Naylor,Genderfluid,enayloriq@google.de,260 583 7595
Pierrette,Lugsdin,Female,plugsdinir@nifty.com,489 655 3844
Roderic,Town,Male,rtownis@livejournal.com,836 220 6019
Valentina,Mainson,Female,vmainsonit@elegantthemes.com,508 206 7267
Bonnibelle,Munton,Female,bmuntoniu@howstuffworks.com,719 820 4720
Malanie,Rubberts,Female,mrubbertsiv@ftc.gov,457 822 3287
Blakelee,Aindriu,Female,baindriuiw@shareasale.com,729 889 9054
Dona,Scripture,Female,dscriptureix@unblog.fr,663 796 2716
Hartley,Haskur,Male,hhaskuriy@github.io,369 257 9445
Nahum,Derrick,Male,nderrickiz@wufoo.com,123 459 5346
Staford,Percival,Male,spercivalj0@slideshare.net,965 942 3636
Gian,Blasing,Male,gblasingj1@creativecommons.org,791 499 9342
Terry,Chatto,Male,tchattoj2@acquirethisname.com,244 925 5996
Babs,Thoday,Female,bthodayj3@google.pl,557 469 2976
Maegan,Carthew,Female,mcarthewj4@msu.edu,491 570 8880
Stacy,Bozworth,Bigender,sbozworthj5@zimbio.com,272 995 3444
Pierce,Orry,Male,porryj6@ft.com,925 973 9218
Cyrill,Diamant,Male,cdiamantj7@nytimes.com,940 351 2609
Jarid,Mazzeo,Male,jmazzeoj8@addthis.com,224 626 2344
Wolf,Baskerville,Male,wbaskervillej9@house.gov,740 710 5536
Leonard,Lyburn,Male,llyburnja@utexas.edu,580 103 2605
Riki,Quick,Female,rquickjb@w3.org,279 287 2539
Vally,Rawlence,Bigender,vrawlencejc@vkontakte.ru,476 239 5116
Simonette,Peattie,Female,speattiejd@adobe.com,376 623 9128
Major,Webberley,Male,mwebberleyje@economist.com,719 804 0127
Camila,Soan,Female,csoanjf@arizona.edu,169 455 7315
Jacky,Pierton,Male,jpiertonjg@people.com.cn,588 837 9945
Henrieta,Purselowe,Female,hpurselowejh@cbslocal.com,972 796 6860
Mildred,Circuitt,Female,mcircuittji@utexas.edu,527 836 5470
Lanae,Caveney,Female,lcaveneyjj@smh.com.au,398 501 6132
Ninetta,Samweyes,Non-binary,nsamweyesjk@cbsnews.com,777 804 4378
Dillie,Copes,Male,dcopesjl@macromedia.com,818 298 5074
Willetta,Parchment,Female,wparchmentjm@newsvine.com,871 440 7106
Spike,Rimmer,Polygender,srimmerjn@squarespace.com,695 147 0733
Haroun,Matcham,Male,hmatchamjo@state.tx.us,908 856 2911
Gigi,Woodard,Female,gwoodardjp@myspace.com,490 984 3745
Georgy,Filde,Male,gfildejq@github.com,571 805 6277
Pattin,Olsson,Non-binary,polssonjr@netvibes.com,379 198 5187
Henrietta,Rupert,Female,hrupertjs@elegantthemes.com,459 278 5037
Viviyan,Brodeur,Female,vbrodeurjt@comcast.net,752 434 5759
Bear,O'Keefe,Male,bokeefeju@upenn.edu,299 866 5905
Bradford,O' Ronan,Male,boronanjv@shareasale.com,185 657 5574
Sullivan,Rubroe,Male,srubroejw@merriam-webster.com,385 328 2372
Dorian,Ferrotti,Male,dferrottijx@stumbleupon.com,920 796 0688
Lewes,Cogger,Male,lcoggerjy@epa.gov,865 919 2942
Colas,Skull,Male,cskulljz@goo.gl,819 764 3180
Salomi,Klimpt,Female,sklimptk0@so-net.ne.jp,107 640 7755
Frayda,Izzatt,Female,fizzattk1@chronoengine.com,533 628 2922
Riannon,Firpi,Female,rfirpik2@hhs.gov,162 494 5838
Ashlan,Bohlsen,Female,abohlsenk3@newsvine.com,471 829 3322
Ruddie,McCullagh,Male,rmccullaghk4@vimeo.com,500 497 3073
Cary,Charpin,Male,ccharpink5@example.com,601 553 8793
Benji,Stiant,Male,bstiantk6@si.edu,189 705 8709
Lisha,Barrington,Female,lbarringtonk7@msu.edu,338 842 7335
Camille,Larner,Female,clarnerk8@si.edu,484 169 9894
Tobias,Ackenhead,Male,tackenheadk9@archive.org,128 764 1121
Ramon,Byart,Male,rbyartka@domainmarket.com,189 377 3874
Rriocard,Yurocjkin,Male,ryurocjkinkb@marriott.com,581 215 7571
Morlee,Spurret,Male,mspurretkc@google.it,605 818 4677
Ashleigh,Bisacre,Female,abisacrekd@twitpic.com,444 419 9363
Fonzie,Casterot,Male,fcasterotke@msu.edu,634 822 5591
Aveline,Haseley,Female,ahaseleykf@seesaa.net,634 362 9331
Suzanne,Crosscombe,Female,scrosscombekg@cdc.gov,369 585 0233
Ole,Shenton,Male,oshentonkh@java.com,633 497 4801
Clayson,Nerger,Male,cnergerki@wired.com,785 120 8632
Gisella,Simondson,Female,gsimondsonkj@bing.com,177 127 4072
Brock,Roder,Bigender,broderkk@tumblr.com,793 191 3557
Dew,Forrestall,Male,dforrestallkl@dot.gov,141 629 4562
Kitti,Grindall,Female,kgrindallkm@eepurl.com,950 145 5645
Kristofor,Madgewick,Polygender,kmadgewickkn@de.vu,379 917 9684
Franchot,Greensall,Male,fgreensallko@ibm.com,364 900 6898
Federico,Lamport,Male,flamportkp@thetimes.co.uk,362 440 0973
Paddie,Claworth,Male,pclaworthkq@free.fr,422 340 4931
Ilise,Bassam,Female,ibassamkr@theatlantic.com,906 980 9906
Lanny,Silman,Bigender,lsilmanks@wsj.com,243 792 2225
Lotte,Hammelberg,Female,lhammelbergkt@joomla.org,877 551 0347
Reinald,Batchelor,Male,rbatchelorku@seesaa.net,330 253 4899
Ian,Tebbett,Male,itebbettkv@usda.gov,804 124 0831
Marti,Delieu,Female,mdelieukw@flickr.com,832 689 3305
Ruthi,McCarle,Female,rmccarlekx@marriott.com,769 609 3040
Reinhold,Boggers,Male,rboggersky@google.fr,284 648 4051
Val,Gethen,Female,vgethenkz@ihg.com,179 109 9147
Aeriell,Niland,Female,anilandl0@tumblr.com,790 347 5498
Izabel,Jemmett,Female,ijemmettl1@privacy.gov.au,526 390 6978
Aldric,Goater,Male,agoaterl2@com.com,119 595 3815
Valentin,Buret,Male,vburetl3@fema.gov,483 794 4414
Urbain,Searsby,Male,usearsbyl4@ucla.edu,677 380 6019
Jimmy,Purkiss,Male,jpurkissl5@dailymail.co.uk,268 161 2467
Leyla,Callingham,Female,lcallinghaml6@smh.com.au,313 462 4471
Imogen,Durnford,Polygender,idurnfordl7@cocolog-nifty.com,464 291 1232
Sheffie,O'Sullivan,Male,sosullivanl8@businesswire.com,501 584 3003
Christiano,Rickersey,Male,crickerseyl9@google.co.uk,915 914 1533
Harper,Bradnock,Male,hbradnockla@trellian.com,589 398 0803
Eal,Gerred,Genderqueer,egerredlb@yolasite.com,397 272 6064
Meyer,Ryding,Male,mrydinglc@theatlantic.com,554 777 0968
Ryun,Feben,Male,rfebenld@mashable.com,802 659 0363
Idette,David,Female,idavidle@geocities.jp,230 645 1861
Jefferson,Tollett,Male,jtollettlf@state.gov,366 137 5536
Thayne,Gambie,Male,tgambielg@slashdot.org,449 443 9458
Bibbye,Scrane,Female,bscranelh@tinyurl.com,957 490 9139
Zachariah,Caps,Male,zcapsli@altervista.org,950 929 2654
Zelig,Shillito,Male,zshillitolj@ed.gov,451 593 0273
Welbie,Pigne,Male,wpignelk@columbia.edu,955 622 0949
Christoffer,Shakelady,Genderqueer,cshakeladyll@microsoft.com,689 755 4830
Beau,Derill,Male,bderilllm@mit.edu,400 832 2191
Arlette,Speariett,Female,aspeariettln@constantcontact.com,397 912 2783
Alikee,Wolledge,Female,awolledgelo@netlog.com,445 182 5868
Vita,Ubee,Female,vubeelp@japanpost.jp,644 338 1100
Morrie,Whapple,Male,mwhapplelq@google.pl,476 731 3446
Marius,Tennant,Male,mtennantlr@google.it,214 817 9883
Adriaens,Neem,Female,aneemls@stanford.edu,333 357 9685
Isa,Goldring,Male,igoldringlt@goodreads.com,529 489 8896
Cyrille,Evequot,Male,cevequotlu@printfriendly.com,789 117 5398
Mellisa,Pyrah,Female,mpyrahlv@walmart.com,175 809 4518
Ollie,Lippard,Male,olippardlw@oaic.gov.au,129 130 3138
Rycca,Prendergast,Female,rprendergastlx@cnet.com,577 656 7015
Mariele,Greenman,Female,mgreenmanly@yahoo.co.jp,265 668 0790
Teddy,Weinham,Female,tweinhamlz@washingtonpost.com,889 257 1327
Fraze,Carlick,Male,fcarlickm0@alibaba.com,305 926 0772
Henrie,Gilcriest,Female,hgilcriestm1@businessweek.com,786 951 9029
Antin,Nevet,Male,anevetm2@yolasite.com,229 737 5049
Kesley,Glaisner,Bigender,kglaisnerm3@de.vu,947 867 0665
Carma,Clucas,Female,cclucasm4@europa.eu,213 567 1220
Mari,Dytham,Female,mdythamm5@vinaora.com,700 579 4839
Dora,Ginnety,Female,dginnetym6@usa.gov,283 301 4520
Eustace,Merrilees,Male,emerrileesm7@ftc.gov,925 714 5998
Lottie,Ewan,Female,lewanm8@webnode.com,193 158 4465
Debora,Glennard,Female,dglennardm9@cpanel.net,446 733 0211
Konrad,Fontanet,Male,kfontanetma@oaic.gov.au,129 264 4792
Dacy,Veillard,Female,dveillardmb@reference.com,281 722 6772
Leeann,Walkey,Female,lwalkeymc@live.com,667 465 1007
Perla,Connerry,Female,pconnerrymd@csmonitor.com,249 288 2252
Julissa,Whitwell,Female,jwhitwellme@deliciousdays.com,433 258 0254
Adele,Pidgen,Female,apidgenmf@smugmug.com,243 316 6406
Lizzy,Jozwiak,Female,ljozwiakmg@opera.com,487 275 3126
Alexander,Esom,Male,aesommh@microsoft.com,173 589 5868
Maggi,McKinstry,Genderfluid,mmckinstrymi@amazon.de,496 236 9966
Arielle,Hein,Bigender,aheinmj@howstuffworks.com,584 985 7657
Avrom,Skegg,Genderfluid,askeggmk@accuweather.com,736 549 4669
Jesse,Agg,Female,jaggml@wikia.com,630 428 8831
Dyann,Ertel,Female,dertelmm@foxnews.com,477 532 4664
Friedrick,Gerasch,Male,fgeraschmn@pen.io,614 369 0042
Adler,Melladew,Male,amelladewmo@odnoklassniki.ru,101 374 8911
Jourdain,Camies,Male,jcamiesmp@networkadvertising.org,724 791 7007
Lavinia,Gullick,Female,lgullickmq@yellowbook.com,287 208 2561
Zenia,Leaman,Female,zleamanmr@jalbum.net,740 398 0261
Lexis,Margetson,Female,lmargetsonms@pagesperso-orange.fr,831 812 3262
Winny,Gianolini,Male,wgianolinimt@live.com,643 257 1452
Donnie,Culwen,Female,dculwenmu@cdc.gov,443 878 0347
Terry,Saylor,Male,tsaylormv@fema.gov,599 535 3204
Derril,Izzett,Male,dizzettmw@geocities.jp,645 409 3920
Juditha,Rodway,Female,jrodwaymx@quantcast.com,596 941 4460
Lorinda,Clemerson,Female,lclemersonmy@cbc.ca,300 276 8293
Reade,Sherred,Male,rsherredmz@technorati.com,938 781 3383
Holly,Teece,Male,hteecen0@privacy.gov.au,461 561 7351
Hakim,Belliveau,Male,hbelliveaun1@fastcompany.com,970 925 1468
Tammy,Marsie,Female,tmarsien2@imdb.com,691 280 8894
Tristan,Stearley,Male,tstearleyn3@fc2.com,546 710 9296
Peggi,Emmens,Female,pemmensn4@pcworld.com,113 749 1700
Serge,Horrell,Male,shorrelln5@sun.com,523 728 9167
Erny,Saiger,Male,esaigern6@discuz.net,129 998 0135
Russell,Sings,Male,rsingsn7@unblog.fr,342 332 3456
Melonie,Shakesbye,Female,mshakesbyen8@marriott.com,387 942 6540
Kevin,Freear,Male,kfreearn9@hostgator.com,211 983 8710
Ronnie,Affleck,Male,raffleckna@fastcompany.com,765 731 0398
Jessie,Persence,Male,jpersencenb@fotki.com,479 670 6561
Janaye,Vokins,Female,jvokinsnc@xinhuanet.com,333 132 3505
Livvy,Boorne,Polygender,lboornend@narod.ru,494 371 0484
Eddie,Mattersey,Male,ematterseyne@addtoany.com,660 660 4266
Kata,Moiser,Female,kmoisernf@bbb.org,828 907 4084
Portia,Crother,Female,pcrotherng@cdbaby.com,538 701 4529
Grace,Creelman,Male,gcreelmannh@businessweek.com,105 109 1926
Ferd,Ruzicka,Male,fruzickani@mysql.com,264 830 1598
Berte,Rehn,Female,brehnnj@miibeian.gov.cn,182 361 0446
Mar,Warbys,Male,mwarbysnk@addtoany.com,533 786 0305
Lenette,Veronique,Female,lveroniquenl@xrea.com,381 381 5446
Yule,Jaye,Male,yjayenm@webs.com,209 541 3169
Trey,Boulden,Agender,tbouldennn@icio.us,432 707 1557
Arturo,Layson,Male,alaysonno@opera.com,236 792 3563
Rozanne,Ibeson,Female,ribesonnp@sogou.com,513 681 9690
Aldous,Braz,Male,abraznq@hibu.com,220 505 9262
Jacynth,O'Doireidh,Female,jodoireidhnr@house.gov,604 911 9642
Burton,Munnis,Male,bmunnisns@wisc.edu,272 292 7266
Perice,Sainthill,Male,psainthillnt@wisc.edu,170 611 7164
Frannie,Burgill,Female,fburgillnu@disqus.com,574 472 3371
Abigale,Aughton,Female,aaughtonnv@shop-pro.jp,586 604 8543
Sinclair,Davidovich,Bigender,sdavidovichnw@ftc.gov,719 842 9734
Ansley,Somersett,Female,asomersettnx@amazon.co.jp,253 721 4284
Chicky,Hepher,Male,chepherny@4shared.com,655 447 3060
Zaneta,Pople,Female,zpoplenz@fotki.com,375 752 5842
Ronica,Brummitt,Female,rbrummitto0@yellowpages.com,124 628 0855
Bronnie,Levermore,Male,blevermoreo1@yahoo.co.jp,400 779 9427
Francesco,Adamovich,Male,fadamovicho2@accuweather.com,495 575 8738
Steffen,Reuter,Male,sreutero3@timesonline.co.uk,821 509 0967
Chelsea,Wibrow,Female,cwibrowo4@123-reg.co.uk,499 669 9267
Clair,McClifferty,Polygender,cmccliffertyo5@bbb.org,680 281 3524
Elie,Kettlestringes,Female,ekettlestringeso6@patch.com,816 875 1463
Jillie,Atack,Genderfluid,jatacko7@quantcast.com,306 438 0843
Donnie,Shreeves,Female,dshreeveso8@google.com.au,453 886 8108
Rosalynd,Druce,Female,rdruceo9@army.mil,512 787 3645
Salim,Poel,Male,spoeloa@ibm.com,344 560 7148
Burke,Scanlan,Male,bscanlanob@linkedin.com,498 240 3858
Norma,O' Scallan,Agender,noscallanoc@google.co.jp,770 879 4405
Eva,Late,Bigender,elateod@163.com,259 401 4134
Zeb,OIlier,Male,zoilieroe@webs.com,613 648 8893
Frederico,Nayer,Non-binary,fnayerof@webeden.co.uk,112 335 0232
Valentina,Lere,Female,vlereog@wiley.com,652 224 8530
Willetta,Gillespie,Female,wgillespieoh@opensource.org,122 822 5162
Mace,Canfer,Male,mcanferoi@cyberchimps.com,940 815 4650
Fanechka,Hassell,Female,fhasselloj@gizmodo.com,979 916 0421
Stearn,Swigg,Male,sswiggok@ed.gov,653 468 6394
Colly,Jollie,Female,cjollieol@ucsd.edu,948 946 6342
Darrell,Harvett,Male,dharvettom@webeden.co.uk,455 606 5470
Cecily,Winn,Female,cwinnon@europa.eu,103 449 2910
Herby,Gurg,Male,hgurgoo@hibu.com,609 937 8933
Elbert,Gobat,Male,egobatop@devhub.com,130 820 5460
Alisa,Kibbel,Female,akibbeloq@apache.org,817 687 2113
Anni,Virgo,Female,avirgoor@army.mil,430 671 3801
Zebulon,Grene,Male,zgreneos@tripadvisor.com,735 778 5228
Enid,Lindell,Female,elindellot@wordpress.com,484 670 9566
Mayer,Frawley,Polygender,mfrawleyou@infoseek.co.jp,808 193 7595
Veronica,Smewin,Bigender,vsmewinov@acquirethisname.com,626 262 9665
Alyssa,Watson,Female,awatsonow@soup.io,144 214 7841
Berna,Beadell,Genderfluid,bbeadellox@economist.com,445 740 3635
Cortie,Heatherington,Male,cheatheringtonoy@goodreads.com,903 345 9009
Myrtice,Roast,Female,mroastoz@sciencedirect.com,650 826 5006
Lianne,Stickford,Polygender,lstickfordp0@zdnet.com,371 377 7099
Beau,Painten,Male,bpaintenp1@free.fr,212 487 7367
Joellen,O'Mailey,Female,jomaileyp2@friendfeed.com,336 305 7141
Mannie,Schachter,Male,mschachterp3@trellian.com,877 771 4904
Roland,Randleson,Male,rrandlesonp4@clickbank.net,651 597 4158
Randy,Jakubowsky,Female,rjakubowskyp5@naver.com,323 782 9498
Lexi,Kington,Female,lkingtonp6@amazon.de,264 677 4675
Wileen,Goodburn,Female,wgoodburnp7@netlog.com,384 434 3284
Carmine,Alvarado,Female,calvaradop8@elegantthemes.com,166 203 2496
Mellisent,Whitrod,Female,mwhitrodp9@buzzfeed.com,307 111 2876
Tristan,Symmers,Genderqueer,tsymmerspa@dion.ne.jp,527 309 0268
Odie,Crowthe,Male,ocrowthepb@redcross.org,946 894 3950
Maggie,Barbrick,Female,mbarbrickpc@photobucket.com,733 212 4508
Nikolia,Rampton,Female,nramptonpd@oakley.com,964 350 1533
Vyky,Yoselevitch,Female,vyoselevitchpe@ucoz.ru,358 570 4836
Ephrayim,Hughlin,Male,ehughlinpf@icq.com,763 782 0909
Dieter,Mearing,Male,dmearingpg@shareasale.com,698 587 7285
Court,Duncan,Male,cduncanph@dmoz.org,265 845 9032
Rosene,Blasgen,Female,rblasgenpi@omniture.com,225 181 2320
Leon,McKelvey,Male,lmckelveypj@phoca.cz,836 292 8800
Mercy,Shivlin,Female,mshivlinpk@google.co.jp,777 268 8227
Arni,Vinten,Male,avintenpl@cam.ac.uk,586 125 5692
Estel,Kuhnert,Female,ekuhnertpm@businesswire.com,292 119 7910
Cairistiona,MacNally,Female,cmacnallypn@wired.com,317 746 8510
Atalanta,Northgraves,Polygender,anorthgravespo@plala.or.jp,625 305 0866
Hermon,Hylden,Male,hhyldenpp@theglobeandmail.com,841 470 0012
Valentin,Boulden,Male,vbouldenpq@globo.com,275 164 6582
Romola,Mosson,Female,rmossonpr@weather.com,716 752 7968
Berty,Misk,Female,bmiskps@va.gov,314 873 5104
Elmore,Kynnd,Male,ekynndpt@cloudflare.com,404 632 2226
Selinda,Reyna,Female,sreynapu@nasa.gov,879 461 4598
Vonni,Mayall,Agender,vmayallpv@is.gd,202 689 1062
Hazel,Scotts,Male,hscottspw@webs.com,346 425 0120
Cicily,Yemm,Female,cyemmpx@4shared.com,326 889 4186
Melissa,Crosgrove,Female,mcrosgrovepy@bluehost.com,163 490 7120
Andriette,Whistance,Female,awhistancepz@yale.edu,706 440 8679
Kassandra,Tocqueville,Female,ktocquevilleq0@paginegialle.it,353 846 3328
Milton,Oke,Genderfluid,mokeq1@ftc.gov,639 707 1507
Sybilla,Ajsik,Female,sajsikq2@canalblog.com,632 302 3942
Isaiah,Markushkin,Male,imarkushkinq3@ibm.com,262 719 6598
Rebeka,Dingley,Female,rdingleyq4@reddit.com,744 676 8389
Dexter,MacGorman,Male,dmacgormanq5@tiny.cc,814 537 6961
Elisabet,Dzeniskevich,Female,edzeniskevichq6@simplemachines.org,630 630 5114
Clarissa,Sedman,Female,csedmanq7@php.net,586 898 8543
Austine,Judson,Female,ajudsonq8@nature.com,798 211 3183
Rheba,Keelan,Female,rkeelanq9@hatena.ne.jp,555 570 4859
Flore,Restall,Female,frestallqa@lulu.com,748 964 5525
Helli,Satch,Female,hsatchqb@usatoday.com,636 319 5841
Thedrick,Tuckwood,Male,ttuckwoodqc@oaic.gov.au,437 977 4443
Mortie,Uebel,Male,muebelqd@sakura.ne.jp,511 917 6529
Timoteo,Balharry,Male,tbalharryqe@technorati.com,174 278 9653
Rosabel,Verbruggen,Female,rverbruggenqf@hexun.com,276 167 8860
Diego,Mulrean,Male,dmulreanqg@tripadvisor.com,348 420 0499
Culver,Risbrough,Male,crisbroughqh@csmonitor.com,521 292 3953
Darbee,Hassur,Agender,dhassurqi@typepad.com,577 906 5921
Bartie,Priden,Male,bpridenqj@mashable.com,813 987 1097
Tucker,Johncey,Male,tjohnceyqk@foxnews.com,670 871 9577
Filbert,Burgwin,Genderfluid,fburgwinql@boston.com,303 806 7645
Susanne,Fowlestone,Female,sfowlestoneqm@un.org,106 803 3815
Thibaud,Jozefowicz,Male,tjozefowiczqn@weather.com,863 947 7704
Garrik,Evett,Male,gevettqo@mapquest.com,264 763 2801
Jonas,Melburg,Male,jmelburgqp@hao123.com,550 470 7170
Pansy,O'Cooney,Female,pocooneyqq@soup.io,793 675 3061
Jannel,Twinning,Female,jtwinningqr@alibaba.com,860 249 5854
Ado,Niche,Male,anicheqs@storify.com,244 191 4354
Delainey,Craisford,Male,dcraisfordqt@oaic.gov.au,454 103 8869
Orland,Itschakov,Male,oitschakovqu@whitehouse.gov,158 132 0150
Ban,MacRory,Male,bmacroryqv@fotki.com,234 930 3543
Ogdon,Rathbone,Polygender,orathboneqw@tripod.com,155 973 8953
Abraham,Pindell,Male,apindellqx@army.mil,195 774 9304
Butch,Devenny,Male,bdevennyqy@sciencedaily.com,545 158 1213
Leigh,Thundercliffe,Male,lthundercliffeqz@hatena.ne.jp,696 836 7854
Fifi,Trowler,Female,ftrowlerr0@163.com,717 916 7392
Manda,Case,Female,mcaser1@deviantart.com,782 308 1764
Nathan,Dineges,Male,ndinegesr2@stumbleupon.com,904 721 8195
Alis,Itscowics,Genderfluid,aitscowicsr3@blog.com,847 351 3042
Ody,Margeram,Male,omargeramr4@globo.com,569 725 2802
Marsh,Patillo,Male,mpatillor5@yale.edu,172 581 9387
Drake,Cooney,Non-binary,dcooneyr6@foxnews.com,980 598 8727
Dunstan,Goering,Bigender,dgoeringr7@ihg.com,831 484 3339
Mac,Leggatt,Male,mleggattr8@usnews.com,611 369 9473
Starlene,Kochlin,Female,skochlinr9@nasa.gov,565 254 4133
Meredeth,Asmus,Male,masmusra@sciencedaily.com,205 955 0695
Lorrin,Flintoffe,Female,lflintofferb@chron.com,720 478 0540
Hasty,Tooze,Male,htoozerc@linkedin.com,318 984 3154
Nestor,Tyt,Male,ntytrd@symantec.com,226 158 4690
Phil,Osan,Male,posanre@bloglines.com,702 950 3135
Garfield,Mardy,Male,gmardyrf@amazon.com,456 395 7022
Con,Vaillant,Female,cvaillantrg@w3.org,222 613 1375
Berti,Roskrug,Male,broskrugrh@scribd.com,529 595 0090
Larissa,Prayer,Female,lprayerri@w3.org,421 303 1813
Karyl,Garey,Female,kgareyrj@ustream.tv,230 964 6087
Reeba,Eatock,Female,reatockrk@uol.com.br,235 219 6904
Mandel,Giacopetti,Male,mgiacopettirl@instagram.com,996 769 2835
Frankie,Kent,Female,fkentrm@weather.com,361 398 1134
Shalom,MacTrustam,Genderqueer,smactrustamrn@icio.us,414 277 1679
Simeon,Kovacs,Male,skovacsro@salon.com,775 693 6705
Gerome,Soreau,Male,gsoreaurp@com.com,920 925 2054
Massimo,Stairmond,Male,mstairmondrq@slideshare.net,731 728 0769
Arvin,Quig,Male,aquigrr@google.es,650 963 0169
