first_name,last_name,gender,email,phone
Rutter,Tie,Genderfluid,rtie0@xinhuanet.com,813 764 7617
Darwin,Mackneis,Male,dmackneis1@rambler.ru,997 331 4194
Olga,Tellwright,Female,otellwright2@tripod.com,628 324 3448
Adolphus,Paireman,Male,apaireman3@shutterfly.com,459 385 8721
Jerrylee,Kleeborn,Female,jkleeborn4@jalbum.net,662 329 1563
Auria,Monkman,Female,amonkman5@answers.com,640 427 0495
Lothaire,Sapey,Male,lsapey6@1688.com,641 433 5127
Dorothea,Blagbrough,Female,dblagbrough7@mediafire.com,705 807 6389
Ardene,Pitherick,Bigender,apitherick8@xing.com,455 517 3862
Zelma,Challener,Agender,zchallener9@mediafire.com,179 743 0600
Hayley,Ewbanche,Female,hewbanchea@parallels.com,777 234 4924
Torrin,Cobbe,Male,tcobbeb@jugem.jp,481 608 7810
Osbourn,Whitman,Male,owhitmanc@sourceforge.net,904 356 5578
Mallory,Simounet,Female,msimounetd@studiopress.com,423 240 3736
Miles,Toplin,Male,mtopline@hostgator.com,282 666 3081
Neill,Pettwood,Male,npettwoodf@biglobe.ne.jp,262 260 1037
Cori,Guille,Male,cguilleg@mac.com,184 779 1465
Amabel,Besse,Female,abesseh@t.co,335 949 5871
Neill,Raisbeck,Male,nraisbecki@illinois.edu,106 543 3093
Carroll,Hinkley,Bigender,chinkleyj@slideshare.net,363 716 1261
Aymer,Cohrs,Male,acohrsk@yandex.ru,300 269 2939
Derek,Hobell,Male,dhobelll@jigsy.com,206 369 6994
Maddi,Chinn,Female,mchinnm@bizjournals.com,648 515 6674
Dacie,Durtnall,Female,ddurtnalln@freewebs.com,829 270 3940
Tedie,Pulford,Male,tpulfordo@addthis.com,116 492 3106
Elfreda,Gath,Female,egathp@redcross.org,716 329 5144
Ferdinand,Shewan,Male,fshewanq@sphinn.com,154 608 0127
Bordie,Fetherstone,Male,bfetherstoner@toplist.cz,816 688 4560
Carol-jean,Kingsmill,Female,ckingsmills@loc.gov,338 835 6168
Debbi,Malley,Female,dmalleyt@toplist.cz,521 947 5318
Carlye,Sage,Female,csageu@symantec.com,671 930 1279
Salomone,Najara,Male,snajarav@last.fm,698 514 3591
Alonzo,Poundsford,Male,apoundsfordw@mapy.cz,346 482 2685
Goraud,Luciano,Male,glucianox@home.pl,491 854 0014
Moses,Hayland,Male,mhaylandy@fotki.com,814 361 4766
Irvin,Byllam,Male,ibyllamz@networkadvertising.org,538 878 9464
Bartholomeus,Batalle,Male,bbatalle10@phoca.cz,170 649 0140
Brewster,Erickson,Male,berickson11@symantec.com,459 606 9907
Wilt,Luter,Male,wluter12@unicef.org,977 591 3777
Riccardo,Mitchell,Genderfluid,rmitchell13@spiegel.de,429 424 9610
Sergent,Gatecliffe,Male,sgatecliffe14@guardian.co.uk,747 386 4557
Cindi,Blasgen,Female,cblasgen15@globo.com,817 154 9472
Melanie,Kingsland,Female,mkingsland16@mozilla.org,711 921 6364
Dud,Leeke,Male,dleeke17@friendfeed.com,307 659 9469
Darlene,Miskimmon,Female,dmiskimmon18@sakura.ne.jp,661 153 4361
Marcel,Pedrozzi,Male,mpedrozzi19@furl.net,809 876 1507
Grant,Demangeot,Male,gdemangeot1a@topsy.com,965 336 3337
Tracie,Sylvaine,Male,tsylvaine1b@pagesperso-orange.fr,925 171 4468
Joelie,Chimienti,Female,jchimienti1c@github.io,475 166 9533
Noel,Hawkey,Male,nhawkey1d@oakley.com,442 197 7083
Benoite,Harriott,Bigender,bharriott1e@discovery.com,961 214 5764
Luther,Lumbers,Male,llumbers1f@ezinearticles.com,863 535 0936
Riki,Bonder,Female,rbonder1g@mysql.com,662 309 9789
King,Cansfield,Male,kcansfield1h@cornell.edu,159 231 2569
Cary,Hanson,Male,chanson1i@cloudflare.com,542 535 6396
Jerald,Pattini,Male,jpattini1j@oaic.gov.au,169 807 5969
Lorne,Yesinin,Female,lyesinin1k@businesswire.com,881 426 0871
Cynthy,Caldera,Female,ccaldera1l@npr.org,302 729 1125
Inger,Bedo,Male,ibedo1m@wiley.com,125 218 3332
Austen,Heinecke,Male,aheinecke1n@nytimes.com,587 687 0670
Hebert,Isaq,Male,hisaq1o@nationalgeographic.com,156 151 2863
Catha,Dougary,Female,cdougary1p@unblog.fr,793 501 1545
Brnaby,Week,Male,bweek1q@vinaora.com,308 805 6786
Rozella,Ridsdole,Female,rridsdole1r@freewebs.com,586 242 3017
Lidia,Rumbellow,Female,lrumbellow1s@mediafire.com,845 175 0492
Noemi,Buckmaster,Female,nbuckmaster1t@surveymonkey.com,225 213 4814
Jacquenetta,Dik,Female,jdik1u@mayoclinic.com,287 581 0547
Gustaf,Hammelberg,Male,ghammelberg1v@google.com.au,102 425 5187
Barnaby,Tillot,Male,btillot1w@nba.com,572 727 9772
Hamilton,Gregine,Male,hgregine1x@disqus.com,650 209 0889
Tawsha,Pearne,Female,tpearne1y@vkontakte.ru,597 680 6119
Catarina,Thaxter,Female,cthaxter1z@parallels.com,680 460 5110
Juli,Giacobbo,Female,jgiacobbo20@fastcompany.com,991 875 4460
Wylie,Gemson,Male,wgemson21@chronoengine.com,211 620 0814
Osborne,Winckworth,Male,owinckworth22@netscape.com,832 571 9382
Addie,Brantl,Female,abrantl23@sciencedirect.com,174 280 9821
Elora,Kleinmann,Genderfluid,ekleinmann24@prweb.com,114 360 8831
Odilia,Attenburrow,Female,oattenburrow25@gizmodo.com,286 970 2120
Maddie,Masden,Male,mmasden26@youtu.be,488 149 9683
Yasmeen,Peet,Genderfluid,ypeet27@webnode.com,590 579 3336
Donetta,Stephen,Female,dstephen28@dyndns.org,331 508 5982
Erhard,Smellie,Male,esmellie29@ox.ac.uk,608 233 6765
Hendrika,Lisimore,Polygender,hlisimore2a@businessinsider.com,196 627 8468
Lucina,Gyngell,Female,lgyngell2b@ca.gov,522 245 9026
Steffi,Janse,Female,sjanse2c@posterous.com,763 842 1113
Glenda,Teligin,Female,gteligin2d@examiner.com,384 403 3349
Zola,Elen,Female,zelen2e@weebly.com,420 816 8007
Tiler,Saleway,Male,tsaleway2f@unesco.org,347 395 8322
Marylin,Formoy,Female,mformoy2g@psu.edu,883 788 2045
Percy,Tiplady,Male,ptiplady2h@twitpic.com,693 793 7041
Titus,Dougan,Male,tdougan2i@infoseek.co.jp,184 639 5794
Morena,Warde,Female,mwarde2j@google.ru,739 345 1975
Audrie,O'Kennavain,Female,aokennavain2k@barnesandnoble.com,946 846 1871
Chevy,Edkins,Male,cedkins2l@walmart.com,429 967 4760
Fiona,Lanaway,Female,flanaway2m@hp.com,758 840 4877
Deny,Kilfeder,Female,dkilfeder2n@blogtalkradio.com,637 807 7029
Christin,Chalkly,Female,cchalkly2o@unicef.org,376 830 1861
Harwilll,Pinnocke,Male,hpinnocke2p@wired.com,751 297 7829
Anna-diana,Tedorenko,Female,atedorenko2q@twitpic.com,461 807 1484
Dill,Lightbourn,Bigender,dlightbourn2r@hao123.com,646 466 9709
Merwin,Brideoke,Male,mbrideoke2s@ftc.gov,781 104 3203
Karilynn,Aizkovitch,Female,kaizkovitch2t@jalbum.net,567 285 5155
Vic,Roskelley,Male,vroskelley2u@upenn.edu,129 607 6680
Dorie,Helleckas,Female,dhelleckas2v@joomla.org,632 255 0357
Devonna,O'Brallaghan,Female,dobrallaghan2w@senate.gov,850 339 5360
Ailene,Vicary,Female,avicary2x@weebly.com,606 853 0309
Gerardo,Salerno,Male,gsalerno2y@issuu.com,625 101 5535
Fiann,Hosburn,Female,fhosburn2z@independent.co.uk,386 727 5609
Finley,Gerrell,Agender,fgerrell30@webnode.com,911 308 5558
Muffin,Spowart,Female,mspowart31@toplist.cz,538 812 0947
Osborn,Dulton,Male,odulton32@psu.edu,872 172 5350
Salvidor,Powys,Male,spowys33@hubpages.com,473 312 5873
Caralie,Burgett,Female,cburgett34@opensource.org,289 664 8257
Kamila,Spaice,Female,kspaice35@nih.gov,566 671 9870
Cyrill,Gilbane,Non-binary,cgilbane36@i2i.jp,656 663 1240
Claudian,De Andreis,Male,cdeandreis37@sciencedirect.com,859 154 5252
Twyla,Matthews,Female,tmatthews38@newsvine.com,759 356 2733
Adora,Malatalant,Female,amalatalant39@arstechnica.com,759 320 8060
Lora,Iggalden,Female,liggalden3a@samsung.com,296 371 6723
Flint,Plitz,Male,fplitz3b@sina.com.cn,866 472 6305
Morey,Furmonger,Male,mfurmonger3c@1688.com,592 804 0481
Harmonia,Videler,Polygender,hvideler3d@mashable.com,129 571 9169
Christophorus,Bloxsum,Bigender,cbloxsum3e@wordpress.org,140 304 2209
Bryn,Giddons,Male,bgiddons3f@java.com,746 152 5214
Abelard,Verbrugge,Male,averbrugge3g@upenn.edu,412 411 0986
Cati,Tiesman,Female,ctiesman3h@facebook.com,935 374 1721
Carolee,McKeand,Female,cmckeand3i@bloglines.com,861 345 6492
Darwin,O'Brollachain,Male,dobrollachain3j@cbslocal.com,257 292 7637
Amory,Barabisch,Male,abarabisch3k@vinaora.com,192 126 7017
Anthia,Matula,Genderqueer,amatula3l@latimes.com,365 148 6888
Nicola,Bradfield,Male,nbradfield3m@msu.edu,477 581 7237
Kennedy,Blasdale,Male,kblasdale3n@flickr.com,508 452 3570
Anthony,Nazaret,Agender,anazaret3o@cornell.edu,572 899 4599
Leoine,Etherington,Female,letherington3p@discuz.net,494 668 7548
Wallie,Pashbee,Male,wpashbee3q@pinterest.com,361 242 1989
Johan,Vosse,Male,jvosse3r@bing.com,952 287 8005
Miof mela,Bossel,Female,mbossel3s@reverbnation.com,799 260 1372
Danielle,Wragge,Female,dwragge3t@gmpg.org,390 868 3026
Tris,Richardot,Male,trichardot3u@prlog.org,476 656 3287
Terry,Medling,Male,tmedling3v@alexa.com,774 347 8105
Tommy,Vasilik,Male,tvasilik3w@freewebs.com,304 725 0864
Meade,Normanville,Genderfluid,mnormanville3x@unc.edu,494 230 7125
Alasdair,Holworth,Male,aholworth3y@discuz.net,712 681 3674
Jaime,Gentric,Male,jgentric3z@bigcartel.com,766 260 7830
Reuben,Rodman,Male,rrodman40@unicef.org,178 537 8135
Marylee,Feaster,Female,mfeaster41@geocities.com,821 688 8932
Carrol,Yakovitch,Male,cyakovitch42@wordpress.com,223 854 5543
Sharity,Reedick,Female,sreedick43@nationalgeographic.com,429 231 9693
Orlan,Doniso,Agender,odoniso44@go.com,766 169 1254
Heriberto,Trelevan,Male,htrelevan45@apple.com,365 532 8245
Ruprecht,Forestel,Male,rforestel46@google.com.br,656 188 9331
Allsun,Braithwait,Female,abraithwait47@dropbox.com,493 553 3181
Nan,Bonnette,Female,nbonnette48@gizmodo.com,491 966 6315
Marleen,Doswell,Polygender,mdoswell49@domainmarket.com,958 434 2214
Josee,Deverose,Female,jdeverose4a@angelfire.com,962 118 5815
Farlay,Nudd,Male,fnudd4b@loc.gov,395 379 9688
Karlan,Duerden,Male,kduerden4c@reddit.com,665 287 8772
Leon,Loughney,Male,lloughney4d@google.es,775 137 1543
Trace,Stanlake,Male,tstanlake4e@google.it,422 521 8211
Moria,Furmedge,Female,mfurmedge4f@cdbaby.com,893 780 4855
Gusty,Bearns,Female,gbearns4g@cnet.com,145 754 4943
Harold,de Juares,Male,hdejuares4h@nytimes.com,476 799 3073
Teddie,Torra,Female,ttorra4i@nih.gov,491 443 8660
Katusha,MacLeese,Female,kmacleese4j@yolasite.com,569 108 8645
Kirbie,Picford,Female,kpicford4k@ebay.co.uk,453 608 0457
Gerek,Cavnor,Male,gcavnor4l@google.com.au,754 109 7737
Corabel,Weldon,Female,cweldon4m@moonfruit.com,598 347 0354
Maynard,Rudwell,Male,mrudwell4n@cmu.edu,812 942 8919
Rea,Crace,Female,rcrace4o@ovh.net,582 929 6735
Linnell,Krikorian,Female,lkrikorian4p@samsung.com,135 532 8422
Angelo,Zoppie,Male,azoppie4q@businesswire.com,928 467 3721
Audrye,Wofenden,Female,awofenden4r@home.pl,931 229 3361
Jill,Melley,Female,jmelley4s@amazon.co.jp,278 385 5996
Myrah,Karslake,Female,mkarslake4t@yale.edu,427 776 9675
Ham,Giorio,Male,hgiorio4u@pen.io,140 203 7310
Curr,Ahmed,Male,cahmed4v@posterous.com,432 168 3405
Pryce,Aimer,Male,paimer4w@paginegialle.it,493 788 3126
Milty,Adamczyk,Male,madamczyk4x@aol.com,207 847 0168
Trace,Tottman,Male,ttottman4y@google.es,537 421 0270
Brew,Riseley,Male,briseley4z@amazon.co.uk,206 552 2692
Lisette,Dyneley,Female,ldyneley50@sohu.com,536 682 5903
Tove,Luxton,Female,tluxton51@amazon.de,764 534 9359
Randie,Llorens,Male,rllorens52@uol.com.br,963 559 0398
Evaleen,Hewlings,Female,ehewlings53@simplemachines.org,762 656 4272
Tessi,Grishanov,Female,tgrishanov54@yellowbook.com,775 161 2556
Ileana,Riby,Female,iriby55@go.com,921 424 7251
Dar,Gazey,Male,dgazey56@behance.net,412 829 2494
Shalna,Isworth,Female,sisworth57@com.com,896 170 0540
Penn,Elson,Non-binary,pelson58@about.me,318 386 5957
Gavan,Antoniazzi,Male,gantoniazzi59@naver.com,624 102 1816
Valaree,Portis,Female,vportis5a@marriott.com,817 230 4454
Eugenius,O'Halloran,Male,eohalloran5b@narod.ru,967 507 4977
Konstanze,Hess,Female,khess5c@springer.com,575 361 0215
Roseann,Yardley,Female,ryardley5d@webeden.co.uk,548 530 9859
Harley,Chad,Bigender,hchad5e@com.com,569 386 2792
Bradley,Kuscha,Male,bkuscha5f@jigsy.com,332 475 3103
Ely,Martinson,Male,emartinson5g@slideshare.net,124 650 5689
Joyan,Handscombe,Female,jhandscombe5h@taobao.com,488 289 6222
Carola,Edling,Female,cedling5i@craigslist.org,997 435 3414
Germain,Dineen,Agender,gdineen5j@businessweek.com,975 531 7006
Sarita,Kirrens,Female,skirrens5k@homestead.com,635 753 5690
Hadleigh,Whatman,Male,hwhatman5l@omniture.com,934 312 3345
Otes,Pleasance,Male,opleasance5m@networkadvertising.org,497 425 3247
Bryana,Falkingham,Female,bfalkingham5n@parallels.com,647 966 8024
Scotti,Denyukin,Male,sdenyukin5o@smugmug.com,489 426 0624
Didi,Landsberg,Female,dlandsberg5p@livejournal.com,793 513 1266
Fonz,Palliser,Male,fpalliser5q@t.co,127 973 9003
Robbie,Wisam,Genderfluid,rwisam5r@macromedia.com,740 829 1011
Tessi,Deighton,Female,tdeighton5s@clickbank.net,389 510 9985
Ezechiel,MacEllen,Male,emacellen5t@nyu.edu,868 797 5422
Aubrie,Clapham,Agender,aclapham5u@hubpages.com,708 952 6350
Antonino,Thirtle,Male,athirtle5v@telegraph.co.uk,963 292 6505
Lezlie,Rome,Female,lrome5w@cnet.com,840 885 1261
Veronique,Thal,Female,vthal5x@addthis.com,372 311 1484
Jamima,Aston,Female,jaston5y@twitpic.com,767 967 7775
Tam,Keyes,Male,tkeyes5z@live.com,285 386 5054
Magdaia,Dounbare,Female,mdounbare60@aboutads.info,405 895 3244
Adelle,Benns,Genderqueer,abenns61@jiathis.com,820 878 3531
Erick,Northgraves,Male,enorthgraves62@seattletimes.com,639 765 9661
Pamela,Lambricht,Female,plambricht63@hugedomains.com,134 369 4035
Cordey,Petrov,Female,cpetrov64@istockphoto.com,545 511 9391
Fairlie,Bonsall,Male,fbonsall65@nbcnews.com,900 859 6740
Horton,Caulket,Male,hcaulket66@google.es,148 484 7939
Lanita,Eacle,Female,leacle67@virginia.edu,250 243 6342
Robbyn,Freeburn,Agender,rfreeburn68@census.gov,592 681 4503
Malva,Boutell,Female,mboutell69@twitter.com,876 889 2380
Justinian,Giannassi,Male,jgiannassi6a@msu.edu,752 232 7988
Tommy,Trapp,Female,ttrapp6b@whitehouse.gov,429 750 9154
Nancee,Kondrachenko,Female,nkondrachenko6c@freewebs.com,742 881 5113
Kristel,Edmundson,Female,kedmundson6d@furl.net,617 740 1968
Carolyn,Amorine,Female,camorine6e@unesco.org,978 228 7024
Kristel,Drayn,Female,kdrayn6f@histats.com,815 159 9895
Glennie,Duddan,Female,gduddan6g@ifeng.com,880 868 6883
Stormy,Olensby,Female,solensby6h@gmpg.org,297 580 7779
Ker,Glading,Male,kglading6i@walmart.com,258 960 6731
Clerissa,O'Doireidh,Genderfluid,codoireidh6j@pen.io,293 904 3753
Mick,Clayhill,Male,mclayhill6k@facebook.com,592 942 6338
Oates,Slott,Genderfluid,oslott6l@wunderground.com,700 483 8222
Frans,Catherick,Male,fcatherick6m@microsoft.com,208 368 1614
Rainer,Crat,Male,rcrat6n@arstechnica.com,544 346 0450
Yvette,Itzchaky,Agender,yitzchaky6o@umn.edu,389 819 4942
Randy,Bartleet,Female,rbartleet6p@webs.com,212 158 0923
Nicolina,Handman,Female,nhandman6q@nhs.uk,619 169 3681
Scott,Roncelli,Male,sroncelli6r@loc.gov,518 480 3756
Eydie,McGaughie,Female,emcgaughie6s@prweb.com,117 685 2406
Judah,Parzis,Male,jparzis6t@examiner.com,449 741 5430
Mayer,Garling,Male,mgarling6u@multiply.com,437 781 1158
Udale,Barkway,Male,ubarkway6v@ebay.co.uk,490 117 9499
Bevin,Morecombe,Male,bmorecombe6w@home.pl,486 230 6416
Phelia,Penrose,Female,ppenrose6x@forbes.com,556 431 7903
Eleonore,Mogford,Female,emogford6y@google.co.uk,354 226 6490
Berny,Maggorini,Male,bmaggorini6z@elegantthemes.com,470 798 2679
Bessy,Thresh,Agender,bthresh70@dailymotion.com,423 730 0690
Kara,Crocket,Female,kcrocket71@xrea.com,922 474 7305
Jasen,Jirak,Male,jjirak72@wsj.com,618 680 0908
Ailyn,Pymm,Female,apymm73@instagram.com,471 734 7113
Baryram,Merkle,Male,bmerkle74@homestead.com,609 925 0725
Barbey,Aisman,Female,baisman75@state.gov,608 232 1848
Wylma,Bucktharp,Female,wbucktharp76@senate.gov,983 808 9948
Haven,Norwood,Male,hnorwood77@w3.org,487 751 7986
George,Tripney,Female,gtripney78@vistaprint.com,855 742 9893
Harriett,Dwane,Polygender,hdwane79@cloudflare.com,705 261 6833
Magdaia,Graves,Female,mgraves7a@vistaprint.com,365 307 7045
Myrlene,Barringer,Female,mbarringer7b@desdev.cn,981 281 1448
Irma,Witherup,Female,iwitherup7c@soup.io,380 548 2888
Harald,Szepe,Male,hszepe7d@mozilla.org,211 456 6201
Vlad,Peery,Male,vpeery7e@answers.com,689 793 8920
Alfred,Hanselmann,Male,ahanselmann7f@dailymotion.com,812 907 3316
Sidonnie,Tosdevin,Female,stosdevin7g@cbc.ca,650 916 3252
Ailene,Bingall,Female,abingall7h@soup.io,610 356 0496
Jamey,O'Luney,Male,joluney7i@comsenz.com,480 958 8880
Nikolia,Marjanovic,Polygender,nmarjanovic7j@netscape.com,355 204 9099
Donica,Battle,Female,dbattle7k@meetup.com,419 291 0474
Alfred,Brannigan,Male,abrannigan7l@apache.org,357 733 0024
Ado,Roughey,Male,aroughey7m@tinypic.com,388 757 5688
Nicolis,Larkkem,Male,nlarkkem7n@usatoday.com,289 277 7506
Elyssa,MacDearmid,Female,emacdearmid7o@examiner.com,411 349 2893
Rossy,Tomasello,Male,rtomasello7p@indiatimes.com,967 191 6021
Willy,Bellow,Male,wbellow7q@lulu.com,392 455 3612
Nertie,O'Regan,Female,noregan7r@comsenz.com,146 638 7302
Dosi,Denison,Female,ddenison7s@barnesandnoble.com,212 378 7475
Joshua,Shepperd,Male,jshepperd7t@sun.com,467 355 8948
Horatius,Wooldridge,Male,hwooldridge7u@vinaora.com,625 174 1819
Aylmer,Birkenhead,Male,abirkenhead7v@census.gov,366 668 1736
Annissa,Ongin,Female,aongin7w@google.com.hk,955 152 3997
Anallese,Woodham,Female,awoodham7x@newsvine.com,629 625 1272
Hillel,Bernhardsson,Male,hbernhardsson7y@squidoo.com,410 915 7559
Dominica,Arnefield,Female,darnefield7z@wisc.edu,108 891 6277
Carley,Hanster,Female,chanster80@irs.gov,818 360 7393
Winnie,Perigeaux,Male,wperigeaux81@mapquest.com,840 623 8768
Sly,Whiskin,Male,swhiskin82@tamu.edu,201 466 2768
Yetta,Cantwell,Female,ycantwell83@is.gd,725 714 3225
Artie,Sellor,Male,asellor84@va.gov,300 905 3740
Matt,Wraight,Male,mwraight85@lulu.com,235 490 7630
Renae,Tilzey,Female,rtilzey86@chicagotribune.com,418 610 9754
Tim,Chessun,Female,tchessun87@hao123.com,251 850 0219
Cecile,Lang,Female,clang88@com.com,846 719 0205
Kory,Alesi,Male,kalesi89@abc.net.au,231 496 4880
Andre,Loncaster,Male,aloncaster8a@google.com,979 805 9674
Correy,Lissandre,Agender,clissandre8b@rakuten.co.jp,856 427 0225
Maxy,Lawrance,Female,mlawrance8c@last.fm,563 768 8708
Alvira,Campey,Female,acampey8d@accuweather.com,540 679 3174
Emlynne,Heinonen,Female,eheinonen8e@mozilla.com,196 219 5752
Rustie,Shobbrook,Male,rshobbrook8f@weather.com,492 140 9008
Andras,Villar,Male,avillar8g@cbslocal.com,239 704 3205
Nancy,Hansford,Female,nhansford8h@multiply.com,333 663 0799
Glendon,Blint,Bigender,gblint8i@opensource.org,271 792 2028
Randolph,Dunphie,Male,rdunphie8j@themeforest.net,490 862 9975
Malvina,Dowbekin,Female,mdowbekin8k@simplemachines.org,302 287 5546
Hendrik,Matuszewski,Genderfluid,hmatuszewski8l@apple.com,540 296 4029
Benson,Janicijevic,Male,bjanicijevic8m@google.fr,586 154 3450
Symon,Yekel,Male,syekel8n@admin.ch,389 761 8292
Dayle,Speeding,Female,dspeeding8o@oracle.com,216 978 2141
Margret,Haquard,Genderqueer,mhaquard8p@harvard.edu,666 936 0332
Drugi,Kennedy,Male,dkennedy8q@ifeng.com,514 980 7492
Ingeberg,Haggie,Female,ihaggie8r@spiegel.de,482 338 3848
Faith,Cusworth,Female,fcusworth8s@addthis.com,783 428 5662
Abraham,Bunson,Male,abunson8t@merriam-webster.com,270 460 3231
Ardenia,Tidcomb,Female,atidcomb8u@google.nl,901 943 8503
Chloe,Lytle,Female,clytle8v@latimes.com,991 572 0726
Vicki,Merryman,Female,vmerryman8w@dailymail.co.uk,325 525 9968
Pincas,Zmitrichenko,Male,pzmitrichenko8x@wiley.com,153 861 8251
Christiano,Bohlin,Male,cbohlin8y@bloomberg.com,723 962 4777
Jobye,Nuttey,Female,jnuttey8z@google.fr,218 112 9350
Garrard,Imeson,Male,gimeson90@xinhuanet.com,850 724 9630
Tori,Franiak,Female,tfraniak91@desdev.cn,108 407 7871
Tuesday,Oki,Female,toki92@smugmug.com,293 550 5773
Kailey,Rewcastle,Female,krewcastle93@usnews.com,194 308 3956
Fransisco,Ambler,Male,fambler94@ebay.com,111 771 2856
Josee,Ryam,Female,jryam95@yolasite.com,500 947 9966
Jerrine,Trayling,Female,jtrayling96@mac.com,737 659 6831
Kial,Maghull,Female,kmaghull97@huffingtonpost.com,715 280 7471
Etty,Humbee,Genderfluid,ehumbee98@yahoo.com,202 498 1889
Katlin,Maldin,Female,kmaldin99@disqus.com,290 917 6577
Vernon,Brayn,Male,vbrayn9a@intel.com,209 320 7580
Wood,Shitliff,Male,wshitliff9b@eventbrite.com,980 935 7785
Gale,Branche,Female,gbranche9c@arstechnica.com,799 971 9721
Jolene,Mariner,Female,jmariner9d@toplist.cz,514 838 1919
Oralee,Witherby,Female,owitherby9e@washington.edu,113 798 5374
Hamnet,Warters,Male,hwarters9f@answers.com,765 156 4095
Rochell,Calven,Female,rcalven9g@sfgate.com,182 452 2224
Baird,Wehden,Male,bwehden9h@google.com.hk,468 348 9095
Mela,Okker,Female,mokker9i@qq.com,909 784 1721
Kiel,Tinham,Agender,ktinham9j@barnesandnoble.com,889 912 0848
Elle,Goldup,Female,egoldup9k@mapquest.com,172 726 6749
Waring,Gascard,Male,wgascard9l@4shared.com,945 775 6208
Obadias,Sambrook,Bigender,osambrook9m@hostgator.com,166 490 9766
Junie,Pregel,Female,jpregel9n@google.co.jp,595 288 4373
Daryn,Glas,Female,dglas9o@clickbank.net,588 606 3620
Pascal,Bates,Male,pbates9p@elegantthemes.com,427 749 7566
Hasty,Allot,Male,hallot9q@themeforest.net,634 618 8126
Ruthi,Vallis,Female,rvallis9r@mit.edu,515 202 8690
Augustine,Westcar,Male,awestcar9s@marketwatch.com,278 377 2692
Wiley,Eicke,Male,weicke9t@alexa.com,736 188 9139
Sheffy,Chamley,Male,schamley9u@google.com,147 602 3404
Darby,Hydes,Genderfluid,dhydes9v@bizjournals.com,824 342 6522
Sile,Ledington,Female,sledington9w@elegantthemes.com,503 640 4683
Nils,Tames,Male,ntames9x@lycos.com,967 681 4778
Omar,Wardhaugh,Male,owardhaugh9y@apple.com,482 124 1819
Abby,Wornum,Male,awornum9z@dailymotion.com,527 238 8284
Lelah,Haeslier,Female,lhaesliera0@qq.com,560 647 7589
Langston,Causby,Genderqueer,lcausbya1@quantcast.com,217 566 1914
Nariko,Carah,Female,ncaraha2@narod.ru,109 260 5116
Waiter,Renfree,Male,wrenfreea3@usa.gov,143 746 1233
Arnaldo,Chastanet,Male,achastaneta4@alibaba.com,962 848 7086
Rubetta,Steedman,Genderfluid,rsteedmana5@samsung.com,572 910 6415
Graham,Elwill,Male,gelwilla6@ihg.com,421 825 9383
Zackariah,Vickors,Male,zvickorsa7@ucsd.edu,808 581 2133
Toddie,Ramirez,Male,tramireza8@google.fr,727 400 0460
Hebert,Spears,Male,hspearsa9@si.edu,824 675 0861
Gannon,Dalman,Male,gdalmanaa@de.vu,661 965 5688
Nettle,Dome,Female,ndomeab@hud.gov,314 363 7111
Kessiah,Berrey,Female,kberreyac@house.gov,868 834 8349
Valentino,Giorgio,Male,vgiorgioad@squarespace.com,847 773 8533
Kally,Hurn,Female,khurnae@privacy.gov.au,501 177 6454
Brandyn,Danslow,Male,bdanslowaf@tumblr.com,780 527 1754
Garik,Crowth,Male,gcrowthag@uol.com.br,602 878 9319
Annora,Burrage,Female,aburrageah@1und1.de,960 759 0889
Joshuah,Kittles,Male,jkittlesai@comcast.net,411 645 2160
Kendal,Cazereau,Genderfluid,kcazereauaj@technorati.com,522 713 6392
Shalom,Pagett,Male,spagettak@quantcast.com,300 696 6010
Waylen,Storrs,Male,wstorrsal@mayoclinic.com,711 354 4003
Rolf,Coppeard,Non-binary,rcoppeardam@mapquest.com,888 528 0122
Malorie,Gooddie,Female,mgooddiean@i2i.jp,757 606 7379
Tiphany,Heale,Female,thealeao@wsj.com,362 606 6088
Carmel,Cornelius,Female,ccorneliusap@cmu.edu,143 125 2181
Natal,Starkings,Male,nstarkingsaq@bizjournals.com,367 670 9523
Masha,Rutley,Female,mrutleyar@bandcamp.com,132 274 8452
Vally,Gullberg,Female,vgullbergas@patch.com,707 680 8356
Avram,Switland,Agender,aswitlandat@1und1.de,118 273 8417
Damien,Smowton,Male,dsmowtonau@ifeng.com,377 757 2297
Hilliary,Gascoigne,Female,hgascoigneav@t.co,733 903 3583
Dennet,Gery,Male,dgeryaw@arstechnica.com,325 350 1962
Kyla,Palfreeman,Female,kpalfreemanax@gravatar.com,667 387 8434
Jeremiah,Littrik,Male,jlittrikay@cornell.edu,641 713 3085
Barrie,Glynn,Female,bglynnaz@europa.eu,269 472 5485
Uriel,Bote,Male,uboteb0@nba.com,150 705 9707
Way,Bramsom,Male,wbramsomb1@yandex.ru,105 152 9410
Jo,Monelle,Female,jmonelleb2@nasa.gov,218 509 6647
Berne,Mushet,Male,bmushetb3@plala.or.jp,637 724 3421
Stavros,Rushby,Genderfluid,srushbyb4@webs.com,473 611 7991
Jamie,Haimes,Male,jhaimesb5@google.fr,193 832 8022
Jessa,Ewells,Female,jewellsb6@craigslist.org,247 510 2284
Sibby,Maddams,Genderqueer,smaddamsb7@vimeo.com,412 511 3225
Greer,Heyward,Female,gheywardb8@blogspot.com,259 157 9465
Sybilla,Djuricic,Genderqueer,sdjuricicb9@blog.com,249 367 4984
Babbette,Twigge,Female,btwiggeba@nydailynews.com,147 971 3346
Bale,Kinder,Male,bkinderbb@skype.com,802 820 7316
Zelig,Yapp,Male,zyappbc@naver.com,433 382 8936
Dedra,Dwight,Female,ddwightbd@youtu.be,206 147 6880
Althea,Cappell,Agender,acappellbe@miibeian.gov.cn,968 639 0792
Jaimie,Renachowski,Male,jrenachowskibf@google.co.uk,835 909 1097
Alyosha,Cradey,Male,acradeybg@naver.com,166 906 9770
Zackariah,Ericsson,Male,zericssonbh@imageshack.us,362 321 1235
Barney,Bewly,Male,bbewlybi@technorati.com,562 696 9183
Ave,Masding,Male,amasdingbj@comcast.net,528 539 6851
Betty,Crowdace,Female,bcrowdacebk@usda.gov,527 624 1340
Alleyn,Farington,Male,afaringtonbl@histats.com,102 875 1955
Richy,Sibborn,Male,rsibbornbm@histats.com,182 667 1098
Barbette,Hebblewhite,Female,bhebblewhitebn@furl.net,991 347 1056
Emyle,Di Francesco,Female,edifrancescobo@hao123.com,428 783 9602
Julie,Beamond,Male,jbeamondbp@time.com,393 166 6810
Samantha,Ledgard,Female,sledgardbq@howstuffworks.com,997 634 2342
Adriana,Fyndon,Female,afyndonbr@cnbc.com,267 236 0238
Ilyssa,Methuen,Female,imethuenbs@sohu.com,995 666 1043
Horst,Ashbe,Male,hashbebt@nature.com,567 872 8523
Jaymee,Larratt,Female,jlarrattbu@ebay.co.uk,309 143 2588
Pattie,Brognot,Genderqueer,pbrognotbv@fc2.com,319 125 9215
Fonzie,Marwick,Male,fmarwickbw@spotify.com,940 522 0799
Thibaud,Boerder,Genderfluid,tboerderbx@yahoo.com,170 529 6675
Skipp,Casse,Male,scasseby@house.gov,921 503 3340
Alvie,Lamputt,Male,alamputtbz@storify.com,952 500 8388
Shirleen,Tidd,Female,stiddc0@amazonaws.com,690 487 8771
Damian,Pierce,Male,dpiercec1@flavors.me,319 995 8813
Janela,Dacke,Female,jdackec2@youku.com,958 269 4019
Stanislaw,Tregien,Male,stregienc3@disqus.com,180 118 6072
Maddie,Press,Female,mpressc4@newyorker.com,357 785 0160
Emmery,Filipputti,Male,efilipputtic5@gizmodo.com,396 317 8343
Even,Beall,Male,ebeallc6@istockphoto.com,625 315 3499
Keane,Jeenes,Male,kjeenesc7@theglobeandmail.com,336 713 0629
Serge,Rispen,Male,srispenc8@artisteer.com,586 144 2218
Cyrillus,Beccera,Genderfluid,cbeccerac9@tinyurl.com,928 847 7821
Janek,Larner,Male,jlarnerca@ox.ac.uk,716 341 2266
Dode,Coughlin,Female,dcoughlincb@tripod.com,639 559 3844
Josias,Loseke,Non-binary,jlosekecc@meetup.com,272 537 6847
Wash,Durden,Agender,wdurdencd@4shared.com,596 604 8154
Arther,Gonzalvo,Male,agonzalvoce@tamu.edu,284 191 8270
Olivero,Lampel,Male,olampelcf@amazonaws.com,353 707 5165
Annadiane,Idle,Female,aidlecg@sakura.ne.jp,622 541 5542
Avigdor,Deveril,Male,adeverilch@newyorker.com,795 517 5420
Linet,Hackelton,Female,lhackeltonci@last.fm,304 912 3413
Saunder,Corah,Male,scorahcj@opera.com,501 716 0993
Freemon,Verdon,Male,fverdonck@whitehouse.gov,144 740 7164
Nicolette,Dreier,Female,ndreiercl@tamu.edu,270 638 4837
Wat,Ogelbe,Male,wogelbecm@parallels.com,241 403 1837
Flinn,Caughan,Male,fcaughancn@cdc.gov,451 650 0451
Kettie,Lytell,Female,klytellco@amazonaws.com,357 253 1901
Grayce,Paulazzi,Female,gpaulazzicp@washingtonpost.com,653 824 2983
Reyna,Arend,Female,rarendcq@mapquest.com,314 998 3176
Daron,Fuge,Female,dfugecr@unesco.org,757 768 4777
Pippa,Bambridge,Female,pbambridgecs@google.co.jp,874 867 2754
Cirillo,Pearn,Male,cpearnct@canalblog.com,345 100 8040
Virgilio,Ivakhnov,Male,vivakhnovcu@sourceforge.net,253 304 0572
Page,Farnon,Male,pfarnoncv@fema.gov,568 226 2827
Patricia,Naisbit,Female,pnaisbitcw@hp.com,926 323 1584
Jamesy,Clother,Male,jclothercx@buzzfeed.com,690 410 5843
Lou,Challenor,Bigender,lchallenorcy@hostgator.com,624 929 7230
Cherri,Moorwood,Female,cmoorwoodcz@people.com.cn,208 328 0925
Gayla,Andrusov,Polygender,gandrusovd0@cyberchimps.com,283 153 0206
Jerome,Gosling,Male,jgoslingd1@usgs.gov,148 489 5328
Fancie,McBratney,Female,fmcbratneyd2@kickstarter.com,485 193 2751
Iolande,Delue,Female,idelued3@usatoday.com,756 698 9591
David,Scarsbrooke,Male,dscarsbrooked4@pagesperso-orange.fr,187 943 9785
Marcie,Maundrell,Female,mmaundrelld5@nature.com,384 918 4661
Phoebe,Alexandrou,Female,palexandroud6@china.com.cn,119 758 0236
Norean,Shewsmith,Female,nshewsmithd7@tinypic.com,221 751 8518
Nani,Vorley,Female,nvorleyd8@about.me,283 462 2806
Marmaduke,Capponer,Male,mcapponerd9@unblog.fr,885 499 1449
Shanta,Bines,Female,sbinesda@google.pl,917 397 3450
Janelle,Placstone,Female,jplacstonedb@narod.ru,309 532 6339
Harv,Lowers,Male,hlowersdc@hao123.com,843 445 7129
Shaylynn,Skrine,Female,sskrinedd@chronoengine.com,786 432 5659
Cosme,Alesbrook,Male,calesbrookde@hc360.com,719 395 2122
Goober,Raffon,Male,graffondf@reverbnation.com,145 144 9018
Lelah,MacKowle,Female,lmackowledg@ask.com,368 283 2562
Stefano,Minifie,Male,sminifiedh@washingtonpost.com,860 536 3049
Anderea,Jenicek,Agender,ajenicekdi@usnews.com,124 206 2733
Monte,Rolfini,Male,mrolfinidj@yale.edu,265 572 1365
Loise,Mcall,Female,lmcalldk@yahoo.com,437 432 7701
Rozanna,McLaine,Genderqueer,rmclainedl@adobe.com,205 285 2903
Albertina,Dufour,Female,adufourdm@businesswire.com,911 288 8740
Chantalle,Kincaid,Female,ckincaiddn@typepad.com,952 116 6400
Stanly,Iacomini,Male,siacominido@princeton.edu,813 123 1668
Karil,Capitano,Female,kcapitanodp@amazon.com,868 131 5814
Gwenny,Welbourn,Female,gwelbourndq@ocn.ne.jp,871 605 0447
Gisele,Stennett,Female,gstennettdr@merriam-webster.com,279 489 8106
Caron,Arnao,Agender,carnaods@java.com,359 677 8273
Sharon,Gowanlock,Polygender,sgowanlockdt@cam.ac.uk,862 121 9323
Laurena,McVeagh,Female,lmcveaghdu@sourceforge.net,585 256 2235
Wolf,Pedican,Male,wpedicandv@chron.com,974 708 5618
Sara-ann,Grigs,Female,sgrigsdw@smugmug.com,127 507 6772
Val,Jacquemard,Female,vjacquemarddx@comcast.net,891 221 0592
Dorie,Jordan,Female,djordandy@princeton.edu,776 765 4361
Burke,Ruane,Male,bruanedz@unc.edu,800 353 9283
Guenna,Wolfenden,Female,gwolfendene0@diigo.com,395 908 2147
Andriette,Broggelli,Female,abroggellie1@ftc.gov,737 836 4864
Nani,Clissett,Female,nclissette2@ehow.com,415 334 3327
Ricard,Goodridge,Genderfluid,rgoodridgee3@umich.edu,155 433 5501
Tammara,Santacrole,Female,tsantacrolee4@businessinsider.com,977 620 8415
Standford,Beceril,Male,sbecerile5@google.com.br,748 562 7943
Olenka,Lawman,Female,olawmane6@state.gov,633 177 5852
Lise,Hawick,Female,lhawicke7@howstuffworks.com,457 546 3861
Pebrook,Stag,Male,pstage8@ifeng.com,315 202 1427
Christopher,Bartosch,Male,cbartosche9@nbcnews.com,905 310 8428
Gerik,Dalgardno,Male,gdalgardnoea@bing.com,110 154 4430
Duff,Tort,Male,dtorteb@homestead.com,344 423 5700
Antoinette,Waterstone,Female,awaterstoneec@mediafire.com,984 966 5536
Joline,Gold,Female,jgolded@google.ca,884 660 5572
Glenn,Shotboult,Female,gshotboultee@kickstarter.com,361 361 1792
Helsa,Daen,Female,hdaenef@w3.org,561 394 2116
Zonnya,Martellini,Female,zmartellinieg@ibm.com,726 746 7860
Wylie,Elphick,Male,welphickeh@bing.com,124 408 3715
Alejandro,McKernan,Agender,amckernanei@fema.gov,457 999 3483
Joane,Tassell,Female,jtassellej@cmu.edu,173 490 5905
Idette,Bischoff,Polygender,ibischoffek@illinois.edu,378 928 1464
Albert,Ewart,Male,aewartel@unblog.fr,410 463 7335
Yoko,Tiernan,Female,ytiernanem@arstechnica.com,317 772 2513
Kittie,Klaaassen,Female,kklaaassenen@diigo.com,619 353 2892
Jaquenetta,Benezet,Female,jbenezeteo@wp.com,266 857 8728
Liza,Timoney,Female,ltimoneyep@umich.edu,837 725 2804
Bobbette,Agus,Female,baguseq@dot.gov,239 970 6487
Henryetta,Crole,Female,hcroleer@businessweek.com,561 399 7911
Reinwald,Gimblet,Male,rgimbletes@over-blog.com,236 152 2666
Halley,Doget,Female,hdogetet@apache.org,559 801 3165
Beatrix,Pikesley,Female,bpikesleyeu@boston.com,612 856 8561
Zenia,Crayke,Agender,zcraykeev@narod.ru,231 125 7881
Clair,Bewsy,Male,cbewsyew@people.com.cn,131 153 8222
Wallie,Costello,Male,wcostelloex@salon.com,791 863 1885
Garwin,Szymczyk,Genderfluid,gszymczykey@adobe.com,672 357 4871
Quinn,Coat,Non-binary,qcoatez@altervista.org,604 890 3874
Taddeo,Vevers,Male,tveversf0@ftc.gov,995 608 9068
Dante,Bunnell,Male,dbunnellf1@hc360.com,440 415 4327
Gilemette,Meugens,Female,gmeugensf2@who.int,164 818 7759
Reinhold,Brammer,Male,rbrammerf3@goodreads.com,402 631 5998
Boyd,Scotland,Polygender,bscotlandf4@stumbleupon.com,311 193 0713
Sheryl,Vasquez,Female,svasquezf5@nationalgeographic.com,160 319 1541
Coop,Vardy,Male,cvardyf6@fda.gov,417 354 0584
Aldon,Darko,Male,adarkof7@skype.com,782 513 4183
Anabel,Denny,Female,adennyf8@upenn.edu,994 310 6413
Kale,Bennion,Male,kbennionf9@cisco.com,755 768 1208
Stearne,Pickersgill,Male,spickersgillfa@wired.com,885 555 8190
Udale,Malthouse,Male,umalthousefb@dot.gov,407 327 9046
Shelli,Fearnill,Female,sfearnillfc@ow.ly,803 888 7170
Bing,Cauthra,Male,bcauthrafd@dmoz.org,936 701 9064
Kayley,Satch,Female,ksatchfe@ycombinator.com,571 175 8283
Lanna,Vogele,Agender,lvogeleff@dailymail.co.uk,425 858 3324
Bonnee,Tailby,Female,btailbyfg@paginegialle.it,750 946 8821
Norrie,Parram,Male,nparramfh@apple.com,876 690 1934
Ad,Magovern,Male,amagovernfi@mediafire.com,401 509 3107
Hamilton,Lethbridge,Male,hlethbridgefj@twitter.com,988 223 8088
Katusha,Campion,Female,kcampionfk@desdev.cn,381 122 9623
Harold,Kordt,Male,hkordtfl@devhub.com,277 767 3647
Delinda,McMullen,Female,dmcmullenfm@ezinearticles.com,998 746 3252
Frants,Karolovsky,Male,fkarolovskyfn@issuu.com,727 593 8804
Natassia,Duddridge,Female,nduddridgefo@usatoday.com,593 737 3899
Augie,Standbrooke,Male,astandbrookefp@theatlantic.com,965 222 6301
Coretta,Danielczyk,Female,cdanielczykfq@w3.org,598 433 1345
Viv,Roony,Female,vroonyfr@instagram.com,745 491 9961
Elsbeth,Iddison,Female,eiddisonfs@psu.edu,822 574 4349
Jojo,Barczewski,Female,jbarczewskift@wiley.com,283 860 9970
Frederic,Pickance,Male,fpickancefu@princeton.edu,365 934 4267
Royce,Ibbeson,Male,ribbesonfv@slideshare.net,411 261 4032
Callie,Cordelle,Female,ccordellefw@jimdo.com,749 525 6087
Ulrich,Reade,Male,ureadefx@uiuc.edu,661 832 0359
Berty,Evreux,Male,bevreuxfy@exblog.jp,905 216 1111
Gerrard,Marquese,Male,gmarquesefz@umn.edu,578 627 2460
Hakeem,Josselsohn,Agender,hjosselsohng0@businessweek.com,823 566 8648
Manon,De Mitris,Bigender,mdemitrisg1@addthis.com,630 617 6841
Broderic,Machen,Male,bmacheng2@squidoo.com,637 156 0839
Demetria,Thomlinson,Female,dthomlinsong3@hubpages.com,402 962 2611
Valida,Binge,Female,vbingeg4@gmpg.org,270 193 8319
Niki,Wetherald,Male,nwetheraldg5@virginia.edu,355 988 7040
Rianon,Iddy,Genderfluid,riddyg6@ucoz.ru,366 344 6669
Ephrayim,Scudders,Male,escuddersg7@rediff.com,932 969 2831
Cacilia,Crossley,Female,ccrossleyg8@icq.com,342 636 9135
Marcille,Castanaga,Non-binary,mcastanagag9@ucla.edu,407 359 9100
Mile,Scardifield,Male,mscardifieldga@angelfire.com,977 210 3441
Faunie,Ledington,Female,fledingtongb@chicagotribune.com,752 105 8699
Celina,Cridlin,Female,ccridlingc@china.com.cn,393 807 2511
Roxie,Malbon,Female,rmalbongd@dyndns.org,294 471 5130
Joan,Spoor,Agender,jspoorge@joomla.org,408 269 1104
Emilee,Redsell,Female,eredsellgf@bloomberg.com,172 609 9644
Derby,Camies,Polygender,dcamiesgg@purevolume.com,960 125 8822
Benedick,Stoven,Male,bstovengh@ted.com,840 665 6300
Briggs,Lead,Male,bleadgi@whitehouse.gov,273 442 7289
Jacki,Pughsley,Female,jpughsleygj@uiuc.edu,541 742 9348
Kippie,Golds,Female,kgoldsgk@shutterfly.com,817 996 0098
Kristen,Struttman,Female,kstruttmangl@prnewswire.com,949 590 2208
Zachariah,Shardlow,Male,zshardlowgm@huffingtonpost.com,203 533 2013
Daveen,Tadlow,Female,dtadlowgn@cpanel.net,232 561 7464
Teddie,Rubartelli,Male,trubartelligo@barnesandnoble.com,883 908 1344
Tam,Iacofo,Male,tiacofogp@sfgate.com,964 515 3698
Rodd,Laven,Male,rlavengq@facebook.com,835 523 7178
Arvin,Richfield,Male,arichfieldgr@last.fm,949 676 6155
Eugenio,Torry,Male,etorrygs@telegraph.co.uk,243 204 2253
Cyrillus,Stitt,Polygender,cstittgt@hatena.ne.jp,658 493 4135
Carl,Edge,Male,cedgegu@blinklist.com,490 465 7642
Ulrich,Sargison,Male,usargisongv@fda.gov,973 628 4932
Mathias,Gillebride,Male,mgillebridegw@pinterest.com,617 100 5488
Jackie,Boother,Female,jboothergx@businesswire.com,292 530 0864
Calida,Guilleton,Female,cguilletongy@sohu.com,429 979 2956
Colline,Le Barr,Agender,clebarrgz@unicef.org,520 636 1621
Keelby,Florence,Male,kflorenceh0@uiuc.edu,122 712 7377
Corette,Cawley,Female,ccawleyh1@ovh.net,228 311 9222
Rozina,Lomax,Female,rlomaxh2@domainmarket.com,299 391 9759
Trixie,Dauby,Female,tdaubyh3@sphinn.com,146 478 4394
Alexa,Brownett,Female,abrownetth4@desdev.cn,241 719 1131
Roz,Farlam,Polygender,rfarlamh5@google.nl,138 401 0055
Harry,Aimeric,Male,haimerich6@dailymail.co.uk,859 117 3751
Nobie,Sharp,Male,nsharph7@stumbleupon.com,776 608 4498
Gayler,Kneesha,Agender,gkneeshah8@fda.gov,421 774 3316
Samantha,Rentelll,Female,srentelllh9@t.co,676 214 7822
Erskine,McPhilip,Male,emcphilipha@cpanel.net,580 496 8318
Nestor,Entwistle,Male,nentwistlehb@dell.com,178 245 7505
Shannan,McFarland,Polygender,smcfarlandhc@rediff.com,773 344 3416
Edgardo,Jerzak,Male,ejerzakhd@ustream.tv,353 911 8344
Derrik,Blennerhassett,Male,dblennerhassetthe@unc.edu,477 926 7398
Parsifal,Chifney,Male,pchifneyhf@php.net,717 834 0036
Dorothea,Clohessy,Female,dclohessyhg@feedburner.com,883 724 4073
Mei,Wastie,Female,mwastiehh@yahoo.co.jp,810 614 0930
Nikolas,Sturdgess,Male,nsturdgesshi@google.com.hk,116 139 3399
Perkin,Searby,Male,psearbyhj@washingtonpost.com,547 440 9648
Darrin,Josifovitz,Agender,djosifovitzhk@usnews.com,735 613 1989
Shurwood,Monteaux,Male,smonteauxhl@sourceforge.net,639 408 3427
Viv,Scedall,Female,vscedallhm@msu.edu,696 431 2459
Dennie,Bagley,Male,dbagleyhn@multiply.com,323 925 2941
Sandy,Attock,Female,sattockho@wiley.com,344 461 8727
Virge,Marcus,Male,vmarcushp@ebay.com,383 835 2437
Sibel,Toffetto,Female,stoffettohq@shutterfly.com,606 177 5083
Herschel,Geindre,Male,hgeindrehr@goo.ne.jp,334 126 7238
Orbadiah,Wadman,Male,owadmanhs@4shared.com,682 912 7645
Danya,Measey,Male,dmeaseyht@mediafire.com,553 196 3895
Kellby,Fearnall,Male,kfearnallhu@soundcloud.com,576 968 2132
Clarinda,Jira,Female,cjirahv@pagesperso-orange.fr,756 488 3900
Mollie,Hamp,Female,mhamphw@icq.com,511 841 4093
Jorrie,Yakunchikov,Female,jyakunchikovhx@oracle.com,167 362 2077
Dorthea,McGillicuddy,Female,dmcgillicuddyhy@netscape.com,573 347 3114
See,McSwan,Male,smcswanhz@zdnet.com,953 398 0989
Bryon,Suggate,Genderfluid,bsuggatei0@accuweather.com,660 346 0637
Wald,Baudrey,Male,wbaudreyi1@google.it,699 657 3014
Gonzalo,Derdes,Genderqueer,gderdesi2@nifty.com,252 825 2737
Westley,Riach,Non-binary,wriachi3@feedburner.com,927 328 6504
Robbyn,Rubinsky,Female,rrubinskyi4@nps.gov,929 782 1111
Jemmie,O'Heffernan,Female,joheffernani5@sciencedaily.com,579 688 2608
Marsh,Comsty,Male,mcomstyi6@wikia.com,144 313 7381
Reagan,Sheppey,Male,rsheppeyi7@sphinn.com,276 644 6556
Chandler,Tingley,Male,ctingleyi8@tumblr.com,315 698 2081
Doretta,Sekulla,Female,dsekullai9@multiply.com,419 150 1294
Dalli,Filisov,Male,dfilisovia@comsenz.com,285 998 2528
Kirsti,Ickovic,Female,kickovicib@joomla.org,789 842 2502
Christi,Heyball,Female,cheyballic@indiegogo.com,836 506 7393
Dayle,Stouther,Female,dstoutherid@cloudflare.com,995 541 5905
Milissent,Menaul,Female,mmenaulie@java.com,855 790 6012
Rozanna,Docket,Polygender,rdocketif@desdev.cn,232 285 7715
Fairfax,Mahedy,Male,fmahedyig@stumbleupon.com,330 346 3240
Benetta,Zorzenoni,Female,bzorzenoniih@yahoo.co.jp,632 944 8771
Fonzie,Jacquemy,Male,fjacquemyii@cnn.com,581 201 7955
Lorelei,Ewenson,Female,lewensonij@ning.com,439 567 4509
Lea,Tolcher,Genderqueer,ltolcherik@amazon.co.uk,791 783 1504
Lacee,Sivyour,Female,lsivyouril@dailymail.co.uk,945 243 5140
Raynor,Godding,Male,rgoddingim@vkontakte.ru,126 818 4079
Mair,Hallard,Bigender,mhallardin@vinaora.com,731 768 2650
Ashleigh,Rawlence,Female,arawlenceio@hud.gov,157 498 3420
Lanna,Balch,Non-binary,lbalchip@weather.com,351 881 6015
Randy,Hartell,Female,rhartelliq@fda.gov,383 805 3878
Lanie,Moyne,Male,lmoyneir@wordpress.org,684 739 6354
Casie,Vinnick,Female,cvinnickis@google.it,982 270 1560
Marnia,Burrells,Polygender,mburrellsit@gnu.org,280 685 6448
Jelene,Adey,Female,jadeyiu@gov.uk,335 363 7939
Charlena,Duinbleton,Female,cduinbletoniv@prweb.com,570 434 4498
Luis,Tatlock,Genderfluid,ltatlockiw@google.ru,343 269 8714
Jeffry,Lambrecht,Agender,jlambrechtix@dell.com,578 740 0016
Reuben,Ruggen,Male,rruggeniy@xing.com,138 402 4241
Arlan,Treneman,Male,atrenemaniz@php.net,487 321 8869
Harper,Ceeley,Male,hceeleyj0@timesonline.co.uk,571 817 1856
Erich,Keogh,Polygender,ekeoghj1@mapquest.com,281 432 4209
Patricio,Dufer,Agender,pduferj2@mapquest.com,639 157 7654
Jemimah,Schott,Female,jschottj3@wufoo.com,671 855 0737
Melisent,Gookey,Female,mgookeyj4@networksolutions.com,493 864 7899
Krishna,Scarre,Male,kscarrej5@forbes.com,267 211 0749
Vaughan,Cryer,Male,vcryerj6@cpanel.net,300 876 9339
Abdel,Knocker,Male,aknockerj7@symantec.com,625 584 5942
Davida,Barlie,Female,dbarliej8@slashdot.org,445 982 7809
Kissiah,Obray,Non-binary,kobrayj9@mlb.com,105 941 0766
Karee,Amort,Female,kamortja@archive.org,133 792 5396
Prent,Kubiak,Male,pkubiakjb@hp.com,414 182 0946
Kinsley,Seint,Male,kseintjc@dion.ne.jp,313 457 5885
Eamon,Jope,Male,ejopejd@webeden.co.uk,673 198 2573
Stanford,Choulerton,Non-binary,schoulertonje@github.io,204 183 6708
Clemens,Laws,Male,clawsjf@mashable.com,884 433 3748
Paula,Antwis,Female,pantwisjg@nba.com,628 369 0008
Juli,Selbach,Female,jselbachjh@yolasite.com,513 225 0850
Frants,Stear,Male,fstearji@mozilla.org,352 351 8098
Annecorinne,Lowndsbrough,Female,alowndsbroughjj@edublogs.org,317 943 8662
Alaric,Dufaire,Male,adufairejk@hud.gov,729 369 9082
Melody,Bullus,Female,mbullusjl@godaddy.com,725 864 9536
Pete,Thomlinson,Male,pthomlinsonjm@pbs.org,641 293 6822
Henry,Rupp,Male,hruppjn@sun.com,168 856 0872
Rayna,Greig,Female,rgreigjo@infoseek.co.jp,250 105 1525
Carrissa,Collings,Female,ccollingsjp@irs.gov,716 318 5125
Curtice,Brazener,Male,cbrazenerjq@feedburner.com,148 338 8964
Jaquenette,Espinoza,Female,jespinozajr@newsvine.com,449 503 1296
Buddy,Smallbone,Male,bsmallbonejs@jigsy.com,921 221 7259
Clywd,Cully,Male,ccullyjt@bizjournals.com,897 304 7025
Allyn,Boddie,Male,aboddieju@vimeo.com,201 651 2368
Rollins,Balderstone,Male,rbalderstonejv@google.com,316 901 5407
Marge,Deeming,Female,mdeemingjw@php.net,204 110 4137
Waylan,Pengelly,Male,wpengellyjx@opera.com,735 423 9663
Tina,Barrick,Female,tbarrickjy@domainmarket.com,274 170 9635
Fanchon,Brozsset,Female,fbrozssetjz@msu.edu,759 348 3199
Heather,Douche,Female,hdouchek0@umich.edu,105 714 4782
Lenette,Grattan,Female,lgrattank1@webnode.com,362 228 0576
Mufi,Dod,Female,mdodk2@shutterfly.com,427 175 2811
Sansone,Sporner,Male,sspornerk3@hatena.ne.jp,379 445 5643
Melanie,Payton,Female,mpaytonk4@buzzfeed.com,765 780 0910
Shawnee,Timlin,Bigender,stimlink5@microsoft.com,449 465 5233
Hendrika,Robilart,Female,hrobilartk6@who.int,140 672 0960
Ahmad,O'Rudden,Male,aoruddenk7@ucla.edu,193 990 0623
Ferne,Cains,Female,fcainsk8@google.com,155 129 5347
Kalindi,Thomazin,Female,kthomazink9@nyu.edu,405 612 8911
Perren,Branwhite,Male,pbranwhiteka@phoca.cz,246 789 3754
Ginger,MacGillivrie,Male,gmacgillivriekb@icq.com,246 466 8399
Felipe,Siegertsz,Agender,fsiegertszkc@360.cn,401 679 8546
Paten,Monnelly,Male,pmonnellykd@tripod.com,617 955 9145
Amalie,Keeting,Female,akeetingke@t-online.de,532 626 4196
Augustine,Senter,Male,asenterkf@yelp.com,959 871 2452
Patrizio,Depke,Male,pdepkekg@icq.com,763 998 0346
Roxana,Meryett,Female,rmeryettkh@vinaora.com,516 834 0361
Averill,Foucard,Male,afoucardki@skype.com,158 205 3229
Al,Haquin,Male,ahaquinkj@cyberchimps.com,983 726 7444
Elwyn,Pellissier,Male,epellissierkk@yelp.com,337 530 9847
Bill,Vasiliev,Female,bvasilievkl@mashable.com,885 789 3966
Keenan,Coull,Male,kcoullkm@canalblog.com,986 849 7632
Ozzie,Stripp,Male,ostrippkn@about.com,648 260 2704
Claudell,Jouanot,Male,cjouanotko@newyorker.com,552 185 1011
Legra,Purvey,Female,lpurveykp@dyndns.org,314 604 9575
Bernette,Horrigan,Female,bhorrigankq@deliciousdays.com,630 948 3986
Jamie,Cumpton,Female,jcumptonkr@sfgate.com,342 333 3063
Trude,Pietesch,Female,tpieteschks@dailymail.co.uk,466 835 9503
Babs,Towson,Female,btowsonkt@senate.gov,104 734 7801
Brynna,Matyushkin,Female,bmatyushkinku@va.gov,769 908 4886
Minnie,Bunson,Female,mbunsonkv@tamu.edu,577 276 8928
Bartholomeo,Allin,Male,ballinkw@ihg.com,521 710 1711
Basile,Axelby,Male,baxelbykx@ucla.edu,318 420 5102
Marget,Robroe,Female,mrobroeky@ehow.com,802 722 4965
Georgine,Tellenbach,Female,gtellenbachkz@un.org,918 297 8711
Bobine,Fullagar,Female,bfullagarl0@jiathis.com,346 389 4909
Hildy,Whaymand,Female,hwhaymandl1@sitemeter.com,312 609 3182
Pietra,Domleo,Female,pdomleol2@mapy.cz,658 784 1145
Andrew,Aspall,Male,aaspalll3@statcounter.com,351 221 4947
Dalis,Kingstne,Male,dkingstnel4@exblog.jp,472 408 4887
Bradley,Lamanby,Male,blamanbyl5@bravesites.com,167 915 4750
Cecilius,Bedome,Male,cbedomel6@wsj.com,126 547 7680
Devi,Zorro,Female,dzorrol7@go.com,373 400 7106
Cicely,Lonie,Agender,cloniel8@time.com,215 123 3962
Johnny,MacVanamy,Male,jmacvanamyl9@technorati.com,569 272 2647
Alidia,Ibell,Female,aibellla@netlog.com,749 835 9050
Hope,Christoffels,Female,hchristoffelslb@blog.com,700 656 5483
Aubrey,Ganter,Male,aganterlc@theatlantic.com,245 108 5375
Caresse,Basilone,Female,cbasiloneld@patch.com,949 732 1304
Jodie,Claxson,Male,jclaxsonle@gnu.org,906 222 5856
Miguela,Ladel,Genderfluid,mladellf@comcast.net,632 655 3705
Gwendolin,MacEllen,Female,gmacellenlg@friendfeed.com,564 925 0449
Kakalina,O'Leahy,Genderqueer,koleahylh@sitemeter.com,105 695 9644
Merrielle,Gossage,Female,mgossageli@biglobe.ne.jp,691 306 5385
Hortense,Maggi,Female,hmaggilj@fotki.com,819 225 3556
Binni,Nockolds,Female,bnockoldslk@mozilla.org,992 410 7376
Emmery,Josephsen,Male,ejosephsenll@furl.net,700 338 6448
Kilian,Champion,Male,kchampionlm@unblog.fr,360 776 3388
Aristotle,Toffoloni,Male,atoffoloniln@mapquest.com,208 874 5720
Bil,Eakle,Male,beaklelo@google.nl,814 963 5894
Shermie,Westell,Genderqueer,swestelllp@t.co,331 174 2541
Merrill,Suddell,Male,msuddelllq@bandcamp.com,567 488 7675
Josee,McNevin,Female,jmcnevinlr@constantcontact.com,578 584 2829
Bonny,Patmore,Female,bpatmorels@oaic.gov.au,786 969 1827
Mordy,Mulles,Non-binary,mmulleslt@house.gov,280 776 9175
Murvyn,Tidbold,Male,mtidboldlu@prweb.com,462 731 6132
Darwin,Smallacombe,Male,dsmallacombelv@ebay.co.uk,735 565 3962
Heddi,Ackwood,Non-binary,hackwoodlw@ucoz.ru,678 843 9003
Chilton,Kemsley,Male,ckemsleylx@alexa.com,538 411 0672
Graham,Scrooby,Male,gscroobyly@princeton.edu,792 484 2338
Ludovico,Heaney,Male,lheaneylz@tinypic.com,405 928 4170
Mead,Iredale,Female,miredalem0@google.pl,155 645 9497
Derk,Sawford,Polygender,dsawfordm1@ycombinator.com,469 870 8958
Ber,Horsell,Male,bhorsellm2@google.co.uk,268 469 0499
Yolane,Dodsley,Female,ydodsleym3@acquirethisname.com,886 235 9729
Ally,Mays,Female,amaysm4@utexas.edu,272 894 3480
Fifine,Ohm,Female,fohmm5@amazonaws.com,331 529 9234
Arabela,Edgecumbe,Genderfluid,aedgecumbem6@cbsnews.com,828 860 4009
Ebonee,Lornsen,Female,elornsenm7@bbc.co.uk,430 839 5754
Garvin,Keward,Male,gkewardm8@telegraph.co.uk,903 974 6746
Hobard,Clampe,Bigender,hclampem9@constantcontact.com,598 585 1630
Symon,O'Halligan,Male,sohalliganma@dailymotion.com,804 532 0085
Clerkclaude,Danjoie,Male,cdanjoiemb@miitbeian.gov.cn,262 298 7784
Taddeusz,Nassau,Male,tnassaumc@intel.com,364 195 9309
Lisa,Crack,Female,lcrackmd@webnode.com,607 955 8336
Alf,Lamberti,Agender,alambertime@bluehost.com,483 816 6096
Lamont,Richichi,Male,lrichichimf@privacy.gov.au,388 193 2966
April,Dorling,Female,adorlingmg@imageshack.us,873 761 8154
Leonore,Brucker,Female,lbruckermh@si.edu,819 546 5081
Rowney,Argente,Male,rargentemi@163.com,790 290 8166
Adi,Mogey,Female,amogeymj@irs.gov,792 278 9832
Akim,Jerke,Male,ajerkemk@paginegialle.it,372 975 1180
Douglas,Biermatowicz,Male,dbiermatowiczml@toplist.cz,542 972 8168
Jolene,Ogg,Female,joggmm@gmpg.org,619 772 4382
Tristam,Chatain,Male,tchatainmn@drupal.org,268 310 6995
Haskel,Simonian,Male,hsimonianmo@salon.com,219 668 3072
Eddie,Bryning,Male,ebryningmp@telegraph.co.uk,624 536 7452
Shirlee,Linnard,Female,slinnardmq@ask.com,368 207 8137
Magda,Aloigi,Female,maloigimr@cafepress.com,729 543 5771
Morlee,Romand,Male,mromandms@forbes.com,691 633 3721
Rosabelle,Darycott,Female,rdarycottmt@multiply.com,653 265 7012
Candra,McEntagart,Female,cmcentagartmu@hibu.com,797 544 4352
Benny,Sisey,Female,bsiseymv@surveymonkey.com,517 323 2053
Caleb,Milroy,Male,cmilroymw@php.net,180 846 8243
Valeda,Martineau,Female,vmartineaumx@blogtalkradio.com,204 828 5379
Gregorius,Tandy,Male,gtandymy@howstuffworks.com,931 499 4788
Dionisio,Seys,Male,dseysmz@mozilla.org,359 854 9267
Filia,East,Female,feastn0@arstechnica.com,287 746 3193
Derk,Espadater,Male,despadatern1@whitehouse.gov,746 507 1457
Durante,Warbeys,Male,dwarbeysn2@cyberchimps.com,814 143 9712
Aubrette,Kennon,Female,akennonn3@mail.ru,694 188 8624
Ermina,Awde,Female,eawden4@pbs.org,958 787 3789
Norene,Roseburgh,Female,nroseburghn5@shop-pro.jp,972 529 5780
Janna,Coppledike,Female,jcopplediken6@wufoo.com,293 679 1966
Jess,Blackster,Male,jblackstern7@baidu.com,767 228 2297
Colline,Grigsby,Female,cgrigsbyn8@wsj.com,985 437 6204
Melvin,Axtens,Male,maxtensn9@dailymail.co.uk,105 286 3790
Jammal,Harse,Male,jharsena@miibeian.gov.cn,386 268 2228
Dolley,Mc Gorley,Female,dmcgorleynb@liveinternet.ru,586 400 5977
Donetta,Jacomb,Female,djacombnc@zimbio.com,305 472 0210
Kellen,Haysey,Female,khayseynd@go.com,682 396 7562
Brunhilde,Goodram,Female,bgoodramne@php.net,105 722 5930
Trumann,Schulze,Male,tschulzenf@etsy.com,518 366 1560
Rriocard,Taverner,Male,rtavernerng@reddit.com,348 841 0643
Kelsi,Fyfield,Female,kfyfieldnh@uol.com.br,814 235 5492
Broddy,Chevalier,Male,bchevalierni@nsw.gov.au,668 108 9936
Rolph,Linthead,Non-binary,rlintheadnj@va.gov,651 365 9017
Conan,Dollin,Agender,cdollinnk@usa.gov,237 460 6375
Dew,Hackworthy,Male,dhackworthynl@geocities.com,164 304 0811
Atlanta,Yearns,Female,ayearnsnm@desdev.cn,986 271 9931
Justinn,Eady,Genderqueer,jeadynn@goo.ne.jp,125 864 8695
Dolly,Voss,Female,dvossno@xing.com,903 510 6199
Noe,Chastelain,Male,nchastelainnp@hugedomains.com,242 607 6241
Reggi,Munning,Bigender,rmunningnq@hud.gov,667 709 5247
Bev,Bounde,Male,bboundenr@nba.com,813 288 2693
Jeane,Benck,Female,jbenckns@tamu.edu,800 224 0585
Nickolai,Schapiro,Male,nschapiront@wsj.com,360 744 7439
Galen,Londesborough,Male,glondesboroughnu@vimeo.com,370 863 0360
Finlay,Van den Oord,Male,fvandenoordnv@apple.com,920 240 1317
Leroi,Jeeks,Male,ljeeksnw@facebook.com,570 871 0982
Wanda,Sellman,Female,wsellmannx@hc360.com,482 540 2047
Tye,Collie,Male,tcollieny@cisco.com,692 828 8360
Clim,Leonards,Bigender,cleonardsnz@wordpress.com,869 945 1460
Felicia,Lanfear,Female,flanfearo0@people.com.cn,338 177 7123
Rhys,Edwick,Male,redwicko1@microsoft.com,587 624 3867
Garrick,Ciccotti,Male,gciccottio2@yelp.com,528 625 8833
Stefanie,White,Female,swhiteo3@gov.uk,277 728 6736
Timmie,Larkins,Male,tlarkinso4@elegantthemes.com,554 285 3627
Tarrance,Horsted,Male,thorstedo5@dailymail.co.uk,580 447 0197
Germain,Twidle,Female,gtwidleo6@amazon.co.jp,957 488 5485
Raphaela,Deverick,Genderqueer,rdevericko7@hibu.com,477 989 4221
Tadd,Grise,Male,tgriseo8@columbia.edu,320 305 6546
Jamil,Stutter,Male,jstuttero9@vk.com,321 614 5276
Oralie,Coye,Female,ocoyeoa@webs.com,257 550 6283
Tove,Forshaw,Female,tforshawob@zimbio.com,564 518 0130
Bess,Arcase,Female,barcaseoc@timesonline.co.uk,549 733 2566
Peterus,Sparkwill,Male,psparkwillod@reverbnation.com,465 742 6491
Tonya,Stonham,Female,tstonhamoe@eventbrite.com,123 645 6794
Tabbatha,Saunder,Female,tsaunderof@nih.gov,881 993 7688
Ivar,Yuille,Male,iyuilleog@ning.com,147 602 6885
Mattias,Dewberry,Male,mdewberryoh@apple.com,533 977 9363
Orazio,Berrey,Male,oberreyoi@washington.edu,546 978 9360
Erasmus,Phibb,Male,ephibboj@hao123.com,360 620 1140
Trumaine,Payle,Male,tpayleok@latimes.com,645 493 2793
Amabelle,La Grange,Female,alagrangeol@state.tx.us,879 806 5026
Pippo,Howman,Male,phowmanom@google.it,446 552 1277
Mendel,Padson,Male,mpadsonon@plala.or.jp,240 313 7975
Blinni,Biles,Female,bbilesoo@ehow.com,949 140 5498
Gill,Pleven,Polygender,gplevenop@purevolume.com,579 709 6681
Fancy,Menghi,Female,fmenghioq@sakura.ne.jp,725 477 4501
Dulcinea,Severy,Female,dseveryor@godaddy.com,943 434 5247
Bronnie,Yukhtin,Male,byukhtinos@vkontakte.ru,932 235 4068
Annie,Whistlecroft,Female,awhistlecroftot@360.cn,315 627 7870
Keen,Coronado,Male,kcoronadoou@hatena.ne.jp,211 908 5619
Fabian,Lamport,Male,flamportov@blogtalkradio.com,390 495 0344
Alexander,Gulleford,Male,agullefordow@usda.gov,553 842 2902
Benn,Petegre,Male,bpetegreox@ucoz.com,864 551 5249
Mirelle,Stannislawski,Female,mstannislawskioy@jigsy.com,920 789 5026
Valera,Dabourne,Polygender,vdabourneoz@twitter.com,322 183 7293
Roxana,Otteridge,Female,rotteridgep0@nsw.gov.au,631 794 1591
Lottie,Livezley,Female,llivezleyp1@nytimes.com,739 420 9778
Clemente,Demaid,Male,cdemaidp2@cpanel.net,659 511 7588
Philbert,Jost,Male,pjostp3@netlog.com,621 635 2593
Noland,Dudbridge,Male,ndudbridgep4@twitter.com,276 947 3774
Bo,Ibbitt,Male,bibbittp5@nasa.gov,596 535 7646
Johnette,Thornally,Female,jthornallyp6@buzzfeed.com,721 574 2453
Berget,Cadreman,Female,bcadremanp7@com.com,853 926 0214
Jacky,McCaskill,Female,jmccaskillp8@mysql.com,674 901 5963
Gaultiero,Curtayne,Male,gcurtaynep9@diigo.com,170 305 8500
Wandie,Teasey,Female,wteaseypa@nyu.edu,455 354 3825
Kellina,Stennett,Female,kstennettpb@macromedia.com,834 917 4796
Pen,Ridout,Bigender,pridoutpc@t.co,535 566 4931
Ally,Essex,Genderqueer,aessexpd@house.gov,253 408 0731
Arliene,Doblin,Female,adoblinpe@ucoz.com,236 434 8675
Evangelia,Raubenheimer,Female,eraubenheimerpf@ucla.edu,993 356 5893
Ab,Lenox,Male,alenoxpg@aol.com,512 118 5337
Tracy,Brummitt,Male,tbrummittph@google.com.br,485 639 7930
Alidia,Elderidge,Female,aelderidgepi@edublogs.org,495 874 3473
Dasie,Matthewes,Female,dmatthewespj@webmd.com,366 245 1420
Lenora,MacNab,Polygender,lmacnabpk@csmonitor.com,704 381 0183
Aleda,Enoksson,Female,aenokssonpl@ox.ac.uk,484 466 1761
Davita,Mosen,Female,dmosenpm@friendfeed.com,386 613 0931
Sutton,Izakovitz,Polygender,sizakovitzpn@amazon.de,635 929 1640
Elton,Chevalier,Polygender,echevalierpo@reverbnation.com,471 881 8237
Trude,McCurry,Female,tmccurrypp@umn.edu,447 741 3738
Gabie,Windrum,Male,gwindrumpq@ustream.tv,512 791 9264
Pacorro,Gaffey,Male,pgaffeypr@naver.com,682 440 4541
Karisa,Vautrey,Female,kvautreyps@bloglines.com,613 979 4300
Forest,Higgoe,Non-binary,fhiggoept@networkadvertising.org,519 183 9633
Barclay,Fenich,Male,bfenichpu@wired.com,890 940 8640
Shaw,Karppi,Male,skarppipv@google.com.br,755 189 6503
Nefen,Larose,Male,nlarosepw@merriam-webster.com,182 220 3728
Melonie,Godson,Female,mgodsonpx@tripadvisor.com,551 631 4358
Jocelin,Ghirardi,Female,jghirardipy@issuu.com,112 318 4671
Bronson,Watford,Male,bwatfordpz@rambler.ru,649 883 4781
Norina,Colson,Female,ncolsonq0@ameblo.jp,794 918 0754
Jody,Langeren,Female,jlangerenq1@studiopress.com,202 103 9163
Merwin,Fleckney,Agender,mfleckneyq2@yellowbook.com,997 580 5247
Karel,Segebrecht,Male,ksegebrechtq3@bizjournals.com,322 806 5161
Agnese,Cremer,Female,acremerq4@zdnet.com,306 544 2454
Betta,Ahearne,Female,bahearneq5@soundcloud.com,208 536 1321
Adena,Oliva,Female,aolivaq6@php.net,437 308 9071
Heddie,Alu,Female,haluq7@addthis.com,211 118 4761
Eugene,Siman,Male,esimanq8@ca.gov,901 112 0265
Cassandry,Hathwood,Female,chathwoodq9@wunderground.com,600 608 3455
Olly,Austen,Male,oaustenqa@ycombinator.com,385 592 6685
Natalie,Spurr,Female,nspurrqb@flavors.me,638 630 5095
Hans,Provis,Male,hprovisqc@tinyurl.com,376 476 8789
Atalanta,Bingell,Female,abingellqd@unc.edu,878 398 2354
Dulcea,Gillis,Female,dgillisqe@skyrock.com,288 992 0884
Yanaton,Carme,Non-binary,ycarmeqf@mozilla.org,429 371 2123
Ewen,Aslum,Male,easlumqg@nifty.com,683 403 0379
Upton,Insko,Male,uinskoqh@opera.com,289 470 1562
Thomas,Fulks,Polygender,tfulksqi@cam.ac.uk,160 799 3429
Ervin,Whitmore,Male,ewhitmoreqj@microsoft.com,917 255 8728
Irvin,Stedman,Male,istedmanqk@de.vu,738 189 5184
Aarika,Costellow,Genderfluid,acostellowql@infoseek.co.jp,793 322 5733
Ode,Mulhall,Male,omulhallqm@shareasale.com,770 203 4836
Kelbee,Bertholin,Male,kbertholinqn@prweb.com,370 957 0148
Denny,Borlease,Male,dborleaseqo@wikipedia.org,368 913 0969
Blanch,Wrinch,Female,bwrinchqp@wufoo.com,307 305 1026
Ottilie,Marriot,Female,omarriotqq@imageshack.us,121 236 2041
Veronica,Garretts,Female,vgarrettsqr@furl.net,916 822 5366
Darby,Conkay,Female,dconkayqs@flavors.me,448 185 9500
Dulsea,Guys,Female,dguysqt@state.tx.us,845 154 4818
Brand,Helbeck,Male,bhelbeckqu@merriam-webster.com,635 305 4767
Cacilie,Bakey,Female,cbakeyqv@virginia.edu,745 900 8867
Kelwin,Vane,Male,kvaneqw@hatena.ne.jp,674 385 0212
Tobye,Lemar,Female,tlemarqx@myspace.com,814 505 9518
Vladamir,Stihl,Male,vstihlqy@jigsy.com,327 351 6474
Alexandr,Grzeszczyk,Male,agrzeszczykqz@behance.net,395 635 7783
Piggy,Tarling,Male,ptarlingr0@chronoengine.com,209 879 2782
Andy,Latek,Male,alatekr1@usgs.gov,682 210 4427
Buddie,Bohlin,Male,bbohlinr2@jiathis.com,100 647 8855
Rowe,McLise,Female,rmcliser3@mozilla.com,429 787 3772
Michaella,Emmot,Female,memmotr4@vimeo.com,982 724 3380
Bennett,Faircliffe,Male,bfaircliffer5@nih.gov,455 869 3083
Sela,Gellett,Polygender,sgellettr6@unblog.fr,575 305 4712
Husain,Duggan,Male,hdugganr7@people.com.cn,895 885 0049
Marshall,Demicoli,Male,mdemicolir8@weebly.com,835 578 0251
Leonore,Scotchmor,Female,lscotchmorr9@who.int,432 622 6424
Gregory,Sotheron,Male,gsotheronra@sphinn.com,587 107 4898
Cristian,Monck,Male,cmonckrb@google.cn,435 525 7378
Krishna,Curteis,Male,kcurteisrc@sphinn.com,652 587 5588
Babs,Woffinden,Female,bwoffindenrd@stumbleupon.com,965 538 4411
Flora,Cory,Female,fcoryre@timesonline.co.uk,557 949 7396
Lou,Flew,Male,lflewrf@ucsd.edu,737 622 1424
Ardella,Moodey,Female,amoodeyrg@slashdot.org,793 229 8633
Else,Ixer,Female,eixerrh@senate.gov,497 264 0951
Elsa,Doick,Female,edoickri@buzzfeed.com,188 933 4313
Gardiner,Fealty,Male,gfealtyrj@tripadvisor.com,869 812 5800
Ileana,Magarrell,Female,imagarrellrk@nsw.gov.au,469 227 0491
Cara,Asel,Non-binary,caselrl@123-reg.co.uk,167 814 3950
Gypsy,Mc Pake,Female,gmcpakerm@nature.com,567 642 9369
Nicola,Trim,Male,ntrimrn@desdev.cn,884 831 3657
Paddie,Owthwaite,Male,powthwaitero@printfriendly.com,465 995 3776
Burtie,Odo,Male,bodorp@ifeng.com,712 466 9860
Elisabeth,Grent,Female,egrentrq@so-net.ne.jp,811 204 6853
Caz,Lautie,Male,clautierr@mapquest.com,653 135 1523
