first_name,last_name,gender,email,phone
Boothe,Broxton,Male,bbroxton0@wordpress.org,288 350 3051
Anson,Pryell,Genderfluid,apryell1@flickr.com,744 843 9125
George,Gallihawk,Male,ggallihawk2@amazon.de,583 161 1968
Kennan,Deverill,Male,kdeverill3@sourceforge.net,946 194 3226
Andres,Morecombe,Male,amorecombe4@zimbio.com,638 255 7334
Morissa,Dysart,Female,mdysart5@nifty.com,988 302 1976
Zebulen,Gowans,Male,zgowans6@alexa.com,357 386 2718
Aldwin,Matthias,Male,amatthias7@cbc.ca,923 539 4926
Mick,Duker,Male,mduker8@newyorker.com,307 512 7478
Morgun,Mogenot,Male,mmogenot9@mlb.com,334 257 8890
Tito,Edwinson,Bigender,tedwinsona@mayoclinic.com,564 994 5094
Jone,Pellant,Male,jpellantb@oakley.com,245 387 2946
Holly-anne,Zuann,Female,hzuannc@wufoo.com,475 697 1786
Carlo,O'Bradain,Male,cobradaind@theguardian.com,421 890 7225
Bernard,Mastrantone,Male,bmastrantonee@miibeian.gov.cn,599 121 4429
Warner,Wrathall,Male,wwrathallf@army.mil,322 584 0210
Walther,Carp,Male,wcarpg@techcrunch.com,530 451 5249
Carce,Chorley,Male,cchorleyh@wordpress.org,600 509 2667
Tuesday,Maruszewski,Female,tmaruszewskii@usnews.com,109 129 1588
Hedvige,Metson,Female,hmetsonj@unesco.org,231 459 7431
Lion,Goalby,Male,lgoalbyk@blogs.com,172 576 5327
Quentin,MacCart,Female,qmaccartl@technorati.com,615 418 0511
Ammamaria,Chason,Female,achasonm@dot.gov,945 657 0375
Arny,Tacey,Male,ataceyn@ycombinator.com,340 963 9548
Chico,Manston,Genderfluid,cmanstono@youtube.com,990 941 3413
Loella,Deluze,Female,ldeluzep@yahoo.co.jp,991 855 9458
Aristotle,Bemand,Male,abemandq@sakura.ne.jp,301 591 4655
Valaree,Radborn,Female,vradbornr@twitpic.com,306 241 2597
Sabina,Eckhard,Genderfluid,seckhards@odnoklassniki.ru,774 688 4835
Eloise,Riordan,Female,eriordant@vimeo.com,560 728 6105
Beverie,Perassi,Bigender,bperassiu@cnbc.com,642 973 1009
Diena,Philo,Female,dphilov@tiny.cc,100 153 4335
Shandeigh,Palia,Female,spaliaw@wikimedia.org,847 628 5963
Dun,Josofovitz,Male,djosofovitzx@photobucket.com,716 291 2746
Amalee,Haresnape,Female,aharesnapey@eepurl.com,603 263 4070
Katine,Tevlin,Female,ktevlinz@gmpg.org,278 630 2962
Korrie,Lidell,Female,klidell10@mapquest.com,798 896 9096
Shelton,Jerosch,Male,sjerosch11@discuz.net,883 734 0605
Lilllie,Newband,Female,lnewband12@discovery.com,332 494 9553
Leann,De Filippo,Genderfluid,ldefilippo13@livejournal.com,718 386 1591
Audrye,Garlick,Female,agarlick14@stumbleupon.com,909 482 2485
Ruperta,Mulles,Female,rmulles15@apple.com,756 237 5238
Rebekkah,Terrazzo,Agender,rterrazzo16@kickstarter.com,773 139 8114
Sammy,Ellacombe,Male,sellacombe17@taobao.com,823 311 4928
Johnny,Sokell,Male,jsokell18@google.pl,487 492 5717
Kerianne,Clinning,Female,kclinning19@loc.gov,993 646 2080
Claudelle,Midden,Genderqueer,cmidden1a@forbes.com,336 193 2577
Albie,Sugars,Male,asugars1b@elpais.com,523 495 9864
Lenora,Brehault,Female,lbrehault1c@seattletimes.com,711 690 2537
Jermaine,Fleckness,Female,jfleckness1d@patch.com,435 478 5789
Thorpe,Simons,Male,tsimons1e@walmart.com,156 487 7166
Bryan,Andreacci,Male,bandreacci1f@yolasite.com,423 501 9083
Marillin,Haugen,Female,mhaugen1g@cnet.com,345 291 7185
Arlee,Riddett,Female,ariddett1h@cnbc.com,229 792 5858
Wildon,Golledge,Male,wgolledge1i@arstechnica.com,825 110 1905
Ravid,Eckley,Male,reckley1j@irs.gov,119 978 2619
Lockwood,Hessel,Male,lhessel1k@vkontakte.ru,826 582 3517
Guilbert,Strethill,Male,gstrethill1l@biglobe.ne.jp,657 721 5568
Toddie,Dunphy,Male,tdunphy1m@home.pl,868 423 4158
Goraud,Huckleby,Male,ghuckleby1n@naver.com,250 399 2924
Shawna,Bortolutti,Non-binary,sbortolutti1o@mail.ru,511 883 4999
Thadeus,Vigne,Male,tvigne1p@parallels.com,380 403 8336
Marv,Potkins,Male,mpotkins1q@wix.com,671 915 4715
Alastair,Willavize,Male,awillavize1r@angelfire.com,632 442 8953
Liuka,Meffin,Female,lmeffin1s@free.fr,609 964 7327
Morganica,de Keyser,Genderqueer,mdekeyser1t@delicious.com,442 972 8771
Witty,Marriage,Male,wmarriage1u@posterous.com,503 574 3704
Waly,Kennady,Female,wkennady1v@php.net,793 469 2661
Bonita,Sarath,Female,bsarath1w@sbwire.com,652 179 7258
Lion,Drury,Agender,ldrury1x@pcworld.com,903 872 6705
Reece,Goare,Genderfluid,rgoare1y@creativecommons.org,277 358 3782
Ingemar,Aleso,Agender,ialeso1z@boston.com,197 288 0757
Lesli,Benfell,Female,lbenfell20@census.gov,837 575 1787
Janis,Minkin,Female,jminkin21@opera.com,109 208 7555
Pearle,Dewey,Female,pdewey22@flavors.me,174 498 1409
Diena,Nanninini,Female,dnanninini23@wiley.com,123 806 3259
Rycca,Bonnavant,Female,rbonnavant24@smugmug.com,411 360 4363
Ferrel,McGaugey,Agender,fmcgaugey25@who.int,408 983 3204
Fanechka,Bartholin,Female,fbartholin26@phpbb.com,160 866 5743
Jarrad,Jaszczak,Male,jjaszczak27@cam.ac.uk,504 360 8904
Rozella,Duckels,Female,rduckels28@theatlantic.com,911 388 1639
Camilla,Gawen,Female,cgawen29@jiathis.com,644 888 0568
Wittie,Poltun,Male,wpoltun2a@rediff.com,255 947 9943
Jacky,Hamlington,Male,jhamlington2b@chronoengine.com,336 694 5425
Tobey,Lohde,Female,tlohde2c@salon.com,630 860 4422
Bobette,McGrane,Female,bmcgrane2d@buzzfeed.com,172 845 8289
Editha,Jedrzaszkiewicz,Female,ejedrzaszkiewicz2e@jimdo.com,835 132 5174
Johnath,Braidon,Female,jbraidon2f@dion.ne.jp,776 310 7019
Phelia,Brettell,Female,pbrettell2g@latimes.com,508 322 6234
Misha,Boxhill,Female,mboxhill2h@merriam-webster.com,578 866 4193
Rabi,Tarbatt,Male,rtarbatt2i@wix.com,721 927 6071
Ernestine,Kelly,Female,ekelly2j@tripadvisor.com,358 424 1613
Saul,Deeson,Male,sdeeson2k@cdbaby.com,733 619 0966
Elsa,Claw,Female,eclaw2l@aol.com,731 614 5483
Ambrosius,Coultass,Male,acoultass2m@si.edu,692 444 1593
Fidel,Swayne,Male,fswayne2n@oaic.gov.au,144 682 7300
Christophorus,Ciementini,Male,cciementini2o@hostgator.com,197 149 9252
Rickard,Haburne,Male,rhaburne2p@sina.com.cn,600 461 9294
Reinhold,Whebell,Male,rwhebell2q@ft.com,388 755 4224
Odo,Kippin,Male,okippin2r@blogs.com,231 230 9862
Corrinne,Sayce,Genderfluid,csayce2s@php.net,907 244 1285
Lanny,Crabb,Female,lcrabb2t@youku.com,707 623 9768
Rayner,Paler,Male,rpaler2u@ow.ly,976 914 7567
Cris,Alvar,Male,calvar2v@storify.com,904 130 2326
Micheal,Whittock,Male,mwhittock2w@shinystat.com,663 903 6910
Janeva,Stains,Female,jstains2x@china.com.cn,253 943 3266
Victoir,Basezzi,Male,vbasezzi2y@eepurl.com,758 249 0554
Willetta,Mathely,Female,wmathely2z@shareasale.com,662 612 8171
Cynde,Storey,Female,cstorey30@mac.com,699 283 4674
Mead,Ondrak,Male,mondrak31@freewebs.com,983 534 5260
Averyl,Meijer,Female,ameijer32@typepad.com,414 879 6296
Elsinore,Largent,Female,elargent33@smh.com.au,871 170 7709
Stephana,Gilyott,Female,sgilyott34@rediff.com,327 920 9596
Celina,Pothbury,Female,cpothbury35@yelp.com,126 155 9446
Bentley,Girodier,Polygender,bgirodier36@homestead.com,180 154 0044
Onfroi,Doreward,Male,odoreward37@eepurl.com,878 569 3286
Briana,Gibbings,Female,bgibbings38@usa.gov,186 173 4251
Waylan,Ferrey,Male,wferrey39@imdb.com,914 915 4009
Kevin,Demare,Male,kdemare3a@rambler.ru,370 380 3708
Lenette,Jolliff,Female,ljolliff3b@xing.com,305 832 2530
Gib,Meeke,Male,gmeeke3c@t-online.de,510 782 7681
Terrance,Guille,Male,tguille3d@google.com.br,871 156 5981
Bernete,Godmer,Female,bgodmer3e@washington.edu,247 557 5135
Rasia,De Nisco,Female,rdenisco3f@wufoo.com,831 473 8493
Keelia,Moy,Female,kmoy3g@dailymotion.com,115 328 4563
Tamera,Marrington,Female,tmarrington3h@sina.com.cn,288 719 2898
Berry,McGerraghty,Female,bmcgerraghty3i@topsy.com,388 675 6216
Lorilee,Cranmer,Female,lcranmer3j@ezinearticles.com,131 894 1067
Betta,McLuckie,Female,bmcluckie3k@naver.com,861 502 6139
Duffy,Joynes,Male,djoynes3l@engadget.com,652 630 4538
Pennie,Carmody,Bigender,pcarmody3m@feedburner.com,430 168 6729
Pepito,Pinshon,Male,ppinshon3n@state.tx.us,173 657 5704
Gretal,Baunton,Female,gbaunton3o@networksolutions.com,790 812 6227
Theodor,Rumsey,Male,trumsey3p@shutterfly.com,902 943 6716
Alexi,Keenor,Female,akeenor3q@biblegateway.com,418 291 9260
Demetre,Horbart,Male,dhorbart3r@nyu.edu,283 365 6248
Hedda,Cannan,Female,hcannan3s@woothemes.com,999 407 4559
Danie,Renfree,Male,drenfree3t@webeden.co.uk,243 142 0352
Joshia,Coombe,Male,jcoombe3u@behance.net,288 469 4869
Thatch,Stoll,Male,tstoll3v@wired.com,605 633 6046
Bronnie,Cuncarr,Agender,bcuncarr3w@google.nl,829 845 8290
Ronna,Barus,Female,rbarus3x@yolasite.com,902 821 1353
Jeromy,Bramich,Non-binary,jbramich3y@live.com,126 308 9359
Giavani,Ablitt,Male,gablitt3z@eepurl.com,682 190 1601
Sofie,Freer,Female,sfreer40@behance.net,444 420 1432
Fidelia,Rowcliffe,Female,frowcliffe41@drupal.org,281 285 2578
Jeanine,Menure,Female,jmenure42@gov.uk,899 133 6230
Karl,Curnow,Male,kcurnow43@globo.com,552 157 2814
Eve,Tothe,Female,etothe44@intel.com,369 504 9811
Dallon,Caird,Male,dcaird45@jalbum.net,656 880 2885
Granny,Hambribe,Male,ghambribe46@whitehouse.gov,495 571 1556
Rog,Thacke,Male,rthacke47@twitter.com,920 350 3692
Stanislaw,Guise,Male,sguise48@mapquest.com,599 992 1482
Vinni,Pilbury,Female,vpilbury49@so-net.ne.jp,600 643 6261
Barny,Pandey,Male,bpandey4a@networkadvertising.org,275 651 4674
Kent,O'Hannigan,Male,kohannigan4b@newsvine.com,582 792 2033
Rosabella,Mathelin,Female,rmathelin4c@posterous.com,676 834 3502
Rhodia,Gavriel,Female,rgavriel4d@about.com,318 339 7790
Franni,Newport,Female,fnewport4e@google.com,798 951 6569
Whitby,Shone,Male,wshone4f@yelp.com,143 226 7397
Lorilee,McVie,Female,lmcvie4g@so-net.ne.jp,320 861 5521
Golda,Peckham,Female,gpeckham4h@rediff.com,547 688 7636
Valerye,Letrange,Female,vletrange4i@adobe.com,461 562 4001
Wait,Davers,Male,wdavers4j@topsy.com,535 479 4525
Halli,Kellogg,Female,hkellogg4k@opensource.org,778 624 3236
Maddy,Danilewicz,Genderfluid,mdanilewicz4l@wordpress.org,420 907 8308
Lezley,Keneford,Male,lkeneford4m@mozilla.com,961 298 5543
Ange,Ritmeyer,Male,aritmeyer4n@foxnews.com,347 459 9555
Atlanta,Glass,Female,aglass4o@etsy.com,535 171 4923
Niki,Sugden,Male,nsugden4p@hugedomains.com,461 522 3465
Morry,Fairbrace,Male,mfairbrace4q@bravesites.com,385 492 1795
Eada,Normanville,Female,enormanville4r@huffingtonpost.com,630 201 0980
Sibley,Stoker,Female,sstoker4s@reddit.com,431 672 1173
Ketti,Noods,Female,knoods4t@telegraph.co.uk,457 544 3158
Russell,Jenton,Male,rjenton4u@woothemes.com,977 971 7724
Vlad,Ivory,Male,vivory4v@amazon.co.uk,408 148 7354
Bond,Craigheid,Bigender,bcraigheid4w@woothemes.com,508 586 3481
Eilis,Gasquoine,Female,egasquoine4x@go.com,209 273 3840
Irv,Inworth,Male,iinworth4y@360.cn,421 610 2306
Scarface,Stanyland,Male,sstanyland4z@t-online.de,585 494 3214
Claus,Youings,Male,cyouings50@uol.com.br,680 175 8006
Pablo,Kupper,Male,pkupper51@1und1.de,362 994 4996
Isadore,Clilverd,Male,iclilverd52@sakura.ne.jp,942 186 5688
Roi,Hairsine,Male,rhairsine53@eventbrite.com,828 722 3798
Lauraine,Varndall,Female,lvarndall54@umn.edu,995 831 6491
Tamar,Sadry,Female,tsadry55@purevolume.com,754 330 5936
Cash,Wisniowski,Male,cwisniowski56@cmu.edu,681 235 5335
Jefferey,Grannell,Male,jgrannell57@123-reg.co.uk,860 118 0557
Rori,Taree,Female,rtaree58@tinyurl.com,253 464 9435
De witt,Bagenal,Male,dbagenal59@google.pl,728 670 7089
Delora,De Freitas,Female,ddefreitas5a@oracle.com,832 940 0847
Bruis,Beever,Male,bbeever5b@chronoengine.com,890 423 9064
Sandor,Alldread,Male,salldread5c@yellowbook.com,216 569 3242
Carlynn,Caistor,Female,ccaistor5d@dailymotion.com,758 457 8219
Orel,Groveham,Female,ogroveham5e@t.co,193 785 2619
Mikol,Outerbridge,Male,mouterbridge5f@mapquest.com,934 278 2478
Delainey,Hales,Male,dhales5g@ask.com,384 778 4048
Correna,Toye,Female,ctoye5h@bloglines.com,209 801 9605
Onfre,Cominello,Male,ocominello5i@ifeng.com,449 374 9249
Vinita,Dunnett,Female,vdunnett5j@paginegialle.it,204 617 2820
Korey,Gaymer,Male,kgaymer5k@ocn.ne.jp,575 955 6484
Cyrillus,Delhanty,Male,cdelhanty5l@blogs.com,707 169 4084
Milka,Farish,Female,mfarish5m@lulu.com,744 680 1882
Berny,Muffen,Male,bmuffen5n@blogs.com,902 843 3613
Veronika,Tomson,Female,vtomson5o@ebay.co.uk,595 200 6372
Elle,Clementel,Female,eclementel5p@howstuffworks.com,648 889 9269
Phebe,Leakner,Female,pleakner5q@va.gov,857 313 3933
Phedra,Casero,Female,pcasero5r@jugem.jp,183 724 6185
Gardie,Ganter,Male,gganter5s@icq.com,978 888 0999
Upton,Andreopolos,Male,uandreopolos5t@sina.com.cn,791 417 1489
Barby,Vezey,Female,bvezey5u@paypal.com,199 987 3204
Ailey,Chieze,Female,achieze5v@gizmodo.com,148 556 6015
Barnabas,Griswaite,Male,bgriswaite5w@godaddy.com,602 915 8620
Davy,Tedahl,Male,dtedahl5x@hc360.com,584 757 3224
Chadd,Wais,Male,cwais5y@ask.com,828 159 5143
Alfreda,Birrane,Female,abirrane5z@umn.edu,769 801 0286
Stesha,Fellenor,Female,sfellenor60@odnoklassniki.ru,513 361 9384
Row,Greser,Female,rgreser61@mediafire.com,692 249 9451
Adrea,MacTeggart,Polygender,amacteggart62@prlog.org,834 138 2419
Sherwynd,Wheatland,Male,swheatland63@paypal.com,835 707 0387
Brietta,Faull,Genderfluid,bfaull64@rambler.ru,926 954 2482
Derrek,Blomefield,Male,dblomefield65@360.cn,743 869 3145
Mervin,Coumbe,Male,mcoumbe66@trellian.com,170 332 1906
Tyler,Croce,Male,tcroce67@ebay.com,147 890 8278
Arlen,Newlan,Male,anewlan68@bloglovin.com,822 822 2252
Bernardina,Pilsbury,Female,bpilsbury69@msu.edu,578 636 0333
Gussy,Schout,Female,gschout6a@nydailynews.com,267 990 1158
Mel,Loxly,Male,mloxly6b@toplist.cz,248 193 6696
Kelley,Gleder,Female,kgleder6c@163.com,154 875 1771
Hoyt,Tock,Male,htock6d@weebly.com,674 213 0560
Eddie,Gladeche,Polygender,egladeche6e@drupal.org,919 624 4198
Shelia,Scherme,Female,sscherme6f@jalbum.net,510 862 9926
Georgie,Doll,Male,gdoll6g@shareasale.com,253 843 7904
Wylie,Beniesh,Male,wbeniesh6h@free.fr,389 697 0590
Bartlett,Sarle,Male,bsarle6i@shutterfly.com,831 160 4597
Hamil,Hatcliffe,Male,hhatcliffe6j@shinystat.com,949 233 1812
Tommy,Van Arsdale,Female,tvanarsdale6k@wufoo.com,280 749 9606
Haley,Palfrie,Polygender,hpalfrie6l@cyberchimps.com,728 927 1616
Ly,Skamell,Male,lskamell6m@liveinternet.ru,476 162 9189
Cornell,Clackson,Male,cclackson6n@w3.org,123 159 9156
Mitch,Mulheron,Male,mmulheron6o@w3.org,814 782 2333
Bennie,Huyche,Female,bhuyche6p@google.cn,869 649 2113
Berti,Pendleberry,Female,bpendleberry6q@pbs.org,307 112 6357
Morissa,Corlett,Female,mcorlett6r@imageshack.us,405 641 4113
Shanan,Ruddiman,Male,sruddiman6s@yale.edu,598 945 1834
Courtney,Tailby,Female,ctailby6t@hibu.com,221 458 1789
Bary,Gehringer,Male,bgehringer6u@amazon.co.uk,943 762 3971
Tommie,Haslock,Male,thaslock6v@cloudflare.com,745 473 3813
Arlana,Lithcow,Female,alithcow6w@ameblo.jp,910 917 6036
Cordie,Breslane,Male,cbreslane6x@census.gov,904 443 6709
Meagan,Instrell,Female,minstrell6y@oracle.com,838 977 0968
Neel,Illing,Male,nilling6z@geocities.jp,939 566 6464
Hunt,Gagie,Male,hgagie70@nyu.edu,661 123 7631
Taite,Gronou,Male,tgronou71@xing.com,545 766 7177
Nan,O'Sheeryne,Female,nosheeryne72@live.com,725 595 2494
Brenden,Loyns,Male,bloyns73@columbia.edu,116 779 5005
Donalt,Tarte,Male,dtarte74@ft.com,904 530 2584
Muriel,Carvil,Female,mcarvil75@goo.ne.jp,189 817 9586
Ginni,Piesing,Female,gpiesing76@so-net.ne.jp,337 848 4756
Ilene,Hugk,Female,ihugk77@marriott.com,495 450 5366
Heidie,Zelland,Female,hzelland78@nsw.gov.au,781 171 6474
Igor,Quare,Male,iquare79@topsy.com,360 298 0064
Neel,Shave,Male,nshave7a@tumblr.com,379 593 6152
Kimmie,Mattschas,Female,kmattschas7b@ibm.com,795 762 9131
Zarah,Jery,Female,zjery7c@baidu.com,927 582 4924
Lindsay,Pulhoster,Male,lpulhoster7d@samsung.com,527 730 3688
Halimeda,Norbury,Bigender,hnorbury7e@theguardian.com,907 944 4924
Nancie,Flindall,Female,nflindall7f@microsoft.com,454 673 5932
Jaclyn,Croker,Agender,jcroker7g@mysql.com,519 836 1088
Reg,Meaking,Male,rmeaking7h@disqus.com,187 448 1538
Clayborn,Fairnie,Male,cfairnie7i@google.co.uk,559 795 2224
Hobard,Paraman,Male,hparaman7j@redcross.org,846 427 6263
Laverna,Copper,Female,lcopper7k@furl.net,320 913 8235
Link,Eddison,Male,leddison7l@eventbrite.com,315 721 0870
Alvinia,Bruckner,Female,abruckner7m@posterous.com,171 157 2670
Mariska,Aistrop,Female,maistrop7n@studiopress.com,929 815 7590
Boone,Orpyne,Agender,borpyne7o@flickr.com,796 643 4808
Gibbie,Dransfield,Male,gdransfield7p@apache.org,349 362 2177
Holly,Kenderdine,Male,hkenderdine7q@who.int,102 950 3705
Brianna,Brayford,Female,bbrayford7r@newyorker.com,428 812 9614
Corilla,Lumsdale,Female,clumsdale7s@weather.com,302 900 0385
Michaeline,Maudling,Female,mmaudling7t@prweb.com,376 444 1614
Wendeline,Petegre,Female,wpetegre7u@buzzfeed.com,888 398 7849
Wayland,Spadotto,Male,wspadotto7v@live.com,874 653 7319
Moria,Craney,Female,mcraney7w@a8.net,174 375 6551
Darin,Pursehouse,Male,dpursehouse7x@xrea.com,852 151 5639
Kelwin,Delf,Male,kdelf7y@webnode.com,638 977 9282
Maurise,Pankettman,Female,mpankettman7z@arizona.edu,562 187 7948
Binny,Mordacai,Female,bmordacai80@cdc.gov,676 470 5357
Wainwright,Tregidgo,Genderfluid,wtregidgo81@oakley.com,920 977 6275
Mervin,Justun,Male,mjustun82@aboutads.info,908 988 8678
Lukas,Beckensall,Male,lbeckensall83@goodreads.com,860 163 0835
Bert,Kayley,Male,bkayley84@aol.com,829 899 5513
Novelia,Swinn,Female,nswinn85@usatoday.com,280 240 6756
Gale,Azam,Female,gazam86@jimdo.com,150 935 0688
George,Longcaster,Polygender,glongcaster87@hc360.com,308 809 4892
Caril,Jurkowski,Female,cjurkowski88@istockphoto.com,203 210 3566
Verene,Rollett,Female,vrollett89@ox.ac.uk,916 344 2854
Rutledge,Paxeford,Male,rpaxeford8a@newsvine.com,121 434 2812
Gib,Basant,Male,gbasant8b@unesco.org,985 295 0588
Brinn,Connelly,Female,bconnelly8c@cbslocal.com,684 527 9405
Montague,Tulk,Agender,mtulk8d@imdb.com,530 844 3937
Jammal,McGeown,Male,jmcgeown8e@chicagotribune.com,645 623 4915
Markos,Gebby,Male,mgebby8f@ftc.gov,401 577 8616
Tabitha,Hamp,Female,thamp8g@google.com.hk,308 483 1545
Toddie,Lorentzen,Polygender,tlorentzen8h@state.tx.us,103 184 6231
Manolo,Parrish,Male,mparrish8i@is.gd,923 840 3445
Alberik,Inglis,Male,ainglis8j@vimeo.com,343 509 2213
Corry,Di Napoli,Female,cdinapoli8k@google.es,186 141 2238
Shauna,Cockill,Female,scockill8l@twitter.com,952 693 3998
Cristine,Cranstone,Genderqueer,ccranstone8m@google.com,737 221 0974
Lorilyn,Farnell,Female,lfarnell8n@prnewswire.com,621 214 6512
Seth,Filinkov,Male,sfilinkov8o@qq.com,494 814 2926
De witt,Tayt,Male,dtayt8p@scientificamerican.com,467 657 8794
Corette,Rennolds,Female,crennolds8q@bizjournals.com,677 647 7314
Neely,Skillitt,Female,nskillitt8r@nbcnews.com,459 528 8294
Leonelle,Stoke,Female,lstoke8s@cargocollective.com,944 879 8089
Therine,Curado,Female,tcurado8t@liveinternet.ru,756 455 6495
Silvanus,Sigmund,Male,ssigmund8u@java.com,402 614 2264
Shawn,Omand,Female,somand8v@ftc.gov,478 757 5519
Reider,MacTrustram,Male,rmactrustram8w@gizmodo.com,447 251 2640
Mariellen,Wilsher,Female,mwilsher8x@cyberchimps.com,593 471 0370
Lora,Hacon,Female,lhacon8y@issuu.com,197 819 2850
Maressa,Anton,Female,manton8z@hud.gov,370 452 4112
Ann-marie,Wyant,Female,awyant90@cdc.gov,611 770 0291
Tiebold,Flood,Male,tflood91@irs.gov,445 826 2134
Jens,Fuller,Male,jfuller92@virginia.edu,857 547 9770
Ainsley,Mowling,Female,amowling93@csmonitor.com,499 512 3317
Harold,Terrans,Non-binary,hterrans94@sun.com,884 900 9885
Ethe,Corns,Male,ecorns95@goo.ne.jp,173 421 2616
Graeme,Kincade,Male,gkincade96@google.it,260 305 9554
Aretha,Domenici,Female,adomenici97@chicagotribune.com,596 105 1974
Andras,Bourton,Male,abourton98@bloomberg.com,140 323 5614
Shane,Crux,Female,scrux99@baidu.com,697 781 0441
Nathanial,Helleker,Male,nhelleker9a@google.fr,695 632 1780
Catherine,Dahl,Female,cdahl9b@globo.com,624 636 2839
Kylen,Pagen,Female,kpagen9c@gmpg.org,364 855 5048
Mareah,Gerholz,Female,mgerholz9d@facebook.com,391 571 8426
Rebbecca,Girault,Female,rgirault9e@mediafire.com,551 806 5657
Aaron,Pitman,Male,apitman9f@engadget.com,415 632 0809
Lorri,Patten,Female,lpatten9g@dmoz.org,523 409 7321
Payton,Franchi,Polygender,pfranchi9h@youtu.be,153 949 1504
Lefty,Coggon,Male,lcoggon9i@xinhuanet.com,301 399 2713
Ariana,Mountstephen,Female,amountstephen9j@chronoengine.com,185 834 2386
Eolande,Bradman,Female,ebradman9k@imdb.com,144 653 7170
Meggy,Spinola,Female,mspinola9l@squidoo.com,771 678 4226
Eran,Columbine,Female,ecolumbine9m@friendfeed.com,516 139 0939
Bordy,Hunt,Male,bhunt9n@cmu.edu,620 540 3494
Evey,Gerckens,Female,egerckens9o@ning.com,571 888 4550
Broderick,Dorkins,Genderfluid,bdorkins9p@gnu.org,364 812 5376
Christyna,Taffee,Female,ctaffee9q@mashable.com,714 818 1467
Avigdor,Sparway,Male,asparway9r@chron.com,330 222 5434
Yale,Libreros,Male,ylibreros9s@taobao.com,444 174 7209
Kelley,Barkas,Male,kbarkas9t@sourceforge.net,598 582 5238
Florida,Seville,Female,fseville9u@xinhuanet.com,327 857 3779
Lindi,Bruty,Female,lbruty9v@forbes.com,169 494 6007
Ileana,Geer,Female,igeer9w@va.gov,730 346 1110
Bondie,Pleasance,Male,bpleasance9x@so-net.ne.jp,104 858 5475
Gerek,Reedman,Male,greedman9y@youku.com,578 643 9355
Osborne,Delany,Genderqueer,odelany9z@answers.com,320 913 3264
Tucker,Omond,Male,tomonda0@netlog.com,487 218 4297
Bob,Cuxon,Male,bcuxona1@macromedia.com,865 239 4436
Haven,Pideon,Agender,hpideona2@sbwire.com,336 407 4703
Kelvin,Geck,Non-binary,kgecka3@cargocollective.com,956 680 5367
Wesley,Simpkiss,Male,wsimpkissa4@auda.org.au,433 326 4668
Kendell,Bairnsfather,Male,kbairnsfathera5@bizjournals.com,679 747 1741
Randa,Rudloff,Female,rrudloffa6@unesco.org,925 871 2892
Dallis,Bradfield,Male,dbradfielda7@discovery.com,411 989 3282
Gunner,Reville,Male,grevillea8@wordpress.org,190 453 7553
Padraic,Charsley,Male,pcharsleya9@oakley.com,584 326 7198
Lani,Got,Female,lgotaa@seattletimes.com,103 700 3862
Kayle,Archbell,Agender,karchbellab@rambler.ru,801 241 1275
Cara,Aronowitz,Female,caronowitzac@umich.edu,694 308 6871
Morton,Grimstead,Male,mgrimsteadad@guardian.co.uk,239 110 2438
Robbi,Aime,Female,raimeae@cloudflare.com,483 549 0119
Kain,Greetham,Male,kgreethamaf@sitemeter.com,241 330 8604
Nonie,O'Connell,Female,noconnellag@github.com,661 266 6828
Kerri,Clench,Female,kclenchah@shutterfly.com,926 786 9154
Thor,Birdseye,Male,tbirdseyeai@is.gd,364 325 0354
Shanon,Arnaldy,Female,sarnaldyaj@multiply.com,796 172 4899
Perkin,Sher,Male,psherak@nature.com,208 242 2620
Iolanthe,Caen,Female,icaenal@seesaa.net,993 810 9567
Alexina,Gould,Female,agouldam@1688.com,223 399 7737
Gretel,Mathewson,Female,gmathewsonan@wikia.com,160 165 9494
Ansley,Sweetman,Female,asweetmanao@amazon.co.uk,431 947 9167
Winny,Wookey,Male,wwookeyap@cloudflare.com,139 795 3348
Cesare,Mila,Male,cmilaaq@goodreads.com,311 863 5138
Cyndia,Imorts,Female,cimortsar@va.gov,581 267 3373
Rubi,Wyldbore,Female,rwyldboreas@bloglovin.com,793 630 8168
Eldredge,Abbet,Male,eabbetat@tinyurl.com,521 353 7885
Ondrea,Wedgbrow,Female,owedgbrowau@e-recht24.de,461 207 0839
Phillie,Bellenger,Female,pbellengerav@yale.edu,735 481 5702
Gran,Wagstaffe,Male,gwagstaffeaw@google.com.hk,347 347 6829
Napoleon,McNeely,Male,nmcneelyax@europa.eu,205 624 2925
Stepha,Curle,Female,scurleay@java.com,360 223 8728
Lindi,Sotham,Female,lsothamaz@sfgate.com,321 327 5393
Parrnell,Sottell,Male,psottellb0@artisteer.com,787 351 4595
Tressa,Farmloe,Female,tfarmloeb1@quantcast.com,591 321 3221
Almeda,Keuning,Female,akeuningb2@sohu.com,958 683 6605
Denny,Placstone,Male,dplacstoneb3@unicef.org,726 418 9675
Creigh,Bartczak,Male,cbartczakb4@businessweek.com,709 391 8109
Harlan,McCawley,Male,hmccawleyb5@163.com,935 757 4075
Aime,Boyat,Female,aboyatb6@omniture.com,133 210 4704
Lulita,Greensitt,Female,lgreensittb7@chron.com,726 456 6673
Lee,Habben,Female,lhabbenb8@diigo.com,746 717 3341
Lev,O'Brian,Male,lobrianb9@samsung.com,160 986 6457
Wynnie,Scafe,Agender,wscafeba@kickstarter.com,670 585 4456
Dwight,Klewi,Male,dklewibb@un.org,665 287 1370
Katleen,Linkin,Female,klinkinbc@w3.org,710 482 6718
Hilary,Balas,Male,hbalasbd@smh.com.au,904 854 3317
Fifi,Hewell,Female,fhewellbe@creativecommons.org,906 568 0135
Ardith,Baudrey,Female,abaudreybf@shutterfly.com,990 603 4671
Vergil,Joubert,Male,vjoubertbg@homestead.com,947 630 6199
Eugen,Robichon,Male,erobichonbh@nasa.gov,873 126 5449
Engelbert,Barrabeale,Male,ebarrabealebi@fema.gov,581 992 9093
Courtenay,Panniers,Genderfluid,cpanniersbj@merriam-webster.com,745 500 4271
Jimmy,Peagrim,Male,jpeagrimbk@craigslist.org,957 219 4330
Carlota,Vanyukov,Female,cvanyukovbl@census.gov,457 974 5368
Carmelia,Parslow,Female,cparslowbm@wufoo.com,289 404 6691
Velma,Earingey,Female,vearingeybn@mozilla.com,979 536 4088
Balduin,Needs,Male,bneedsbo@ezinearticles.com,612 794 5056
Fancy,O'Lyhane,Female,folyhanebp@jigsy.com,590 426 8647
Gregoor,Tilbey,Bigender,gtilbeybq@parallels.com,938 204 3220
Valentine,Coward,Male,vcowardbr@yale.edu,477 105 1682
Kippy,Dennant,Male,kdennantbs@moonfruit.com,293 455 0027
Esteban,Peplow,Male,epeplowbt@army.mil,202 356 4950
Dionne,Albro,Female,dalbrobu@imageshack.us,524 163 1773
Golda,Donovin,Female,gdonovinbv@plala.or.jp,657 987 2807
Duke,Kidson,Male,dkidsonbw@kickstarter.com,603 634 8915
Madison,Bastin,Male,mbastinbx@goo.gl,997 783 6762
Reynolds,Glasson,Male,rglassonby@gnu.org,748 308 4423
Maurizio,Farlow,Male,mfarlowbz@amazon.co.uk,810 489 7696
Corine,Alred,Female,calredc0@reverbnation.com,313 803 1787
Holden,Deam,Male,hdeamc1@engadget.com,792 483 6862
Jesselyn,Eales,Female,jealesc2@springer.com,811 728 3832
Clementius,Espinas,Bigender,cespinasc3@cafepress.com,302 831 4711
Giffie,Silkston,Male,gsilkstonc4@printfriendly.com,727 902 6115
Esteban,Grix,Male,egrixc5@printfriendly.com,514 989 7182
Cecily,Yashaev,Female,cyashaevc6@usda.gov,723 884 5162
Ania,Stambridge,Female,astambridgec7@163.com,903 734 4188
Callean,Sheircliffe,Male,csheircliffec8@census.gov,971 992 0139
Hercule,Pinson,Male,hpinsonc9@naver.com,711 714 0178
Theodor,Brewitt,Male,tbrewittca@goodreads.com,924 810 8488
Denver,Bartoloma,Male,dbartolomacb@webnode.com,467 644 5991
Randell,Hargerie,Male,rhargeriecc@nifty.com,857 741 6244
Kearney,Garmon,Male,kgarmoncd@icq.com,867 316 2450
Van,Nisius,Female,vnisiusce@earthlink.net,116 694 6623
Gram,Thrush,Male,gthrushcf@amazonaws.com,185 303 2739
Lauritz,Arstingall,Male,larstingallcg@sfgate.com,890 252 7823
Nerte,Sipson,Female,nsipsonch@ameblo.jp,890 709 7146
Kora,MacArthur,Female,kmacarthurci@51.la,626 676 2193
Glynn,Dumphrey,Male,gdumphreycj@nifty.com,220 376 2517
Giovanni,Stathers,Male,gstathersck@narod.ru,266 469 5130
Saidee,Pervoe,Female,spervoecl@icio.us,129 799 2272
Fanchette,McEachern,Female,fmceacherncm@goo.gl,862 588 8088
Cilka,Koubek,Female,ckoubekcn@umich.edu,723 807 3685
Carlita,Penticost,Female,cpenticostco@prnewswire.com,176 324 1902
Madelon,Reignould,Female,mreignouldcp@deviantart.com,852 344 2137
Fiona,Chard,Female,fchardcq@skyrock.com,769 794 2910
Saudra,Cooney,Female,scooneycr@unicef.org,636 429 2034
Lyndel,Canet,Female,lcanetcs@usa.gov,269 155 8563
Leonora,Ghilardini,Bigender,lghilardinict@stumbleupon.com,996 489 6045
Juliane,Coombs,Agender,jcoombscu@ucoz.com,720 853 8451
Marguerite,Matczak,Female,mmatczakcv@nationalgeographic.com,782 248 2837
Leopold,McCaughey,Male,lmccaugheycw@dell.com,580 196 7632
Oona,Dowse,Female,odowsecx@netlog.com,243 119 3132
Colly,Donalson,Female,cdonalsoncy@indiatimes.com,708 922 7323
Lizabeth,Johnigan,Female,ljohnigancz@upenn.edu,614 733 8670
Morgen,Doerr,Female,mdoerrd0@omniture.com,619 724 5542
Robena,Downse,Female,rdownsed1@cbslocal.com,940 499 1617
Sari,Castri,Female,scastrid2@merriam-webster.com,744 209 3706
Granthem,Pellett,Male,gpellettd3@nhs.uk,966 861 2881
Emlyn,Ainsby,Female,eainsbyd4@homestead.com,327 100 5289
Emmalynne,Alton,Female,ealtond5@sitemeter.com,855 315 0938
Blair,Passe,Male,bpassed6@flickr.com,140 810 7599
Eliot,Rheam,Male,erheamd7@people.com.cn,394 277 7771
Kasper,Hillen,Male,khillend8@unicef.org,913 796 3006
Boothe,De Ferraris,Male,bdeferrarisd9@businesswire.com,905 956 5532
Willy,Feldman,Male,wfeldmanda@apache.org,692 730 4587
Beverley,di Rocca,Female,bdiroccadb@dedecms.com,507 313 8777
Avictor,Durtnell,Male,adurtnelldc@unicef.org,314 708 5458
Pru,Colaton,Female,pcolatondd@ihg.com,788 398 9098
Iormina,Cardoso,Female,icardosode@wikispaces.com,489 357 9535
Lucila,Fisbey,Female,lfisbeydf@youku.com,973 128 9457
Lanna,Challoner,Female,lchallonerdg@goodreads.com,986 745 9462
Clareta,Pretious,Female,cpretiousdh@ca.gov,838 151 4924
Cinnamon,Seaking,Polygender,cseakingdi@tinyurl.com,498 783 2840
Moina,Body,Bigender,mbodydj@ucsd.edu,939 415 4640
Zared,Skally,Male,zskallydk@plala.or.jp,930 213 7729
Fitz,Bradden,Male,fbraddendl@netscape.com,736 292 7779
Weber,Tomes,Male,wtomesdm@who.int,144 392 7668
Chaim,Mc Curlye,Male,cmccurlyedn@youku.com,597 847 1779
Andrei,Dominik,Female,adominikdo@taobao.com,775 859 4065
Dulciana,Sang,Female,dsangdp@i2i.jp,240 479 5851
Berta,Douthwaite,Female,bdouthwaitedq@lycos.com,635 248 2427
Robinet,Bolstridge,Male,rbolstridgedr@paginegialle.it,434 850 1612
Missie,Ausello,Female,mausellods@statcounter.com,991 360 3396
Dougy,Macbane,Male,dmacbanedt@cam.ac.uk,283 221 5431
Winona,Pristnor,Female,wpristnordu@booking.com,985 238 8013
Dredi,Sentinella,Female,dsentinelladv@nymag.com,788 563 0756
Lloyd,Nelm,Male,lnelmdw@blinklist.com,500 655 2294
Linoel,Aslet,Male,lasletdx@kickstarter.com,196 566 3593
Maynard,Spinnace,Male,mspinnacedy@macromedia.com,305 595 3488
Ivar,Eales,Male,iealesdz@apple.com,426 852 6910
Elora,Le Prevost,Female,eleprevoste0@wix.com,539 640 4850
Gustave,Eckersley,Male,geckersleye1@addtoany.com,700 875 2189
Jules,Halwell,Male,jhalwelle2@diigo.com,405 353 2444
Borg,Elflain,Polygender,belflaine3@people.com.cn,806 657 8313
Harris,Piatek,Male,hpiateke4@fda.gov,561 394 9139
Parnell,Bryan,Male,pbryane5@newyorker.com,986 678 4099
Kai,Yve,Female,kyvee6@paypal.com,872 557 5454
Ketty,Cancutt,Female,kcancutte7@slideshare.net,322 313 1081
Karine,Baumer,Female,kbaumere8@biblegateway.com,274 351 6997
Eleanore,Yakobowitch,Female,eyakobowitche9@sogou.com,721 199 8682
Fredric,Petkov,Male,fpetkovea@wp.com,551 647 6806
Norine,Garshore,Female,ngarshoreeb@goo.gl,297 941 5158
Daryn,Castaignet,Female,dcastaignetec@squarespace.com,359 365 6794
Emmi,Twiddy,Female,etwiddyed@google.it,571 938 2319
Aindrea,Scad,Female,ascadee@time.com,550 260 4923
Englebert,Absolon,Male,eabsolonef@printfriendly.com,360 154 2956
Tommy,Lakeland,Male,tlakelandeg@apple.com,329 596 9067
Gianina,Matiasek,Female,gmatiasekeh@liveinternet.ru,137 848 6476
Pyotr,Smeal,Male,psmealei@soup.io,199 744 3979
Judye,Pretsell,Female,jpretsellej@latimes.com,969 582 9360
Isac,Townes,Male,itownesek@vimeo.com,549 441 6987
Benyamin,MacCafferky,Male,bmaccafferkyel@hostgator.com,967 726 9937
Milty,Bolletti,Non-binary,mbollettiem@independent.co.uk,164 413 1327
Maryanne,Reilingen,Female,mreilingenen@ox.ac.uk,452 447 1590
Cece,Saffran,Male,csaffraneo@skype.com,876 983 3213
Wendel,Wallege,Male,wwallegeep@bbc.co.uk,517 747 2858
Gerick,Coonihan,Male,gcoonihaneq@feedburner.com,530 824 1036
Rowen,Salzburger,Male,rsalzburgerer@myspace.com,763 271 4848
Jessa,Ifill,Female,jifilles@blogtalkradio.com,379 851 1893
Natalee,Garter,Female,ngarteret@usda.gov,976 480 8675
Norman,Torra,Male,ntorraeu@goodreads.com,551 192 9500
Berte,Servant,Female,bservantev@google.co.jp,509 248 3486
Margalo,Sedgeman,Female,msedgemanew@chicagotribune.com,726 337 3528
Kirsten,Huey,Female,khueyex@craigslist.org,909 145 3315
Nichole,Coiley,Female,ncoileyey@economist.com,333 415 9344
Dusty,Findlater,Female,dfindlaterez@example.com,336 738 5254
Juli,Jozef,Female,jjozeff0@hexun.com,265 550 5032
Rog,Catterall,Male,rcatterallf1@craigslist.org,309 591 7606
Rozina,Elgee,Female,relgeef2@rambler.ru,936 239 7054
Jemmy,Tankin,Female,jtankinf3@mtv.com,411 646 8968
Lori,Drache,Female,ldrachef4@tamu.edu,306 113 2349
Marjie,Merrisson,Female,mmerrissonf5@apple.com,952 417 1723
Les,Castagna,Male,lcastagnaf6@51.la,639 579 2155
Shandie,Litzmann,Female,slitzmannf7@businessweek.com,994 413 4986
Hazel,Goretti,Male,hgorettif8@msu.edu,794 786 6893
Alena,Schulz,Female,aschulzf9@java.com,324 738 1788
Erika,Nayer,Female,enayerfa@alexa.com,755 178 8519
Ingeborg,Mehaffey,Female,imehaffeyfb@gov.uk,534 529 9300
Clemens,Chiles,Male,cchilesfc@bluehost.com,300 477 1572
Urbano,Trytsman,Male,utrytsmanfd@whitehouse.gov,818 682 3918
Trula,Alforde,Genderfluid,talfordefe@symantec.com,785 448 6051
Christalle,McClunaghan,Female,cmcclunaghanff@ifeng.com,696 428 5725
Monroe,Rooper,Male,mrooperfg@wordpress.com,885 881 1456
Constancia,Moors,Female,cmoorsfh@simplemachines.org,737 802 2348
Nisse,Petera,Female,npeterafi@drupal.org,298 623 4514
Fanny,Callacher,Female,fcallacherfj@simplemachines.org,217 240 5131
Cornell,Cleen,Male,ccleenfk@walmart.com,896 709 9967
Early,Minchenton,Male,eminchentonfl@google.ca,899 372 9169
Nerissa,Hunnywell,Female,nhunnywellfm@mac.com,139 633 6054
Stephie,Guitonneau,Female,sguitonneaufn@tmall.com,595 354 5281
Rosaleen,Rubie,Female,rrubiefo@cafepress.com,744 785 8483
Lettie,Bowton,Female,lbowtonfp@npr.org,732 108 4822
Roldan,Devin,Male,rdevinfq@tuttocitta.it,555 359 0265
Cristian,Verna,Male,cvernafr@va.gov,653 506 2429
Chad,Zettler,Female,czettlerfs@newsvine.com,679 904 4783
Sofie,St. Aubyn,Non-binary,sstaubynft@wp.com,128 902 9910
Maximo,Izhak,Male,mizhakfu@a8.net,440 354 1736
Joyous,Pickervance,Female,jpickervancefv@google.es,539 552 2387
Seth,Dovinson,Male,sdovinsonfw@vimeo.com,738 901 9699
Ulrike,Capnerhurst,Female,ucapnerhurstfx@gravatar.com,260 490 0673
Eliot,Roberti,Male,erobertify@nytimes.com,816 940 1178
Sarah,Pilbury,Female,spilburyfz@microsoft.com,525 384 5187
Ophelia,Shilliday,Bigender,oshillidayg0@hexun.com,609 796 6110
Joy,Ginity,Female,jginityg1@pcworld.com,515 295 5190
Isahella,Burnip,Female,iburnipg2@google.co.uk,528 269 7791
Pearle,Wardroper,Female,pwardroperg3@cloudflare.com,326 825 4155
Barnabas,Mingard,Male,bmingardg4@state.tx.us,112 783 7573
Beryle,Cleminson,Female,bcleminsong5@canalblog.com,882 916 9906
Mattie,Orrill,Female,morrillg6@arstechnica.com,276 903 2667
Virge,MacAne,Male,vmacaneg7@census.gov,148 539 9640
Olivero,Deniseau,Male,odeniseaug8@histats.com,376 927 0418
Moshe,Wetherhead,Male,mwetherheadg9@mozilla.org,232 387 1930
Bernie,MacMickan,Female,bmacmickanga@examiner.com,923 934 4463
Walden,Grimsell,Male,wgrimsellgb@github.io,698 725 7381
Fanchon,Marcone,Female,fmarconegc@comsenz.com,600 807 3700
Georgie,Rupprecht,Female,grupprechtgd@instagram.com,230 181 2782
Marion,Ragate,Female,mragatege@godaddy.com,861 516 2947
Tracee,Tonbridge,Female,ttonbridgegf@wikimedia.org,877 544 0905
Howie,Germon,Male,hgermongg@instagram.com,768 924 7277
Mavra,Hourihane,Female,mhourihanegh@nsw.gov.au,482 423 7732
Charmion,Madgin,Female,cmadgingi@hostgator.com,223 829 5992
Gloriana,Owlner,Female,gowlnergj@oakley.com,270 724 4189
Adan,Frise,Male,afrisegk@a8.net,370 779 8986
Kerrill,Rutley,Female,krutleygl@facebook.com,839 272 3881
Jewel,Szymonwicz,Female,jszymonwiczgm@infoseek.co.jp,425 333 0694
Georgine,Bartleman,Female,gbartlemangn@domainmarket.com,972 572 6443
Anne-marie,Lochrie,Polygender,alochriego@reddit.com,839 129 3846
Brigham,Collar,Male,bcollargp@a8.net,891 864 8837
Mike,Dicken,Male,mdickengq@sitemeter.com,991 269 3551
Felic,Revey,Male,freveygr@noaa.gov,874 997 0665
Candie,Whytock,Female,cwhytockgs@dailymotion.com,217 621 4171
Melinde,MacFadin,Female,mmacfadingt@odnoklassniki.ru,571 978 2553
Neda,Cunliffe,Agender,ncunliffegu@dailymotion.com,791 904 7825
Mitchael,Cansfield,Male,mcansfieldgv@mayoclinic.com,899 460 1344
Delphinia,Portriss,Female,dportrissgw@vimeo.com,922 494 2416
Wilt,Covolini,Male,wcovolinigx@chron.com,748 527 4294
Amalie,Dreier,Female,adreiergy@hexun.com,440 725 5110
Nalani,Zanni,Female,nzannigz@princeton.edu,315 386 6959
Miguela,Ofener,Female,mofenerh0@nymag.com,731 603 9538
Abel,Tamlett,Male,atamletth1@photobucket.com,787 282 6567
Orton,Truran,Male,otruranh2@wisc.edu,504 937 1223
Andre,Scriviner,Male,ascrivinerh3@tinypic.com,974 830 2336
Garrek,Chappelle,Male,gchappelleh4@hibu.com,687 300 6828
Kevyn,Whitcher,Female,kwhitcherh5@theglobeandmail.com,707 239 9157
Doralia,Brownill,Female,dbrownillh6@engadget.com,336 563 4582
Hersch,Winchcombe,Genderqueer,hwinchcombeh7@census.gov,968 712 0938
Avram,Esland,Male,aeslandh8@kickstarter.com,290 324 7988
Silvanus,Greedy,Male,sgreedyh9@archive.org,363 230 2882
Abrahan,Flacknoe,Male,aflacknoeha@privacy.gov.au,805 687 1602
Kermie,Adrianello,Male,kadrianellohb@alibaba.com,597 381 2470
Arabela,Blackmoor,Genderqueer,ablackmoorhc@google.ca,345 222 0046
Ignacius,Conybear,Male,iconybearhd@tiny.cc,837 165 0278
Berty,Enrico,Male,benricohe@yahoo.com,219 750 9008
Gustie,Palffrey,Female,gpalffreyhf@feedburner.com,597 645 2830
Eddi,Humpage,Female,ehumpagehg@fc2.com,593 944 1207
Belia,Duffan,Female,bduffanhh@hubpages.com,180 290 3612
Quentin,Hayer,Male,qhayerhi@columbia.edu,461 370 8157
Laure,Heisman,Female,lheismanhj@netscape.com,616 174 8191
Nikita,Le Cornu,Male,nlecornuhk@home.pl,913 373 0499
Crissie,Tulloch,Female,ctullochhl@google.co.uk,323 827 1022
Trista,Pyett,Female,tpyetthm@china.com.cn,985 663 0406
Ula,Babbage,Female,ubabbagehn@who.int,118 624 2718
Cosme,Markl,Male,cmarklho@github.com,768 999 9535
Darin,Paige,Male,dpaigehp@chronoengine.com,652 347 6258
Shelly,Merrick,Female,smerrickhq@weibo.com,855 549 1300
Nobe,Casacchia,Male,ncasacchiahr@globo.com,656 904 9953
Yardley,Harmar,Male,yharmarhs@ocn.ne.jp,765 902 1812
Sadye,Pritty,Female,sprittyht@ed.gov,101 281 4642
Barton,Lune,Male,blunehu@cpanel.net,763 558 8935
Cello,Doblin,Male,cdoblinhv@discovery.com,674 969 0940
Orly,Manns,Female,omannshw@over-blog.com,364 607 0112
Felicity,Gibbs,Polygender,fgibbshx@nba.com,560 818 7782
Whitney,Filtness,Female,wfiltnesshy@oakley.com,756 335 0299
Raf,Tootell,Female,rtootellhz@vistaprint.com,179 322 5610
Rennie,Klimuk,Female,rklimuki0@usgs.gov,879 450 1227
Pancho,Blogg,Male,pbloggi1@lycos.com,900 111 0474
Cecily,Beamson,Female,cbeamsoni2@ebay.com,802 756 9553
Addie,Jonk,Male,ajonki3@blogtalkradio.com,550 161 5767
Gennie,Pink,Female,gpinki4@cbsnews.com,164 593 9835
Paco,Ledgeway,Male,pledgewayi5@gizmodo.com,815 555 9588
Aube,Hutchin,Male,ahutchini6@edublogs.org,999 466 1178
Stuart,Witherby,Male,switherbyi7@answers.com,149 184 3470
Kissie,Vittori,Female,kvittorii8@apache.org,973 535 9636
Chloette,Gartin,Female,cgartini9@vimeo.com,734 778 6254
Morse,Elves,Male,melvesia@bandcamp.com,314 702 1234
Didi,Limprecht,Female,dlimprechtib@independent.co.uk,519 473 8593
Norby,Acutt,Male,nacuttic@accuweather.com,184 763 5912
Effie,Jacques,Female,ejacquesid@scientificamerican.com,689 781 7306
Shelley,Moulder,Female,smoulderie@yellowbook.com,695 650 8439
Heda,Brachell,Female,hbrachellif@washington.edu,606 845 4485
Laverne,Coggell,Female,lcoggellig@ask.com,478 362 3711
Johanna,Cannaway,Female,jcannawayih@tripadvisor.com,320 116 4430
Quintina,Gostyke,Female,qgostykeii@skyrock.com,138 909 1622
Gleda,Pauler,Genderfluid,gpaulerij@merriam-webster.com,666 881 1375
Mab,Storkes,Female,mstorkesik@soundcloud.com,549 370 0932
Zorana,Benzi,Female,zbenziil@sun.com,872 654 7703
Winthrop,Jehaes,Male,wjehaesim@tuttocitta.it,921 957 4018
Illa,Chalfant,Female,ichalfantin@cbsnews.com,575 662 0603
Stephi,Simpole,Female,ssimpoleio@harvard.edu,956 275 3392
Minni,Sundin,Female,msundinip@qq.com,607 795 5530
Edouard,Edgett,Male,eedgettiq@free.fr,812 279 9477
Duffy,Crystal,Male,dcrystalir@cbc.ca,577 576 1914
Connor,Grafton,Male,cgraftonis@digg.com,364 511 3546
Leda,Deble,Female,ldebleit@usnews.com,160 974 2109
Quintana,Bourton,Female,qbourtoniu@comcast.net,438 187 8293
Stavros,Fricke,Male,sfrickeiv@lulu.com,664 439 1165
Arlyne,Mateescu,Agender,amateescuiw@plala.or.jp,442 417 1631
Hamid,Flewin,Male,hflewinix@tuttocitta.it,296 586 6051
Gill,Gaitley,Male,ggaitleyiy@google.co.jp,765 279 9389
Kelcy,Klarzynski,Female,kklarzynskiiz@businessweek.com,457 219 6684
Dedra,Varren,Female,dvarrenj0@narod.ru,254 681 1236
Fenelia,Lamb-shine,Bigender,flambshinej1@de.vu,206 405 1381
Cobby,Emblin,Male,cemblinj2@yale.edu,898 864 2690
Nicole,Tompkiss,Female,ntompkissj3@surveymonkey.com,937 672 2404
Lamont,Bartrap,Male,lbartrapj4@studiopress.com,748 751 1576
Danna,Kuhlmey,Female,dkuhlmeyj5@scientificamerican.com,440 479 6257
Leora,Wrates,Female,lwratesj6@intel.com,424 691 7604
Northrup,Kelmere,Male,nkelmerej7@canalblog.com,555 629 7348
Herman,Martineau,Male,hmartineauj8@google.it,877 270 8497
Jen,Stringer,Female,jstringerj9@state.tx.us,394 674 6435
Farlay,Speller,Male,fspellerja@google.nl,744 297 0644
Yetty,Bende,Female,ybendejb@github.com,794 286 5336
Padriac,Turfes,Male,pturfesjc@harvard.edu,495 621 6937
Alyosha,Jessel,Male,ajesseljd@apple.com,127 783 4215
Kayla,Jeafferson,Non-binary,kjeaffersonje@dagondesign.com,426 691 0977
Fiann,Gladdin,Female,fgladdinjf@nps.gov,194 863 6165
Gertrude,Rosendorf,Bigender,grosendorfjg@unc.edu,296 920 2642
Mathew,Tesyro,Male,mtesyrojh@prweb.com,893 639 0818
Raoul,Branscombe,Male,rbranscombeji@1688.com,104 957 0964
Tedda,Stirland,Female,tstirlandjj@baidu.com,103 205 4858
Sergio,Salvin,Male,ssalvinjk@elpais.com,724 498 8635
Sukey,Kensit,Female,skensitjl@ftc.gov,946 719 0903
Adriano,Leadstone,Agender,aleadstonejm@ameblo.jp,370 107 3699
Ashia,Stowers,Female,astowersjn@hugedomains.com,378 180 3673
Flor,Touhig,Female,ftouhigjo@chicagotribune.com,478 809 0653
Jsandye,Seivertsen,Female,jseivertsenjp@drupal.org,426 629 7684
Dyann,Chicco,Female,dchiccojq@geocities.com,580 810 6575
Brandy,Madine,Female,bmadinejr@live.com,893 315 6258
Meier,Phillpotts,Male,mphillpottsjs@nsw.gov.au,271 624 7439
Ailene,Ealden,Female,aealdenjt@histats.com,385 141 1067
Gregg,Cloney,Male,gcloneyju@fc2.com,784 195 8979
Granny,Domoney,Male,gdomoneyjv@nytimes.com,470 491 3449
Jermayne,Sheppard,Male,jsheppardjw@163.com,843 193 4581
Erwin,Cluderay,Male,ecluderayjx@friendfeed.com,741 161 4865
Jamey,Brimham,Male,jbrimhamjy@uol.com.br,511 791 3166
Arvie,Grammer,Male,agrammerjz@ask.com,462 775 3357
Meg,Dike,Female,mdikek0@cbsnews.com,947 861 1393
Eunice,Camillo,Female,ecamillok1@xinhuanet.com,879 283 1536
Edouard,Ponder,Male,eponderk2@time.com,975 685 1983
Lorita,Rottger,Female,lrottgerk3@plala.or.jp,160 363 0622
Deni,Cozzi,Female,dcozzik4@ocn.ne.jp,112 850 1121
Dannie,Garley,Female,dgarleyk5@taobao.com,130 325 0899
Jamill,Denty,Male,jdentyk6@walmart.com,680 248 0374
Bambi,Gobolos,Female,bgobolosk7@free.fr,360 606 6243
Della,Hendricks,Polygender,dhendricksk8@wunderground.com,935 722 7076
Dunn,Yankin,Male,dyankink9@businesswire.com,560 196 8610
Alf,Pavluk,Male,apavlukka@uiuc.edu,280 492 4170
Tammy,Fyfe,Genderqueer,tfyfekb@webmd.com,990 305 1315
Carin,Showen,Female,cshowenkc@bloomberg.com,987 653 3486
Granville,Lissenden,Male,glissendenkd@psu.edu,468 561 1207
Thorndike,Filewood,Male,tfilewoodke@vimeo.com,672 640 0273
Pincus,McElrath,Male,pmcelrathkf@wikimedia.org,875 871 3155
Ardyth,Georgot,Female,ageorgotkg@constantcontact.com,162 644 5852
Ulick,Hillitt,Male,uhillittkh@umich.edu,541 407 8929
Billi,Julyan,Female,bjulyanki@vimeo.com,709 920 0861
Fee,Careswell,Male,fcareswellkj@over-blog.com,362 637 2441
Eleni,Beddie,Female,ebeddiekk@archive.org,913 438 3599
Elonore,St. Louis,Female,estlouiskl@facebook.com,263 840 9148
Darnell,Belleny,Male,dbellenykm@rambler.ru,806 216 9065
Edmund,Spruce,Non-binary,esprucekn@illinois.edu,969 999 3317
Goldia,Kavanagh,Female,gkavanaghko@unblog.fr,343 525 2279
Deena,Taunton.,Female,dtauntonkp@mayoclinic.com,501 635 3069
Karine,Smeed,Female,ksmeedkq@pcworld.com,439 828 0262
Kelli,Burbidge,Female,kburbidgekr@hostgator.com,562 712 2304
Tarra,Phibb,Female,tphibbks@google.pl,826 781 5114
Shanie,Benitti,Bigender,sbenittikt@is.gd,920 118 3235
Red,Tonry,Male,rtonryku@merriam-webster.com,935 822 2784
Fowler,Feaveer,Male,ffeaveerkv@fastcompany.com,156 965 0065
Finlay,Dallison,Male,fdallisonkw@newsvine.com,617 870 5050
Emmalynn,Twentyman,Female,etwentymankx@ycombinator.com,877 553 0604
Audie,Dewhirst,Non-binary,adewhirstky@sphinn.com,465 489 9726
Melvyn,Spandley,Male,mspandleykz@sciencedirect.com,882 603 6706
Pennie,Barnaclough,Female,pbarnacloughl0@sbwire.com,179 499 7712
Don,Sissons,Male,dsissonsl1@netlog.com,983 577 2101
Lu,Nolton,Female,lnoltonl2@spotify.com,913 434 3024
Whittaker,Aujean,Male,waujeanl3@dropbox.com,468 267 6846
Noll,Bugden,Male,nbugdenl4@foxnews.com,964 430 9413
Laird,Ivetts,Male,livettsl5@timesonline.co.uk,723 173 5175
Sawyer,Reynolds,Male,sreynoldsl6@japanpost.jp,631 995 8561
Siegfried,Tresise,Male,stresisel7@google.co.uk,694 644 4249
Lynnelle,McClements,Genderfluid,lmcclementsl8@telegraph.co.uk,732 973 8976
Robin,Vannah,Female,rvannahl9@wisc.edu,435 684 5225
Elizabet,Sommerland,Female,esommerlandla@indiatimes.com,934 988 0230
Quinn,McDonald,Male,qmcdonaldlb@youtu.be,267 341 8789
Annabal,Wilkisson,Female,awilkissonlc@indiatimes.com,468 180 3566
Katalin,Jeanon,Female,kjeanonld@jugem.jp,523 630 3538
Daniella,Ateridge,Female,dateridgele@gmpg.org,468 379 2742
Jonah,Donavan,Male,jdonavanlf@shop-pro.jp,844 976 3410
Erv,Hovenden,Male,ehovendenlg@newsvine.com,489 184 6288
Brett,McGhee,Female,bmcgheelh@taobao.com,176 567 1812
Roseanna,Puleston,Female,rpulestonli@java.com,477 651 1690
Alysia,Coode,Female,acoodelj@apache.org,635 797 2870
Hugh,McAnulty,Genderfluid,hmcanultylk@squarespace.com,414 638 2439
Abagail,Crichley,Female,acrichleyll@dmoz.org,402 657 4720
Jeremias,Petruska,Male,jpetruskalm@ebay.com,439 712 0888
Bea,Waliszewski,Female,bwaliszewskiln@icq.com,607 932 6475
Bab,Nottingham,Female,bnottinghamlo@huffingtonpost.com,647 310 5596
Siouxie,Gudahy,Female,sgudahylp@yelp.com,664 338 4812
Blakelee,Mealing,Female,bmealinglq@cnet.com,365 430 7539
Garrard,Shorton,Male,gshortonlr@latimes.com,785 276 3280
Aliza,Arnholdt,Bigender,aarnholdtls@shareasale.com,254 967 1375
Torre,Helgass,Male,thelgasslt@un.org,115 635 1442
Gerik,Aloshikin,Male,galoshikinlu@chronoengine.com,602 681 6384
Fredericka,Buer,Female,fbuerlv@usgs.gov,504 392 3958
Tobin,Lowers,Male,tlowerslw@last.fm,545 359 5266
Kessiah,Haker,Female,khakerlx@jimdo.com,776 473 7461
Any,Sudworth,Male,asudworthly@delicious.com,779 849 5064
Lonni,Nowaczyk,Female,lnowaczyklz@cafepress.com,412 279 4761
Frankie,Stanger,Female,fstangerm0@google.com.br,608 438 5576
Niall,McVitie,Male,nmcvitiem1@usnews.com,298 215 4813
Jeanine,Houlden,Female,jhouldenm2@hc360.com,417 486 3024
Noellyn,MacCauley,Female,nmaccauleym3@apple.com,303 956 4598
Tracey,Angrave,Female,tangravem4@princeton.edu,370 339 0714
Emmalynne,Braben,Female,ebrabenm5@constantcontact.com,899 606 8665
Keslie,Hagyard,Female,khagyardm6@ft.com,221 629 5083
Emmalynne,Garnson,Female,egarnsonm7@archive.org,505 580 8401
Clem,Pettisall,Non-binary,cpettisallm8@livejournal.com,576 843 6622
Henka,Plewes,Female,hplewesm9@whitehouse.gov,529 807 0399
Carin,Kolakowski,Female,ckolakowskima@sbwire.com,784 832 6120
Jorrie,MacCulloch,Female,jmaccullochmb@networkadvertising.org,568 387 9031
Christiane,De Gouy,Bigender,cdegouymc@rambler.ru,568 948 2746
Ellery,Begbie,Male,ebegbiemd@mlb.com,846 687 8691
Sheba,Chipperfield,Female,schipperfieldme@last.fm,920 881 9626
Wilhelmine,Le Strange,Female,wlestrangemf@icio.us,757 150 4061
Tilda,Timmis,Female,ttimmismg@about.com,708 142 4180
Christan,Drepp,Female,cdreppmh@abc.net.au,147 200 4709
Muffin,De Haven,Male,mdehavenmi@census.gov,318 839 0846
Greg,Eastlake,Male,geastlakemj@umn.edu,700 132 9273
Borden,Heyball,Male,bheyballmk@e-recht24.de,677 524 6848
Lizbeth,Lowless,Female,llowlessml@digg.com,245 629 1980
Milly,Hardistry,Female,mhardistrymm@economist.com,610 648 2757
Bidget,Caswell,Female,bcaswellmn@about.com,509 267 3397
Any,Regelous,Male,aregelousmo@wp.com,214 217 9290
Whitman,Redley,Male,wredleymp@multiply.com,951 777 5025
Thaddus,Goldwater,Male,tgoldwatermq@zimbio.com,210 619 1577
Dianna,Wittrington,Bigender,dwittringtonmr@twitpic.com,648 518 6313
Paul,Thrustle,Male,pthrustlems@bigcartel.com,266 495 9634
Gus,Beiderbecke,Male,gbeiderbeckemt@live.com,510 878 8647
Jessee,Derrington,Genderfluid,jderringtonmu@oaic.gov.au,306 117 7388
Scarface,Beniesh,Genderqueer,sbenieshmv@psu.edu,840 440 8131
Shanta,Mackinder,Female,smackindermw@marketwatch.com,666 645 9301
Selle,Beeton,Female,sbeetonmx@chron.com,454 866 4474
Dulcie,Ascroft,Female,dascroftmy@seattletimes.com,344 623 5410
Junie,Gerrie,Female,jgerriemz@senate.gov,467 109 1844
Jodi,Gatlin,Female,jgatlinn0@hao123.com,395 531 1726
Vinson,Foulgham,Male,vfoulghamn1@smugmug.com,366 342 7403
Cara,Coddington,Female,ccoddingtonn2@miitbeian.gov.cn,225 870 9628
Randall,Dayton,Male,rdaytonn3@usda.gov,809 873 4607
Kippy,Durram,Female,kdurramn4@theatlantic.com,608 737 5763
Darb,Shyre,Female,dshyren5@edublogs.org,229 709 0733
Arden,Hacking,Female,ahackingn6@wp.com,182 649 8671
Loralie,Husk,Female,lhuskn7@cyberchimps.com,736 487 5832
Suzie,Olexa,Female,solexan8@simplemachines.org,291 641 1829
Mufinella,Gosdin,Female,mgosdinn9@biblegateway.com,201 479 8645
Conrade,Duker,Male,cdukerna@hc360.com,626 288 9216
Mavis,Hagerty,Bigender,mhagertynb@nymag.com,317 671 7378
Riane,Luckey,Female,rluckeync@arizona.edu,440 522 6888
Derwin,Twinberrow,Agender,dtwinberrownd@indiegogo.com,314 357 1968
Agnes,Chaffey,Female,achaffeyne@prweb.com,476 961 5146
Kristyn,Georgius,Female,kgeorgiusnf@webeden.co.uk,423 319 0238
Dona,Ramsier,Female,dramsierng@biblegateway.com,621 406 9194
Bartram,Whitney,Male,bwhitneynh@tripadvisor.com,427 557 4390
Rosalind,Shills,Female,rshillsni@marketwatch.com,822 713 1439
Christoper,Wallbridge,Male,cwallbridgenj@wikispaces.com,465 572 3463
Harriot,Johncey,Female,hjohnceynk@about.me,338 930 0844
Herta,Leipelt,Female,hleipeltnl@spiegel.de,796 510 2910
Aime,Sutehall,Female,asutehallnm@discuz.net,653 925 1270
Rogers,Ismead,Male,rismeadnn@squidoo.com,696 513 1874
Berget,Toovey,Female,btooveyno@com.com,132 579 7547
Kin,Taylour,Male,ktaylournp@aboutads.info,935 924 9242
Jess,Loving,Male,jlovingnq@dailymotion.com,942 550 6600
Mireielle,Renish,Female,mrenishnr@nasa.gov,689 440 5318
Uta,Itzhaiek,Female,uitzhaiekns@msn.com,666 592 8851
Bronson,Hitscher,Male,bhitschernt@about.me,509 540 3418
Davie,Hars,Polygender,dharsnu@1688.com,863 412 2016
Cazzie,Aiken,Male,caikennv@unicef.org,491 170 2866
Barnard,Demoge,Male,bdemogenw@cornell.edu,461 471 0032
Joanne,Andrzej,Female,jandrzejnx@dailymail.co.uk,832 559 6615
Mallorie,Elster,Female,melsterny@nbcnews.com,976 863 7811
Walther,Scamel,Agender,wscamelnz@netvibes.com,425 747 7248
Georgie,Klimentov,Male,gklimentovo0@tmall.com,582 918 5931
Keven,Brasier,Male,kbrasiero1@nps.gov,860 159 4387
Constantine,Micka,Male,cmickao2@slate.com,630 949 4981
Bealle,McGilvary,Male,bmcgilvaryo3@netscape.com,556 809 0676
Farlie,Stubbin,Male,fstubbino4@slideshare.net,984 585 6811
Reggi,Lanfere,Female,rlanfereo5@etsy.com,591 676 3557
Drona,Luis,Female,dluiso6@guardian.co.uk,190 372 6882
Margery,Casham,Female,mcashamo7@icio.us,218 434 9538
Blair,Rzehor,Male,brzehoro8@fema.gov,401 529 8454
Ange,O'Currigan,Male,aocurrigano9@hud.gov,402 981 3559
Hattie,Fagan,Female,hfaganoa@livejournal.com,946 679 6831
Mikey,Denning,Male,mdenningob@europa.eu,980 844 1611
Creighton,Bawle,Male,cbawleoc@canalblog.com,707 256 5111
Agustin,Lahiff,Male,alahiffod@imgur.com,920 487 4388
Corri,Jaggard,Female,cjaggardoe@home.pl,592 654 0590
Wainwright,Matlock,Male,wmatlockof@usda.gov,182 463 4708
Christoph,Skillington,Male,cskillingtonog@diigo.com,652 866 5766
Crysta,Drissell,Female,cdrisselloh@bravesites.com,499 659 4217
Charlotta,Agus,Female,cagusoi@bloglines.com,419 679 6942
Harmony,Poller,Female,hpolleroj@economist.com,417 451 6931
Kalvin,Helstrip,Male,khelstripok@rakuten.co.jp,153 946 0609
Ram,Cayle,Male,rcayleol@craigslist.org,476 539 8636
Evy,Briamo,Female,ebriamoom@netvibes.com,203 539 8685
Currey,Bernard,Non-binary,cbernardon@myspace.com,405 342 9849
Estevan,Deverill,Male,edeverilloo@yandex.ru,355 461 2446
Quent,Van Der Weedenburg,Male,qvanderweedenburgop@liveinternet.ru,955 175 3586
Hildagarde,Alldridge,Female,halldridgeoq@amazonaws.com,418 614 2340
Tabina,Bolderoe,Female,tbolderoeor@sogou.com,407 360 4424
Kennie,Livett,Male,klivettos@free.fr,257 891 1101
Osbourne,Stribling,Male,ostriblingot@myspace.com,334 997 6471
Angus,Lavis,Male,alavisou@hubpages.com,563 851 1142
Cicely,Sirett,Female,csirettov@smh.com.au,725 490 5450
Lydia,Ash,Female,lashow@nytimes.com,122 290 6549
Viva,Rubi,Female,vrubiox@microsoft.com,585 199 5992
Hillyer,Lacasa,Male,hlacasaoy@paypal.com,218 616 8777
Jeffie,Gilson,Male,jgilsonoz@blog.com,979 621 8778
Lorant,MacBean,Male,lmacbeanp0@last.fm,759 507 3692
Ashley,O'Kinneally,Male,aokinneallyp1@about.me,444 727 7056
Celestyna,Spong,Female,cspongp2@zimbio.com,707 778 6813
Tannie,Shirlaw,Male,tshirlawp3@wiley.com,907 905 6070
Andreas,Haggart,Male,ahaggartp4@blogs.com,292 540 1476
Adrian,MacCarter,Male,amaccarterp5@list-manage.com,876 355 3920
Lucien,Philippou,Polygender,lphilippoup6@soundcloud.com,853 288 9795
Mariska,Bunford,Bigender,mbunfordp7@qq.com,622 861 1896
Dur,Sponer,Agender,dsponerp8@twitpic.com,507 761 3577
Atlanta,Menure,Genderfluid,amenurep9@comcast.net,858 116 6373
Birdie,Lidyard,Female,blidyardpa@nymag.com,912 977 6693
Roxanne,Boffey,Female,rboffeypb@behance.net,851 878 5727
Paul,Vasilischev,Male,pvasilischevpc@webs.com,443 132 6041
Corrina,Rothera,Genderqueer,crotherapd@freewebs.com,554 513 2437
Estella,Dogerty,Female,edogertype@accuweather.com,362 269 5573
Dag,Bodd,Male,dboddpf@list-manage.com,401 907 6902
Hally,Thamelt,Female,hthameltpg@squidoo.com,779 114 6990
Saree,Wevell,Non-binary,swevellph@trellian.com,203 705 5031
Wylie,Martinez,Male,wmartinezpi@oracle.com,489 392 4869
Verla,Courtenay,Female,vcourtenaypj@cisco.com,170 875 9249
Sherry,Bachmann,Female,sbachmannpk@purevolume.com,852 678 8854
Thibaud,Wenger,Male,twengerpl@parallels.com,977 150 3690
Kermie,Duchart,Male,kduchartpm@newsvine.com,527 818 2614
Jocko,Plak,Male,jplakpn@amazon.co.jp,681 622 8680
Kaine,Kenchington,Male,kkenchingtonpo@ed.gov,840 426 2698
Shari,Longthorn,Female,slongthornpp@japanpost.jp,937 247 3946
Renate,Jentle,Female,rjentlepq@bloglines.com,194 786 0229
Manda,Trobe,Female,mtrobepr@spotify.com,185 424 2973
Berkeley,Schuck,Male,bschuckps@opera.com,705 121 0378
Diana,Vynarde,Female,dvynardept@google.it,405 525 5769
Lilas,Vanyushkin,Female,lvanyushkinpu@dyndns.org,264 144 5337
Winifield,Rockey,Male,wrockeypv@infoseek.co.jp,776 253 5882
Trstram,Cozens,Male,tcozenspw@paypal.com,367 565 6890
Broddy,Middle,Male,bmiddlepx@slate.com,749 895 6884
Tyrus,MacLachlan,Male,tmaclachlanpy@shutterfly.com,750 249 5211
Harbert,Calf,Male,hcalfpz@si.edu,251 751 5645
Berkie,Skipping,Male,bskippingq0@wordpress.org,304 753 5498
Phyllis,Inchbald,Female,pinchbaldq1@storify.com,585 933 4534
Pietrek,O'Bradden,Male,pobraddenq2@cdbaby.com,491 982 3599
Selia,Elgood,Female,selgoodq3@shareasale.com,545 389 3829
Berty,Mackiewicz,Male,bmackiewiczq4@unblog.fr,252 286 6268
Claybourne,Hackelton,Male,chackeltonq5@ucoz.ru,361 754 9022
Jdavie,Bertomieu,Male,jbertomieuq6@istockphoto.com,830 845 6359
Immanuel,Craigheid,Male,icraigheidq7@cbslocal.com,547 208 8062
Pembroke,Le Galle,Male,plegalleq8@wsj.com,753 855 1249
Menard,Jacombs,Male,mjacombsq9@time.com,103 704 8808
Goddart,Booij,Male,gbooijqa@ted.com,233 406 7975
Carce,Weed,Male,cweedqb@princeton.edu,937 347 2432
Velma,Leabeater,Female,vleabeaterqc@wikimedia.org,190 312 7852
Elihu,Marler,Male,emarlerqd@unicef.org,728 431 0465
Cece,Polle,Bigender,cpolleqe@domainmarket.com,969 693 2541
Dory,Hunn,Female,dhunnqf@feedburner.com,763 871 9445
Sergei,Rowntree,Male,srowntreeqg@flavors.me,620 818 9439
Lindsay,Ganforthe,Male,lganfortheqh@themeforest.net,412 399 3116
Karalynn,Molineaux,Female,kmolineauxqi@buzzfeed.com,214 324 5457
Jen,Graber,Female,jgraberqj@purevolume.com,590 302 3302
Hastings,Kilby,Male,hkilbyqk@wikia.com,626 556 8401
Antin,Lister,Male,alisterql@columbia.edu,260 299 6290
Miranda,Kondratowicz,Female,mkondratowiczqm@creativecommons.org,252 555 5216
Jerrilee,de Keep,Bigender,jdekeepqn@wired.com,218 380 7440
Dicky,Mussilli,Male,dmussilliqo@ucoz.ru,541 281 3870
Rob,Bingell,Male,rbingellqp@forbes.com,148 487 3822
Robinet,Cleminshaw,Male,rcleminshawqq@gravatar.com,215 537 2654
Mervin,McCandie,Male,mmccandieqr@va.gov,719 948 9907
Kristan,Moberley,Female,kmoberleyqs@aol.com,777 811 3449
Andree,Bayston,Female,abaystonqt@businessinsider.com,173 723 4609
Bank,Mersey,Male,bmerseyqu@newsvine.com,907 743 2200
Deidre,Goly,Female,dgolyqv@senate.gov,753 339 5215
Ted,Pindred,Male,tpindredqw@typepad.com,576 926 0808
Abdel,Chuney,Male,achuneyqx@ask.com,635 410 7404
Whitby,Palombi,Male,wpalombiqy@spotify.com,633 414 6503
Stillman,Dary,Male,sdaryqz@opera.com,534 807 8986
Rip,Melliard,Male,rmelliardr0@surveymonkey.com,684 148 6754
Fraze,Whitty,Male,fwhittyr1@artisteer.com,387 251 6055
Mervin,Lamba,Male,mlambar2@t.co,302 639 9478
Yolane,McGlue,Female,ymcgluer3@theatlantic.com,163 635 6836
Etti,Gooders,Female,egoodersr4@goo.gl,675 742 0513
Thedric,Lammie,Genderqueer,tlammier5@ftc.gov,754 272 3721
Peyton,Ettles,Male,pettlesr6@last.fm,772 765 5798
Georgie,Moakes,Male,gmoakesr7@sciencedaily.com,243 983 4542
Antonin,McConville,Male,amcconviller8@census.gov,255 948 9411
Jillane,Wrathmell,Female,jwrathmellr9@sciencedirect.com,309 378 8688
Ossie,Molian,Non-binary,omolianra@smugmug.com,904 715 1274
Stephana,Blitz,Bigender,sblitzrb@nyu.edu,997 455 3153
Nina,Hamlen,Female,nhamlenrc@wordpress.org,763 984 2009
Baron,Graith,Male,bgraithrd@tinyurl.com,912 128 8725
Lorenza,Cogger,Female,lcoggerre@illinois.edu,418 607 3427
Lindsey,Coltart,Female,lcoltartrf@fastcompany.com,232 769 3267
Kyle,Hanley,Male,khanleyrg@friendfeed.com,954 509 0192
Alanna,Goulstone,Female,agoulstonerh@histats.com,555 132 6698
Idette,Gotliffe,Female,igotlifferi@twitter.com,313 480 3350
Beckie,Monkton,Agender,bmonktonrj@weather.com,556 714 9166
Lindy,Barley,Male,lbarleyrk@issuu.com,744 430 6993
Blake,Andrusyak,Male,bandrusyakrl@sitemeter.com,308 309 9703
Giles,Simmins,Male,gsimminsrm@friendfeed.com,623 739 8377
Ruthy,Yole,Female,ryolern@trellian.com,945 754 5107
Nappy,Ivanchikov,Male,nivanchikovro@chron.com,438 225 6489
Briano,Matthesius,Male,bmatthesiusrp@uiuc.edu,964 844 5761
Garrek,Allon,Male,gallonrq@wisc.edu,143 343 8469
Humberto,Mcasparan,Male,hmcasparanrr@bloglovin.com,828 913 0419
