first_name,last_name,gender,email,phone
Devonna,Whistan,Female,dwhistan0@plala.or.jp,168 218 8532
Minna,Downie,Female,mdownie1@indiatimes.com,334 681 3509
Sileas,Flipek,Female,sflipek2@imdb.com,699 819 8616
Orson,Bone,Agender,obone3@typepad.com,405 461 9886
Cleopatra,Sowman,Female,csowman4@yellowbook.com,274 884 4136
Brett,Swafield,Male,bswafield5@unicef.org,475 666 4243
Annemarie,Schultze,Female,aschultze6@youku.com,766 563 0234
Heywood,Sola,Male,hsola7@mapy.cz,956 278 2266
Curtis,Tourville,Male,ctourville8@mtv.com,413 354 5692
Mic,Signori,Male,msignori9@telegraph.co.uk,940 495 1489
Wildon,Werendell,Male,wwerendella@zimbio.com,722 497 2730
Joletta,Vautrey,Female,jvautreyb@miibeian.gov.cn,618 393 7680
Fianna,Minelli,Female,fminellic@ustream.tv,237 129 2056
Noreen,Quenell,Female,nquenelld@phpbb.com,178 861 0237
Sheff,Simo,Male,ssimoe@homestead.com,310 324 2318
Cointon,Samsin,Male,csamsinf@washingtonpost.com,518 176 6234
Octavia,Hoyland,Female,ohoylandg@bing.com,503 890 9344
Angel,Robbs,Male,arobbsh@icq.com,281 926 6683
Luz,Bleue,Female,lbleuei@bloglovin.com,739 984 1607
Reidar,Quodling,Male,rquodlingj@yahoo.com,518 913 4586
Robinson,Licciardiello,Male,rlicciardiellok@huffingtonpost.com,746 803 7013
Redford,Popple,Male,rpopplel@sohu.com,199 829 9107
Charlotte,Shannon,Female,cshannonm@simplemachines.org,161 626 2704
Lucais,Bretton,Male,lbrettonn@mac.com,205 557 1547
Guendolen,Burgiss,Female,gburgisso@paypal.com,605 799 9825
Caria,McMonies,Bigender,cmcmoniesp@globo.com,554 339 2641
Caz,Fenix,Male,cfenixq@wikia.com,225 936 3610
Dagny,Croutear,Male,dcroutearr@vkontakte.ru,475 434 8813
Vinnie,Couves,Male,vcouvess@technorati.com,731 598 9728
Hebert,Bromige,Genderfluid,hbromiget@pen.io,904 750 9200
Curr,Sangra,Male,csangrau@foxnews.com,458 481 6793
Dasi,MacGorman,Female,dmacgormanv@instagram.com,763 447 2364
Elroy,Vawton,Male,evawtonw@macromedia.com,176 438 1038
Mervin,Caunt,Male,mcauntx@4shared.com,109 419 2815
Basia,Dobbie,Female,bdobbiey@nature.com,360 517 7542
Joey,Leavy,Male,jleavyz@macromedia.com,756 572 9965
Harv,Bisatt,Male,hbisatt10@marketwatch.com,758 654 7363
Philis,Glasheen,Female,pglasheen11@sohu.com,819 342 8020
Dudley,Matterdace,Male,dmatterdace12@walmart.com,598 740 1423
Reinhold,Millin,Male,rmillin13@squarespace.com,533 294 5026
Hammad,Nurcombe,Male,hnurcombe14@t.co,305 630 2065
Aggy,Duxbarry,Female,aduxbarry15@edublogs.org,728 314 2301
Meg,Dupree,Female,mdupree16@yellowbook.com,459 478 4421
Nataniel,Elia,Male,nelia17@jiathis.com,565 661 0653
Kevin,Abbe,Male,kabbe18@house.gov,244 927 2134
Bone,Graalman,Male,bgraalman19@npr.org,333 803 2788
Antonie,Breming,Female,abreming1a@bluehost.com,994 590 0589
Burtie,Poe,Male,bpoe1b@ft.com,295 511 0593
Royce,Gerrell,Polygender,rgerrell1c@altervista.org,838 606 7026
Aguste,Congreave,Male,acongreave1d@seesaa.net,773 981 9882
Gabriella,Vosper,Female,gvosper1e@usatoday.com,547 306 5202
Rosco,Hebblethwaite,Male,rhebblethwaite1f@php.net,530 751 1250
Giuditta,Fehner,Female,gfehner1g@uol.com.br,931 103 4061
Robenia,McGilbon,Female,rmcgilbon1h@vk.com,675 172 9163
Trish,O'Hoolahan,Female,tohoolahan1i@livejournal.com,495 483 5085
Domini,Benoist,Female,dbenoist1j@technorati.com,482 632 5376
Hewet,Slinger,Male,hslinger1k@1688.com,420 275 1708
Zedekiah,Denyer,Male,zdenyer1l@merriam-webster.com,693 471 3072
Ines,Basire,Female,ibasire1m@sciencedaily.com,297 963 2923
Eilis,Fawthrop,Female,efawthrop1n@amazonaws.com,493 893 7383
Terri-jo,Coulman,Female,tcoulman1o@shop-pro.jp,906 400 5676
Cordie,Gebhard,Female,cgebhard1p@google.es,272 375 2506
Gerald,Clara,Male,gclara1q@princeton.edu,618 196 6023
Estrella,Buttery,Female,ebuttery1r@yale.edu,589 550 6995
Sigvard,Blodgett,Male,sblodgett1s@canalblog.com,912 664 9108
Mathilda,Firk,Female,mfirk1t@answers.com,483 138 9786
Lynda,Mitroshinov,Non-binary,lmitroshinov1u@booking.com,960 925 3379
Hedda,Strathern,Female,hstrathern1v@engadget.com,182 336 2205
Janeva,Amorine,Female,jamorine1w@hibu.com,823 101 0525
Arel,Feaveer,Male,afeaveer1x@smugmug.com,875 273 0785
Brand,Kivlehan,Male,bkivlehan1y@hp.com,183 385 7122
Mathew,Lansdale,Male,mlansdale1z@kickstarter.com,310 588 9050
Pavlov,Di Giorgio,Male,pdigiorgio20@dmoz.org,478 496 6100
Raine,Salthouse,Female,rsalthouse21@berkeley.edu,583 653 0767
Blair,Bussons,Agender,bbussons22@g.co,499 815 2628
Dasie,Atlee,Female,datlee23@delicious.com,138 241 4359
Filippo,Vezey,Male,fvezey24@ifeng.com,589 405 3426
Earlie,Aylen,Male,eaylen25@zdnet.com,689 474 0264
Rosalinda,Strettle,Female,rstrettle26@ihg.com,432 390 9889
Patrica,Venneur,Female,pvenneur27@wired.com,526 902 1753
Geoff,Bignall,Male,gbignall28@netlog.com,414 532 9240
Georgy,Danilov,Male,gdanilov29@dot.gov,888 813 4214
Rutledge,Kilroy,Male,rkilroy2a@arizona.edu,387 385 2895
Susanetta,Macguire,Female,smacguire2b@cdc.gov,107 769 9021
Piggy,Skirvin,Male,pskirvin2c@qq.com,438 569 1852
Donia,Balasin,Female,dbalasin2d@google.com,320 746 5967
Laurens,Sheilds,Male,lsheilds2e@economist.com,319 190 6547
Crissy,Gwalter,Female,cgwalter2f@ebay.com,595 734 5785
Devi,Northern,Female,dnorthern2g@google.com,484 858 3794
Silvanus,Roomes,Male,sroomes2h@amazonaws.com,168 265 2075
Alejandrina,Medmore,Female,amedmore2i@cdc.gov,502 568 7450
Aigneis,Archdeacon,Female,aarchdeacon2j@ebay.co.uk,230 659 0844
Jessalyn,Pedersen,Female,jpedersen2k@instagram.com,815 765 3196
Sydelle,Delcastel,Female,sdelcastel2l@foxnews.com,705 236 2186
Lira,Reavell,Genderqueer,lreavell2m@people.com.cn,929 732 3441
Fay,Boscher,Female,fboscher2n@admin.ch,631 141 5097
Michele,Oldale,Male,moldale2o@ebay.co.uk,304 250 1981
Raimund,Martynka,Male,rmartynka2p@go.com,796 968 7056
Christa,Drewery,Female,cdrewery2q@fotki.com,825 156 8043
Wynny,Teaz,Genderqueer,wteaz2r@ibm.com,680 135 6192
Rivy,Dumigan,Female,rdumigan2s@delicious.com,572 255 0548
Dulcine,Eglaise,Female,deglaise2t@networksolutions.com,246 958 0299
Gherardo,Bolsover,Male,gbolsover2u@mtv.com,687 903 5162
Jake,Shreve,Male,jshreve2v@google.com.au,268 473 7920
Levon,O'Deegan,Male,lodeegan2w@fc2.com,445 828 7423
Julian,Dow,Male,jdow2x@google.com.hk,403 766 4731
Dora,Poulsen,Female,dpoulsen2y@google.co.uk,394 344 0205
Carey,Baddam,Female,cbaddam2z@apple.com,336 603 1473
Zared,Barnfield,Male,zbarnfield30@cnbc.com,796 643 1686
Gisele,Poynor,Female,gpoynor31@nyu.edu,547 418 8432
Hasheem,Sokell,Male,hsokell32@woothemes.com,521 138 5299
Olenka,Tuberfield,Female,otuberfield33@wikipedia.org,888 261 8006
Aggie,Colten,Female,acolten34@networkadvertising.org,428 964 5157
Vasily,Tranter,Male,vtranter35@exblog.jp,984 163 6685
Aliza,Farquarson,Female,afarquarson36@wufoo.com,335 849 3337
Ike,Genny,Male,igenny37@istockphoto.com,297 218 8912
Robin,Waterfield,Female,rwaterfield38@pcworld.com,266 848 6718
Cassandre,Robbings,Female,crobbings39@shinystat.com,352 699 0883
Gabbey,Darbon,Female,gdarbon3a@alibaba.com,547 948 2420
Trista,Skehens,Female,tskehens3b@chron.com,376 612 3654
Kally,Keilty,Female,kkeilty3c@deviantart.com,728 610 2899
Loree,Rowsell,Female,lrowsell3d@comsenz.com,939 363 6446
Ailyn,Griffen,Female,agriffen3e@independent.co.uk,688 434 3756
Lamond,Phippin,Male,lphippin3f@eventbrite.com,876 491 6885
Fons,Hatherall,Male,fhatherall3g@geocities.com,507 291 0206
Stillmann,Timeby,Polygender,stimeby3h@cornell.edu,279 854 3087
Rourke,Kern,Male,rkern3i@time.com,271 748 9530
Roseanna,Judge,Female,rjudge3j@ucsd.edu,415 701 0661
Willamina,Velde,Female,wvelde3k@oracle.com,235 109 5599
Gill,Isack,Male,gisack3l@tumblr.com,491 751 5715
Oswald,Howcroft,Male,ohowcroft3m@prnewswire.com,318 223 6423
Amalia,Kingcote,Bigender,akingcote3n@who.int,991 602 6782
Cathy,Llewelly,Bigender,cllewelly3o@is.gd,547 451 0200
Ariella,Vanezis,Female,avanezis3p@senate.gov,272 784 6111
Worden,Sonley,Male,wsonley3q@sbwire.com,770 746 0293
Alicia,Wisson,Female,awisson3r@netvibes.com,829 996 0881
Jocelyn,MacFaell,Female,jmacfaell3s@bravesites.com,174 940 9086
Gretel,Di Pietro,Female,gdipietro3t@biglobe.ne.jp,338 169 3583
Walton,Goalby,Male,wgoalby3u@telegraph.co.uk,764 726 3498
Cody,Lesurf,Female,clesurf3v@dailymail.co.uk,506 921 5306
Daron,Agglio,Female,dagglio3w@comsenz.com,840 242 3705
Andros,Caldwall,Male,acaldwall3x@cornell.edu,259 189 0157
Beverlee,Ivell,Female,bivell3y@opensource.org,606 359 0546
Davis,Solloway,Male,dsolloway3z@cpanel.net,369 265 7762
Lilith,Poytres,Female,lpoytres40@umn.edu,607 974 9318
Lianna,Cockman,Female,lcockman41@virginia.edu,957 972 6365
Rafaello,Tomkowicz,Male,rtomkowicz42@youku.com,657 375 7030
Drugi,Bleasby,Male,dbleasby43@skyrock.com,461 699 8168
Kinnie,Wasielewski,Male,kwasielewski44@slashdot.org,592 708 7501
Mag,MacDermot,Female,mmacdermot45@theguardian.com,949 853 9399
Bogey,Bellfield,Male,bbellfield46@imgur.com,763 185 8852
Blakelee,Nockles,Female,bnockles47@cnn.com,388 687 7479
Rabbi,Battin,Male,rbattin48@devhub.com,750 872 8072
Garnet,Mynott,Female,gmynott49@dot.gov,240 852 4954
Rolando,Cisson,Male,rcisson4a@kickstarter.com,715 277 7153
Maudie,Edwicker,Genderqueer,medwicker4b@icq.com,732 205 6156
Miriam,Tytterton,Female,mtytterton4c@gizmodo.com,919 628 4843
Melisa,Brandino,Female,mbrandino4d@biglobe.ne.jp,779 491 2949
Boycie,Reekie,Male,breekie4e@feedburner.com,342 180 6683
Mandel,Pawelski,Male,mpawelski4f@jalbum.net,458 872 4382
Lothaire,Caplen,Male,lcaplen4g@hexun.com,349 534 1617
Berton,Wasteney,Male,bwasteney4h@marriott.com,578 935 6816
Adham,Toth,Male,atoth4i@dagondesign.com,641 871 0280
Benjie,Geistbeck,Male,bgeistbeck4j@cafepress.com,507 252 5704
Reed,Burnsall,Male,rburnsall4k@theguardian.com,211 947 1342
Gottfried,Newlove,Polygender,gnewlove4l@so-net.ne.jp,243 651 0345
Gisella,Cassely,Female,gcassely4m@plala.or.jp,361 801 3583
Stacia,Chang,Genderqueer,schang4n@usgs.gov,628 127 7460
Bernie,Joska,Female,bjoska4o@1und1.de,869 642 7819
Allianora,Bento,Female,abento4p@trellian.com,393 812 6616
Hermy,Bozier,Male,hbozier4q@spotify.com,293 386 3363
Myrvyn,Gopsall,Male,mgopsall4r@soup.io,728 215 8551
Nance,Roscher,Female,nroscher4s@stanford.edu,139 994 9151
Burch,Lowle,Male,blowle4t@statcounter.com,399 489 0874
Jenine,Dimitresco,Agender,jdimitresco4u@jigsy.com,586 278 3857
Bebe,Gotcliffe,Genderqueer,bgotcliffe4v@blogtalkradio.com,976 428 6760
Giorgi,Askell,Male,gaskell4w@wix.com,137 598 9337
Tommy,Braybrookes,Male,tbraybrookes4x@apple.com,112 251 1270
Clevie,Jaffrey,Male,cjaffrey4y@github.io,860 262 1528
Cookie,Stiles,Female,cstiles4z@jalbum.net,189 102 5517
Karlens,Wreath,Male,kwreath50@lycos.com,773 249 1581
Bernarr,Blaszczyk,Genderfluid,bblaszczyk51@youtube.com,379 727 8850
Aryn,Prozillo,Female,aprozillo52@networksolutions.com,830 823 3509
Emeline,Yorke,Female,eyorke53@purevolume.com,218 556 8593
Chrisse,Stobbie,Male,cstobbie54@buzzfeed.com,884 880 7005
Kelley,Stembridge,Female,kstembridge55@bloglines.com,805 101 6596
Shaylynn,Mechi,Female,smechi56@exblog.jp,957 677 5480
Dorene,Sone,Female,dsone57@wiley.com,910 725 1610
Vinson,Thunderman,Male,vthunderman58@myspace.com,875 146 4998
Garey,Adderley,Male,gadderley59@washingtonpost.com,517 725 0931
Dall,Trawin,Male,dtrawin5a@instagram.com,210 174 3932
Hadlee,Noke,Male,hnoke5b@squidoo.com,493 804 0311
Morey,Niven,Male,mniven5c@hp.com,713 212 8696
Gilles,Leman,Male,gleman5d@yandex.ru,756 316 2102
Ursuline,Domeny,Female,udomeny5e@studiopress.com,790 633 5347
Veriee,Yeabsley,Female,vyeabsley5f@over-blog.com,695 728 6474
Britt,Stittle,Genderqueer,bstittle5g@shareasale.com,190 104 3525
Thebault,Slimings,Male,tslimings5h@e-recht24.de,724 228 7238
Fidelity,Southcott,Female,fsouthcott5i@newyorker.com,689 258 4046
Raynard,Bateson,Male,rbateson5j@t.co,777 779 0052
Merilyn,Runnalls,Female,mrunnalls5k@slideshare.net,940 558 4672
Kynthia,Wheildon,Female,kwheildon5l@shinystat.com,344 691 3193
Brietta,McCosh,Female,bmccosh5m@deviantart.com,555 338 6816
Nikolas,Bowser,Male,nbowser5n@loc.gov,661 441 7974
Siouxie,Kimbling,Female,skimbling5o@gov.uk,411 941 6319
Audrie,Leupold,Female,aleupold5p@photobucket.com,920 702 8312
Avis,Ruller,Female,aruller5q@histats.com,175 838 4255
Madelina,Boulden,Female,mboulden5r@gmpg.org,753 353 7811
Annnora,Abbatini,Female,aabbatini5s@cbslocal.com,222 338 4106
Boony,Beaglehole,Male,bbeaglehole5t@yahoo.co.jp,690 600 8996
Jo-anne,Greneham,Female,jgreneham5u@scribd.com,290 815 6938
Peterus,Rotlauf,Male,protlauf5v@twitpic.com,980 996 5060
Rosabel,Rodolico,Female,rrodolico5w@eepurl.com,296 769 4766
Merrick,Dows,Male,mdows5x@facebook.com,865 718 8998
Flemming,Cathrall,Male,fcathrall5y@symantec.com,145 995 2995
Cassandry,Hasluck,Female,chasluck5z@disqus.com,501 732 2588
Aksel,Burbury,Male,aburbury60@toplist.cz,563 233 2021
Aubert,Pomfrett,Male,apomfrett61@furl.net,347 824 2581
Faydra,Forri,Non-binary,fforri62@newsvine.com,430 297 3325
Annabelle,Jenk,Female,ajenk63@ucoz.com,186 234 9022
Marji,Marshal,Genderfluid,mmarshal64@csmonitor.com,757 124 4030
Stefano,Stocken,Male,sstocken65@ftc.gov,329 817 0947
Kathrine,Rembaud,Agender,krembaud66@amazon.com,734 647 4898
Krystal,Wadeling,Female,kwadeling67@weebly.com,964 740 4087
Tannie,Dorran,Male,tdorran68@bloglines.com,982 688 1257
Tiebout,Castenda,Male,tcastenda69@joomla.org,697 818 7733
Dena,Frusher,Female,dfrusher6a@reverbnation.com,336 290 7269
Othella,Samms,Female,osamms6b@zdnet.com,766 355 7143
Zebedee,Calcott,Male,zcalcott6c@usa.gov,571 653 4649
Milissent,Danher,Female,mdanher6d@spotify.com,466 928 3584
Clo,Volante,Female,cvolante6e@reddit.com,438 303 5046
Tonnie,Emery,Male,temery6f@sogou.com,714 929 6865
Talya,Calverley,Female,tcalverley6g@google.nl,844 383 8452
Wolfgang,McSorley,Male,wmcsorley6h@virginia.edu,163 278 0614
Margaretta,L'Homme,Female,mlhomme6i@yale.edu,516 609 4005
Jasmina,Labat,Female,jlabat6j@discovery.com,313 215 6447
Cornall,Whitfield,Male,cwhitfield6k@comcast.net,417 765 1650
Heidie,Connerry,Female,hconnerry6l@chronoengine.com,651 229 2519
Arabelle,Sworn,Female,asworn6m@istockphoto.com,411 424 0511
Nara,Baudi,Non-binary,nbaudi6n@dell.com,669 317 1304
Cleve,Vasilik,Male,cvasilik6o@sina.com.cn,850 974 2573
Ricard,Plak,Male,rplak6p@fda.gov,534 112 9623
Francoise,Crocetti,Female,fcrocetti6q@flickr.com,282 542 8386
Eleen,Holwell,Genderfluid,eholwell6r@europa.eu,763 808 6541
Jordan,Pincott,Female,jpincott6s@mac.com,501 762 8455
Lynne,Boyn,Female,lboyn6t@networksolutions.com,250 482 9982
Farr,Stoakes,Male,fstoakes6u@ehow.com,366 568 1465
Cully,Stode,Male,cstode6v@hud.gov,454 337 4616
Austin,Parsand,Female,aparsand6w@hao123.com,459 996 1249
Pepe,Duthy,Male,pduthy6x@cisco.com,107 528 3291
Janetta,O' Clovan,Female,joclovan6y@google.com,877 471 7615
Duff,MacIlurick,Male,dmacilurick6z@forbes.com,289 941 3043
Dulcine,Cheak,Female,dcheak70@merriam-webster.com,891 103 4429
Odetta,Tincknell,Bigender,otincknell71@cocolog-nifty.com,713 831 9514
Sean,Orred,Male,sorred72@themeforest.net,373 868 8216
Hobart,Couves,Male,hcouves73@oakley.com,104 233 5594
Dolley,Barnbrook,Female,dbarnbrook74@ca.gov,112 512 0394
Carlin,Lambertson,Male,clambertson75@about.me,328 818 9256
Humfrey,Lorkin,Male,hlorkin76@google.co.jp,484 501 7933
Leonardo,Ryhorovich,Male,lryhorovich77@ning.com,502 232 1495
Rooney,Bushen,Male,rbushen78@sogou.com,236 814 7738
Cyrillus,Pettican,Male,cpettican79@guardian.co.uk,233 941 9294
Katha,Filewood,Female,kfilewood7a@loc.gov,536 255 0562
Calhoun,Wickenden,Male,cwickenden7b@wikispaces.com,608 213 1317
Philomena,Ramlot,Female,pramlot7c@over-blog.com,756 309 6865
Arlen,Nestor,Male,anestor7d@bbb.org,329 209 4409
Kilian,Cope,Male,kcope7e@dmoz.org,185 436 6139
Brett,Tipping,Female,btipping7f@china.com.cn,455 379 8359
Gustav,Frome,Male,gfrome7g@mapy.cz,820 891 8389
Jaime,Edelman,Male,jedelman7h@google.ca,248 864 6739
Westleigh,Kollatsch,Male,wkollatsch7i@shop-pro.jp,721 746 4004
Sabrina,Antowski,Female,santowski7j@skype.com,120 633 0864
Natassia,Bernaciak,Female,nbernaciak7k@ucoz.ru,828 950 5600
Meridel,Ondrus,Female,mondrus7l@loc.gov,334 440 5908
Bev,McCaskill,Female,bmccaskill7m@opensource.org,175 502 7348
Chadd,Catonnet,Male,ccatonnet7n@epa.gov,621 415 5599
Glennie,Levey,Female,glevey7o@mapy.cz,644 821 2715
Luther,McManus,Male,lmcmanus7p@etsy.com,150 174 0204
Johannah,Rottenbury,Female,jrottenbury7q@google.com,946 167 7554
Nicky,Veevers,Male,nveevers7r@tinypic.com,723 458 1326
Jere,Mattiacci,Female,jmattiacci7s@lycos.com,298 619 1825
Moria,Nunson,Female,mnunson7t@cafepress.com,398 109 9356
Guntar,Mahoney,Male,gmahoney7u@nbcnews.com,196 365 2266
Layne,Ayto,Genderqueer,layto7v@taobao.com,110 624 7965
Marty,Swinfen,Female,mswinfen7w@dmoz.org,532 622 6116
Fleurette,Cogar,Female,fcogar7x@ebay.co.uk,186 464 4352
Moishe,Phillipp,Male,mphillipp7y@miibeian.gov.cn,931 686 6437
Hertha,Bastie,Female,hbastie7z@ca.gov,817 922 0183
Keenan,Wildbore,Male,kwildbore80@fc2.com,459 130 3217
Danya,Spragge,Female,dspragge81@usnews.com,498 699 3159
Fee,Southon,Male,fsouthon82@networkadvertising.org,615 508 0269
Renato,Tupman,Male,rtupman83@msn.com,179 923 8125
Moreen,Dodamead,Female,mdodamead84@blinklist.com,704 774 8864
Ajay,Dobbison,Female,adobbison85@upenn.edu,827 832 8275
Munroe,Battisson,Male,mbattisson86@ustream.tv,987 379 4290
Margareta,Winning,Female,mwinning87@qq.com,985 902 5372
Jarad,Caso,Male,jcaso88@deviantart.com,307 473 2586
Vivie,Bento,Female,vbento89@psu.edu,319 877 0288
Idette,McInerney,Female,imcinerney8a@zdnet.com,371 950 1190
Peyter,Tortoishell,Bigender,ptortoishell8b@exblog.jp,825 914 0654
Emilee,Hawkswood,Polygender,ehawkswood8c@wordpress.com,811 331 4839
Cassondra,Mulcahy,Female,cmulcahy8d@cocolog-nifty.com,845 312 8979
Marketa,Padkin,Female,mpadkin8e@buzzfeed.com,558 209 2261
Essy,Walden,Female,ewalden8f@parallels.com,789 404 2222
Seline,Lardez,Female,slardez8g@eventbrite.com,991 589 1740
Arv,McDowall,Agender,amcdowall8h@earthlink.net,241 676 5953
Afton,Welbelove,Female,awelbelove8i@ebay.co.uk,269 146 2219
Kris,Beddow,Male,kbeddow8j@digg.com,812 239 6600
Gene,Theaker,Male,gtheaker8k@desdev.cn,588 330 5361
Igor,McClenaghan,Male,imcclenaghan8l@upenn.edu,916 630 5792
Beckie,Kinder,Female,bkinder8m@vimeo.com,161 130 3860
Darius,McGuiness,Male,dmcguiness8n@bbb.org,131 348 5534
Seth,Humes,Male,shumes8o@phpbb.com,970 752 6265
Dame,Toppin,Male,dtoppin8p@disqus.com,332 466 8365
Arron,Reimer,Male,areimer8q@hao123.com,283 160 2902
Yoshiko,Opfer,Female,yopfer8r@zdnet.com,785 860 7645
Ive,Klaesson,Male,iklaesson8s@bloglines.com,309 214 3984
Tallou,Jolliff,Female,tjolliff8t@over-blog.com,591 173 8349
Rora,Alstead,Female,ralstead8u@drupal.org,350 966 7392
Dee,Abbets,Female,dabbets8v@dot.gov,277 245 2039
Reinold,McKeady,Male,rmckeady8w@sun.com,553 958 7356
Siffre,McCrohon,Male,smccrohon8x@yandex.ru,363 109 5192
Kakalina,de Quincey,Polygender,kdequincey8y@cloudflare.com,850 631 2166
Ninetta,Sabben,Female,nsabben8z@ehow.com,642 335 6237
Gustave,Forder,Male,gforder90@macromedia.com,953 503 3997
Hally,Leavry,Female,hleavry91@amazon.de,107 940 6381
Parrnell,Basset,Male,pbasset92@army.mil,607 639 7667
Gamaliel,Allsworth,Male,gallsworth93@cocolog-nifty.com,332 451 3195
Clevey,Paolucci,Male,cpaolucci94@chron.com,437 115 0278
Steffi,Benedito,Female,sbenedito95@ca.gov,670 716 0315
Addie,Scarborough,Female,ascarborough96@ftc.gov,207 243 6949
Raimondo,Davydkov,Male,rdavydkov97@imageshack.us,574 489 1867
Deerdre,Buzin,Female,dbuzin98@wikimedia.org,975 485 8919
Artur,Deer,Male,adeer99@soup.io,104 726 6231
Alyssa,Baison,Female,abaison9a@admin.ch,259 812 0154
Bethanne,MacCauley,Female,bmaccauley9b@hibu.com,774 556 5161
Hendrick,Marval,Male,hmarval9c@creativecommons.org,240 133 9372
Lyle,Drioli,Male,ldrioli9d@newyorker.com,333 907 0582
Byrann,Wallege,Male,bwallege9e@ow.ly,424 223 7903
Freida,Calderhead,Female,fcalderhead9f@unesco.org,798 430 9725
Bert,Taber,Male,btaber9g@prnewswire.com,994 352 9135
Timi,Stigers,Female,tstigers9h@un.org,923 975 1886
Elise,Hadeke,Female,ehadeke9i@usa.gov,658 268 6553
Burch,Piele,Male,bpiele9j@auda.org.au,582 421 5917
Beverly,Yell,Female,byell9k@ovh.net,358 738 8224
Lavinia,Petyakov,Female,lpetyakov9l@tiny.cc,236 378 2756
Horten,Lubman,Male,hlubman9m@nasa.gov,857 764 3679
Inger,Fishley,Female,ifishley9n@google.co.uk,194 223 8922
Irita,Brisset,Female,ibrisset9o@eventbrite.com,837 618 5670
Elise,McIsaac,Bigender,emcisaac9p@domainmarket.com,889 626 9257
Keith,Sarfatti,Male,ksarfatti9q@chron.com,515 792 8950
Heida,Sprasen,Genderqueer,hsprasen9r@facebook.com,294 843 7404
Tarah,Devonald,Genderqueer,tdevonald9s@ihg.com,694 967 2647
Fitz,Hancock,Male,fhancock9t@elegantthemes.com,347 937 5049
Viv,Bodesson,Female,vbodesson9u@phpbb.com,154 717 4573
Kimball,Gloster,Male,kgloster9v@bigcartel.com,465 554 8838
Josiah,Olliffe,Male,jolliffe9w@google.fr,612 153 2269
Zelma,Scoffins,Agender,zscoffins9x@ucsd.edu,637 176 9136
Nappy,Tumielli,Bigender,ntumielli9y@unesco.org,413 136 3115
Artie,Withrop,Male,awithrop9z@wp.com,843 131 2493
Timoteo,Bartleman,Male,tbartlemana0@comcast.net,844 706 7462
Valma,Busk,Female,vbuska1@usa.gov,568 409 8279
Papageno,Adnams,Genderqueer,padnamsa2@cdc.gov,515 430 8544
Jordon,Nelligan,Male,jnelligana3@ucoz.com,610 666 3476
Car,Waters,Male,cwatersa4@cargocollective.com,276 728 0232
Lia,Goodered,Female,lgoodereda5@harvard.edu,990 305 3245
Darleen,Dovington,Female,ddovingtona6@a8.net,980 190 6855
Kerry,Tyrrell,Female,ktyrrella7@skyrock.com,976 935 0843
Hermy,Jaynes,Male,hjaynesa8@mozilla.com,762 377 9953
Jammie,Hulburd,Female,jhulburda9@nhs.uk,662 329 6832
Cristie,Clunan,Female,cclunanaa@sogou.com,503 298 0551
Francene,Mangeon,Female,fmangeonab@europa.eu,156 324 5127
Blinny,Triebner,Female,btriebnerac@typepad.com,792 277 5908
Marven,Moylan,Non-binary,mmoylanad@chronoengine.com,295 278 2904
Harmony,Dofty,Female,hdoftyae@ca.gov,987 471 1401
Olva,Presidey,Female,opresideyaf@blogger.com,294 929 1039
Emilie,Kedwell,Female,ekedwellag@webmd.com,967 297 5580
Laurella,Janks,Female,ljanksah@ucsd.edu,200 183 1609
Holly,Fishpoole,Female,hfishpooleai@webmd.com,941 970 9498
Randall,Jakab,Male,rjakabaj@forbes.com,728 809 8471
Lucias,Elcy,Male,lelcyak@apache.org,392 240 0851
Helen-elizabeth,Curror,Female,hcurroral@ihg.com,960 657 5395
Killie,Klain,Male,kklainam@fema.gov,885 985 2473
Cathe,Brigstock,Female,cbrigstockan@photobucket.com,599 528 2948
Jada,Syde,Female,jsydeao@blogspot.com,973 102 0545
Collete,McLellan,Female,cmclellanap@hud.gov,296 568 0638
Fayina,Murby,Polygender,fmurbyaq@cargocollective.com,807 106 2840
Victoria,Wolfer,Female,vwolferar@pbs.org,938 652 9830
Thorn,Burgett,Male,tburgettas@slate.com,554 669 0344
Stevie,Shearwood,Bigender,sshearwoodat@goo.gl,534 504 6908
Tremain,Gallaccio,Male,tgallaccioau@ning.com,217 377 9411
Jobye,Danson,Female,jdansonav@blogspot.com,498 921 4905
Gustaf,Birkby,Male,gbirkbyaw@typepad.com,134 826 6500
Mignonne,Antrack,Agender,mantrackax@skyrock.com,450 331 6526
Gilligan,Pilbury,Female,gpilburyay@usgs.gov,753 991 4153
Christel,Colbeck,Female,ccolbeckaz@webeden.co.uk,775 334 9890
Bunny,Cowlard,Female,bcowlardb0@salon.com,972 334 6418
Daryn,Snoad,Female,dsnoadb1@examiner.com,389 459 7707
Farr,Elloit,Male,felloitb2@loc.gov,524 200 1196
Kylen,Aspinal,Genderfluid,kaspinalb3@archive.org,124 349 1122
Quintus,Barense,Male,qbarenseb4@umn.edu,464 947 2326
Ring,Giorgielli,Male,rgiorgiellib5@nydailynews.com,862 344 5200
Janella,Kneller,Female,jknellerb6@un.org,908 467 3594
Ermina,Heaphy,Female,eheaphyb7@cpanel.net,885 565 2560
Helyn,Creyke,Female,hcreykeb8@stumbleupon.com,141 851 8082
Nye,Middlemiss,Male,nmiddlemissb9@wordpress.org,480 235 3398
Tracie,Burne,Male,tburneba@ebay.com,423 429 1689
Crosby,Kleinert,Male,ckleinertbb@symantec.com,246 210 4510
Glynn,Waldera,Male,gwalderabc@nhs.uk,210 508 2574
Theodore,Soggee,Male,tsoggeebd@goo.gl,732 348 0682
Quintana,Provost,Female,qprovostbe@bbc.co.uk,275 144 3430
Gisela,Worssam,Female,gworssambf@live.com,744 247 8501
Renato,Remirez,Male,rremirezbg@ezinearticles.com,423 609 7876
Ivory,Wrathmall,Female,iwrathmallbh@dot.gov,874 361 0957
Gabriele,Ianni,Male,giannibi@yandex.ru,712 572 0611
Lara,Blanden,Polygender,lblandenbj@tripod.com,669 952 4924
Morgen,Scurrer,Female,mscurrerbk@redcross.org,342 194 3299
Lilah,Smissen,Female,lsmissenbl@globo.com,727 371 5869
Talbot,Gummoe,Male,tgummoebm@fda.gov,224 177 4277
Timothee,Munks,Male,tmunksbn@miitbeian.gov.cn,959 223 3532
Sigfrid,Crombleholme,Agender,scrombleholmebo@about.me,746 526 0099
Arline,Greated,Female,agreatedbp@google.nl,248 849 5833
Marlin,Soff,Male,msoffbq@exblog.jp,355 754 7999
Matias,Attewill,Male,mattewillbr@histats.com,505 164 2830
Biron,Gosalvez,Male,bgosalvezbs@shinystat.com,669 585 9159
Homer,Wilber,Male,hwilberbt@whitehouse.gov,690 676 3031
Berrie,Camplejohn,Female,bcamplejohnbu@fastcompany.com,700 623 4044
Deanna,Babst,Female,dbabstbv@aboutads.info,178 909 2947
Cash,Gedney,Male,cgedneybw@1und1.de,703 769 3861
Ethelyn,Surmeyers,Female,esurmeyersbx@jiathis.com,752 942 3580
Berkie,Bartleman,Male,bbartlemanby@constantcontact.com,749 879 6744
Dorri,Hammon,Female,dhammonbz@ifeng.com,103 829 7442
Cristian,Gayle,Male,cgaylec0@moonfruit.com,127 234 7131
Stanley,Giacomuzzo,Male,sgiacomuzzoc1@latimes.com,913 906 4788
Baudoin,Jahns,Male,bjahnsc2@digg.com,704 932 4176
Prudence,Tubbs,Female,ptubbsc3@narod.ru,628 763 7985
Hannah,Leve,Female,hlevec4@webnode.com,336 539 3642
Kippy,Balling,Female,kballingc5@mapquest.com,187 278 1774
Beryle,Jewks,Female,bjewksc6@freewebs.com,126 181 0128
Hebert,Kirvin,Male,hkirvinc7@canalblog.com,717 828 8476
Clareta,Goodbody,Female,cgoodbodyc8@soup.io,480 210 4216
Domingo,Grzegorczyk,Male,dgrzegorczykc9@fc2.com,204 659 2350
Olav,Benes,Male,obenesca@jimdo.com,760 306 9365
Fax,Chislett,Male,fchislettcb@apple.com,173 966 9035
Doretta,Gravenor,Female,dgravenorcc@stanford.edu,480 812 4520
Adolpho,Murtell,Male,amurtellcd@quantcast.com,629 380 2215
Bron,Leaf,Male,bleafce@auda.org.au,598 469 4718
Vivianna,Roberds,Genderqueer,vroberdscf@youku.com,699 483 7887
Rafi,Matanin,Male,rmatanincg@etsy.com,892 205 4968
Kip,Grissett,Male,kgrissettch@ted.com,874 413 3606
Gabe,Elecum,Male,gelecumci@bloglovin.com,902 345 5322
Margo,Terry,Female,mterrycj@shop-pro.jp,710 725 2579
Henderson,Martinson,Male,hmartinsonck@wikia.com,900 375 7598
Catherina,Gerhts,Female,cgerhtscl@instagram.com,840 673 2626
Sansone,Rawcliff,Male,srawcliffcm@sun.com,603 537 5760
Sheila,Mehaffey,Bigender,smehaffeycn@rediff.com,541 167 6779
Welbie,Glenister,Male,wglenisterco@wikispaces.com,384 254 1474
Alvin,Nickolls,Male,anickollscp@dedecms.com,856 122 2200
Leicester,Kindred,Male,lkindredcq@so-net.ne.jp,359 156 1840
Nissy,Toffolini,Female,ntoffolinicr@taobao.com,256 356 6056
Carmita,Maffy,Agender,cmaffycs@abc.net.au,927 321 4069
Reggy,Dole,Male,rdolect@4shared.com,807 641 2964
Norrie,Botger,Genderqueer,nbotgercu@wsj.com,926 696 0993
Casey,Muzzi,Male,cmuzzicv@noaa.gov,591 282 2570
Tabbi,Terzza,Agender,tterzzacw@arizona.edu,487 404 3569
Gladi,Gillard,Female,ggillardcx@auda.org.au,268 430 4753
Vivienne,Jonuzi,Female,vjonuzicy@theglobeandmail.com,963 920 7433
Matthaeus,Quigg,Male,mquiggcz@discuz.net,673 194 7480
Becka,Gosalvez,Female,bgosalvezd0@china.com.cn,916 730 4059
Dallis,Moyer,Male,dmoyerd1@goodreads.com,216 296 9843
Janot,Hebron,Female,jhebrond2@seesaa.net,236 107 5836
Annabal,Coxwell,Female,acoxwelld3@goo.ne.jp,364 855 5579
Ellie,Rubert,Female,erubertd4@addtoany.com,679 857 3238
Oran,Frostdyke,Male,ofrostdyked5@businesswire.com,493 931 9852
Kelly,Gyrgorcewicx,Female,kgyrgorcewicxd6@ameblo.jp,109 712 7700
Darn,MacAlees,Male,dmacaleesd7@list-manage.com,760 731 2552
Ethan,Troker,Male,etrokerd8@addtoany.com,231 489 3697
Hartley,Albone,Non-binary,halboned9@sciencedaily.com,391 941 7895
Sherm,Vardie,Male,svardieda@pbs.org,666 699 6372
Jena,McMaster,Female,jmcmasterdb@nbcnews.com,153 823 6845
Larry,Hizir,Male,lhizirdc@storify.com,583 966 9410
Sheelah,Sangwin,Female,ssangwindd@vistaprint.com,599 133 7927
Marijn,McWilliam,Male,mmcwilliamde@wired.com,776 496 9496
Winifred,Codeman,Female,wcodemandf@microsoft.com,452 901 2125
Paul,Revel,Male,preveldg@oracle.com,385 399 2290
Tabbie,Normandale,Genderfluid,tnormandaledh@gizmodo.com,500 254 4225
Hube,Spykins,Male,hspykinsdi@unesco.org,776 481 5334
Englebert,Claypole,Male,eclaypoledj@amazon.co.jp,335 459 2905
Willi,Copeman,Non-binary,wcopemandk@constantcontact.com,404 328 9654
Tobit,Donald,Bigender,tdonalddl@wp.com,372 385 6590
Waiter,Temporal,Male,wtemporaldm@yelp.com,691 916 8769
Audrey,Debrick,Female,adebrickdn@gmpg.org,768 621 8532
Baird,Scally,Male,bscallydo@ihg.com,625 972 4666
Leona,Darrigrand,Polygender,ldarrigranddp@ted.com,106 889 9890
Virgina,Hovert,Female,vhovertdq@lycos.com,455 156 8450
Dick,Izchaki,Male,dizchakidr@pcworld.com,678 148 7724
Ramsey,MacGillespie,Male,rmacgillespieds@state.tx.us,294 393 6736
Sissy,Gillease,Female,sgilleasedt@ox.ac.uk,746 304 0174
Michelina,Gillie,Genderfluid,mgilliedu@skyrock.com,711 599 8777
Shawnee,Cowins,Female,scowinsdv@google.co.uk,821 171 9320
Garwin,Gapp,Male,ggappdw@washingtonpost.com,276 336 3543
Erena,Heardman,Genderqueer,eheardmandx@acquirethisname.com,842 766 6041
Raimundo,Claibourn,Male,rclaibourndy@dropbox.com,825 772 1377
Kayne,Tipper,Genderfluid,ktipperdz@goo.gl,106 219 8286
Hendrick,Seymark,Male,hseymarke0@ucoz.ru,413 986 2809
Zed,Cross,Male,zcrosse1@wikimedia.org,702 954 9500
Phillis,Amberger,Female,pambergere2@sakura.ne.jp,273 347 0929
Patin,Kleynermans,Male,pkleynermanse3@plala.or.jp,251 446 8487
Debi,Shalcras,Female,dshalcrase4@unblog.fr,304 950 3055
Berthe,Saunter,Female,bsauntere5@csmonitor.com,995 358 4911
Danny,Rendall,Female,drendalle6@myspace.com,734 412 3715
Sascha,McSperrin,Agender,smcsperrine7@flickr.com,618 254 2886
Brunhilde,Peaple,Female,bpeaplee8@cocolog-nifty.com,633 413 1053
Ignace,Dailly,Male,idaillye9@nature.com,151 734 9328
Findlay,Halbeard,Male,fhalbeardea@google.es,534 528 6527
Lorrin,Causnett,Female,lcausnetteb@adobe.com,181 418 1347
Travus,Forsdicke,Male,tforsdickeec@macromedia.com,371 923 0043
Berrie,Sworne,Female,bsworneed@seesaa.net,795 261 4152
Christie,Lardner,Male,clardneree@independent.co.uk,199 543 1759
Hugh,Swafford,Male,hswaffordef@merriam-webster.com,142 324 1178
Shae,Ridehalgh,Female,sridehalgheg@jiathis.com,990 644 4393
Franklyn,Clemencon,Male,fclemenconeh@cdbaby.com,652 149 6318
Vin,Winscom,Male,vwinscomei@free.fr,450 339 2766
Babita,Draycott,Female,bdraycottej@wunderground.com,262 496 3222
August,Bentham,Male,abenthamek@stumbleupon.com,516 587 7445
Guinevere,Pyrke,Female,gpyrkeel@pinterest.com,913 345 7579
Iorgo,Poytheras,Male,ipoytherasem@cnbc.com,804 330 4339
Clemmy,Gunner,Male,cgunneren@blogspot.com,113 611 5208
Thorndike,Lepope,Male,tlepopeeo@dion.ne.jp,601 104 4881
Nelson,Bresnahan,Male,nbresnahanep@fda.gov,190 201 4640
Valerye,Alfwy,Female,valfwyeq@plala.or.jp,741 256 7719
Salvador,Agar,Bigender,sagarer@people.com.cn,244 658 8635
Gregor,Wasmer,Male,gwasmeres@mit.edu,984 806 5894
Timothy,Lamble,Male,tlambleet@cdc.gov,538 708 3547
Leroi,Bursnell,Male,lbursnelleu@hatena.ne.jp,927 573 8825
Willey,Birckmann,Male,wbirckmannev@microsoft.com,216 173 9497
Meredith,Barfitt,Female,mbarfittew@reference.com,476 930 4093
Jaclin,Falconer,Agender,jfalconerex@youtu.be,815 868 4618
Myrna,Ojeda,Female,mojedaey@dell.com,713 353 0281
Spencer,Landrean,Male,slandreanez@geocities.com,372 142 0868
Gaelan,Late,Male,glatef0@narod.ru,629 100 4160
Riordan,Bineham,Male,rbinehamf1@accuweather.com,172 388 8728
Wally,Gutcher,Genderqueer,wgutcherf2@webeden.co.uk,531 476 6249
Lazar,Lalevee,Male,llaleveef3@devhub.com,673 694 3413
Koral,Salmond,Female,ksalmondf4@icq.com,792 108 1601
Quinlan,Tarquini,Male,qtarquinif5@shareasale.com,992 220 3408
Lennie,Jeanet,Male,ljeanetf6@biglobe.ne.jp,822 434 0421
Teddy,Hymans,Male,thymansf7@plala.or.jp,329 955 7074
Cordy,Hannabus,Female,channabusf8@epa.gov,710 544 6074
Dorothea,Greenier,Female,dgreenierf9@cnet.com,642 183 9645
Stillman,Winley,Male,swinleyfa@usgs.gov,797 645 7276
Annetta,Keay,Female,akeayfb@pagesperso-orange.fr,476 958 8521
Shanda,Rotte,Female,srottefc@google.es,559 919 5541
Lindon,Antuk,Male,lantukfd@buzzfeed.com,588 918 1942
Mechelle,Lunt,Female,mluntfe@redcross.org,118 168 1841
Tansy,Blakeman,Female,tblakemanff@printfriendly.com,984 612 6560
Donaugh,Jacmar,Male,djacmarfg@networksolutions.com,366 552 1554
Judy,Tidbold,Female,jtidboldfh@hubpages.com,238 633 4060
Brewster,Bakewell,Male,bbakewellfi@psu.edu,186 805 6540
Rurik,Storie,Male,rstoriefj@edublogs.org,949 953 4935
Cherice,Eskrigge,Polygender,ceskriggefk@reference.com,718 639 1822
Kalindi,Pitkeathley,Female,kpitkeathleyfl@berkeley.edu,381 443 8099
Ashely,Jankiewicz,Female,ajankiewiczfm@parallels.com,232 847 6338
Merilyn,Doust,Female,mdoustfn@163.com,691 236 9361
Allegra,Colls,Female,acollsfo@blogger.com,823 487 3824
Leif,Cattini,Male,lcattinifp@webmd.com,236 421 6227
Ezechiel,Meadway,Non-binary,emeadwayfq@rambler.ru,395 954 5149
Danie,Fencott,Male,dfencottfr@dailymotion.com,202 209 3218
Don,O'Cannavan,Male,docannavanfs@zimbio.com,465 549 7925
Franny,Mosten,Female,fmostenft@prweb.com,918 559 4943
Ailis,Aneley,Female,aaneleyfu@mashable.com,181 643 7221
Chrotoem,Vanyatin,Male,cvanyatinfv@biglobe.ne.jp,977 341 2658
Terence,Shortell,Male,tshortellfw@usnews.com,507 221 8778
Berni,McGee,Genderqueer,bmcgeefx@japanpost.jp,389 706 4673
Nichols,Withull,Male,nwithullfy@tamu.edu,324 555 7080
Abramo,Acres,Genderqueer,aacresfz@npr.org,769 426 4800
Budd,Iacovo,Male,biacovog0@domainmarket.com,608 547 3693
Viola,Stainton - Skinn,Female,vstaintonskinng1@intel.com,691 913 9209
Abby,Gabbot,Female,agabbotg2@vk.com,836 721 5857
Marieann,Robel,Female,mrobelg3@ycombinator.com,757 932 3212
Cletus,Stobbes,Male,cstobbesg4@360.cn,562 705 1495
Odo,Lawerence,Non-binary,olawerenceg5@ezinearticles.com,676 134 6430
Kev,Habercham,Bigender,khaberchamg6@alexa.com,786 173 7968
Birdie,Turpey,Female,bturpeyg7@nymag.com,119 911 3892
Kelly,Wychard,Male,kwychardg8@constantcontact.com,466 864 2663
Tiebout,Caldecourt,Male,tcaldecourtg9@bravesites.com,941 232 6015
Filmore,Thunder,Male,fthunderga@usatoday.com,915 245 0458
Fleurette,Bushby,Female,fbushbygb@mozilla.org,707 962 7930
Marylee,Bollam,Female,mbollamgc@tripadvisor.com,764 134 7760
Tuckie,Haddacks,Male,thaddacksgd@360.cn,725 341 2305
Llywellyn,Gurley,Male,lgurleyge@macromedia.com,487 920 7211
Elenore,De la Yglesias,Female,edelayglesiasgf@time.com,707 119 0936
Merna,Cleaveland,Female,mcleavelandgg@princeton.edu,771 695 2695
Neille,Ackland,Female,nacklandgh@army.mil,859 474 5267
Thedrick,Pochin,Male,tpochingi@sogou.com,884 762 8115
Norman,Risman,Male,nrismangj@microsoft.com,855 466 8966
Meara,Noone,Female,mnoonegk@marriott.com,512 808 2977
Aubert,Fenton,Male,afentongl@nature.com,802 639 7849
Ronald,Nottram,Male,rnottramgm@spiegel.de,915 621 3304
Alla,Youhill,Female,ayouhillgn@sakura.ne.jp,787 991 7930
Aguste,Gilbard,Male,agilbardgo@newsvine.com,108 137 7855
Elli,Dossettor,Genderfluid,edossettorgp@patch.com,801 786 9984
Bondon,Pinsent,Male,bpinsentgq@chicagotribune.com,403 159 6886
Luigi,Oland,Male,lolandgr@hc360.com,283 196 0825
Haze,Cussen,Male,hcussengs@seesaa.net,134 316 0708
Gerard,Buse,Genderqueer,gbusegt@rakuten.co.jp,181 799 6222
Sella,Vant,Female,svantgu@senate.gov,858 889 8664
Rita,Westoll,Female,rwestollgv@example.com,899 258 7178
Gilbertine,Farge,Female,gfargegw@auda.org.au,729 501 9832
Laurens,Fishwick,Male,lfishwickgx@addthis.com,344 318 1278
Correy,Scudders,Male,cscuddersgy@last.fm,206 100 6549
Murray,Eldred,Male,meldredgz@jalbum.net,710 839 2814
Cinderella,Fearnley,Female,cfearnleyh0@cnet.com,290 165 7209
Sidonia,Depper,Bigender,sdepperh1@wordpress.org,402 238 7220
Meade,Wipper,Female,mwipperh2@trellian.com,173 942 8729
Sayer,MacElroy,Male,smacelroyh3@wiley.com,427 237 4507
Natale,Lochrie,Polygender,nlochrieh4@cbc.ca,210 799 3358
Zilvia,Hainning,Female,zhainningh5@who.int,744 874 2445
Morgan,Skett,Genderfluid,msketth6@photobucket.com,620 261 7462
Francyne,Trusler,Female,ftruslerh7@comcast.net,110 861 0287
Franky,Willingale,Female,fwillingaleh8@ovh.net,586 434 6181
Xylia,Ayliff,Female,xayliffh9@oaic.gov.au,254 843 5402
Lilas,Cameron,Female,lcameronha@jimdo.com,591 302 8297
Laurette,Badgers,Female,lbadgershb@t.co,140 360 9839
Moyra,Brantzen,Female,mbrantzenhc@harvard.edu,190 337 0708
Uta,Douris,Female,udourishd@rambler.ru,540 836 5655
Daile,Kerner,Female,dkernerhe@istockphoto.com,877 606 0040
Emlyn,Dimmick,Male,edimmickhf@i2i.jp,662 201 9475
Jeffie,Sheehan,Male,jsheehanhg@globo.com,493 528 0538
Roselle,Cuddihy,Female,rcuddihyhh@cpanel.net,534 993 4896
Hillard,Longbothom,Genderqueer,hlongbothomhi@yale.edu,638 800 2073
Wainwright,Daborn,Male,wdabornhj@mit.edu,588 147 0181
Josie,Yakunikov,Female,jyakunikovhk@apple.com,417 934 2596
Robinet,Symes,Male,rsymeshl@naver.com,258 981 0037
Nona,MacFarland,Female,nmacfarlandhm@hatena.ne.jp,888 628 8742
Carmencita,Jonah,Female,cjonahhn@ning.com,908 660 6955
Neysa,Ealam,Female,nealamho@instagram.com,637 263 8208
Harper,Terrazzo,Male,hterrazzohp@bluehost.com,509 104 9262
Tildy,Sowerby,Agender,tsowerbyhq@meetup.com,558 998 2243
Darill,Agett,Male,dagetthr@bluehost.com,603 784 2411
Roz,Whitemarsh,Female,rwhitemarshhs@dailymotion.com,670 922 3492
Deck,Huster,Male,dhusterht@home.pl,767 732 2888
Chelsy,Reach,Female,creachhu@sun.com,370 253 0032
Rickard,Jerrome,Male,rjerromehv@about.com,671 890 2591
Harold,Hogben,Male,hhogbenhw@elegantthemes.com,408 822 0573
Maxi,Bish,Female,mbishhx@google.com,587 655 9126
Ruy,Wilcott,Male,rwilcotthy@uol.com.br,537 523 1212
Sheilah,Burgh,Female,sburghhz@mail.ru,930 192 7296
Nady,Hand,Female,nhandi0@tinyurl.com,552 501 1446
Arri,Ryles,Male,arylesi1@discuz.net,877 730 6227
Megan,Wison,Female,mwisoni2@ycombinator.com,446 146 3361
Alvan,Gong,Non-binary,agongi3@jimdo.com,976 905 2279
Zachery,Stanyard,Male,zstanyardi4@reference.com,187 968 5687
Daffi,Spillman,Female,dspillmani5@wunderground.com,974 840 9611
Gavrielle,Whittaker,Female,gwhittakeri6@imdb.com,778 269 8341
Hali,Conan,Female,hconani7@artisteer.com,672 582 6372
Annabal,Laden,Female,aladeni8@networksolutions.com,164 572 3868
Luis,Scaysbrook,Male,lscaysbrooki9@house.gov,632 341 7475
Tallie,Valance,Female,tvalanceia@last.fm,190 205 3609
Brunhilda,Marley,Female,bmarleyib@paypal.com,833 352 4766
Melloney,Gavrieli,Non-binary,mgavrieliic@microsoft.com,738 185 4394
Marlowe,Malcolmson,Male,mmalcolmsonid@xing.com,925 821 3614
Tasha,Flowitt,Female,tflowittie@behance.net,872 584 6610
Marleen,Woller,Female,mwollerif@nps.gov,804 793 1180
Steffen,Wyldbore,Male,swyldboreig@lycos.com,449 810 4199
Gaultiero,Ferrar,Male,gferrarih@printfriendly.com,160 161 9300
Hamid,Burnup,Male,hburnupii@w3.org,743 431 8406
Griswold,Breckin,Bigender,gbreckinij@csmonitor.com,726 912 0114
Zsa zsa,Procter,Female,zprocterik@furl.net,854 123 3518
Kara,Crippin,Female,kcrippinil@miibeian.gov.cn,578 468 8794
Rayna,Gillson,Female,rgillsonim@miibeian.gov.cn,547 682 3029
Ulrikaumeko,Michele,Female,umichelein@tinypic.com,327 558 7969
Abbye,MacAllan,Female,amacallanio@usa.gov,920 315 6270
Stillmann,Burnell,Male,sburnellip@imgur.com,201 490 1748
Anastasie,Pomfrey,Female,apomfreyiq@stanford.edu,220 243 2721
Kahlil,Toner,Genderfluid,ktonerir@webnode.com,230 593 3091
Mauricio,Ingray,Male,mingrayis@w3.org,825 833 3414
Alayne,Aistrop,Female,aaistropit@senate.gov,791 407 5829
Marga,Gerish,Female,mgerishiu@ucla.edu,391 143 6912
Wanids,Renwick,Female,wrenwickiv@shop-pro.jp,183 747 7838
Rooney,Gopsill,Male,rgopsilliw@stumbleupon.com,188 107 9208
Joyce,Stowgill,Female,jstowgillix@paypal.com,484 535 8090
Josephina,Burgott,Female,jburgottiy@sciencedirect.com,288 257 4948
Peg,Harding,Female,phardingiz@imgur.com,177 789 3028
Bink,Hamman,Male,bhammanj0@delicious.com,258 409 7908
Prudi,Lardnar,Female,plardnarj1@craigslist.org,583 470 9396
Inna,Apthorpe,Female,iapthorpej2@shop-pro.jp,195 488 4766
Keven,Doddemeede,Male,kdoddemeedej3@bbc.co.uk,746 665 3455
Sofia,Creber,Female,screberj4@github.com,801 893 2409
Waverly,Dahmke,Male,wdahmkej5@g.co,474 486 3903
Sydel,Doleman,Female,sdolemanj6@amazon.co.uk,904 431 2093
Ebonee,Mattys,Female,emattysj7@washingtonpost.com,705 190 3287
Lizzy,Bolino,Female,lbolinoj8@yahoo.com,930 461 0777
Mable,Dmitrichenko,Female,mdmitrichenkoj9@senate.gov,987 695 4638
Oran,MacMechan,Male,omacmechanja@sun.com,909 943 6642
Trumann,Pawlik,Male,tpawlikjb@hc360.com,246 339 9744
Nicholle,Davioud,Female,ndavioudjc@amazon.co.jp,480 189 1105
Herbie,Fortman,Male,hfortmanjd@prlog.org,872 908 1009
Ulrikaumeko,Bronot,Female,ubronotje@tmall.com,238 896 3114
Mady,Izatson,Female,mizatsonjf@creativecommons.org,774 646 8354
Alejandro,Chaves,Male,achavesjg@newsvine.com,602 941 2853
Bonnie,Tureville,Female,bturevillejh@themeforest.net,596 838 2493
Oberon,McArd,Male,omcardji@bloglovin.com,760 748 3144
Dredi,Smalley,Polygender,dsmalleyjj@army.mil,813 872 4570
Benton,Shemming,Male,bshemmingjk@xinhuanet.com,718 512 0467
Tobe,Goudard,Male,tgoudardjl@redcross.org,846 328 7081
Claudio,Bento,Male,cbentojm@seesaa.net,705 108 0788
Curr,Conen,Male,cconenjn@nih.gov,119 456 9596
Gennie,Defond,Female,gdefondjo@reddit.com,805 332 2898
Susanetta,Jeacop,Female,sjeacopjp@canalblog.com,760 155 2860
Conrado,Malt,Male,cmaltjq@storify.com,825 533 9285
Ringo,Leborgne,Polygender,rleborgnejr@columbia.edu,491 861 0258
Ike,Fernant,Male,ifernantjs@list-manage.com,940 976 9816
Carolynn,Bartoloma,Female,cbartolomajt@soup.io,825 901 3273
Brandyn,Luckham,Male,bluckhamju@squarespace.com,630 166 8032
Tonnie,Blabey,Male,tblabeyjv@cnet.com,797 747 3985
Nelson,Rounsefell,Male,nrounsefelljw@comsenz.com,905 774 1791
Dame,Wills,Male,dwillsjx@cdbaby.com,133 630 8864
Tymon,Lilburn,Male,tlilburnjy@chicagotribune.com,195 753 2315
Malorie,Willey,Agender,mwilleyjz@paypal.com,305 549 1443
Abby,Everal,Male,aeveralk0@cnbc.com,734 319 2621
Daria,Kiehnlt,Female,dkiehnltk1@google.it,781 410 4880
Tiffani,Fromant,Genderqueer,tfromantk2@mlb.com,715 725 5187
Cyril,Veschambes,Male,cveschambesk3@domainmarket.com,670 602 0357
Sol,MacDuffie,Male,smacduffiek4@behance.net,898 569 7602
Haily,Shipway,Female,hshipwayk5@addtoany.com,979 377 7834
Dallis,Andreev,Male,dandreevk6@loc.gov,739 653 9962
Madelin,Reyner,Female,mreynerk7@canalblog.com,103 808 1767
Bertram,Hastilow,Male,bhastilowk8@photobucket.com,995 813 1479
Pet,Vidloc,Female,pvidlock9@spotify.com,849 459 8456
Auberta,MacCourt,Female,amaccourtka@thetimes.co.uk,332 911 2817
Monroe,Olensby,Male,molensbykb@goo.ne.jp,594 233 8291
Julita,Ayliffe,Female,jayliffekc@sitemeter.com,859 440 5816
Wesley,Meiningen,Male,wmeiningenkd@google.cn,504 209 5847
Harmonie,Barbour,Female,hbarbourke@ifeng.com,716 536 5638
Sarena,Chmarny,Female,schmarnykf@gmpg.org,915 975 5352
Greggory,Slamaker,Male,gslamakerkg@phoca.cz,910 711 2900
Evy,Lias,Female,eliaskh@wired.com,410 533 1384
Osbourne,Phelan,Male,ophelanki@mayoclinic.com,440 939 4209
Sarita,Tarquini,Female,starquinikj@pbs.org,973 469 9668
Golda,Stathor,Female,gstathorkk@gov.uk,403 500 6789
Francoise,Forrestill,Female,fforrestillkl@live.com,836 933 9803
Gorden,Southwick,Male,gsouthwickkm@usnews.com,960 466 5803
Keslie,Giacomucci,Female,kgiacomuccikn@archive.org,352 386 0114
Fallon,Espinas,Female,fespinasko@mapquest.com,963 766 7626
Kylie,Odgers,Male,kodgerskp@forbes.com,581 494 1693
Freeland,Dooney,Male,fdooneykq@irs.gov,439 168 5370
Willdon,Beining,Male,wbeiningkr@nih.gov,645 751 5658
Rodi,Courvert,Female,rcourvertks@over-blog.com,387 358 6283
Mia,Pauncefort,Genderfluid,mpauncefortkt@oaic.gov.au,914 744 2075
Walden,Hoult,Male,whoultku@theglobeandmail.com,306 327 1527
Chevy,Schutt,Male,cschuttkv@msn.com,451 872 2790
Wandis,Doman,Female,wdomankw@google.pl,909 922 8518
Arlin,Pear,Male,apearkx@sun.com,268 788 9496
Meir,Parr,Male,mparrky@sitemeter.com,301 526 3313
Corey,Webland,Male,cweblandkz@economist.com,971 384 6595
Wenda,Rait,Female,wraitl0@timesonline.co.uk,403 956 8577
Honor,Napoli,Female,hnapolil1@springer.com,887 566 9886
Godfree,Monteath,Male,gmonteathl2@yandex.ru,376 920 1890
Roseline,Menier,Female,rmenierl3@trellian.com,139 601 3844
Carolyn,O'Neary,Bigender,conearyl4@webnode.com,600 416 6226
Renata,Habishaw,Female,rhabishawl5@nps.gov,421 854 9556
Ernst,Jasper,Male,ejasperl6@ed.gov,108 767 7239
Lorain,Signe,Female,lsignel7@devhub.com,419 756 0568
Josee,Doumer,Genderfluid,jdoumerl8@nasa.gov,337 439 2312
Diego,Wyndham,Male,dwyndhaml9@dropbox.com,899 241 7378
George,Easbie,Female,geasbiela@apple.com,746 117 1931
Bartholomeus,Honywill,Male,bhonywilllb@about.com,250 289 6176
Sylvan,Tubby,Male,stubbylc@fotki.com,410 164 7978
Laurie,Gurnay,Male,lgurnayld@thetimes.co.uk,555 448 7132
Roarke,Duchenne,Male,rduchennele@slideshare.net,534 975 5592
Correna,Cossentine,Female,ccossentinelf@quantcast.com,963 738 6882
Kurt,Insworth,Male,kinsworthlg@free.fr,538 230 0838
Ximenez,Clutterbuck,Male,xclutterbucklh@wufoo.com,376 595 4540
Orazio,Dillinton,Non-binary,odillintonli@microsoft.com,628 494 8805
Laraine,Oliveti,Female,lolivetilj@comcast.net,407 934 0708
Quincey,Bryer,Male,qbryerlk@arstechnica.com,728 828 5413
Augusto,Dredge,Male,adredgell@uol.com.br,871 665 5945
Robyn,Plum,Female,rplumlm@cam.ac.uk,523 403 5505
Kissee,Brydon,Female,kbrydonln@reuters.com,670 639 3452
Eloisa,Cathee,Female,ecatheelo@fastcompany.com,200 514 2828
Adolphus,Graham,Male,agrahamlp@360.cn,301 512 7490
Glory,Swires,Female,gswireslq@earthlink.net,216 216 8615
Eadmund,Aggett,Male,eaggettlr@opensource.org,277 261 0730
Ivar,Mewburn,Male,imewburnls@techcrunch.com,401 370 8373
Stacee,Eyrl,Male,seyrllt@netscape.com,237 978 1477
Masha,Saket,Female,msaketlu@jimdo.com,508 316 2449
Leonidas,Hammerman,Male,lhammermanlv@printfriendly.com,365 740 1755
Myrtia,Jarlmann,Female,mjarlmannlw@cdbaby.com,188 225 6191
Ingmar,Saxby,Male,isaxbylx@typepad.com,847 746 3301
Elke,Faucherand,Female,efaucherandly@wikia.com,767 279 0261
Alfie,Leverton,Male,alevertonlz@technorati.com,101 794 9850
Perkin,Aldrich,Male,paldrichm0@walmart.com,340 801 0932
Anderson,Coupland,Male,acouplandm1@pinterest.com,669 417 9139
Briant,Dorre,Male,bdorrem2@hud.gov,706 846 5619
Dannie,Anmore,Male,danmorem3@bloglovin.com,552 352 9878
Cammi,Anthoin,Female,canthoinm4@lycos.com,129 683 1093
Angel,Cases,Male,acasesm5@ox.ac.uk,886 548 1203
Bertrando,Kovelmann,Male,bkovelmannm6@mayoclinic.com,161 358 7566
Jesus,Greenhow,Non-binary,jgreenhowm7@springer.com,649 898 6336
Melvyn,Claypool,Male,mclaypoolm8@trellian.com,312 862 3054
Kalil,McClymont,Male,kmcclymontm9@umich.edu,642 874 3590
Wendel,Demoge,Male,wdemogema@mac.com,637 126 7542
Bernadina,Wilkes,Female,bwilkesmb@altervista.org,828 260 3244
Corry,Satch,Female,csatchmc@hatena.ne.jp,697 358 0257
Yance,Standish,Male,ystandishmd@google.ca,822 333 6766
Wynn,Yeudall,Male,wyeudallme@privacy.gov.au,268 803 4946
Boycie,Maron,Non-binary,bmaronmf@google.pl,713 492 5174
Cecil,Allwood,Female,callwoodmg@wsj.com,931 409 0820
Ossie,Ruscoe,Male,oruscoemh@gov.uk,972 190 6639
Isa,Drewe,Female,idrewemi@cbsnews.com,131 636 6875
Milt,Ells,Male,mellsmj@princeton.edu,932 820 7569
Thain,Dripps,Agender,tdrippsmk@blogspot.com,528 949 9532
Allina,Stower,Female,astowerml@usa.gov,230 859 3287
Harwilll,Brunsden,Male,hbrunsdenmm@squidoo.com,817 412 0826
Janenna,Goater,Female,jgoatermn@chron.com,203 665 8937
Gwenneth,Chaimson,Female,gchaimsonmo@weather.com,972 382 3213
Frankie,Maryin,Male,fmaryinmp@i2i.jp,114 113 5188
Elli,Vannikov,Female,evannikovmq@ca.gov,789 822 9572
Donal,Ablewhite,Male,dablewhitemr@sun.com,351 717 5333
Rollo,Kochs,Male,rkochsms@unblog.fr,708 212 2420
Melva,Blatchford,Female,mblatchfordmt@ebay.co.uk,494 787 6632
Elayne,Agdahl,Female,eagdahlmu@wix.com,590 850 1397
Roch,Radki,Female,rradkimv@pinterest.com,553 263 3008
Tomi,Antyshev,Female,tantyshevmw@admin.ch,600 999 6816
Yoshiko,Truss,Agender,ytrussmx@plala.or.jp,803 597 7788
Nevile,Weaver,Male,nweavermy@abc.net.au,265 946 9747
Beale,Koop,Male,bkoopmz@example.com,617 501 9392
Georgie,Ivanchikov,Male,givanchikovn0@t-online.de,885 980 7087
Herman,Ludwell,Male,hludwelln1@opensource.org,687 203 6427
Elden,Galletley,Male,egalletleyn2@princeton.edu,104 736 4557
Emelita,Gilburt,Female,egilburtn3@lulu.com,407 273 8529
Stefano,Lote,Male,sloten4@loc.gov,875 116 8808
Trey,Dowding,Male,tdowdingn5@tripod.com,884 539 1656
Collie,Onslow,Female,conslown6@multiply.com,325 480 5333
Joell,Cupitt,Female,jcupittn7@webmd.com,263 562 8729
Christoph,Alway,Male,calwayn8@liveinternet.ru,290 767 9326
Seymour,Hallatt,Male,shallattn9@w3.org,493 719 8864
Madeleine,Sayer,Female,msayerna@posterous.com,868 327 7837
Timotheus,Ribeiro,Non-binary,tribeironb@odnoklassniki.ru,658 399 0375
Louise,Bassam,Female,lbassamnc@mayoclinic.com,997 110 5797
Matias,Newbery,Male,mnewberynd@oakley.com,110 441 0602
Fielding,Varnam,Male,fvarnamne@engadget.com,116 734 1073
Aymer,Phebey,Male,aphebeynf@networkadvertising.org,754 147 7567
Emilie,Donohue,Female,edonohueng@tripod.com,787 311 4165
Pippy,Maltster,Female,pmaltsternh@bizjournals.com,225 432 5167
Krystle,Brockelsby,Female,kbrockelsbyni@prweb.com,849 746 6994
Artie,McWaters,Male,amcwatersnj@wikia.com,795 238 9199
Britta,Bolwell,Female,bbolwellnk@e-recht24.de,137 104 5315
Kaine,Trainor,Male,ktrainornl@jigsy.com,599 548 2449
Don,Maggiori,Male,dmaggiorinm@cdbaby.com,873 930 3162
Lelah,Brundall,Genderqueer,lbrundallnn@time.com,760 397 6054
Von,Beale,Male,vbealeno@vimeo.com,585 751 5261
Tremayne,Glover,Bigender,tglovernp@soundcloud.com,979 983 5950
Valeria,Puleque,Female,vpulequenq@webs.com,477 849 9179
Pavel,Garey,Male,pgareynr@over-blog.com,315 130 0349
Whitby,Kemmett,Male,wkemmettns@tuttocitta.it,318 704 1975
Avram,Cleminshaw,Male,acleminshawnt@senate.gov,830 619 3760
Bryn,Mogey,Male,bmogeynu@cbslocal.com,709 208 9417
Claudell,Bisterfeld,Male,cbisterfeldnv@newyorker.com,782 778 0774
Marita,Phillippo,Female,mphillipponw@noaa.gov,809 153 3517
Lindi,Loughton,Female,lloughtonnx@hatena.ne.jp,493 761 8549
Leeland,Gozney,Male,lgozneyny@mail.ru,183 157 0889
Collen,Kirmond,Female,ckirmondnz@reuters.com,232 109 0334
Orlando,Coat,Male,ocoato0@plala.or.jp,321 115 1506
Jillane,Corde,Female,jcordeo1@mail.ru,747 455 7702
Ashbey,Eam,Male,aeamo2@studiopress.com,841 360 1236
Ainsley,Horsewood,Polygender,ahorsewoodo3@archive.org,500 954 0378
Amalle,Lumbers,Female,alumberso4@yellowbook.com,923 398 5739
Anthea,Leebeter,Female,aleebetero5@soup.io,719 855 5661
Norman,Finlry,Male,nfinlryo6@dailymotion.com,950 678 4625
Jaquenetta,Snewin,Female,jsnewino7@bloglines.com,346 320 9788
Baxter,Sabates,Male,bsabateso8@instagram.com,757 137 8748
Dagny,Jenkinson,Male,djenkinsono9@washington.edu,958 127 8574
Flori,Febre,Genderfluid,ffebreoa@github.com,198 362 3874
Erwin,Babcock,Male,ebabcockob@google.com.au,184 759 1329
Rosita,Grindell,Female,rgrindelloc@mapquest.com,770 546 4316
Alden,Matchett,Male,amatchettod@berkeley.edu,498 187 9992
Paulina,Wheatman,Female,pwheatmanoe@dailymotion.com,475 889 4932
Ware,MacGillacolm,Male,wmacgillacolmof@howstuffworks.com,700 953 2019
Terrell,Rispine,Male,trispineog@angelfire.com,805 114 4129
Raphael,Drummer,Male,rdrummeroh@issuu.com,974 728 6838
Clareta,Dilliston,Female,cdillistonoi@usda.gov,106 527 0135
Christyna,Glendinning,Female,cglendinningoj@blogtalkradio.com,880 516 5289
Bondie,Rutigliano,Male,brutiglianook@sciencedaily.com,363 615 2761
Natalina,Lloyd,Female,nlloydol@slate.com,574 106 3282
Braden,Braun,Bigender,bbraunom@europa.eu,113 388 7817
Max,Darter,Female,mdarteron@google.com.au,517 662 5213
Doralynn,Ubank,Female,dubankoo@cpanel.net,219 760 4934
Hyacinthe,Beaford,Female,hbeafordop@jimdo.com,704 683 7578
Dyann,Kilmurray,Genderqueer,dkilmurrayoq@cbsnews.com,599 967 0200
Helen,Evered,Female,heveredor@deliciousdays.com,413 205 5306
Charles,McElree,Bigender,cmcelreeos@drupal.org,674 621 9211
Hadria,Butte,Female,hbutteot@pagesperso-orange.fr,349 155 4739
Shanan,Raggitt,Male,sraggittou@marketwatch.com,357 840 9691
Linnea,Sigmund,Female,lsigmundov@oakley.com,612 545 0786
Lydie,Williams,Female,lwilliamsow@cnn.com,948 644 0939
Aguste,Grimmer,Male,agrimmerox@cisco.com,982 435 0321
Eyde,Pyper,Female,epyperoy@apache.org,793 797 2511
Farleigh,Saxby,Male,fsaxbyoz@quantcast.com,798 271 4362
Nerte,McGilmartin,Female,nmcgilmartinp0@thetimes.co.uk,452 281 3401
Eloise,Stewartson,Female,estewartsonp1@opensource.org,700 470 7301
Tan,Feehan,Male,tfeehanp2@ucsd.edu,459 844 4595
Dniren,Filipchikov,Female,dfilipchikovp3@hostgator.com,912 253 4091
Giovanna,Kleeman,Female,gkleemanp4@stumbleupon.com,308 266 1023
Kristofor,Grishenkov,Male,kgrishenkovp5@blogspot.com,759 196 0404
Allan,France,Male,afrancep6@imageshack.us,610 114 8082
Magda,Kairns,Female,mkairnsp7@wp.com,491 229 8859
Sissy,Ohrtmann,Female,sohrtmannp8@smh.com.au,152 321 2959
Daphna,Itzkovsky,Female,ditzkovskyp9@umich.edu,771 696 4612
Jephthah,Dagnall,Male,jdagnallpa@nifty.com,223 165 3911
Cornie,Mulholland,Female,cmulhollandpb@indiegogo.com,895 469 8821
Win,Theze,Male,wthezepc@goodreads.com,734 699 0994
Carolee,Skudder,Female,cskudderpd@geocities.com,237 562 9956
Marthena,Balasin,Female,mbalasinpe@boston.com,185 286 9187
Ailina,Matschuk,Female,amatschukpf@dyndns.org,819 489 1612
Elli,Craigg,Female,ecraiggpg@pinterest.com,325 172 7935
Maryrose,Forshaw,Female,mforshawph@over-blog.com,667 676 2447
Major,Phalp,Male,mphalppi@mediafire.com,256 942 9284
Sharity,Swyne,Female,sswynepj@delicious.com,357 985 6127
Raffaello,Dwelley,Male,rdwelleypk@123-reg.co.uk,484 325 9272
Cassaundra,Abraham,Female,cabrahampl@51.la,797 285 1690
Carilyn,Mattack,Female,cmattackpm@whitehouse.gov,971 942 8388
Lanie,Wornum,Male,lwornumpn@apache.org,191 474 7150
Janetta,Bilbrook,Female,jbilbrookpo@dot.gov,384 818 8935
Nady,Daile,Female,ndailepp@theguardian.com,953 994 6860
Perry,Phillippo,Female,pphillippopq@abc.net.au,696 349 3671
Natividad,Romi,Female,nromipr@phoca.cz,227 901 9249
Zelma,Rudham,Female,zrudhamps@webnode.com,847 652 9288
Kylynn,Dewhurst,Female,kdewhurstpt@theguardian.com,922 787 0058
Dav,Gauvain,Male,dgauvainpu@washingtonpost.com,407 485 2386
Stephan,Minichillo,Male,sminichillopv@icio.us,215 454 8085
Kiley,Miskimmon,Agender,kmiskimmonpw@samsung.com,816 605 9138
Bryce,Hassewell,Male,bhassewellpx@msn.com,430 475 0104
Clair,Mumby,Agender,cmumbypy@webmd.com,250 509 1603
Merell,Kienl,Male,mkienlpz@utexas.edu,620 116 8269
Janith,Ridehalgh,Female,jridehalghq0@miibeian.gov.cn,911 772 7432
Sig,Simonot,Male,ssimonotq1@meetup.com,229 443 7008
Akim,Anton,Male,aantonq2@canalblog.com,607 398 6856
Sherlocke,Shury,Male,sshuryq3@free.fr,829 821 6705
Benedikt,Cundey,Male,bcundeyq4@freewebs.com,719 909 0245
Chancey,Bickerstaffe,Male,cbickerstaffeq5@army.mil,692 143 3433
Myrna,Boldry,Female,mboldryq6@4shared.com,455 979 9303
Ezra,Arnout,Male,earnoutq7@biglobe.ne.jp,912 243 4733
Uri,Honeywood,Male,uhoneywoodq8@boston.com,599 175 8659
Nelson,Gawthrope,Male,ngawthropeq9@psu.edu,443 996 2538
Krystal,Kershaw,Female,kkershawqa@networkadvertising.org,811 752 3869
Fonz,Vankov,Genderqueer,fvankovqb@pcworld.com,982 525 2533
Ingamar,Claasen,Male,iclaasenqc@google.com.au,697 111 1026
Emeline,Farron,Non-binary,efarronqd@economist.com,803 225 5759
Jordanna,Kew,Female,jkewqe@kickstarter.com,631 939 5068
Tirrell,Corryer,Male,tcorryerqf@nsw.gov.au,280 247 5981
Patrick,Collumbine,Male,pcollumbineqg@eepurl.com,502 222 2329
Georgy,Hutfield,Male,ghutfieldqh@patch.com,888 974 4771
Golda,O'Reilly,Female,goreillyqi@toplist.cz,159 342 0971
Silvio,Milella,Male,smilellaqj@marketwatch.com,517 884 2304
Collete,Barcke,Female,cbarckeqk@loc.gov,514 382 5904
Hannie,McLucky,Female,hmcluckyql@cloudflare.com,967 306 7497
Tadd,Pisculli,Male,tpisculliqm@deviantart.com,614 261 6112
Olympe,Goodburn,Female,ogoodburnqn@mayoclinic.com,296 852 8330
Elianora,Behnecke,Female,ebehneckeqo@uiuc.edu,807 827 5157
Boris,Mc Grath,Male,bmcgrathqp@thetimes.co.uk,119 309 1730
Glenine,Paynes,Female,gpaynesqq@sfgate.com,156 671 0030
Mill,Cabotto,Male,mcabottoqr@digg.com,815 787 7295
Shani,Chapelhow,Female,schapelhowqs@cmu.edu,750 943 7128
Ludwig,Biggin,Male,lbigginqt@acquirethisname.com,191 141 7195
Rachel,McLaren,Female,rmclarenqu@kickstarter.com,970 753 2820
Ephrem,Gemlbett,Male,egemlbettqv@sitemeter.com,787 381 0677
Lew,Wakerley,Male,lwakerleyqw@sohu.com,563 256 6971
Garnette,Tremellan,Female,gtremellanqx@hud.gov,627 212 1843
Vernon,Palumbo,Male,vpalumboqy@weather.com,623 792 4897
Isadora,Giovannoni,Female,igiovannoniqz@shinystat.com,390 339 2768
Nikki,Worsfield,Female,nworsfieldr0@fema.gov,713 486 1853
Pattin,Divina,Polygender,pdivinar1@nsw.gov.au,829 922 0414
Goldia,Denisyuk,Female,gdenisyukr2@facebook.com,176 314 0980
Broderick,Carlesi,Male,bcarlesir3@joomla.org,759 151 0717
Stacey,Ledgister,Female,sledgisterr4@ezinearticles.com,990 535 8731
Augustine,Surmon,Female,asurmonr5@redcross.org,693 857 7836
Lorin,Studman,Male,lstudmanr6@cnn.com,632 524 8082
Sayers,Maydwell,Male,smaydwellr7@artisteer.com,199 246 5055
Gan,Lindermann,Male,glindermannr8@sfgate.com,602 754 8710
Mic,Petley,Male,mpetleyr9@elpais.com,205 143 5879
Gabrila,Wonham,Female,gwonhamra@omniture.com,427 634 2878
Pat,Cockell,Female,pcockellrb@businesswire.com,981 785 2014
Aubrey,Robertet,Female,arobertetrc@reddit.com,444 256 7990
Bruno,Puvia,Male,bpuviard@studiopress.com,116 309 1407
Stillman,Grossman,Male,sgrossmanre@businessweek.com,799 429 6062
Timmi,Baser,Female,tbaserrf@printfriendly.com,438 723 9165
Bartholomeo,Colkett,Male,bcolkettrg@blogs.com,361 595 3499
Mattias,MacCroary,Male,mmaccroaryrh@bbb.org,755 743 4961
Gretta,Beernt,Agender,gbeerntri@hao123.com,503 698 1107
Zandra,Tansly,Female,ztanslyrj@smh.com.au,411 576 0743
Devlen,Rue,Male,druerk@hp.com,990 739 9719
Gabriellia,Trawin,Female,gtrawinrl@newsvine.com,191 766 8805
Bond,Meneer,Male,bmeneerrm@rediff.com,994 451 6323
Alina,Obell,Female,aobellrn@amazon.com,658 628 6603
Niels,Stokes,Male,nstokesro@themeforest.net,882 593 6157
Mikol,Ruppert,Male,mruppertrp@usatoday.com,452 365 4528
Vic,Dellow,Male,vdellowrq@seattletimes.com,601 854 5099
Lani,Kalinowsky,Female,lkalinowskyrr@illinois.edu,257 916 6993
