first_name,last_name,gender,email,phone
Eben,Drewes,Male,edrewes0@tiny.cc,157 734 2225
Tom,Jehu,Genderfluid,tjehu1@netscape.com,173 427 2738
Clarke,Stapleton,Male,cstapleton2@smh.com.au,413 824 2694
Farrah,Beckhouse,Female,fbeckhouse3@redcross.org,340 997 5559
Vonnie,Ekless,Female,vekless4@blogspot.com,602 797 0114
Ivy,Kenway,Female,ikenway5@ow.ly,992 793 9637
Guido,Prine,Male,gprine6@ibm.com,595 341 8793
Iggie,Shah,Male,ishah7@prlog.org,848 801 5849
Lydon,Paye,Male,lpaye8@blogtalkradio.com,515 590 4998
Timmy,Handaside,Female,thandaside9@wisc.edu,908 970 3853
Donni,Mallan,Female,dmallana@google.com.au,362 565 7617
Barnaby,Fairbairn,Male,bfairbairnb@washingtonpost.com,361 327 2374
Aaren,Flipsen,Female,aflipsenc@woothemes.com,397 529 3524
Cleavland,Litton,Male,clittond@theguardian.com,927 996 3244
Zabrina,Ondrasek,Female,zondraseke@ucoz.ru,725 207 2784
Jobye,Diego,Female,jdiegof@independent.co.uk,770 549 2245
Sean,Cowey,Female,scoweyg@reference.com,507 382 0915
Eleanor,Gillogley,Female,egillogleyh@exblog.jp,495 830 3083
Vitia,Pfleger,Female,vpflegeri@desdev.cn,571 922 7085
Dorise,Hildrew,Female,dhildrewj@deviantart.com,789 738 0670
Hewie,Varnals,Male,hvarnalsk@tiny.cc,626 620 0126
Margie,Lehr,Genderfluid,mlehrl@vimeo.com,905 266 8204
Devlin,Moyne,Male,dmoynem@ted.com,116 829 5136
Luke,Streatfield,Male,lstreatfieldn@vimeo.com,757 999 6024
Connor,Watmough,Male,cwatmougho@123-reg.co.uk,645 874 9618
Chucho,Goldine,Male,cgoldinep@wix.com,915 349 5411
Selinda,Roskam,Female,sroskamq@google.nl,141 696 5976
Isis,Hazlehurst,Female,ihazlehurstr@posterous.com,891 959 5700
Konstantin,Ruggen,Male,kruggens@flavors.me,174 687 3629
Jodi,Curry,Female,jcurryt@tuttocitta.it,340 980 0478
Morgan,Teodorski,Genderqueer,mteodorskiu@quantcast.com,305 238 7611
Boyd,Bleiman,Male,bbleimanv@woothemes.com,371 461 1953
Mendie,Schuricke,Male,mschurickew@friendfeed.com,486 183 7651
Griffith,Pendre,Male,gpendrex@quantcast.com,451 892 2076
Russell,Lansly,Male,rlanslyy@slideshare.net,771 781 3998
Brenna,Sallinger,Female,bsallingerz@economist.com,750 607 4981
Yorke,Greenig,Male,ygreenig10@gnu.org,978 560 4864
Pryce,Stoffers,Male,pstoffers11@howstuffworks.com,589 804 5660
Jacobo,Wooton,Male,jwooton12@gnu.org,936 984 7611
Jonis,Kloska,Female,jkloska13@free.fr,472 420 5224
Wesley,Acheson,Male,wacheson14@canalblog.com,387 867 2432
Albert,Dockwra,Male,adockwra15@rambler.ru,237 994 8959
Lisabeth,Brazelton,Non-binary,lbrazelton16@networksolutions.com,327 790 9950
Jodie,O' Dooley,Female,jodooley17@nhs.uk,646 418 3922
Oona,Collington,Female,ocollington18@hubpages.com,865 228 0613
Bertram,Ripsher,Male,bripsher19@toplist.cz,534 889 0673
Carie,Mallan,Female,cmallan1a@adobe.com,293 202 8362
Kit,Dengate,Male,kdengate1b@multiply.com,950 970 9747
Debra,Leeke,Female,dleeke1c@privacy.gov.au,275 913 3109
Ame,Kamall,Female,akamall1d@ox.ac.uk,955 375 5744
Minor,Franzetti,Bigender,mfranzetti1e@slate.com,742 340 1892
Alaric,Maxstead,Male,amaxstead1f@pinterest.com,912 846 7511
Flossy,Brunt,Genderfluid,fbrunt1g@patch.com,317 422 6767
Shawna,Noonan,Female,snoonan1h@unicef.org,994 805 8217
Astrix,Winspare,Female,awinspare1i@ted.com,336 415 0339
Standford,Kean,Male,skean1j@psu.edu,824 591 0005
Arch,Kivelle,Male,akivelle1k@nps.gov,258 318 2370
Rudiger,Braham,Male,rbraham1l@stanford.edu,822 645 2113
Bendick,Beattie,Male,bbeattie1m@flavors.me,732 673 5691
Val,Venart,Female,vvenart1n@washington.edu,711 359 5774
Terra,Doig,Female,tdoig1o@whitehouse.gov,838 713 0607
Sherie,Alberts,Female,salberts1p@sohu.com,706 181 8899
Elna,Pattini,Female,epattini1q@ihg.com,676 503 1556
Delbert,Stuchbery,Male,dstuchbery1r@foxnews.com,552 140 7005
Pete,Streat,Male,pstreat1s@usgs.gov,152 828 6603
Querida,Butland,Female,qbutland1t@sbwire.com,833 702 7758
Geri,Mabee,Female,gmabee1u@blog.com,334 727 5428
Rolland,Carefull,Male,rcarefull1v@utexas.edu,866 398 1334
Merry,Sharnock,Male,msharnock1w@dailymotion.com,439 690 2356
Kendre,Langmuir,Agender,klangmuir1x@si.edu,151 659 3331
Scot,Sinncock,Male,ssinncock1y@arizona.edu,390 854 6472
Kati,Loadman,Bigender,kloadman1z@acquirethisname.com,633 839 4538
Lyssa,Chaman,Female,lchaman20@umn.edu,136 571 9851
Maison,Rau,Male,mrau21@tinypic.com,180 493 9846
Giuseppe,Jervois,Male,gjervois22@multiply.com,500 520 6527
Violante,Kilner,Female,vkilner23@networksolutions.com,593 825 5026
Emeline,Shevlane,Female,eshevlane24@mysql.com,960 682 7370
Merci,Danilishin,Non-binary,mdanilishin25@cam.ac.uk,198 956 6652
Amil,O'Flannery,Female,aoflannery26@vk.com,637 450 8004
Serena,Merrigan,Female,smerrigan27@timesonline.co.uk,573 739 5525
Willy,Apperley,Male,wapperley28@vinaora.com,365 385 1907
Glyn,Gosart,Male,ggosart29@wp.com,575 298 2206
Horacio,Wiz,Non-binary,hwiz2a@arizona.edu,221 219 7221
Darlleen,Waszczyk,Female,dwaszczyk2b@salon.com,326 386 4168
Erna,Peasee,Female,epeasee2c@admin.ch,986 224 4792
Claudia,Orneblow,Female,corneblow2d@163.com,344 845 9844
Anallese,Harbron,Female,aharbron2e@mlb.com,721 114 2581
Zach,Barts,Male,zbarts2f@technorati.com,718 531 3104
Donavon,Ourry,Polygender,dourry2g@ebay.co.uk,832 777 4654
Hermon,Seydlitz,Male,hseydlitz2h@blogs.com,353 639 9197
Mara,Rable,Female,mrable2i@cocolog-nifty.com,835 721 4369
Gwen,Tillett,Female,gtillett2j@independent.co.uk,383 951 8455
Lois,Lawless,Female,llawless2k@foxnews.com,982 806 5223
Vernice,Aiton,Female,vaiton2l@posterous.com,851 215 3223
Horatia,Irving,Female,hirving2m@desdev.cn,468 163 2067
Mady,Skaid,Genderfluid,mskaid2n@unblog.fr,236 910 3012
Arabelle,Milella,Bigender,amilella2o@vimeo.com,605 703 3354
Christophorus,Ivanyushin,Male,civanyushin2p@github.com,847 681 7013
Jeremias,Spurgeon,Genderfluid,jspurgeon2q@diigo.com,968 985 6003
Tadeas,Aldersley,Male,taldersley2r@feedburner.com,503 348 9601
Sydney,Loyns,Female,sloyns2s@zdnet.com,826 678 8597
Kristy,Bleything,Female,kbleything2t@theglobeandmail.com,638 599 8391
Read,Merrett,Male,rmerrett2u@mozilla.com,277 273 8320
Franny,Shurville,Female,fshurville2v@ning.com,187 835 9583
Valdemar,Hards,Male,vhards2w@acquirethisname.com,224 611 1255
Adams,Moughtin,Male,amoughtin2x@ox.ac.uk,272 425 3567
Clayton,Illingsworth,Male,cillingsworth2y@chronoengine.com,924 294 0767
Faustina,Moyes,Female,fmoyes2z@go.com,155 484 8478
Morlee,Mocker,Male,mmocker30@salon.com,217 772 1666
Caroline,Dunbar,Female,cdunbar31@mit.edu,970 259 0410
Emilee,Learned,Female,elearned32@chronoengine.com,628 484 5194
Blancha,Pritchitt,Female,bpritchitt33@mapy.cz,534 484 2164
Dalenna,O'Dare,Female,dodare34@squarespace.com,312 463 1649
Sigismundo,Restorick,Male,srestorick35@ibm.com,374 838 8875
Cooper,O'Sesnane,Male,cosesnane36@deliciousdays.com,528 982 3746
Virgie,Barczynski,Agender,vbarczynski37@oakley.com,742 332 6944
Rudie,Morrieson,Non-binary,rmorrieson38@cdbaby.com,782 403 5075
Raeann,Lies,Female,rlies39@t-online.de,881 184 9890
Patrice,Korous,Female,pkorous3a@harvard.edu,769 115 5380
Justinn,Roony,Female,jroony3b@bigcartel.com,673 984 4593
Halette,Jobb,Female,hjobb3c@1688.com,335 780 1359
Peria,Dulieu,Female,pdulieu3d@pagesperso-orange.fr,348 764 1129
Nilson,Searight,Male,nsearight3e@yelp.com,363 281 4375
Alecia,Lardez,Female,alardez3f@army.mil,458 409 8366
Brandtr,Vernalls,Male,bvernalls3g@sohu.com,817 794 2433
Ryun,Kanwell,Male,rkanwell3h@scribd.com,463 398 2493
Porty,Newick,Male,pnewick3i@reuters.com,161 529 7952
Christiana,Chapellow,Female,cchapellow3j@dyndns.org,940 267 6297
Griff,Rassell,Male,grassell3k@twitpic.com,851 887 2200
Nanette,Meeny,Female,nmeeny3l@zdnet.com,208 680 2640
Patricio,Philipard,Male,pphilipard3m@biblegateway.com,495 517 1123
Lorrayne,Spiller,Female,lspiller3n@nps.gov,277 538 7881
Aldrich,Ison,Male,aison3o@delicious.com,783 289 3887
Myrlene,Rossbrooke,Female,mrossbrooke3p@bloglovin.com,780 448 1635
Pren,Menendes,Male,pmenendes3q@amazon.co.uk,462 331 2853
Clerkclaude,MacIlraith,Male,cmacilraith3r@patch.com,519 388 5727
Bartholemy,Faulds,Male,bfaulds3s@senate.gov,109 840 7764
Ellissa,Iczokvitz,Female,eiczokvitz3t@woothemes.com,750 912 7700
Engracia,Hartle,Polygender,ehartle3u@nsw.gov.au,851 952 2933
Haskel,Maine,Male,hmaine3v@pen.io,247 107 3418
Cad,Hurlin,Male,churlin3w@hugedomains.com,811 930 4416
Andrey,Bearfoot,Male,abearfoot3x@soundcloud.com,245 596 9613
Darcie,Hedon,Female,dhedon3y@yahoo.com,346 356 8406
Vincent,Mallord,Male,vmallord3z@tmall.com,398 686 3852
Quinn,Girardy,Female,qgirardy40@tuttocitta.it,456 934 8383
Odette,Feragh,Female,oferagh41@google.es,713 668 4876
Gianina,Pasek,Female,gpasek42@g.co,830 404 9080
Jacqui,Ruthven,Female,jruthven43@kickstarter.com,892 345 9560
Sibelle,Gonthard,Female,sgonthard44@uiuc.edu,722 556 6962
Ransom,Aldwich,Male,raldwich45@digg.com,185 331 6599
Dedie,Mussett,Female,dmussett46@harvard.edu,918 774 9063
Pippo,Decaze,Male,pdecaze47@ifeng.com,686 740 1040
Mabel,Ox,Female,mox48@intel.com,137 810 4024
Matthiew,Rutty,Male,mrutty49@csmonitor.com,145 697 7908
Priscilla,Titcomb,Female,ptitcomb4a@themeforest.net,279 967 1784
Wallis,Gillinghams,Male,wgillinghams4b@java.com,376 909 7226
Fabio,Tompion,Male,ftompion4c@army.mil,587 755 8529
Myrta,Utley,Female,mutley4d@infoseek.co.jp,473 311 5411
Jesus,Mattheeuw,Male,jmattheeuw4e@indiatimes.com,258 129 6823
Cyrille,Godbald,Male,cgodbald4f@gov.uk,419 917 9745
Robbie,Catherine,Female,rcatherine4g@google.nl,638 982 6884
Asher,Oxbe,Male,aoxbe4h@ebay.co.uk,614 346 8115
Harlin,Pighills,Male,hpighills4i@simplemachines.org,788 733 3548
Orel,Brimilcombe,Female,obrimilcombe4j@examiner.com,720 890 9906
Gilli,Tarling,Agender,gtarling4k@dropbox.com,419 957 4155
Farrel,Mordacai,Male,fmordacai4l@guardian.co.uk,974 393 3943
Brod,Vedeshkin,Male,bvedeshkin4m@nationalgeographic.com,630 767 2947
Hugues,Baffin,Male,hbaffin4n@gmpg.org,534 845 2294
Grannie,Ulrik,Bigender,gulrik4o@gizmodo.com,661 405 5082
Lew,Kirwan,Agender,lkirwan4p@homestead.com,318 442 4908
Sybila,Greggs,Female,sgreggs4q@stanford.edu,474 912 7922
Kathryn,Popescu,Female,kpopescu4r@yale.edu,192 987 9084
Allene,Plampeyn,Female,aplampeyn4s@yahoo.com,198 405 1512
Quinta,Harper,Genderfluid,qharper4t@squidoo.com,237 304 2515
Devland,MacCall,Agender,dmaccall4u@sun.com,227 344 4446
Shaughn,Cockerill,Male,scockerill4v@wunderground.com,864 693 4396
Nevile,Backes,Male,nbackes4w@sun.com,402 284 6661
Jacquie,Pargiter,Female,jpargiter4x@pen.io,981 580 8565
Rolph,Staning,Male,rstaning4y@alexa.com,937 642 7600
Lief,Fend,Male,lfend4z@techcrunch.com,375 443 4891
Morganica,Bissatt,Female,mbissatt50@hubpages.com,793 759 2199
Allison,Lingard,Bigender,alingard51@imgur.com,377 356 4228
Elvin,Biddwell,Male,ebiddwell52@miibeian.gov.cn,127 928 1938
Ailyn,Rainbird,Genderqueer,arainbird53@usgs.gov,992 256 0832
Teddy,Caldayrou,Male,tcaldayrou54@topsy.com,483 380 8653
Cecilia,Greed,Female,cgreed55@jigsy.com,737 145 8814
Edyth,Goodship,Female,egoodship56@deviantart.com,908 579 0810
Pat,Michieli,Male,pmichieli57@businessweek.com,950 422 4601
Edik,Abrashkov,Male,eabrashkov58@home.pl,246 341 2493
Wilbert,Gerbl,Male,wgerbl59@cocolog-nifty.com,191 623 4249
Dierdre,Kildahl,Female,dkildahl5a@blogger.com,167 801 1824
Bent,Gouge,Male,bgouge5b@oracle.com,536 238 3033
Anne-corinne,Whitney,Female,awhitney5c@webnode.com,758 552 4467
Edlin,Wildes,Male,ewildes5d@eventbrite.com,721 965 4439
Adolphe,Greenalf,Male,agreenalf5e@omniture.com,801 934 3603
Eadie,Sandels,Female,esandels5f@reference.com,583 769 6398
Egbert,Melbury,Male,emelbury5g@yahoo.com,981 197 0532
Micky,Beet,Female,mbeet5h@census.gov,339 761 8976
Cherrita,Hansom,Female,chansom5i@abc.net.au,278 938 7545
Peggi,Bowick,Female,pbowick5j@hostgator.com,438 493 3903
Malvin,Emett,Male,memett5k@engadget.com,982 891 4820
Ardeen,Battelle,Female,abattelle5l@creativecommons.org,454 151 9194
Hermy,Hiner,Male,hhiner5m@bloomberg.com,336 770 8958
Garvin,Llewhellin,Male,gllewhellin5n@loc.gov,763 298 9653
Brodie,Danhel,Male,bdanhel5o@auda.org.au,792 963 1205
Roby,Izard,Female,rizard5p@last.fm,131 581 9412
Dew,Smalls,Male,dsmalls5q@networkadvertising.org,403 714 7561
Haroun,Heers,Male,hheers5r@ustream.tv,551 143 1911
Marlene,Teall,Female,mteall5s@google.ca,545 329 5607
Malena,Pasterfield,Female,mpasterfield5t@stanford.edu,486 176 6553
Jeanette,Gaitskill,Female,jgaitskill5u@nasa.gov,835 491 0656
Teddy,Crookes,Male,tcrookes5v@weather.com,152 210 1883
Lutero,Coombs,Genderfluid,lcoombs5w@europa.eu,490 158 1589
Dory,Grumble,Male,dgrumble5x@google.com.hk,935 458 1491
Tait,Honeyghan,Male,thoneyghan5y@usda.gov,705 361 1657
Lola,Riddiough,Female,lriddiough5z@ycombinator.com,678 374 6972
Inglis,Romero,Male,iromero60@squidoo.com,266 695 8613
Rooney,Vaud,Male,rvaud61@skype.com,507 193 8877
Eduino,Pentycross,Male,epentycross62@rambler.ru,166 271 0160
Gabie,Ricardot,Male,gricardot63@sohu.com,998 117 6520
Elinor,Robertazzi,Female,erobertazzi64@accuweather.com,981 193 3761
Aldwin,Chartman,Male,achartman65@seattletimes.com,552 414 8307
Harlene,Irons,Female,hirons66@hatena.ne.jp,612 287 0415
Pegeen,Sermin,Female,psermin67@prweb.com,377 904 1945
Michael,Kerfut,Male,mkerfut68@virginia.edu,677 626 0508
Doroteya,Sheeran,Female,dsheeran69@chronoengine.com,820 544 4538
Curran,Darker,Male,cdarker6a@dion.ne.jp,789 891 3129
Hersh,Skeat,Male,hskeat6b@howstuffworks.com,384 196 5335
Nikola,Sleigh,Male,nsleigh6c@ning.com,635 170 4585
Rafaela,Hellwing,Female,rhellwing6d@google.co.uk,784 794 3412
Else,Serfati,Polygender,eserfati6e@wp.com,107 114 4033
Toby,O' Byrne,Non-binary,tobyrne6f@unesco.org,265 532 6971
Toni,Stannus,Female,tstannus6g@163.com,144 248 9671
Brigida,Oldmeadow,Female,boldmeadow6h@nydailynews.com,330 844 6292
Renate,De Filippi,Female,rdefilippi6i@geocities.com,916 926 9507
Ulrika,Boobier,Female,uboobier6j@meetup.com,417 512 8540
Amerigo,Sebastian,Male,asebastian6k@simplemachines.org,763 362 3006
Elton,Marcam,Male,emarcam6l@alibaba.com,880 600 9322
Flory,Ewestace,Female,fewestace6m@webmd.com,367 773 0064
Clint,Gillice,Male,cgillice6n@tripod.com,994 639 3457
Alec,Libero,Male,alibero6o@smh.com.au,276 986 4629
Dennie,Ramm,Female,dramm6p@google.com,508 562 6654
Gerik,Linggood,Male,glinggood6q@blogger.com,826 181 6494
Elsa,Zanutti,Female,ezanutti6r@statcounter.com,926 122 0212
Beverlee,Simla,Female,bsimla6s@geocities.jp,986 640 0679
Jeffrey,MacGall,Male,jmacgall6t@deviantart.com,160 136 9323
Heda,Kupisz,Non-binary,hkupisz6u@ning.com,520 818 4643
Demeter,Mollen,Female,dmollen6v@tripadvisor.com,717 990 0279
Dulcine,Reinard,Female,dreinard6w@weather.com,450 804 2086
Sonnnie,Lander,Polygender,slander6x@wsj.com,189 786 3281
Marieann,Plumbe,Female,mplumbe6y@qq.com,674 461 7021
Shel,Chetter,Female,schetter6z@businessweek.com,469 248 3024
Nikolaus,Bohler,Genderqueer,nbohler70@tuttocitta.it,948 251 7811
Durant,Covely,Male,dcovely71@cbc.ca,556 597 7384
Blisse,Duchesne,Female,bduchesne72@disqus.com,504 240 4901
Ellen,Gabb,Female,egabb73@techcrunch.com,580 200 2157
Pepe,Peck,Male,ppeck74@wikimedia.org,420 426 0019
Henrietta,Kryszka,Female,hkryszka75@tripod.com,777 964 1556
Danni,Reap,Bigender,dreap76@purevolume.com,419 322 0360
Margarethe,Schollar,Female,mschollar77@globo.com,975 266 9067
Eula,Shevill,Female,eshevill78@ted.com,913 963 5232
Denny,Frissell,Male,dfrissell79@pcworld.com,600 277 3368
Siffre,Feare,Male,sfeare7a@reference.com,491 217 8648
Catrina,Chastaing,Female,cchastaing7b@msn.com,466 714 7905
Vinny,Shiers,Male,vshiers7c@clickbank.net,445 993 0125
Jessee,Amiable,Male,jamiable7d@unblog.fr,725 380 1769
Ellary,Melia,Male,emelia7e@angelfire.com,367 676 0569
Otto,Pyser,Male,opyser7f@marketwatch.com,359 447 9061
Benedicto,Wallworth,Male,bwallworth7g@mac.com,263 477 6601
Anni,Mathieu,Female,amathieu7h@ox.ac.uk,488 679 1612
Codi,Kerner,Polygender,ckerner7i@toplist.cz,365 740 5218
Geraldine,Danilchenko,Female,gdanilchenko7j@marketwatch.com,667 685 0190
Hadrian,Haquin,Male,hhaquin7k@kickstarter.com,250 189 1806
Quintus,Batram,Bigender,qbatram7l@ameblo.jp,941 735 6348
Farica,Cars,Female,fcars7m@sfgate.com,474 115 3883
Sigismundo,Overpool,Male,soverpool7n@jiathis.com,994 867 5661
Cosimo,Gawkes,Male,cgawkes7o@acquirethisname.com,389 819 2047
Blancha,Knighton,Genderfluid,bknighton7p@java.com,828 960 0421
Law,Vigus,Male,lvigus7q@ucoz.com,751 742 3648
Merline,Randal,Female,mrandal7r@angelfire.com,765 262 2381
Samuel,Rosensaft,Male,srosensaft7s@timesonline.co.uk,194 890 5995
Marius,Whitrod,Male,mwhitrod7t@zimbio.com,871 568 1594
Shauna,Mattosoff,Female,smattosoff7u@virginia.edu,911 751 9248
Neille,Clyant,Female,nclyant7v@biblegateway.com,479 464 7975
Ferrel,Hens,Male,fhens7w@moonfruit.com,840 756 1820
Lethia,Bestar,Female,lbestar7x@discovery.com,302 947 4814
Avivah,Wixon,Female,awixon7y@mysql.com,778 400 9855
Andris,Pietrasik,Male,apietrasik7z@free.fr,630 775 2209
Greg,McLucky,Male,gmclucky80@mac.com,293 113 6803
Christiane,Jest,Female,cjest81@arizona.edu,407 983 1356
Giustina,Lachaize,Female,glachaize82@diigo.com,478 768 2272
Sayre,Bracknell,Male,sbracknell83@bloglovin.com,683 766 3228
Susy,Brewitt,Female,sbrewitt84@chicagotribune.com,495 974 2850
Boot,Eddoes,Male,beddoes85@salon.com,576 255 3682
Melamie,Shuttleworth,Female,mshuttleworth86@nyu.edu,680 268 1789
Elfie,Kondrat,Female,ekondrat87@msu.edu,345 853 6738
Jammal,Kirkup,Male,jkirkup88@moonfruit.com,357 657 5966
Corty,Dundin,Male,cdundin89@creativecommons.org,343 270 8999
Willyt,Kingcott,Female,wkingcott8a@bizjournals.com,878 631 5244
Marika,Gadman,Female,mgadman8b@google.es,219 923 6944
Lulu,Bentke,Female,lbentke8c@tripadvisor.com,683 130 9753
Elita,Elkins,Female,eelkins8d@friendfeed.com,222 787 6460
Willie,Isaaksohn,Male,wisaaksohn8e@behance.net,962 741 9034
Lucienne,Birkenshaw,Female,lbirkenshaw8f@nbcnews.com,943 145 0309
Jeremiah,Woodson,Male,jwoodson8g@dailymail.co.uk,261 247 4313
Maynard,Aymes,Male,maymes8h@ucla.edu,375 252 9082
Meridel,O'Doran,Female,modoran8i@berkeley.edu,867 757 9665
Amabelle,Reims,Agender,areims8j@wiley.com,206 223 3500
Kiele,Goldster,Female,kgoldster8k@ted.com,518 521 8311
Taddeusz,Ascroft,Male,tascroft8l@paginegialle.it,798 285 3594
Marlo,Tiesman,Polygender,mtiesman8m@webeden.co.uk,675 494 5379
Hyatt,Ambrozewicz,Agender,hambrozewicz8n@desdev.cn,622 822 7947
Zachary,Brankley,Male,zbrankley8o@pinterest.com,583 786 4316
Asher,Abramzon,Male,aabramzon8p@lulu.com,802 503 3029
Fredek,Dulany,Male,fdulany8q@yandex.ru,445 771 4912
Chester,Kloser,Male,ckloser8r@hc360.com,536 214 2355
Jacklyn,Beagin,Female,jbeagin8s@geocities.com,617 730 7921
Gerta,Royson,Female,groyson8t@cloudflare.com,977 197 3615
Ewart,MacRorie,Male,emacrorie8u@w3.org,885 453 8976
Aile,Payley,Female,apayley8v@jigsy.com,680 436 4253
Cynthea,Leyshon,Female,cleyshon8w@gnu.org,325 132 8571
Arly,Hann,Female,ahann8x@mysql.com,738 700 8097
Sven,Cullington,Male,scullington8y@yellowpages.com,135 241 2745
Priscilla,Govett,Polygender,pgovett8z@cornell.edu,216 244 7527
Laural,Minthorpe,Female,lminthorpe90@xrea.com,758 576 1632
Brynne,McWhinnie,Agender,bmcwhinnie91@google.com,469 546 2876
Raffarty,Overil,Genderfluid,roveril92@cafepress.com,416 450 8003
Dawn,D'orsay,Female,ddorsay93@mozilla.org,695 190 5012
Armando,Barrow,Male,abarrow94@netscape.com,473 742 6644
Gabrila,Gaiford,Agender,ggaiford95@nih.gov,613 968 2970
Michal,De Bischop,Female,mdebischop96@mapquest.com,783 760 2956
Cos,Pountney,Male,cpountney97@tamu.edu,812 466 9977
Maximo,Brockhouse,Male,mbrockhouse98@google.es,789 850 0592
Inesita,Cockram,Female,icockram99@amazon.com,643 165 6971
James,Tottie,Male,jtottie9a@xrea.com,542 900 3047
Philomena,McIleen,Female,pmcileen9b@creativecommons.org,922 247 0041
Godart,Lovejoy,Male,glovejoy9c@trellian.com,158 515 7719
Chucho,Longmaid,Male,clongmaid9d@nyu.edu,906 877 7681
Marleah,Dedham,Female,mdedham9e@list-manage.com,419 678 8368
Toddie,Riolfo,Male,triolfo9f@plala.or.jp,566 743 5229
Kristel,Shires,Female,kshires9g@yellowbook.com,765 580 7509
Gibbie,Swinley,Bigender,gswinley9h@unblog.fr,749 508 3333
Glendon,Bountiff,Male,gbountiff9i@virginia.edu,880 444 4332
Florie,Pesselt,Female,fpesselt9j@artisteer.com,844 706 2497
Melodie,Farleigh,Female,mfarleigh9k@census.gov,587 811 0421
Sayre,Narramor,Male,snarramor9l@sakura.ne.jp,619 833 2107
Kesley,Mordue,Female,kmordue9m@infoseek.co.jp,136 725 0964
Michell,Smallacombe,Female,msmallacombe9n@de.vu,862 313 7630
Kit,Earie,Male,kearie9o@chronoengine.com,849 955 3534
Gian,Vears,Male,gvears9p@oracle.com,781 275 2890
Michail,Bonney,Male,mbonney9q@nasa.gov,380 102 1261
Tiffany,Ponsford,Genderfluid,tponsford9r@addthis.com,639 579 9171
Charmain,Tilte,Female,ctilte9s@answers.com,720 310 7267
Brynne,Nerheny,Female,bnerheny9t@pbs.org,328 993 2564
Hans,Iacoboni,Bigender,hiacoboni9u@etsy.com,592 823 8717
Rod,Stolberg,Male,rstolberg9v@dot.gov,616 252 6177
Benni,Castella,Female,bcastella9w@dyndns.org,824 595 2458
Vachel,Thal,Male,vthal9x@psu.edu,113 116 4685
Tiffany,Stegel,Female,tstegel9y@skyrock.com,842 209 2122
Hurley,Doidge,Male,hdoidge9z@cam.ac.uk,517 773 1956
Nalani,Cox,Female,ncoxa0@furl.net,874 442 6198
Ebonee,Bechley,Female,ebechleya1@redcross.org,455 990 0276
Steffie,Gerardin,Female,sgerardina2@umn.edu,123 955 5466
Gael,Grayland,Male,ggraylanda3@nymag.com,187 622 5900
Edy,Blyde,Female,eblydea4@home.pl,288 340 9442
Sydney,Skelington,Non-binary,sskelingtona5@state.tx.us,899 986 0264
Arly,Sirr,Female,asirra6@guardian.co.uk,937 434 0018
Hailey,Lovegrove,Male,hlovegrovea7@patch.com,849 741 9204
Tiffanie,Pooley,Female,tpooleya8@chicagotribune.com,591 955 7939
Cassius,Bowlands,Male,cbowlandsa9@irs.gov,724 432 7276
Ber,Dottrell,Male,bdottrellaa@businessweek.com,130 794 0642
Ailsun,Shoobridge,Female,ashoobridgeab@twitpic.com,295 339 0574
Lorne,Grishakin,Female,lgrishakinac@indiatimes.com,543 670 2833
Tobit,Balshaw,Male,tbalshawad@pagesperso-orange.fr,893 251 4285
Camel,Wilsdon,Female,cwilsdonae@toplist.cz,547 666 8138
Stephannie,Kerby,Female,skerbyaf@skyrock.com,590 412 6176
Yovonnda,Huzzay,Female,yhuzzayag@1688.com,981 517 3090
Amby,Matten,Male,amattenah@bandcamp.com,990 557 5351
Lindie,Geany,Female,lgeanyai@comcast.net,868 802 8597
Demetri,Peevor,Male,dpeevoraj@dagondesign.com,618 912 3517
Craggy,Copas,Male,ccopasak@github.com,506 761 2129
Guglielma,Mosedill,Female,gmosedillal@usgs.gov,386 291 6741
Lazar,Derrington,Male,lderringtonam@webs.com,615 183 6005
Phip,Howton,Male,phowtonan@bing.com,876 224 3008
Hilliary,Hadlow,Female,hhadlowao@sbwire.com,425 268 9395
Starlene,Aimeric,Female,saimericap@weibo.com,727 348 9435
Anthony,Tsar,Male,atsaraq@reddit.com,856 629 2520
Miquela,Anstice,Female,mansticear@usda.gov,271 161 0315
Arnie,Blakey,Male,ablakeyas@pen.io,829 313 4488
Brook,Gonsalo,Female,bgonsaloat@dell.com,892 643 0570
Angele,McCathay,Female,amccathayau@telegraph.co.uk,734 653 7952
Erasmus,Gommowe,Male,egommoweav@behance.net,869 992 7360
Natividad,Siely,Agender,nsielyaw@stumbleupon.com,166 523 9429
Niels,Larchiere,Male,nlarchiereax@github.io,946 790 6263
Caitrin,Works,Female,cworksay@gnu.org,699 850 9573
Breena,Parkins,Female,bparkinsaz@msn.com,357 796 8829
Cheryl,Tomek,Female,ctomekb0@ihg.com,216 282 1748
Tommie,Desporte,Male,tdesporteb1@cnet.com,898 440 7147
Lyn,Siely,Female,lsielyb2@illinois.edu,830 251 3277
Karylin,Paolotto,Female,kpaolottob3@spotify.com,894 123 3127
Wanids,Kestle,Female,wkestleb4@indiegogo.com,494 643 5432
Flinn,Trunchion,Male,ftrunchionb5@etsy.com,923 854 8864
Scarlett,Oakwell,Female,soakwellb6@china.com.cn,276 251 8266
Ophelia,Armstrong,Female,oarmstrongb7@wufoo.com,982 571 1312
Felice,Coughlan,Male,fcoughlanb8@ebay.com,864 189 2032
Ibby,Duns,Female,idunsb9@goodreads.com,518 583 4331
Catriona,Artharg,Female,carthargba@vistaprint.com,382 939 8550
Genia,Chaucer,Female,gchaucerbb@patch.com,320 537 8918
Nefen,Thirlwall,Male,nthirlwallbc@guardian.co.uk,140 671 8326
Mariam,Semper,Female,msemperbd@foxnews.com,955 630 2188
Oswald,Leftwich,Male,oleftwichbe@tripadvisor.com,714 476 3573
Jae,Aronson,Male,jaronsonbf@paypal.com,271 998 8746
Dario,Caldero,Male,dcalderobg@reference.com,797 747 2333
Allene,Houchin,Female,ahouchinbh@plala.or.jp,603 679 6501
Thaine,Ead,Male,teadbi@spiegel.de,805 690 3576
Britteny,Reasce,Female,breascebj@buzzfeed.com,927 301 8043
Lannie,Gallen,Male,lgallenbk@mashable.com,535 707 1215
Selma,Slatter,Female,sslatterbl@kickstarter.com,236 988 3845
Bartholomeus,O'Shea,Male,bosheabm@facebook.com,981 958 0029
Cyndia,McKeown,Female,cmckeownbn@pcworld.com,916 526 2185
Mia,Cathcart,Female,mcathcartbo@va.gov,134 962 4418
Regina,Joblin,Female,rjoblinbp@multiply.com,425 178 8921
Lola,Potteridge,Female,lpotteridgebq@simplemachines.org,941 901 0670
Celinda,Wharlton,Female,cwharltonbr@about.com,224 687 9666
Kingsley,Niche,Male,knichebs@washingtonpost.com,334 463 5212
Michel,Pakeman,Female,mpakemanbt@examiner.com,429 152 1496
Adelbert,Kloss,Male,aklossbu@themeforest.net,566 476 6571
Johna,Bamford,Female,jbamfordbv@sphinn.com,228 149 7808
Jeri,Hazlehurst,Female,jhazlehurstbw@netlog.com,988 725 9384
Darelle,Sewall,Female,dsewallbx@de.vu,737 446 9309
Quintana,Dodworth,Female,qdodworthby@msu.edu,408 173 5676
Derron,Redfearn,Male,dredfearnbz@discuz.net,768 194 3671
Bret,Luscombe,Male,bluscombec0@constantcontact.com,208 927 2018
Marjy,Jeffcoat,Female,mjeffcoatc1@prnewswire.com,518 806 8262
Gabby,Scarse,Male,gscarsec2@bing.com,446 516 8561
Linell,Martinot,Female,lmartinotc3@bbb.org,446 562 9622
Cort,Renne,Male,crennec4@wp.com,419 684 2157
Eleanor,Eallis,Female,eeallisc5@chronoengine.com,804 440 9382
Pavlov,Owen,Male,powenc6@php.net,923 929 5304
Rowen,Spadeck,Male,rspadeckc7@senate.gov,480 368 3357
Maurice,Shambrooke,Male,mshambrookec8@msn.com,763 834 5130
Gweneth,Managh,Female,gmanaghc9@dedecms.com,292 740 5901
Meryl,Kubat,Male,mkubatca@ucoz.com,474 690 9177
Parke,Helstrip,Male,phelstripcb@loc.gov,928 223 3390
Mavis,Lansdowne,Female,mlansdownecc@ameblo.jp,615 153 7738
Roxane,Copping,Female,rcoppingcd@answers.com,599 520 9481
Anet,Kissell,Genderqueer,akissellce@exblog.jp,248 779 4987
Hobart,Gilhool,Male,hgilhoolcf@bravesites.com,867 742 0775
Elvina,Dimitriou,Female,edimitrioucg@gnu.org,496 650 2044
Feodora,McMeeking,Female,fmcmeekingch@nytimes.com,667 801 2695
Tamarra,Pinson,Female,tpinsonci@tamu.edu,647 239 9962
Aymer,Alway,Male,aalwaycj@quantcast.com,146 590 6901
Lilas,Junifer,Female,ljuniferck@jigsy.com,516 645 1617
Marlena,Wickens,Female,mwickenscl@bloomberg.com,408 848 8004
Fairlie,Donett,Male,fdonettcm@wikimedia.org,461 206 6927
Rena,Woloschin,Female,rwoloschincn@taobao.com,883 650 7550
Phedra,Loader,Female,ploaderco@amazon.co.uk,823 115 6018
Piotr,McCamish,Male,pmccamishcp@techcrunch.com,787 787 1382
Maribel,Angear,Genderqueer,mangearcq@people.com.cn,199 297 5998
Ralina,Retter,Female,rrettercr@shop-pro.jp,768 456 7631
Any,Bentjens,Genderqueer,abentjenscs@e-recht24.de,358 932 1346
Justis,Whittingham,Male,jwhittinghamct@time.com,969 226 1483
Mallory,Geikie,Female,mgeikiecu@hud.gov,812 352 8343
Cordie,Gowling,Female,cgowlingcv@howstuffworks.com,911 953 6642
Jonathan,Berzen,Male,jberzencw@delicious.com,505 190 0499
Far,Petit,Male,fpetitcx@sciencedaily.com,774 121 6382
Kiley,Zannolli,Male,kzannollicy@pbs.org,769 274 9275
Sebastien,Andries,Male,sandriescz@themeforest.net,452 184 7724
Minda,Irdale,Female,mirdaled0@cmu.edu,347 313 9021
Valerye,Leban,Genderqueer,vleband1@nifty.com,514 383 7640
Gillian,Doyle,Female,gdoyled2@shutterfly.com,163 368 6121
Morgen,Readett,Male,mreadettd3@amazon.de,724 343 7054
Lonni,Upward,Female,lupwardd4@dion.ne.jp,512 781 2538
Cord,Wisker,Male,cwiskerd5@tuttocitta.it,834 378 7342
Appolonia,Jedrzejczak,Female,ajedrzejczakd6@yolasite.com,711 458 1350
Christiano,Legat,Male,clegatd7@auda.org.au,327 439 3960
Maure,Spendlove,Female,mspendloved8@prnewswire.com,640 442 5200
Kincaid,Brecknock,Male,kbrecknockd9@arizona.edu,250 411 1676
Tadeas,Rubenchik,Male,trubenchikda@w3.org,923 975 2199
Lorri,Vautrey,Female,lvautreydb@seesaa.net,939 207 5526
Sig,Sacaze,Male,ssacazedc@parallels.com,418 383 8018
Maisie,Taig,Female,mtaigdd@oaic.gov.au,554 366 2626
Nissie,Carrane,Female,ncarranede@nationalgeographic.com,113 151 0350
Herman,Deetlof,Male,hdeetlofdf@liveinternet.ru,654 726 4303
Glynda,Hadcock,Female,ghadcockdg@china.com.cn,338 919 4634
Bettina,Bassingham,Female,bbassinghamdh@bloomberg.com,595 844 4072
Dotti,Ferretti,Polygender,dferrettidi@apple.com,786 221 1169
Adamo,Adenet,Male,aadenetdj@dmoz.org,832 332 5067
Donnie,Willoughby,Male,dwilloughbydk@behance.net,766 628 2656
Mozelle,Houlahan,Female,mhoulahandl@buzzfeed.com,474 922 4678
Sher,Bernon,Female,sbernondm@house.gov,913 958 4696
Garth,Tolomelli,Male,gtolomellidn@miitbeian.gov.cn,577 778 7708
Geri,Wyson,Genderqueer,gwysondo@360.cn,261 164 5078
Leila,Dericut,Female,ldericutdp@yelp.com,930 657 7401
Florri,Warwicker,Polygender,fwarwickerdq@technorati.com,102 732 5778
Felic,Verring,Male,fverringdr@nydailynews.com,845 178 3205
Rebekah,Cosgreave,Female,rcosgreaveds@illinois.edu,822 458 4672
Griswold,Gorling,Genderqueer,ggorlingdt@printfriendly.com,841 292 3943
Rica,Chavrin,Female,rchavrindu@imgur.com,412 836 8509
Temple,Grealy,Male,tgrealydv@mediafire.com,250 292 8804
Raine,Liddard,Female,rliddarddw@pagesperso-orange.fr,411 372 2563
Shalom,Corain,Male,scoraindx@psu.edu,951 173 5866
Kaitlynn,Tincknell,Genderfluid,ktincknelldy@baidu.com,896 413 6343
Guillermo,Isoldi,Male,gisoldidz@unicef.org,238 762 2506
Paulie,Ellicott,Female,pellicotte0@stumbleupon.com,872 612 6120
Davis,Edlestone,Male,dedlestonee1@cisco.com,650 617 9763
Daven,Speddin,Male,dspeddine2@dion.ne.jp,709 903 0024
Say,Cowles,Male,scowlese3@vkontakte.ru,670 883 9023
Tadeas,Tyt,Male,ttyte4@noaa.gov,722 168 3252
Vern,Durno,Male,vdurnoe5@over-blog.com,794 412 0664
Clarance,Schimann,Male,cschimanne6@springer.com,573 635 0451
Catarina,Ecclestone,Female,cecclestonee7@ucsd.edu,971 181 2597
Celinda,Borg,Agender,cborge8@google.com,197 215 3123
Clemmy,Farlow,Male,cfarlowe9@sbwire.com,770 398 7580
Rosita,Corrett,Female,rcorrettea@facebook.com,484 105 4279
Norbert,Smeeton,Male,nsmeetoneb@cdc.gov,857 827 3875
Loy,Iwaszkiewicz,Male,liwaszkiewiczec@liveinternet.ru,408 255 1507
Ezra,Dewer,Male,edewered@dot.gov,493 559 7334
Dorrie,Caze,Female,dcazeee@kickstarter.com,782 209 8807
Erroll,Sercombe,Male,esercombeef@nytimes.com,741 362 2147
Patrizio,Royse,Male,proyseeg@privacy.gov.au,568 294 5546
Goldie,Howie,Female,ghowieeh@google.ca,909 791 7902
Farrand,Millward,Female,fmillwardei@umich.edu,905 961 0834
Quillan,Peek,Male,qpeekej@tuttocitta.it,948 727 8000
Filberte,Dymidowicz,Male,fdymidowiczek@diigo.com,891 859 9616
Josie,Barber,Female,jbarberel@devhub.com,165 105 3226
Ferris,Storrie,Male,fstorrieem@shareasale.com,366 374 5466
Allyn,Faloon,Male,afaloonen@ftc.gov,800 973 7948
Carver,Silverlock,Male,csilverlockeo@businesswire.com,886 437 3141
Magnum,Maplethorp,Male,mmaplethorpep@usgs.gov,592 655 6948
Joshia,Elias,Male,jeliaseq@ustream.tv,887 824 6572
Bunny,Martinot,Non-binary,bmartinoter@photobucket.com,289 676 2124
Clarette,Rabjohn,Female,crabjohnes@mediafire.com,320 408 7019
Abbye,Jiras,Female,ajiraset@usatoday.com,767 547 4252
Caressa,Haigh,Female,chaigheu@twitter.com,490 204 2528
Kippie,Brandenburg,Male,kbrandenburgev@liveinternet.ru,770 523 9924
Piotr,Trunby,Male,ptrunbyew@creativecommons.org,512 163 7623
Cecilia,Bedham,Female,cbedhamex@ocn.ne.jp,399 573 4131
Myrta,Warrier,Female,mwarrierey@ameblo.jp,196 601 8199
Kissee,Northam,Female,knorthamez@alexa.com,202 956 0517
Hesther,MacCall,Female,hmaccallf0@constantcontact.com,830 574 3248
Jami,Teague,Female,jteaguef1@elpais.com,576 125 6274
Hammad,Albrooke,Male,halbrookef2@theglobeandmail.com,893 616 9126
Berkley,Bausor,Male,bbausorf3@squarespace.com,360 806 5290
Maurice,Cambling,Male,mcamblingf4@phpbb.com,925 755 8760
Lindie,Simonazzi,Female,lsimonazzif5@dyndns.org,555 895 2266
Camilla,Daddow,Female,cdaddowf6@google.pl,264 900 0528
Benjamen,Farrimond,Genderqueer,bfarrimondf7@delicious.com,214 559 6854
Linoel,Bissett,Male,lbissettf8@usgs.gov,426 574 4480
Cozmo,McCumskay,Male,cmccumskayf9@arizona.edu,210 861 7261
Lolly,Jinda,Female,ljindafa@imgur.com,564 398 1555
Etheline,Minnette,Female,eminnettefb@godaddy.com,938 375 1944
Lemuel,Iglesia,Agender,liglesiafc@goodreads.com,784 910 7584
Dorey,Penrose,Female,dpenrosefd@ameblo.jp,775 155 1334
Lawrence,McCard,Bigender,lmccardfe@scientificamerican.com,876 564 7582
Freedman,Snook,Male,fsnookff@independent.co.uk,236 290 9887
Sisile,Siemons,Female,ssiemonsfg@goodreads.com,739 746 8543
Ralina,Novotni,Female,rnovotnifh@ca.gov,882 182 1336
Colline,Edgerton,Female,cedgertonfi@jiathis.com,333 858 9523
Sly,Cornau,Male,scornaufj@japanpost.jp,963 761 7086
Vida,Schellig,Female,vschelligfk@sciencedaily.com,897 974 6233
Xylina,Petters,Female,xpettersfl@wikispaces.com,361 491 4409
Bartlet,Bowker,Male,bbowkerfm@baidu.com,618 143 6440
Miguelita,Testo,Non-binary,mtestofn@hubpages.com,677 923 4721
Meade,Dumbelton,Agender,mdumbeltonfo@pbs.org,778 849 0082
Rafa,Sissens,Female,rsissensfp@mit.edu,124 399 5558
Jarad,Held,Agender,jheldfq@cbsnews.com,198 366 2956
Federica,Habert,Female,fhabertfr@newyorker.com,161 987 3450
Emanuel,Dunnan,Agender,edunnanfs@biglobe.ne.jp,432 535 7273
Horatia,Shearme,Female,hshearmeft@google.de,597 998 3885
Lefty,Gatheral,Male,lgatheralfu@t.co,761 919 0478
Bruno,Merrywether,Male,bmerrywetherfv@army.mil,996 950 4736
Caressa,O'Currane,Female,cocurranefw@wisc.edu,497 725 0728
Marcy,Bilyard,Agender,mbilyardfx@imageshack.us,456 276 7114
Zabrina,Sorby,Female,zsorbyfy@infoseek.co.jp,236 826 3564
Sal,Rustman,Male,srustmanfz@whitehouse.gov,396 455 1974
Scottie,Prozescky,Male,sprozesckyg0@icio.us,665 664 0285
Kean,Skoggings,Agender,kskoggingsg1@w3.org,585 238 3207
Kaylil,Shyres,Female,kshyresg2@theguardian.com,271 585 7881
Barry,Bartoli,Female,bbartolig3@hostgator.com,690 161 6895
Starlene,Backshaw,Female,sbackshawg4@icio.us,621 493 7385
Cullie,Quarless,Male,cquarlessg5@home.pl,937 808 0745
Koressa,Hatley,Female,khatleyg6@hud.gov,477 838 5667
Tedi,Vinton,Female,tvintong7@yellowbook.com,963 789 2288
Zane,McGonigal,Male,zmcgonigalg8@mediafire.com,340 733 5053
Eziechiele,Byneth,Male,ebynethg9@scribd.com,358 715 4433
Randi,Northwood,Male,rnorthwoodga@woothemes.com,175 308 9820
Waverly,Lidgey,Male,wlidgeygb@tinypic.com,409 583 9090
Shannen,Speeding,Female,sspeedinggc@upenn.edu,972 876 8123
Tirrell,Fausset,Male,tfaussetgd@mlb.com,235 281 4187
Aldus,Gresswood,Male,agresswoodge@behance.net,267 171 0911
Steffane,Burfield,Female,sburfieldgf@de.vu,973 179 5196
Caril,Massey,Bigender,cmasseygg@cdc.gov,937 400 2681
Berke,Parmer,Bigender,bparmergh@upenn.edu,358 768 2295
Evonne,Treleaven,Female,etreleavengi@mayoclinic.com,555 209 8617
Kandace,Rodson,Female,krodsongj@cnet.com,499 171 8246
Ximenes,Vousden,Male,xvousdengk@prnewswire.com,983 480 3888
Elisabet,Simpson,Female,esimpsongl@intel.com,972 910 8373
Alia,Ballach,Female,aballachgm@accuweather.com,940 750 5298
Charla,Carville,Female,ccarvillegn@microsoft.com,148 854 1005
Abram,O'Keefe,Male,aokeefego@washingtonpost.com,884 204 9477
Maggy,Fry,Female,mfrygp@upenn.edu,580 301 6584
Alfy,Bownas,Male,abownasgq@ibm.com,495 774 8373
Lalo,Aim,Male,laimgr@google.es,935 123 4587
Antonino,Camis,Male,acamisgs@odnoklassniki.ru,948 500 3882
Yorgo,Klicher,Male,yklichergt@netscape.com,967 130 8186
Car,Dietmar,Bigender,cdietmargu@cdbaby.com,131 680 7869
Christabella,Lemerie,Female,clemeriegv@yahoo.co.jp,949 894 7005
Madelon,Biddwell,Genderqueer,mbiddwellgw@mapy.cz,140 888 4478
Pearla,Blinkhorn,Female,pblinkhorngx@thetimes.co.uk,248 384 3606
Sarine,Habberjam,Female,shabberjamgy@youtu.be,590 901 6941
Anthea,Kingham,Female,akinghamgz@yelp.com,884 634 4279
Dominic,Wolfindale,Male,dwolfindaleh0@t.co,732 368 1241
Griffin,Venable,Male,gvenableh1@princeton.edu,585 959 2280
Baryram,Haet,Male,bhaeth2@unesco.org,602 333 7695
Esmeralda,Andrzej,Female,eandrzejh3@vimeo.com,175 319 5609
Linnell,McKinie,Female,lmckinieh4@simplemachines.org,494 518 8638
Ivett,Cregin,Non-binary,icreginh5@psu.edu,617 270 0980
Jackqueline,Kerbler,Female,jkerblerh6@sfgate.com,964 695 7508
Korie,Josham,Female,kjoshamh7@ask.com,411 959 5238
Carlyn,Chatelot,Female,cchateloth8@stumbleupon.com,956 417 3402
Anett,Maplethorpe,Female,amaplethorpeh9@mashable.com,136 853 9033
Lena,Selborne,Female,lselborneha@yahoo.co.jp,790 493 6180
Cross,Golt,Male,cgolthb@goo.gl,120 112 7362
Giacobo,Quadrio,Male,gquadriohc@businesswire.com,872 655 6697
Marketa,Geffcock,Female,mgeffcockhd@theguardian.com,602 133 6186
Christoforo,Greson,Male,cgresonhe@home.pl,302 788 1172
Cherilynn,Leyfield,Female,cleyfieldhf@ox.ac.uk,239 572 7960
Adan,Higbin,Male,ahigbinhg@1und1.de,744 751 2973
Basilius,Purviss,Male,bpurvisshh@list-manage.com,357 647 9852
Tobiah,Eckley,Male,teckleyhi@noaa.gov,498 767 2158
Tabb,Whittlesey,Male,twhittleseyhj@blogtalkradio.com,921 545 7173
Marchall,Fearnall,Male,mfearnallhk@a8.net,942 557 8329
Jannel,Highnam,Female,jhighnamhl@latimes.com,648 579 1993
Aura,Lovart,Genderqueer,alovarthm@qq.com,252 457 3467
Lorita,Bladon,Female,lbladonhn@imdb.com,673 574 7846
Selma,Rudinger,Female,srudingerho@bing.com,395 486 9136
Baxy,Letten,Male,blettenhp@csmonitor.com,855 152 8745
Clarie,Hagley,Female,chagleyhq@gravatar.com,346 221 6431
Imelda,Sloane,Female,isloanehr@irs.gov,546 188 0043
Jacintha,Backs,Female,jbackshs@home.pl,137 325 3056
Pascal,Rudkin,Male,prudkinht@netlog.com,217 719 7452
Martha,Loveredge,Female,mloveredgehu@weebly.com,220 650 1491
Margot,Wordsley,Female,mwordsleyhv@123-reg.co.uk,547 877 3546
Clary,Hyslop,Female,chyslophw@dedecms.com,504 678 4805
Florian,Durden,Male,fdurdenhx@yelp.com,257 652 2504
Charlena,Punt,Female,cpunthy@ucla.edu,427 149 3535
Tasia,Waistall,Female,twaistallhz@sourceforge.net,973 875 2394
Rebekah,Olford,Female,rolfordi0@tuttocitta.it,592 249 7852
Tony,Swainson,Male,tswainsoni1@squidoo.com,835 755 2138
Beth,Ortner,Female,bortneri2@economist.com,712 415 4428
Barbara,Castledine,Female,bcastledinei3@google.ca,748 367 2667
Lorne,Prestige,Male,lprestigei4@foxnews.com,650 774 4609
Sherwood,Pavyer,Male,spavyeri5@photobucket.com,367 582 1680
Rayner,Heales,Male,rhealesi6@is.gd,670 132 5045
Osborn,Clubley,Male,oclubleyi7@quantcast.com,732 548 6874
Reginald,Malbon,Genderqueer,rmalboni8@behance.net,362 401 5589
Chrystal,Barlthrop,Female,cbarlthropi9@rediff.com,170 458 9614
Jo-anne,Spillett,Female,jspillettia@ca.gov,361 175 5091
Justis,Scholard,Male,jscholardib@usa.gov,135 327 9463
Martin,Farlambe,Male,mfarlambeic@trellian.com,599 891 6547
Shelly,Urrey,Female,surreyid@umich.edu,324 722 2101
Justine,Sinyard,Female,jsinyardie@newsvine.com,932 317 1875
Dixie,Loblie,Female,dloblieif@mlb.com,771 568 7591
Zachery,Lissett,Genderqueer,zlissettig@harvard.edu,169 946 6693
Rahal,Hawyes,Female,rhawyesih@dell.com,915 513 5827
Bernard,Kuhlen,Male,bkuhlenii@google.cn,886 127 2656
Mattie,Ivanov,Female,mivanovij@biblegateway.com,203 131 3021
Homere,Denial,Male,hdenialik@topsy.com,497 601 3357
Blondell,Novotne,Female,bnovotneil@hexun.com,503 198 2357
Brennan,Lawlie,Male,blawlieim@biglobe.ne.jp,175 727 1490
Andrej,Laverty,Male,alavertyin@wired.com,543 630 2680
Engelbert,Hutchison,Male,ehutchisonio@npr.org,108 547 2399
Harlan,Duetschens,Male,hduetschensip@ed.gov,513 370 8723
Pernell,Inglish,Male,pinglishiq@homestead.com,956 689 3427
Dennie,Zavattiero,Male,dzavattieroir@zimbio.com,868 289 4976
Meryl,Simanek,Female,msimanekis@npr.org,864 289 6192
Sutherland,Lyman,Male,slymanit@chicagotribune.com,511 606 0101
Diane,Banaszkiewicz,Female,dbanaszkiewicziu@walmart.com,879 843 4145
Goran,Giorgiutti,Male,ggiorgiuttiiv@mail.ru,139 542 2906
Fransisco,Butchers,Male,fbutchersiw@sina.com.cn,773 276 6560
Kessiah,Currer,Agender,kcurrerix@flickr.com,818 922 8695
Marcia,Rizzolo,Female,mrizzoloiy@discuz.net,291 294 0209
Chev,Rubes,Male,crubesiz@earthlink.net,261 225 0167
Gusta,Craig,Female,gcraigj0@fastcompany.com,481 833 8526
Adolphus,Duligal,Male,aduligalj1@msn.com,448 390 4070
Clayborn,Hendrik,Male,chendrikj2@samsung.com,533 722 1374
Ruby,Dickin,Male,rdickinj3@is.gd,532 505 9620
Florina,Viel,Female,fvielj4@mayoclinic.com,961 367 8121
Darrel,Thunderman,Male,dthundermanj5@princeton.edu,420 328 1767
Artemas,Mannin,Male,amanninj6@vimeo.com,229 501 2398
Auroora,Maidens,Female,amaidensj7@nasa.gov,917 799 6388
Audry,Mayhew,Female,amayhewj8@google.de,504 358 3244
Samaria,McGirl,Female,smcgirlj9@theguardian.com,744 957 1634
Jaime,Firminger,Non-binary,jfirmingerja@quantcast.com,387 691 5996
Jordanna,Daintier,Female,jdaintierjb@go.com,212 471 9072
Myrlene,Oloman,Female,molomanjc@google.com.br,210 488 4450
Eliza,Padbury,Female,epadburyjd@bbc.co.uk,403 905 7827
Gilles,Jemmison,Male,gjemmisonje@ycombinator.com,607 929 6505
Moira,Koubu,Female,mkoubujf@arizona.edu,116 767 9248
Amber,Augustine,Female,aaugustinejg@seattletimes.com,674 886 8942
Nicky,Shaplin,Female,nshaplinjh@timesonline.co.uk,665 126 2718
Ricard,Osband,Male,rosbandji@cafepress.com,248 607 0588
Mariann,Stokell,Female,mstokelljj@independent.co.uk,913 213 5255
Anna,Ferrieroi,Female,aferrieroijk@google.it,312 584 2419
Mareah,Aleavy,Female,maleavyjl@virginia.edu,988 611 8718
Ronald,Swatland,Male,rswatlandjm@ca.gov,555 800 9211
Shurwood,Pullan,Male,spullanjn@themeforest.net,687 504 6392
Nathanial,Joinsey,Male,njoinseyjo@nyu.edu,631 753 0572
Kale,Rother,Male,krotherjp@ask.com,506 340 5340
Celestina,Kordas,Female,ckordasjq@stanford.edu,191 693 5070
Franzen,Faier,Male,ffaierjr@msn.com,957 866 4047
Gaven,Vanezis,Male,gvanezisjs@state.gov,747 776 9981
Bibby,Everall,Female,beveralljt@t-online.de,277 104 6421
Kelley,Bilston,Male,kbilstonju@home.pl,493 749 1535
Quincy,Stockhill,Male,qstockhilljv@arstechnica.com,733 417 8173
Sapphira,Waldren,Female,swaldrenjw@wikia.com,413 161 4860
Gwendolin,Yitzhak,Female,gyitzhakjx@wordpress.com,326 353 6228
Libbie,Ible,Female,liblejy@devhub.com,363 902 7817
Viki,Joint,Female,vjointjz@umn.edu,472 352 2520
Dudley,Henrique,Male,dhenriquek0@dailymotion.com,841 890 3062
Mylo,Hefferan,Male,mhefferank1@ebay.co.uk,191 544 9999
Clayborne,Lanston,Male,clanstonk2@un.org,123 482 6494
Matthew,Colten,Male,mcoltenk3@multiply.com,270 594 0085
Dylan,Perrot,Male,dperrotk4@github.io,916 750 4835
Joela,Aujouanet,Female,jaujouanetk5@alexa.com,774 913 8841
Jay,Scholl,Male,jschollk6@hhs.gov,501 262 6171
Flem,Narup,Male,fnarupk7@ow.ly,883 153 3153
Karoly,Filippone,Male,kfilipponek8@livejournal.com,950 682 9096
Gerladina,Keese,Female,gkeesek9@slideshare.net,708 477 3217
Lucas,Marlow,Male,lmarlowka@vimeo.com,899 182 6893
Aaron,Mensler,Male,amenslerkb@reuters.com,808 221 6615
Selma,Solleme,Female,ssollemekc@youtu.be,876 199 4166
Deloria,Shardlow,Female,dshardlowkd@digg.com,897 671 6048
Had,Robatham,Male,hrobathamke@lycos.com,926 528 4644
Bartholomeo,Murdie,Male,bmurdiekf@tripadvisor.com,946 841 5892
Vinny,Valentine,Female,vvalentinekg@bloomberg.com,487 313 5886
Fredia,Rubinowitch,Female,frubinowitchkh@sourceforge.net,425 212 0966
Yoshiko,Picker,Female,ypickerki@sun.com,266 872 6152
Blisse,Wabersich,Agender,bwabersichkj@dedecms.com,437 482 4510
Prentice,Tuff,Male,ptuffkk@comsenz.com,252 843 8317
Stephanus,Service,Male,sservicekl@themeforest.net,601 564 7076
Rollin,Flament,Male,rflamentkm@meetup.com,298 639 4978
Morty,Imlen,Male,mimlenkn@walmart.com,607 763 0182
Marissa,Wateridge,Female,mwateridgeko@qq.com,363 968 9384
Maxie,Hayfield,Male,mhayfieldkp@networksolutions.com,456 153 8138
Ugo,Hundell,Male,uhundellkq@samsung.com,192 764 9088
Kata,Fulger,Female,kfulgerkr@wikipedia.org,792 232 4242
Minnnie,Epton,Female,meptonks@techcrunch.com,390 479 4618
Alonzo,Patterfield,Male,apatterfieldkt@berkeley.edu,874 496 5444
Jenna,Maha,Female,jmahaku@alibaba.com,468 912 0571
Nicko,Beechcraft,Male,nbeechcraftkv@sciencedirect.com,302 167 2275
Mallissa,Mitkcov,Female,mmitkcovkw@globo.com,558 156 1128
Coraline,Jerdan,Female,cjerdankx@gnu.org,112 514 9214
Jeanine,MacKibbon,Female,jmackibbonky@washington.edu,638 976 7666
Luelle,Wanden,Female,lwandenkz@edublogs.org,129 939 8319
Ekaterina,Eliyahu,Female,eeliyahul0@google.de,551 924 3588
Aurthur,Barbier,Male,abarbierl1@blinklist.com,498 998 0582
Allyn,Christofle,Female,achristoflel2@nymag.com,361 915 0201
Hortensia,Souten,Female,hsoutenl3@123-reg.co.uk,770 201 7930
Rhys,Sanja,Male,rsanjal4@ow.ly,470 441 1865
Demetri,Clutheram,Male,dclutheraml5@list-manage.com,668 571 9932
Dolph,Eblein,Male,debleinl6@home.pl,485 876 9171
Belita,Darbon,Female,bdarbonl7@unesco.org,731 375 4966
Carlie,Ducham,Male,cduchaml8@gravatar.com,585 171 8843
Mohandis,Coombes,Male,mcoombesl9@umich.edu,946 111 5892
Carolann,Taye,Genderqueer,ctayela@state.gov,213 852 7162
Stefan,Noraway,Male,snorawaylb@paginegialle.it,656 418 3209
Sharai,Wilmington,Female,swilmingtonlc@comcast.net,600 285 8417
Bartholomeo,Tokell,Male,btokellld@cornell.edu,932 992 9846
Jessie,Bondley,Female,jbondleyle@ameblo.jp,438 675 9555
Sergent,Carne,Male,scarnelf@tamu.edu,756 525 5918
Gwenny,Jacobssen,Female,gjacobssenlg@senate.gov,490 991 2706
Edlin,Ormond,Male,eormondlh@wordpress.com,125 894 2521
Ferrell,Sekulla,Male,fsekullali@washington.edu,855 532 3783
Karlik,Record,Male,krecordlj@rediff.com,245 444 6329
Lilias,Spindler,Female,lspindlerlk@dion.ne.jp,175 567 8150
Dallas,Asher,Male,dasherll@photobucket.com,854 807 2714
Adolph,Garriock,Male,agarriocklm@ameblo.jp,504 303 5687
Vitoria,Jellybrand,Bigender,vjellybrandln@un.org,659 410 9283
Ola,Farnfield,Female,ofarnfieldlo@simplemachines.org,409 728 9095
Wesley,Harefoot,Male,wharefootlp@alexa.com,817 964 3330
Terrijo,Pledge,Female,tpledgelq@chronoengine.com,411 750 6867
Bobbi,Sabin,Female,bsabinlr@slashdot.org,559 641 6768
Thorin,Kanzler,Male,tkanzlerls@tripod.com,474 181 0108
Denna,Lawrenz,Female,dlawrenzlt@reference.com,957 886 0494
Karie,Friskey,Female,kfriskeylu@mapquest.com,898 295 3199
Minetta,Machent,Female,mmachentlv@live.com,895 855 2431
Lorenza,Treadger,Female,ltreadgerlw@multiply.com,689 604 7976
Morgan,Seage,Non-binary,mseagelx@japanpost.jp,802 535 2247
Kevan,Petchell,Male,kpetchellly@g.co,109 536 4795
Wylma,Franklin,Female,wfranklinlz@cnbc.com,835 184 2744
Joshua,Buckerfield,Male,jbuckerfieldm0@skyrock.com,195 608 3120
Gil,Allabush,Male,gallabushm1@clickbank.net,100 541 7606
Artemas,Asbery,Male,aasberym2@etsy.com,748 234 5326
Cherri,Attewell,Female,cattewellm3@sohu.com,623 101 0123
Shirleen,Ludvigsen,Female,sludvigsenm4@microsoft.com,156 983 5658
Kinna,Gamlen,Female,kgamlenm5@sbwire.com,845 358 6457
Helli,Lujan,Female,hlujanm6@de.vu,471 527 1847
Reagen,Eede,Male,reedem7@chron.com,486 591 4846
Jarid,Dentith,Male,jdentithm8@ed.gov,891 785 6463
Robbie,Ebbles,Male,rebblesm9@webnode.com,846 786 8494
Marne,Toward,Female,mtowardma@apache.org,991 414 0700
Charita,Winram,Female,cwinrammb@unicef.org,584 812 8599
Oliver,Horsewood,Male,ohorsewoodmc@answers.com,177 606 6404
Dani,Baroche,Female,dbarochemd@nsw.gov.au,366 858 1025
Belita,Wintringham,Female,bwintringhamme@paypal.com,621 558 7408
Melba,Dankov,Non-binary,mdankovmf@hubpages.com,917 993 5829
Bennie,Costain,Female,bcostainmg@netscape.com,244 411 3060
Madelene,Kaming,Female,mkamingmh@so-net.ne.jp,170 216 5805
Percival,Marcombe,Male,pmarcombemi@ucoz.com,164 678 0009
Melinde,Antognazzi,Genderqueer,mantognazzimj@google.fr,524 763 9958
Gussie,Gerred,Female,ggerredmk@boston.com,996 696 5003
Jermaine,Cowdry,Male,jcowdryml@tiny.cc,841 763 1777
Pincas,Firidolfi,Male,pfiridolfimm@exblog.jp,462 351 3980
Conny,Towl,Female,ctowlmn@slideshare.net,116 836 9003
Stan,Meeke,Polygender,smeekemo@newsvine.com,538 159 3821
Lynnet,Anespie,Female,lanespiemp@columbia.edu,604 363 6249
Esme,Mence,Female,emencemq@disqus.com,728 316 1667
Toddy,Jillins,Male,tjillinsmr@wisc.edu,887 436 4925
Rosalind,Bernardoux,Female,rbernardouxms@boston.com,936 180 1319
Calvin,Borthram,Male,cborthrammt@dyndns.org,904 329 3501
Rena,Mewburn,Female,rmewburnmu@studiopress.com,390 689 2913
Dasi,Sieve,Female,dsievemv@psu.edu,769 804 5557
Elvira,Oke,Female,eokemw@senate.gov,559 535 1090
Eleanore,Mullen,Female,emullenmx@army.mil,101 360 1864
Melodie,Dalgliesh,Female,mdalglieshmy@ezinearticles.com,742 549 3145
Lizbeth,Juschka,Female,ljuschkamz@ftc.gov,637 863 7236
Elia,Belsher,Bigender,ebelshern0@bizjournals.com,492 580 5102
Donetta,Schneider,Female,dschneidern1@arizona.edu,840 964 2752
Wyatt,Sang,Male,wsangn2@ezinearticles.com,254 432 6408
Kris,Cowthard,Female,kcowthardn3@dropbox.com,932 987 4295
Elie,Kolushev,Female,ekolushevn4@youtube.com,350 507 6295
Reidar,Neilson,Male,rneilsonn5@archive.org,602 430 5782
Bartlett,Hatwells,Male,bhatwellsn6@seattletimes.com,116 211 9194
Deeann,Phlippi,Female,dphlippin7@liveinternet.ru,189 392 8701
Ambrosi,Jacobowits,Male,ajacobowitsn8@eventbrite.com,941 925 9079
Vergil,Vallerine,Male,vvallerinen9@mapy.cz,111 907 0411
Aldis,Tackle,Male,atacklena@eepurl.com,439 245 3627
Florrie,Mylchreest,Female,fmylchreestnb@ft.com,298 347 2879
Peggy,Smaile,Female,psmailenc@weather.com,356 557 1723
Wilbert,Philpot,Male,wphilpotnd@adobe.com,983 381 3579
Artur,Breacher,Male,abreacherne@weather.com,659 128 6566
Worden,Ritchings,Non-binary,writchingsnf@feedburner.com,705 568 0065
Jordain,Westcot,Female,jwestcotng@dedecms.com,152 486 6118
Natalina,Rawlinson,Female,nrawlinsonnh@admin.ch,432 749 1011
Jedidiah,Carlill,Non-binary,jcarlillni@nytimes.com,515 274 2557
Lyle,Bruins,Male,lbruinsnj@ucsd.edu,332 589 7703
Mauricio,Ryle,Male,mrylenk@weebly.com,882 430 8377
Bryon,Reyner,Male,breynernl@timesonline.co.uk,946 252 0439
Reece,Bowland,Male,rbowlandnm@census.gov,289 116 2786
Annmaria,Luard,Female,aluardnn@reference.com,101 869 9107
Leia,Purbrick,Female,lpurbrickno@privacy.gov.au,979 499 8355
Benedick,Brannigan,Male,bbrannigannp@wikia.com,358 808 9438
Ira,OIlier,Female,ioiliernq@wiley.com,450 163 1582
Abby,Trevett,Male,atrevettnr@umn.edu,721 339 7812
Dwain,Fere,Male,dferens@utexas.edu,911 910 3134
Dud,Allett,Male,dallettnt@skype.com,924 693 2012
Winfield,Douglas,Male,wdouglasnu@narod.ru,327 431 2788
Tonya,Banke,Female,tbankenv@prweb.com,712 140 9762
Klara,Hansana,Female,khansananw@oracle.com,512 222 1542
Wynny,Buckie,Female,wbuckienx@virginia.edu,811 699 6448
Justino,Ritchie,Male,jritchieny@cnet.com,687 506 0391
Bobbee,Glyn,Female,bglynnz@wired.com,406 736 5671
Lorry,Bradberry,Female,lbradberryo0@arstechnica.com,332 950 3713
Padget,Oldridge,Male,poldridgeo1@springer.com,741 523 5514
Rusty,Gosford,Male,rgosfordo2@skyrock.com,828 114 3896
Zoe,Tremathick,Female,ztremathicko3@abc.net.au,277 617 4468
Chip,Kubec,Male,ckubeco4@paypal.com,202 898 2734
Casi,Griffitt,Genderfluid,cgriffitto5@seattletimes.com,556 628 4940
Heinrik,Clipston,Male,hclipstono6@mozilla.com,967 377 2504
Ellyn,Aubrun,Female,eaubruno7@diigo.com,642 732 5768
Munmro,Lamprecht,Male,mlamprechto8@indiegogo.com,308 708 2738
Jamie,Garie,Male,jgarieo9@eventbrite.com,433 274 5606
Joeann,Clemow,Female,jclemowoa@engadget.com,375 711 6983
Katharine,Bozward,Female,kbozwardob@google.pl,693 472 1344
Renault,Sarjent,Male,rsarjentoc@feedburner.com,689 328 2250
Gawain,Straker,Agender,gstrakerod@google.cn,723 652 8900
Clerissa,Karus,Female,ckarusoe@vimeo.com,676 503 1759
Christy,Durnall,Female,cdurnallof@columbia.edu,833 708 6469
Morie,Carass,Male,mcarassog@google.de,813 531 3121
Yorgos,Leaney,Male,yleaneyoh@g.co,743 910 6086
Sibella,Wigfield,Female,swigfieldoi@123-reg.co.uk,817 439 8398
Jody,Waiton,Male,jwaitonoj@shinystat.com,105 876 9135
Catlin,Soares,Female,csoaresok@columbia.edu,226 612 5963
Joscelin,Dabels,Female,jdabelsol@people.com.cn,925 244 2368
Lezley,Segebrecht,Male,lsegebrechtom@list-manage.com,829 606 1822
Jecho,Shipston,Non-binary,jshipstonon@wordpress.com,876 597 8219
Tiena,Crop,Genderfluid,tcropoo@sina.com.cn,229 353 6253
Brendin,Searston,Non-binary,bsearstonop@artisteer.com,331 563 2972
Dru,Andrasch,Male,dandraschoq@fema.gov,837 301 8869
Rory,Irvine,Male,rirvineor@prweb.com,797 401 5865
Annis,Longcake,Female,alongcakeos@arstechnica.com,100 948 1845
Gretel,Fenlon,Female,gfenlonot@cdbaby.com,535 497 4567
Zebulen,Penhearow,Male,zpenhearowou@xinhuanet.com,566 495 3473
Zak,Jarred,Male,zjarredov@microsoft.com,128 972 5756
Kaylyn,Lorenc,Female,klorencow@flavors.me,193 671 6448
Derwin,O'Dogherty,Male,dodoghertyox@acquirethisname.com,576 884 2152
Dorie,Adao,Female,dadaooy@squidoo.com,114 639 7350
Katina,Dunckley,Female,kdunckleyoz@booking.com,906 238 0177
Collin,Clipson,Male,cclipsonp0@mayoclinic.com,610 853 1809
Colly,Andrusov,Female,candrusovp1@fastcompany.com,399 903 2857
Keary,Subhan,Male,ksubhanp2@g.co,661 144 0319
Glynn,Dumphries,Male,gdumphriesp3@typepad.com,623 962 0725
Elsi,Scrowton,Female,escrowtonp4@opensource.org,758 198 9826
Riccardo,Degli Abbati,Male,rdegliabbatip5@irs.gov,377 966 9555
Gloriana,Stedmond,Female,gstedmondp6@people.com.cn,408 259 8621
Darice,Kingcott,Female,dkingcottp7@go.com,595 409 8028
Lanae,Chaffen,Female,lchaffenp8@illinois.edu,496 761 4674
Tan,Herculson,Male,therculsonp9@facebook.com,864 932 6792
Alaster,Reeman,Male,areemanpa@sakura.ne.jp,568 386 3374
Jorie,Tansey,Female,jtanseypb@ca.gov,544 846 3843
Lavinie,Hamal,Female,lhamalpc@newsvine.com,510 171 8507
Lucian,Paulot,Male,lpaulotpd@marketwatch.com,567 868 5319
Iolanthe,Waldera,Female,iwalderape@gizmodo.com,875 612 9462
Sissie,Laurenty,Female,slaurentypf@mashable.com,785 402 0541
Shalom,Blandford,Male,sblandfordpg@yale.edu,452 533 1783
Virginia,Stiell,Female,vstiellph@ftc.gov,258 122 3926
Rosemary,Francombe,Female,rfrancombepi@about.me,529 309 9502
Nollie,Gotfrey,Female,ngotfreypj@virginia.edu,662 353 3859
Nessy,Mogg,Female,nmoggpk@usa.gov,309 398 4334
Analise,Fealty,Non-binary,afealtypl@eventbrite.com,885 181 2906
Norean,Leonard,Female,nleonardpm@ycombinator.com,617 544 0236
Charla,Tellenbach,Female,ctellenbachpn@earthlink.net,429 156 8132
Dannie,Simmon,Male,dsimmonpo@salon.com,796 245 9100
Rodd,Duffin,Genderqueer,rduffinpp@fc2.com,664 980 0253
Zaccaria,Ibarra,Male,zibarrapq@scientificamerican.com,976 578 5421
Elnar,Osmint,Male,eosmintpr@reuters.com,219 652 5260
Leshia,Key,Female,lkeyps@wiley.com,894 254 0682
Teddy,Stoite,Female,tstoitept@loc.gov,584 786 6097
Colette,Khomich,Female,ckhomichpu@homestead.com,172 504 8711
Jania,MacAnellye,Female,jmacanellyepv@apple.com,462 798 1850
Raff,Crutchley,Male,rcrutchleypw@cocolog-nifty.com,976 571 8516
Rustie,Draco,Male,rdracopx@ibm.com,735 214 9403
Babara,Tomaszewski,Female,btomaszewskipy@cpanel.net,710 100 9271
Jennilee,Rosenfeld,Female,jrosenfeldpz@sourceforge.net,575 318 9311
Bard,Swatradge,Male,bswatradgeq0@globo.com,888 571 9483
Mick,O'Hanlon,Male,mohanlonq1@patch.com,353 507 7105
Alix,Jakubovics,Female,ajakubovicsq2@xrea.com,265 435 5810
Kimmie,Mintoff,Female,kmintoffq3@wix.com,206 385 4675
Dory,Ansell,Female,dansellq4@artisteer.com,756 687 7560
Sibylle,Pavic,Female,spavicq5@time.com,369 644 3535
Yul,D'Alwis,Polygender,ydalwisq6@eepurl.com,913 798 1913
Garv,Meekins,Male,gmeekinsq7@slideshare.net,614 761 4411
Nealson,Cook,Male,ncookq8@tinypic.com,101 311 5581
Tamarah,Filyushkin,Non-binary,tfilyushkinq9@ebay.com,811 846 5967
Cori,Summers,Genderqueer,csummersqa@scribd.com,992 483 3677
Martainn,Hutchison,Male,mhutchisonqb@spiegel.de,780 995 6668
Jaye,Mussilli,Male,jmussilliqc@freewebs.com,717 852 7834
Moe,Coath,Male,mcoathqd@google.pl,267 642 6207
Kathie,Wilmington,Female,kwilmingtonqe@hp.com,767 661 5963
Ade,Provis,Male,aprovisqf@unicef.org,480 401 5316
Edmund,Oliffe,Male,eoliffeqg@slideshare.net,930 626 3245
Lennard,Emery,Male,lemeryqh@ucsd.edu,480 543 2261
Clemens,Wheelhouse,Male,cwheelhouseqi@dailymotion.com,669 375 9778
Barnie,Leithgoe,Bigender,bleithgoeqj@yolasite.com,559 316 7680
Nathanil,Parke,Male,nparkeqk@example.com,962 939 7554
Greer,Dozdill,Female,gdozdillql@cornell.edu,932 631 1166
Deeanne,Crang,Female,dcrangqm@alexa.com,632 488 3296
Jaquenetta,Elgey,Female,jelgeyqn@sciencedirect.com,411 129 2845
Ulrick,Petchey,Male,upetcheyqo@aol.com,699 444 4466
Tedda,Andrieu,Female,tandrieuqp@vk.com,687 656 7690
Jasmina,Karlolczak,Female,jkarlolczakqq@reference.com,344 858 9913
Ailis,O'Scannill,Female,aoscannillqr@cargocollective.com,515 928 1996
Hynda,Outerbridge,Female,houterbridgeqs@behance.net,570 501 4532
Mitchel,Di Francecshi,Male,mdifrancecshiqt@irs.gov,539 221 6491
Cymbre,Mannion,Female,cmannionqu@webs.com,740 435 7699
Afton,Piccard,Female,apiccardqv@geocities.com,172 536 1710
Esma,MacDonagh,Female,emacdonaghqw@mac.com,270 404 6509
Marjie,Conn,Female,mconnqx@facebook.com,107 558 4164
Wildon,Hillum,Male,whillumqy@about.com,582 449 5674
Verene,Lewry,Female,vlewryqz@printfriendly.com,221 369 7687
Albrecht,Rizzillo,Male,arizzillor0@soundcloud.com,436 276 2124
Archie,Janicijevic,Male,ajanicijevicr1@wikimedia.org,336 394 0286
Catha,Samuel,Female,csamuelr2@army.mil,703 752 1530
Daune,Rain,Genderqueer,drainr3@sciencedirect.com,385 622 8203
Gert,Gilliat,Female,ggilliatr4@rediff.com,284 663 6903
Jacquelyn,Hewell,Female,jhewellr5@cnn.com,334 129 2245
Alexei,Cargo,Male,acargor6@rakuten.co.jp,857 518 2668
Mella,Elloway,Female,mellowayr7@blogtalkradio.com,169 478 1709
Desmond,Casiroli,Male,dcasirolir8@ning.com,469 395 1768
Chrystal,Mellmoth,Female,cmellmothr9@engadget.com,413 806 3968
Cathrin,Style,Female,cstylera@house.gov,765 313 0202
Libbey,O'Keenan,Female,lokeenanrb@dailymail.co.uk,751 311 9299
Gaynor,Fosh,Female,gfoshrc@storify.com,941 666 7085
Danita,Shildrake,Female,dshildrakerd@businessinsider.com,226 744 7147
Patrice,Bradnocke,Bigender,pbradnockere@bing.com,337 657 9118
Joanne,McGraith,Female,jmcgraithrf@about.com,951 901 6284
Tannie,Richarz,Male,tricharzrg@cyberchimps.com,460 261 0241
Corny,Bloschke,Female,cbloschkerh@ebay.co.uk,177 798 9839
Sayer,Rattenberie,Male,srattenberieri@nsw.gov.au,382 340 5100
Paolo,Bucktharp,Male,pbucktharprj@theguardian.com,615 806 6062
Tuck,Dysart,Male,tdysartrk@utexas.edu,799 293 2687
Pembroke,Fuke,Male,pfukerl@scribd.com,289 423 1559
Wain,Flemming,Male,wflemmingrm@cmu.edu,819 523 1892
Immanuel,Doget,Male,idogetrn@whitehouse.gov,884 798 9195
Fina,Brundrett,Non-binary,fbrundrettro@1und1.de,497 281 9230
Traver,Philippson,Polygender,tphilippsonrp@cargocollective.com,725 892 8517
Hymie,Mouget,Male,hmougetrq@wired.com,178 891 5583
Candice,Martusov,Non-binary,cmartusovrr@forbes.com,566 529 3515
