first_name,last_name,gender,email,phone
Letizia,Belamy,Female,lbelamy0@cpanel.net,559 854 6121
Juana,Kyndred,Bigender,jkyndred1@themeforest.net,331 987 5374
Reese,Bonnaire,Male,rbonnaire2@lulu.com,399 141 2457
Glenn,Dowdam,Male,gdowdam3@apple.com,550 878 6120
Kevyn,Sallenger,Agender,ksallenger4@simplemachines.org,812 242 9938
Hilary,Flintoffe,Female,hflintoffe5@desdev.cn,937 686 6440
Ira,Medd,Male,imedd6@tiny.cc,706 988 4681
Jervis,Beadham,Male,jbeadham7@issuu.com,905 787 6478
Rivkah,Alti,Polygender,ralti8@discuz.net,990 349 4499
Kathrine,Grevel,Female,kgrevel9@samsung.com,637 647 3087
Alica,Kealey,Female,akealeya@washingtonpost.com,898 747 5228
Richardo,Siddaley,Male,rsiddaleyb@yahoo.co.jp,806 158 3065
Tomkin,Douche,Male,tdouchec@sohu.com,385 517 4819
Colas,Whimp,Male,cwhimpd@mac.com,601 132 6145
Courtnay,Culter,Female,ccultere@si.edu,423 113 0531
Steve,Childe,Male,schildef@census.gov,965 414 3661
Kara-lynn,Franzen,Female,kfranzeng@smugmug.com,764 126 6672
Linnie,Brayson,Female,lbraysonh@ebay.com,169 894 9144
Torrin,Baiyle,Male,tbaiylei@indiatimes.com,884 139 4793
Gertrud,Yon,Agender,gyonj@last.fm,387 289 4647
Torey,Morgon,Male,tmorgonk@who.int,859 676 1455
Bastian,Vineall,Male,bvinealll@google.ru,572 896 6466
Kiersten,Burn,Female,kburnm@t.co,754 825 4989
Daphne,Screas,Female,dscreasn@ustream.tv,450 135 0692
Olenolin,Dinneen,Male,odinneeno@google.es,665 559 1025
Zandra,Hallowes,Female,zhallowesp@sourceforge.net,967 461 6349
Carolynn,Wimpey,Female,cwimpeyq@washington.edu,691 948 5991
Shelagh,Bugge,Female,sbugger@chronoengine.com,327 144 4243
Langsdon,Bridgement,Male,lbridgements@howstuffworks.com,700 712 2467
Dougy,Brunton,Male,dbruntont@skype.com,980 880 8489
Vanni,Jowers,Female,vjowersu@bloglovin.com,785 286 6396
Farly,Daughton,Male,fdaughtonv@google.fr,590 682 2479
Gilli,Ledrun,Female,gledrunw@hubpages.com,789 999 2184
Norri,Crebott,Female,ncrebottx@pbs.org,863 472 3745
Brigitta,Tsarovic,Female,btsarovicy@people.com.cn,224 799 8433
Clerissa,Elvidge,Female,celvidgez@is.gd,448 527 1219
Carlynn,Fogt,Female,cfogt10@google.nl,559 456 9174
Tiertza,Brosenius,Female,tbrosenius11@cdc.gov,434 901 3118
Bennie,Stockney,Female,bstockney12@si.edu,763 612 2356
Abelard,Tenaunt,Male,atenaunt13@histats.com,420 354 1587
Fayth,Capini,Female,fcapini14@salon.com,772 486 8694
Micheil,Kerwin,Male,mkerwin15@wikimedia.org,117 882 0618
Thadeus,Baudts,Bigender,tbaudts16@wunderground.com,219 660 5897
Chuck,Threlkeld,Bigender,cthrelkeld17@nifty.com,890 311 6256
Faustina,Votier,Female,fvotier18@sciencedirect.com,773 771 6394
Anthe,Probbings,Female,aprobbings19@discuz.net,578 692 3688
Vinni,Linfoot,Female,vlinfoot1a@ft.com,485 804 8597
Jennie,Kirton,Female,jkirton1b@youku.com,112 311 2469
Bibby,Spadelli,Female,bspadelli1c@unesco.org,298 151 6394
Dorotea,Emmatt,Female,demmatt1d@loc.gov,169 465 0310
Doralia,Astie,Female,dastie1e@parallels.com,778 388 4257
Idaline,Blackham,Female,iblackham1f@cmu.edu,119 176 1249
Sampson,Vuittet,Male,svuittet1g@umn.edu,977 947 6319
Aeriela,Whitworth,Female,awhitworth1h@nyu.edu,508 811 4095
Lonnie,Galea,Genderfluid,lgalea1i@pbs.org,372 692 4361
Katuscha,Cullingford,Female,kcullingford1j@blinklist.com,286 910 2125
L;urette,Molder,Female,lmolder1k@privacy.gov.au,652 202 8467
Vernor,Crowhurst,Male,vcrowhurst1l@usatoday.com,722 352 7773
Klara,MacCarter,Female,kmaccarter1m@multiply.com,730 855 4619
Thaddus,Cansdill,Male,tcansdill1n@wordpress.com,856 661 5499
Robinson,Colegate,Male,rcolegate1o@fda.gov,970 775 3641
Enrica,Ditter,Female,editter1p@utexas.edu,706 283 0454
Brunhilda,Beloe,Female,bbeloe1q@example.com,969 285 4520
Morey,Dobinson,Male,mdobinson1r@nydailynews.com,759 715 9831
Glenna,Willcott,Female,gwillcott1s@i2i.jp,660 894 2099
Clem,Brickstock,Male,cbrickstock1t@prnewswire.com,933 547 8955
Rosco,Bwye,Male,rbwye1u@typepad.com,323 255 3913
Dacy,Doiley,Female,ddoiley1v@godaddy.com,447 556 9529
Theodore,Lohoar,Male,tlohoar1w@seesaa.net,411 293 1825
Ruddy,Hardwin,Male,rhardwin1x@furl.net,394 709 2938
Agna,Cappleman,Female,acappleman1y@lulu.com,448 944 6433
Eadith,Sebert,Female,esebert1z@earthlink.net,297 398 3439
Hugh,Lundbech,Male,hlundbech20@ehow.com,608 811 7989
Olav,Splain,Male,osplain21@sourceforge.net,915 350 8202
Clemmy,Solleme,Male,csolleme22@t-online.de,316 299 8922
Llewellyn,Vedeshkin,Male,lvedeshkin23@house.gov,107 356 7987
Sheeree,O' Lone,Agender,solone24@uiuc.edu,870 909 1579
Silva,Lloyd-Williams,Polygender,slloydwilliams25@sina.com.cn,391 609 1483
Otho,Philot,Male,ophilot26@etsy.com,969 130 1151
Gaspard,Rotlauf,Agender,grotlauf27@usda.gov,616 902 7304
Gerri,Fountain,Female,gfountain28@dot.gov,190 326 5355
Etti,Thistleton,Female,ethistleton29@timesonline.co.uk,821 908 9683
Julian,Geerits,Male,jgeerits2a@rambler.ru,179 688 6905
Ganny,Andriesse,Genderfluid,gandriesse2b@phoca.cz,188 798 5447
Brigit,Agius,Female,bagius2c@istockphoto.com,471 738 6367
Valerye,Belvard,Female,vbelvard2d@devhub.com,838 515 4436
Jareb,Corneil,Male,jcorneil2e@domainmarket.com,817 559 1124
Connor,Jenkerson,Male,cjenkerson2f@people.com.cn,362 870 0704
Emlynne,Bevis,Female,ebevis2g@mail.ru,451 660 3693
Murray,MacKartan,Male,mmackartan2h@jalbum.net,397 125 6768
Mathian,Bostock,Male,mbostock2i@google.com.br,661 715 7318
Salomo,Rookledge,Male,srookledge2j@godaddy.com,159 506 6545
Anna-diana,Lopes,Female,alopes2k@vimeo.com,147 999 7297
Chick,Polycote,Male,cpolycote2l@pbs.org,511 228 8910
Ellen,Truscott,Female,etruscott2m@e-recht24.de,740 484 0485
Grethel,Galfour,Genderqueer,ggalfour2n@vinaora.com,256 929 4379
Yulma,Gierardi,Male,ygierardi2o@drupal.org,126 133 7519
Auberta,Saddler,Female,asaddler2p@canalblog.com,294 456 6491
Lilith,Maypother,Female,lmaypother2q@netscape.com,847 222 1069
Marcille,Jodlowski,Female,mjodlowski2r@google.com.hk,220 632 9363
Martelle,Bow,Female,mbow2s@chronoengine.com,852 432 1375
Bobby,Guite,Female,bguite2t@purevolume.com,166 409 7528
Bartolemo,Strathman,Non-binary,bstrathman2u@icio.us,628 867 6250
Emmanuel,Drance,Male,edrance2v@seattletimes.com,828 623 4748
Alberik,Piken,Male,apiken2w@spotify.com,666 971 8362
Eve,Townrow,Female,etownrow2x@instagram.com,835 811 2407
Roxanna,Nettle,Female,rnettle2y@vinaora.com,172 478 4829
Henry,Spaldin,Polygender,hspaldin2z@pinterest.com,775 667 8759
Pollyanna,Larkworthy,Female,plarkworthy30@reddit.com,379 739 2576
Erastus,Winckles,Male,ewinckles31@yelp.com,684 851 6071
Cecelia,Domokos,Female,cdomokos32@imdb.com,913 121 7369
Doro,Tomich,Female,dtomich33@techcrunch.com,762 664 6305
Kingsley,Sawdon,Male,ksawdon34@i2i.jp,819 573 0863
Meyer,Sambiedge,Male,msambiedge35@sphinn.com,403 252 2354
Clyve,Ritchman,Male,critchman36@psu.edu,395 762 2938
Matias,Gettone,Male,mgettone37@rambler.ru,939 152 7700
Scott,MacCosty,Male,smaccosty38@hibu.com,305 285 7374
Boycie,Bathowe,Male,bbathowe39@chron.com,703 246 9269
Tilda,Scorey,Female,tscorey3a@twitter.com,164 416 9796
Pet,Bette,Bigender,pbette3b@flavors.me,369 828 8333
Gilbert,Kevlin,Male,gkevlin3c@gov.uk,731 223 7626
Abeu,Ramalhete,Male,aramalhete3d@friendfeed.com,652 479 3981
Georgie,Jahnig,Male,gjahnig3e@google.cn,218 374 0142
Sibbie,Bartoli,Female,sbartoli3f@soup.io,835 351 6645
Bendix,Ratie,Male,bratie3g@amazonaws.com,514 808 7395
Pren,Trembath,Male,ptrembath3h@etsy.com,342 913 4657
Chlo,Yegorkin,Female,cyegorkin3i@acquirethisname.com,139 557 5158
Cordi,Cescoti,Female,ccescoti3j@jugem.jp,265 753 2045
Christalle,Jorioz,Female,cjorioz3k@seattletimes.com,283 964 8247
Babbie,Astles,Female,bastles3l@nationalgeographic.com,508 548 5334
Alaster,Newick,Male,anewick3m@prnewswire.com,946 873 8121
Carling,Vaughan-Hughes,Male,cvaughanhughes3n@usatoday.com,537 549 1148
Garreth,Wedderburn,Male,gwedderburn3o@ucoz.com,182 559 4830
Valera,O'Kane,Bigender,vokane3p@google.ca,211 629 1060
Lucretia,Stuchbury,Female,lstuchbury3q@pagesperso-orange.fr,452 292 3239
Maxim,Lansdowne,Male,mlansdowne3r@mtv.com,981 226 0008
Janeen,Haukey,Female,jhaukey3s@lycos.com,736 792 6917
Merralee,Murrison,Female,mmurrison3t@census.gov,775 496 6862
Darby,Bosman,Male,dbosman3u@bbc.co.uk,835 735 0351
Normand,Friskey,Male,nfriskey3v@dailymail.co.uk,455 282 0566
Pippy,Adlard,Female,padlard3w@phpbb.com,907 561 4109
Thatcher,Faiers,Male,tfaiers3x@drupal.org,201 245 4196
Linc,Friedlos,Male,lfriedlos3y@aboutads.info,324 196 6220
Cornela,Banyard,Female,cbanyard3z@over-blog.com,327 732 9350
Ravi,Housden,Male,rhousden40@1688.com,715 228 7940
Nona,Bezley,Female,nbezley41@spiegel.de,369 699 6484
Shane,Sousa,Female,ssousa42@shareasale.com,283 429 0809
Blondy,Vautier,Female,bvautier43@illinois.edu,206 215 2001
Reube,Cronkshaw,Male,rcronkshaw44@list-manage.com,324 869 1368
Sally,Scaplehorn,Female,sscaplehorn45@unesco.org,957 584 3038
Lita,Lodden,Female,llodden46@guardian.co.uk,218 513 2122
Alric,Bowller,Male,abowller47@tumblr.com,615 611 2435
Caddric,Cayle,Bigender,ccayle48@reddit.com,711 822 2437
Lothaire,Thomassen,Male,lthomassen49@wix.com,243 327 4405
Arty,Grichukhanov,Male,agrichukhanov4a@usgs.gov,715 263 9586
Tab,Lumsdale,Male,tlumsdale4b@purevolume.com,563 685 7047
Corrianne,Kidder,Female,ckidder4c@creativecommons.org,724 438 8256
Con,Delagnes,Male,cdelagnes4d@dion.ne.jp,157 892 7516
Eb,Niesel,Male,eniesel4e@arstechnica.com,802 616 6501
Pegeen,Sharples,Female,psharples4f@google.de,669 762 5594
Lois,Botha,Female,lbotha4g@fema.gov,748 906 8857
Christian,De Biaggi,Female,cdebiaggi4h@narod.ru,338 458 2459
Brook,Schirak,Male,bschirak4i@simplemachines.org,469 745 8954
Magdaia,Drinkhall,Female,mdrinkhall4j@webeden.co.uk,346 223 1780
Jennette,Pring,Agender,jpring4k@columbia.edu,487 765 7149
Rhoda,Jopke,Female,rjopke4l@taobao.com,515 232 8132
Joana,Breede,Female,jbreede4m@oaic.gov.au,697 721 0903
Dorolisa,Povah,Female,dpovah4n@vkontakte.ru,558 703 1115
Abby,Iorns,Male,aiorns4o@gnu.org,315 503 0901
Huntley,Merrington,Male,hmerrington4p@yellowbook.com,455 393 1652
Sherlocke,Naisey,Male,snaisey4q@spiegel.de,500 666 9694
Aurore,Tithecote,Female,atithecote4r@sohu.com,414 289 3561
Gilbert,Longlands,Bigender,glonglands4s@shop-pro.jp,816 332 0641
Gordan,Leathem,Male,gleathem4t@netscape.com,524 423 2701
Alasteir,Wyer,Male,awyer4u@rediff.com,605 867 2810
Delinda,McQuillen,Female,dmcquillen4v@wired.com,689 839 5646
Mattheus,Amner,Male,mamner4w@smugmug.com,721 211 1850
Cyrille,Pieters,Male,cpieters4x@geocities.jp,602 264 2571
Yoshiko,Briat,Female,ybriat4y@geocities.jp,575 579 0794
Carleen,Rowly,Female,crowly4z@marriott.com,432 893 7436
Renado,Mackstead,Male,rmackstead50@about.me,771 849 4610
Christabel,De Domenico,Female,cdedomenico51@nih.gov,480 582 7746
Salomon,Olivetti,Male,solivetti52@barnesandnoble.com,857 649 6952
Debera,Cluff,Female,dcluff53@cdbaby.com,119 265 4644
Josselyn,Yearsley,Female,jyearsley54@usgs.gov,833 334 2199
Elyse,Petrosian,Female,epetrosian55@abc.net.au,697 938 8743
Irvine,Mitroshinov,Male,imitroshinov56@photobucket.com,909 400 6021
Conny,Poyner,Male,cpoyner57@discovery.com,987 430 7976
Maxie,Danaher,Male,mdanaher58@reference.com,621 102 0399
Cedric,Decayette,Male,cdecayette59@washington.edu,820 824 4338
Claudine,Towll,Female,ctowll5a@cpanel.net,173 128 4850
Alma,Muglestone,Female,amuglestone5b@multiply.com,481 127 9544
Shannon,Jancic,Male,sjancic5c@123-reg.co.uk,267 462 2088
Morlee,Mancell,Male,mmancell5d@google.co.uk,355 470 4201
Rose,Linny,Female,rlinny5e@ucoz.com,302 713 9072
Isidor,Dearman,Male,idearman5f@accuweather.com,676 684 0819
Honoria,Kavanagh,Female,hkavanagh5g@yolasite.com,892 179 1921
Tally,Raulstone,Female,traulstone5h@businessinsider.com,253 805 9893
Ludovika,Leppington,Female,lleppington5i@dion.ne.jp,511 561 4992
Rickey,Wilmot,Male,rwilmot5j@canalblog.com,415 642 4961
Milty,Doull,Male,mdoull5k@51.la,997 470 4429
Arel,Yesinin,Male,ayesinin5l@bbb.org,662 251 6479
Jeff,Haydney,Male,jhaydney5m@ocn.ne.jp,417 695 1063
Harmon,Babonau,Male,hbabonau5n@mayoclinic.com,948 389 1750
Ilise,Sparry,Female,isparry5o@bigcartel.com,142 443 4316
Von,Dornin,Male,vdornin5p@netvibes.com,101 833 1028
Gerti,Regorz,Female,gregorz5q@spiegel.de,952 444 8019
Etan,Egle,Male,eegle5r@jiathis.com,219 586 0227
Lazar,Braithwaite,Male,lbraithwaite5s@merriam-webster.com,894 810 4098
Saw,Tibb,Male,stibb5t@unesco.org,291 304 7421
Inga,Schoolcroft,Female,ischoolcroft5u@cam.ac.uk,965 429 6778
Jessie,Dugget,Male,jdugget5v@domainmarket.com,386 113 3739
Linea,Domleo,Female,ldomleo5w@tumblr.com,777 858 4494
Jecho,Wickendon,Male,jwickendon5x@newyorker.com,860 882 1848
Montgomery,Redsull,Male,mredsull5y@example.com,481 141 8996
Gretel,Dumbleton,Genderfluid,gdumbleton5z@live.com,283 467 2967
Manda,Sankey,Female,msankey60@twitpic.com,334 420 6370
Jeremie,Dealtry,Polygender,jdealtry61@omniture.com,666 672 9345
Ole,Nabbs,Polygender,onabbs62@gnu.org,430 265 6455
Mattie,McVie,Female,mmcvie63@google.cn,853 538 6912
Pete,Jakubowsky,Male,pjakubowsky64@mapy.cz,240 488 8291
Tabby,Donohoe,Male,tdonohoe65@ning.com,230 530 1723
Marshal,Volks,Male,mvolks66@sitemeter.com,627 937 9109
Ave,Bridell,Male,abridell67@bloglovin.com,670 389 2189
Pammie,Norrey,Female,pnorrey68@live.com,411 817 2881
Josi,Fellows,Non-binary,jfellows69@cyberchimps.com,723 809 6484
Gasper,Cursons,Male,gcursons6a@sogou.com,145 151 4675
Patin,Gookes,Male,pgookes6b@sciencedaily.com,608 357 3453
Niles,Hazlewood,Non-binary,nhazlewood6c@cbc.ca,259 374 5900
Ethelin,Smithers,Female,esmithers6d@mail.ru,129 939 2859
Giacomo,Cornejo,Male,gcornejo6e@yandex.ru,724 499 2699
Bobbe,Robotham,Bigender,brobotham6f@cargocollective.com,408 423 0432
Catherin,Spofford,Female,cspofford6g@dagondesign.com,667 189 8166
Quinton,Ringwood,Male,qringwood6h@ifeng.com,237 355 0889
Haven,Dankersley,Male,hdankersley6i@kickstarter.com,795 706 3554
Laverne,Tumielli,Female,ltumielli6j@cam.ac.uk,618 682 6251
Jody,Tomblett,Male,jtomblett6k@omniture.com,635 962 8878
Niven,Everleigh,Bigender,neverleigh6l@hostgator.com,962 309 1084
Cale,Jenks,Male,cjenks6m@columbia.edu,586 480 0505
Innis,Bouttell,Male,ibouttell6n@newyorker.com,839 446 2967
Staffard,McGraffin,Male,smcgraffin6o@icio.us,361 692 0613
Jermaine,Sesons,Genderqueer,jsesons6p@auda.org.au,103 404 3333
Rosemonde,Esby,Female,resby6q@springer.com,207 450 4723
Felita,Snipe,Female,fsnipe6r@pinterest.com,372 836 9289
Roselin,Pandey,Female,rpandey6s@businessinsider.com,468 748 1291
Augustine,Lemmon,Female,alemmon6t@amazon.com,148 188 1487
Giffard,Tolworthie,Male,gtolworthie6u@dell.com,860 672 0108
Aldon,Chalke,Male,achalke6v@youtu.be,139 159 2388
Robby,Hannigane,Female,rhannigane6w@latimes.com,803 503 5041
Candis,Oxford,Female,coxford6x@ucoz.com,484 869 2999
Marilee,Heffron,Female,mheffron6y@sourceforge.net,674 181 0076
Waldon,De Lorenzo,Agender,wdelorenzo6z@xing.com,531 333 1959
Gardy,Illyes,Male,gillyes70@discuz.net,715 320 0950
Amalea,Dear,Female,adear71@bandcamp.com,328 767 4768
Jarrid,Cremins,Male,jcremins72@home.pl,409 329 0109
Davon,Tackes,Male,dtackes73@posterous.com,806 388 1394
Maribelle,Goudie,Female,mgoudie74@joomla.org,329 452 1689
Titus,Fitzroy,Male,tfitzroy75@prnewswire.com,881 396 7122
Ottilie,Barrott,Female,obarrott76@smugmug.com,676 229 2323
Findley,McKain,Male,fmckain77@goo.ne.jp,733 973 0142
Melisent,Whitsey,Female,mwhitsey78@noaa.gov,624 892 4493
Rose,Kemer,Female,rkemer79@clickbank.net,779 589 0856
Albina,Beenham,Female,abeenham7a@tripadvisor.com,129 869 5268
Alberto,Dhillon,Male,adhillon7b@shinystat.com,229 979 2063
Alia,Hay,Female,ahay7c@dion.ne.jp,220 836 7869
Ethyl,Lace,Female,elace7d@ehow.com,423 165 1092
Jarrett,Geal,Male,jgeal7e@chronoengine.com,419 299 7761
Ivar,Arnet,Male,iarnet7f@google.com,497 147 9313
Conney,Doblin,Male,cdoblin7g@cbslocal.com,700 545 9901
Brodie,Hazelby,Male,bhazelby7h@addthis.com,661 683 3268
Domeniga,Cowoppe,Female,dcowoppe7i@wikimedia.org,474 993 2088
Northrup,Hessenthaler,Male,nhessenthaler7j@creativecommons.org,131 705 5102
Marguerite,Clendinning,Female,mclendinning7k@nymag.com,996 561 2333
Lea,Glaze,Female,lglaze7l@bloomberg.com,598 212 5912
Irita,Kid,Female,ikid7m@java.com,378 388 4181
Roman,Godmar,Male,rgodmar7n@rediff.com,623 738 8034
Olenka,Cucuzza,Female,ocucuzza7o@discovery.com,301 399 9197
Jessie,Boreland,Male,jboreland7p@apple.com,246 986 4728
Quincy,Horrell,Male,qhorrell7q@wordpress.com,466 624 5867
Sheela,Beebis,Female,sbeebis7r@dmoz.org,461 486 3853
Mada,Band,Female,mband7s@nytimes.com,658 609 5254
Tiler,Tuhy,Male,ttuhy7t@dropbox.com,124 979 2321
Barn,Hartly,Male,bhartly7u@free.fr,560 304 6951
Bevvy,Ferrelli,Female,bferrelli7v@telegraph.co.uk,443 321 3339
Abby,McIndrew,Agender,amcindrew7w@admin.ch,117 431 0411
Elayne,McCue,Female,emccue7x@army.mil,483 677 6518
Manuel,Boswood,Male,mboswood7y@vimeo.com,814 205 7574
Kameko,Jeandin,Female,kjeandin7z@house.gov,103 959 6713
Andrus,Kolodziejski,Male,akolodziejski80@moonfruit.com,255 869 9276
Catie,Aguirrezabal,Female,caguirrezabal81@e-recht24.de,582 171 1982
Aldin,Trappe,Male,atrappe82@abc.net.au,278 141 1321
Cordie,Charlwood,Male,ccharlwood83@livejournal.com,886 496 8657
Lorrie,McDonnell,Female,lmcdonnell84@unc.edu,764 485 4190
Saw,Bordis,Male,sbordis85@godaddy.com,658 437 6633
Courtney,Maxsted,Female,cmaxsted86@who.int,193 855 5673
Margaux,Tranfield,Female,mtranfield87@about.com,169 857 7615
Omar,Bunner,Male,obunner88@gizmodo.com,959 164 1062
Anet,Farncomb,Female,afarncomb89@salon.com,978 108 8477
Tedie,Baukham,Male,tbaukham8a@google.cn,986 859 7657
Creight,Drayton,Male,cdrayton8b@senate.gov,720 768 8611
Ibby,Kliemann,Female,ikliemann8c@vimeo.com,470 677 9262
Kathy,Coldicott,Female,kcoldicott8d@blog.com,279 633 5376
Ulla,Klink,Agender,uklink8e@umich.edu,930 206 7857
Pernell,Stebbings,Male,pstebbings8f@cargocollective.com,377 760 0750
Dynah,Nelmes,Female,dnelmes8g@oaic.gov.au,499 163 8380
Clemmy,Vye,Female,cvye8h@guardian.co.uk,288 931 5665
Astra,McCaghan,Female,amccaghan8i@booking.com,767 213 8388
Ileana,Edwicker,Female,iedwicker8j@apple.com,277 584 3135
Gunner,Jagson,Male,gjagson8k@addthis.com,248 973 4192
Delphinia,Axton,Female,daxton8l@taobao.com,973 747 3511
Rriocard,Osipov,Male,rosipov8m@mit.edu,769 819 9921
Suellen,Scroyton,Female,sscroyton8n@addthis.com,716 478 6174
Odele,MacKay,Female,omackay8o@elegantthemes.com,419 956 8369
Jeremias,Redley,Male,jredley8p@who.int,457 405 2739
Karena,Hevner,Female,khevner8q@spiegel.de,505 414 8761
Violetta,MacDougall,Female,vmacdougall8r@alibaba.com,932 284 9266
Jeannette,Jelf,Female,jjelf8s@nsw.gov.au,894 883 4000
Vanna,Garrod,Female,vgarrod8t@ted.com,802 627 7214
Nichole,Mingaye,Female,nmingaye8u@businessinsider.com,216 367 5477
Tailor,Pampling,Male,tpampling8v@icio.us,583 148 2507
Edvard,Brothers,Male,ebrothers8w@printfriendly.com,848 419 7922
Leopold,Worvill,Male,lworvill8x@hp.com,595 255 2478
Amy,Meaker,Female,ameaker8y@seesaa.net,931 809 4025
Malina,Crabb,Female,mcrabb8z@squarespace.com,937 443 0799
Skipton,Casaccia,Male,scasaccia90@simplemachines.org,259 890 3864
Kippy,Mineghelli,Male,kmineghelli91@smh.com.au,750 854 7432
Annabell,Isaacson,Female,aisaacson92@thetimes.co.uk,914 196 5547
Fern,Tinson,Female,ftinson93@ibm.com,434 898 9734
Ariel,Callinan,Female,acallinan94@vimeo.com,857 587 1199
Tobiah,Ralphs,Male,tralphs95@dedecms.com,234 999 7457
Analiese,Troyes,Female,atroyes96@adobe.com,194 559 8101
Trev,Tooting,Male,ttooting97@yellowbook.com,231 442 9446
Roland,Prati,Male,rprati98@paginegialle.it,181 245 2231
Zsazsa,Gohn,Female,zgohn99@netlog.com,704 573 9638
Chelsey,Bolletti,Non-binary,cbolletti9a@w3.org,529 982 7305
Fee,Ceschini,Male,fceschini9b@latimes.com,672 763 1487
Thorndike,Eliet,Male,teliet9c@cornell.edu,849 139 4314
Henderson,Shorland,Male,hshorland9d@dot.gov,625 118 5057
Sauveur,Ablitt,Male,sablitt9e@linkedin.com,445 206 0168
Daffy,Snoxill,Female,dsnoxill9f@weibo.com,675 890 2524
Katrine,Dufaur,Female,kdufaur9g@biglobe.ne.jp,909 255 1741
Louella,Corrado,Female,lcorrado9h@alexa.com,499 860 0156
Erik,Lockie,Male,elockie9i@europa.eu,603 959 5036
Josy,Menel,Female,jmenel9j@sun.com,369 231 7250
Aksel,Colmore,Male,acolmore9k@microsoft.com,896 978 6232
Erasmus,Rowaszkiewicz,Male,erowaszkiewicz9l@unesco.org,898 841 3788
Lucian,Bortoletti,Male,lbortoletti9m@stumbleupon.com,284 379 0132
Cyndie,Gosford,Polygender,cgosford9n@china.com.cn,472 736 9368
Emmerich,Linkleter,Male,elinkleter9o@e-recht24.de,561 320 7918
Kaja,Morling,Female,kmorling9p@hexun.com,740 876 1107
Edie,Windas,Female,ewindas9q@ustream.tv,589 316 2132
Nolan,Borkett,Male,nborkett9r@newsvine.com,421 954 1789
Nelli,Softley,Female,nsoftley9s@ibm.com,267 757 3951
Say,McCarry,Male,smccarry9t@gnu.org,950 357 7487
Rolf,Venners,Male,rvenners9u@washingtonpost.com,745 777 9584
Stephana,Stallen,Female,sstallen9v@4shared.com,592 256 2193
Norbert,Westhofer,Male,nwesthofer9w@examiner.com,913 653 5565
Dennison,Spawton,Male,dspawton9x@a8.net,766 530 9177
Brewster,Kearley,Male,bkearley9y@sun.com,667 782 5298
Darell,Parrott,Bigender,dparrott9z@clickbank.net,640 421 7614
Micky,Wille,Agender,mwillea0@walmart.com,730 408 0035
Krystalle,Harvison,Female,kharvisona1@dropbox.com,322 946 4017
Tammy,Storkes,Male,tstorkesa2@moonfruit.com,225 467 8259
Algernon,Rozzell,Male,arozzella3@xing.com,469 836 2553
Sargent,Docharty,Male,sdochartya4@i2i.jp,497 457 1286
Sherrie,Richardot,Female,srichardota5@goo.ne.jp,687 280 4344
Mirabel,Di Franceschi,Agender,mdifranceschia6@blogspot.com,341 561 2604
Carlin,Lugden,Male,clugdena7@friendfeed.com,981 115 7186
Jud,Waiton,Male,jwaitona8@addtoany.com,312 558 2609
Julita,Asee,Female,jaseea9@arstechnica.com,838 702 0606
Matthieu,Lince,Male,mlinceaa@narod.ru,333 252 7561
Clemmie,Smitherham,Male,csmitherhamab@deliciousdays.com,721 482 4078
Richmond,Scrivens,Non-binary,rscrivensac@fema.gov,283 132 7019
Lonee,Bowmen,Genderfluid,lbowmenad@census.gov,778 832 9356
Deeyn,Iorizzi,Polygender,diorizziae@photobucket.com,794 589 5248
Rey,Codeman,Male,rcodemanaf@google.nl,800 323 2991
Ogden,Badcock,Male,obadcockag@tmall.com,949 826 7835
Bette,Greenroad,Female,bgreenroadah@networksolutions.com,766 998 7386
Faina,Houlahan,Female,fhoulahanai@dmoz.org,100 944 2599
Liz,Strattan,Female,lstrattanaj@cdc.gov,909 312 8356
Hermia,Budgen,Female,hbudgenak@answers.com,498 281 5078
Haze,Gigg,Male,hgiggal@constantcontact.com,548 244 1581
Somerset,Flower,Male,sfloweram@sakura.ne.jp,982 592 5103
Mordy,Wegman,Male,mwegmanan@homestead.com,275 830 4547
Shayne,Brik,Female,sbrikao@tumblr.com,750 103 0928
Sammie,Ellams,Male,sellamsap@people.com.cn,346 272 5992
Kristoforo,Zotto,Male,kzottoaq@google.pl,105 820 1587
Sharlene,Vanyatin,Female,svanyatinar@technorati.com,287 321 4575
Chane,Hovington,Male,chovingtonas@phoca.cz,278 417 1316
Lizbeth,Joney,Female,ljoneyat@msu.edu,940 994 6285
Doti,Lillford,Female,dlillfordau@go.com,438 441 2498
Charmian,Humphries,Female,chumphriesav@cyberchimps.com,973 129 3449
Effie,Kilcoyne,Female,ekilcoyneaw@samsung.com,264 410 3438
Geraldine,Kenninghan,Female,gkenninghanax@google.co.jp,267 158 6283
Weylin,Garland,Male,wgarlanday@ucoz.com,856 254 4981
Carrol,Argue,Male,cargueaz@jimdo.com,503 323 8104
Nathalia,Grishin,Female,ngrishinb0@hugedomains.com,507 514 6604
Riva,Rubert,Female,rrubertb1@blog.com,276 366 7854
Constantina,Whitlam,Female,cwhitlamb2@t-online.de,824 936 1673
Jennette,Brockest,Female,jbrockestb3@studiopress.com,451 243 9705
Loralyn,Brinklow,Female,lbrinklowb4@google.com,431 279 3060
Jodie,Magner,Bigender,jmagnerb5@loc.gov,876 864 2310
Efren,Pinchin,Genderfluid,epinchinb6@example.com,170 612 2276
Matthieu,Kassman,Male,mkassmanb7@indiatimes.com,115 834 3313
Billye,Sherar,Female,bsherarb8@wufoo.com,325 350 9791
Halli,Spicer,Female,hspicerb9@unc.edu,337 105 7069
Ceciley,Portch,Female,cportchba@tripod.com,496 475 2018
Cordell,Easlea,Polygender,ceasleabb@samsung.com,643 397 7081
Sammy,Winfield,Male,swinfieldbc@clickbank.net,369 354 6155
Bevon,Stoakes,Male,bstoakesbd@clickbank.net,183 157 8841
Annabelle,Dufaire,Female,adufairebe@skype.com,112 940 4196
Moria,De la Zenne,Female,mdelazennebf@noaa.gov,509 880 6860
Kerstin,Pinch,Female,kpinchbg@dyndns.org,552 162 9802
Granger,Fairn,Male,gfairnbh@domainmarket.com,738 614 4669
Kelly,Dickerline,Female,kdickerlinebi@paypal.com,910 322 1516
Mischa,Olner,Male,molnerbj@themeforest.net,132 931 9526
Orel,Malcolm,Female,omalcolmbk@bbb.org,474 808 6320
Jillana,Joiris,Female,jjoirisbl@stanford.edu,427 269 4983
Janina,Keymar,Female,jkeymarbm@unc.edu,660 198 7762
Alica,Hounsom,Female,ahounsombn@yelp.com,404 636 0370
Sophi,Iacovacci,Female,siacovaccibo@slate.com,149 431 1788
Edouard,Gebhardt,Male,egebhardtbp@cbc.ca,823 130 9124
Padget,Boutell,Male,pboutellbq@symantec.com,682 212 1812
Ole,Chaff,Male,ochaffbr@spiegel.de,277 662 9105
Lind,Gallamore,Male,lgallamorebs@fc2.com,911 248 4010
Dona,Fearick,Female,dfearickbt@nymag.com,405 816 9408
Sibylle,Mohamed,Female,smohamedbu@house.gov,949 253 8560
Marlo,Swaddle,Male,mswaddlebv@hc360.com,534 303 7883
Sanson,Jamblin,Male,sjamblinbw@tripod.com,404 814 8716
Beck,Densey,Male,bdenseybx@addthis.com,249 821 7677
Clyve,Lownsbrough,Male,clownsbroughby@springer.com,827 466 9425
Collette,Esmead,Female,cesmeadbz@stumbleupon.com,407 707 6252
Gayelord,Carefull,Male,gcarefullc0@flavors.me,732 540 7598
Cherianne,Brute,Female,cbrutec1@rakuten.co.jp,748 974 4659
Tallie,Haddow,Male,thaddowc2@github.com,191 646 8578
Amalie,Slatcher,Female,aslatcherc3@tumblr.com,214 554 5896
Rowan,Roberto,Male,rrobertoc4@ebay.co.uk,155 427 9043
Arlen,Summons,Male,asummonsc5@hibu.com,503 696 1850
Domenic,Dory,Male,ddoryc6@dmoz.org,780 210 7303
Crysta,Monini,Female,cmoninic7@wikipedia.org,308 136 7506
Chaddy,Bowdery,Male,cbowderyc8@sciencedirect.com,575 579 1582
Doralynn,Knotton,Agender,dknottonc9@psu.edu,137 324 1666
Beverley,Whitehair,Female,bwhitehairca@feedburner.com,310 195 8209
Esra,Westoff,Male,ewestoffcb@dedecms.com,625 288 6791
Kennan,Landy,Male,klandycc@a8.net,686 113 6334
Mozes,Brellin,Male,mbrellincd@google.com.br,579 541 4958
Royall,Perse,Genderqueer,rpersece@time.com,985 913 7257
Farlie,Hendrickson,Male,fhendricksoncf@google.com.br,471 226 4885
Deeann,Ickovicz,Female,dickoviczcg@nih.gov,124 271 6045
Harrison,Ashburner,Male,hashburnerch@webmd.com,968 357 4504
Tam,Fache,Non-binary,tfacheci@yellowbook.com,689 149 7098
Nomi,Rainville,Female,nrainvillecj@mlb.com,402 792 7810
Harp,Tilio,Male,htiliock@altervista.org,894 849 5954
Lisa,Yardy,Female,lyardycl@mapquest.com,682 882 0416
Almeda,Monson,Bigender,amonsoncm@lycos.com,271 247 1125
Ellen,Faire,Female,efairecn@facebook.com,761 930 0525
Giselle,Colebourne,Non-binary,gcolebourneco@elegantthemes.com,901 372 7051
Hiram,Hallihane,Male,hhallihanecp@cmu.edu,977 998 9357
Aimee,Gadsden,Female,agadsdencq@de.vu,779 138 8225
Barnaby,Whiteford,Male,bwhitefordcr@miibeian.gov.cn,564 539 2467
Felicdad,Aldam,Female,faldamcs@google.com.au,581 478 8685
Averil,Rosenblad,Male,arosenbladct@ucsd.edu,848 370 4688
Zachariah,Eaddy,Male,zeaddycu@ed.gov,877 843 2230
Cathie,Hinckes,Female,chinckescv@pagesperso-orange.fr,169 793 0522
Jo,Beadham,Male,jbeadhamcw@oracle.com,685 264 8259
Denys,Pfeffer,Agender,dpfeffercx@example.com,354 898 3971
Natalina,Gorman,Female,ngormancy@alibaba.com,125 800 1338
Brodie,MacQuaker,Male,bmacquakercz@youku.com,695 373 9673
Lynnea,Sarson,Female,lsarsond0@dailymotion.com,635 710 3822
Sid,Filkov,Male,sfilkovd1@soup.io,858 128 9622
Christen,Vlies,Polygender,cvliesd2@biglobe.ne.jp,670 851 0444
Gennifer,Konert,Female,gkonertd3@ed.gov,951 973 3518
Hew,Beneyto,Male,hbeneytod4@illinois.edu,253 851 3870
Olav,Buxey,Male,obuxeyd5@deviantart.com,519 345 2760
Lionello,Cammis,Male,lcammisd6@bluehost.com,440 558 9305
Aila,Fittall,Female,afittalld7@ning.com,390 792 3359
Euell,Gaylard,Male,egaylardd8@blogspot.com,300 601 9903
Pace,Wiltshier,Male,pwiltshierd9@hc360.com,251 981 9329
Addie,Ashe,Male,aasheda@behance.net,660 393 0646
Malorie,Langstrath,Female,mlangstrathdb@bluehost.com,277 319 7736
Emili,Bortolutti,Female,ebortoluttidc@whitehouse.gov,759 816 7837
Doris,Rearden,Female,dreardendd@t.co,307 147 7847
Elmore,Salthouse,Genderfluid,esalthousede@ucoz.ru,934 908 6540
Pepito,Booy,Male,pbooydf@mapquest.com,308 815 8070
Miltie,Hugenin,Male,mhugenindg@nps.gov,639 655 2006
Bink,Drayn,Male,bdrayndh@hp.com,770 369 8586
Darnall,Eouzan,Male,deouzandi@woothemes.com,536 735 1918
Kati,McColgan,Female,kmccolgandj@nyu.edu,283 833 7687
Crysta,Gerrit,Female,cgerritdk@epa.gov,388 320 8204
Fifi,Lintot,Female,flintotdl@ow.ly,232 663 2911
Ethelbert,Staveley,Male,estaveleydm@fc2.com,271 744 0585
Tandie,Scoles,Female,tscolesdn@seattletimes.com,577 212 6669
Tracie,Igo,Male,tigodo@businesswire.com,452 851 3477
Kayley,McCutcheon,Female,kmccutcheondp@ebay.co.uk,749 223 7210
Benedick,Mumby,Male,bmumbydq@tinypic.com,911 342 3298
Si,Balaam,Male,sbalaamdr@usda.gov,150 237 9481
Maxine,Weldrick,Female,mweldrickds@webeden.co.uk,510 146 4637
Tracey,Levey,Agender,tleveydt@xing.com,855 662 2338
Laura,Machon,Non-binary,lmachondu@princeton.edu,417 313 6214
Isabelle,Lorroway,Female,ilorrowaydv@a8.net,432 460 2645
Clarice,Clayworth,Genderfluid,cclayworthdw@plala.or.jp,457 758 2729
Leupold,Gisburne,Male,lgisburnedx@mapquest.com,196 370 8985
Genovera,Beebe,Female,gbeebedy@addthis.com,796 112 1026
Winfield,Skoughman,Male,wskoughmandz@sohu.com,142 386 9118
Madelle,Elgar,Genderqueer,melgare0@princeton.edu,605 643 8017
Helge,Willder,Female,hwilldere1@guardian.co.uk,792 150 5522
Cami,Grcic,Bigender,cgrcice2@tmall.com,705 593 4133
Sam,Lennarde,Male,slennardee3@google.co.uk,707 636 1000
Del,Worton,Genderqueer,dwortone4@cdbaby.com,187 142 8721
Tan,Give,Male,tgivee5@1und1.de,655 859 4203
Francisca,Kerfoot,Female,fkerfoote6@alexa.com,980 422 0136
Jamesy,Kopke,Male,jkopkee7@si.edu,454 803 2640
Susan,Smallcombe,Female,ssmallcombee8@facebook.com,167 326 4396
Lionello,Maken,Male,lmakene9@alexa.com,770 924 1270
Lorinda,Letchmore,Agender,lletchmoreea@walmart.com,985 276 0261
Annaliese,Darlow,Female,adarloweb@topsy.com,614 847 1185
Gilbert,Birchill,Male,gbirchillec@indiegogo.com,732 761 5815
Catarina,Pregal,Female,cpregaled@jugem.jp,289 359 1271
Salmon,MacGill,Male,smacgillee@flavors.me,612 323 3222
Cecilio,Hairyes,Male,chairyesef@icq.com,130 389 4284
Keslie,O'Conor,Female,koconoreg@sohu.com,416 965 2686
Edin,Sandars,Genderqueer,esandarseh@macromedia.com,263 305 7589
Amanda,Cotty,Bigender,acottyei@1und1.de,191 389 2395
Agosto,Bussey,Male,abusseyej@loc.gov,595 756 6948
Irita,Lunge,Genderfluid,ilungeek@toplist.cz,351 502 6202
Margarette,Badwick,Female,mbadwickel@walmart.com,103 773 2293
Hadley,O'Lochan,Genderfluid,holochanem@blogs.com,611 920 8032
Wes,Bartoshevich,Male,wbartoshevichen@wisc.edu,713 633 8924
Panchito,Sallis,Male,psalliseo@ihg.com,293 160 3270
Ganny,Queen,Polygender,gqueenep@jugem.jp,607 245 7260
Gaylord,Baldacchi,Male,gbaldacchieq@g.co,321 766 8691
Dicky,Girod,Male,dgiroder@cbsnews.com,565 596 6306
Bendite,Buckland,Female,bbucklandes@smugmug.com,408 875 1697
Benedict,Bowers,Male,bbowerset@blogtalkradio.com,847 976 8425
Eddy,Dallinder,Male,edallindereu@europa.eu,910 514 4629
Torry,McCrossan,Male,tmccrossanev@discovery.com,477 782 0474
Blanca,Fawks,Female,bfawksew@wikipedia.org,963 590 6352
Jackqueline,Capelow,Female,jcapelowex@unicef.org,261 336 1761
Maren,Sotworth,Female,msotworthey@miibeian.gov.cn,910 579 2873
Annamaria,Geeves,Female,ageevesez@exblog.jp,399 547 9771
Grady,Laterza,Male,glaterzaf0@latimes.com,770 422 7831
Meir,Deroche,Male,mderochef1@nih.gov,476 767 7290
Ezekiel,Moseley,Male,emoseleyf2@mit.edu,671 879 2689
Orazio,Bitcheno,Male,obitchenof3@vkontakte.ru,766 430 5002
Harcourt,Tart,Male,htartf4@sphinn.com,545 389 9780
Franchot,Ellams,Male,fellamsf5@cyberchimps.com,114 559 8887
Davon,Schouthede,Agender,dschouthedef6@google.com.hk,575 896 4294
Aubrey,Pallant,Genderqueer,apallantf7@mysql.com,501 404 2831
Chelsea,D'Abbot-Doyle,Female,cdabbotdoylef8@guardian.co.uk,754 469 7330
Brannon,Liebermann,Male,bliebermannf9@slashdot.org,115 208 6365
Geraldine,Skelhorn,Female,gskelhornfa@wikimedia.org,480 200 2863
Grantley,Finneran,Male,gfinneranfb@sphinn.com,540 647 9247
Cecile,Keets,Female,ckeetsfc@last.fm,600 348 5759
Delores,Couve,Female,dcouvefd@amazonaws.com,583 969 8962
Dorotea,Rickets,Female,dricketsfe@vimeo.com,322 298 3795
Bonni,Chesman,Female,bchesmanff@ovh.net,108 735 4301
Port,Omar,Male,pomarfg@ft.com,372 690 3903
Edin,Wolters,Female,ewoltersfh@vk.com,904 324 1019
Carena,Northage,Female,cnorthagefi@addtoany.com,839 140 4357
Stavro,Delacroux,Male,sdelacrouxfj@dot.gov,694 335 4506
Konstantine,Garces,Male,kgarcesfk@cmu.edu,949 349 1674
Elena,Finnigan,Genderfluid,efinniganfl@instagram.com,445 379 9793
Madalena,Barti,Female,mbartifm@liveinternet.ru,851 762 4390
Marj,Lindeberg,Female,mlindebergfn@meetup.com,854 825 8118
Juline,Loftie,Female,jloftiefo@youtu.be,422 675 6031
Wolf,Scopham,Male,wscophamfp@wisc.edu,529 222 4037
Tedman,Hutchason,Male,thutchasonfq@mlb.com,852 768 6890
Shena,Caris,Female,scarisfr@dot.gov,712 141 7287
Stanislaus,Scrowton,Male,sscrowtonfs@jimdo.com,189 962 8886
Keven,Van Driel,Male,kvandrielft@yahoo.com,607 461 7437
Webb,Stailey,Male,wstaileyfu@geocities.com,207 920 5033
Andreas,Burghill,Male,aburghillfv@qq.com,823 194 9638
Arley,Zienkiewicz,Male,azienkiewiczfw@deviantart.com,499 898 8625
Antoine,Horsley,Genderqueer,ahorsleyfx@prnewswire.com,456 320 8221
Andre,Nurdin,Male,anurdinfy@1688.com,353 321 8887
Jamil,Buxam,Male,jbuxamfz@comsenz.com,932 305 0507
Rochell,McNally,Female,rmcnallyg0@theglobeandmail.com,758 631 3093
Brendon,Withur,Male,bwithurg1@theglobeandmail.com,642 871 4801
Angel,Bedbrough,Male,abedbroughg2@so-net.ne.jp,991 596 4734
Norton,Collishaw,Male,ncollishawg3@indiatimes.com,557 855 4800
Hayyim,Giller,Male,hgillerg4@usatoday.com,276 213 2273
Meg,O'Carran,Female,mocarrang5@arstechnica.com,121 290 0428
Veriee,Coster,Female,vcosterg6@bigcartel.com,794 152 3740
Monika,Swinbourne,Female,mswinbourneg7@123-reg.co.uk,718 817 8566
Larisa,Sweed,Female,lsweedg8@washingtonpost.com,586 902 8867
Seth,Caw,Polygender,scawg9@ustream.tv,770 955 3292
Pernell,Wimlett,Male,pwimlettga@aol.com,570 686 2797
Whitney,Cocher,Genderqueer,wcochergb@rakuten.co.jp,962 465 4959
Early,O'Kelly,Male,eokellygc@msn.com,635 359 3065
Kipper,Earpe,Male,kearpegd@timesonline.co.uk,839 594 1434
Cazzie,Ledley,Male,cledleyge@wsj.com,841 746 1927
Peder,Hampstead,Male,phampsteadgf@yellowbook.com,950 504 1338
Bennie,Klimushev,Male,bklimushevgg@arizona.edu,640 776 7990
Maxim,Angear,Male,mangeargh@mac.com,577 299 6882
Lyssa,Olin,Female,lolingi@ibm.com,869 813 9522
Sigfrid,Hollingsbee,Male,shollingsbeegj@ucoz.ru,127 452 3888
Dalia,Kobierra,Female,dkobierragk@phpbb.com,213 359 1757
Ignatius,Haggis,Male,ihaggisgl@opensource.org,398 234 7254
Keary,Dennick,Male,kdennickgm@tiny.cc,111 872 4421
Valentijn,Rozalski,Male,vrozalskign@youtube.com,370 748 4501
Francoise,Lamps,Female,flampsgo@auda.org.au,998 226 0408
Ellary,Mullinger,Agender,emullingergp@uol.com.br,799 404 1064
Rachele,Jelf,Female,rjelfgq@nps.gov,935 483 3166
Georgine,Cruces,Female,gcrucesgr@ocn.ne.jp,986 837 1571
Eward,Di Giacomo,Male,edigiacomogs@ox.ac.uk,641 892 4607
Billie,Seckom,Male,bseckomgt@51.la,252 552 8227
Tiffie,Murfill,Female,tmurfillgu@tamu.edu,247 892 4774
Paulie,De Roos,Male,pderoosgv@vkontakte.ru,318 132 7223
Nonie,Tesdale,Female,ntesdalegw@blogspot.com,333 363 9307
Malachi,O'Docherty,Male,modochertygx@reverbnation.com,678 619 4387
Hyacinthe,Macconaghy,Female,hmacconaghygy@auda.org.au,679 931 0815
Sheri,Harnott,Female,sharnottgz@si.edu,788 139 9157
Nikaniki,Platfoot,Female,nplatfooth0@theguardian.com,884 664 9498
Gonzales,Yuill,Male,gyuillh1@ow.ly,241 710 4781
Heinrik,Gilfoyle,Male,hgilfoyleh2@fema.gov,360 167 5132
Ash,Heskins,Male,aheskinsh3@devhub.com,677 261 2507
Ted,Sellick,Male,tsellickh4@yale.edu,829 272 3577
Lenna,Aidler,Female,laidlerh5@boston.com,245 557 3353
Gabi,Torre,Female,gtorreh6@trellian.com,252 169 7643
Arny,Dallemore,Male,adallemoreh7@storify.com,507 125 8067
Lombard,Elt,Male,lelth8@technorati.com,605 753 5363
Gracia,Bus,Bigender,gbush9@ihg.com,547 279 6972
Brew,Maryan,Male,bmaryanha@webmd.com,785 406 4239
Bengt,Ianno,Male,biannohb@comcast.net,800 279 7972
Valentina,Sewart,Female,vsewarthc@delicious.com,368 288 1141
Nicola,Steaning,Non-binary,nsteaninghd@ed.gov,839 546 3275
Antonin,Peoples,Male,apeopleshe@prnewswire.com,549 768 4015
Ulrica,Weaben,Female,uweabenhf@army.mil,468 298 8152
Georgeanna,Aldwich,Female,galdwichhg@twitter.com,717 753 3478
Lucila,Fairbrass,Genderqueer,lfairbrasshh@wikipedia.org,256 184 0401
Muffin,Lindeboom,Female,mlindeboomhi@sciencedaily.com,104 723 3759
Saundra,Nineham,Male,sninehamhj@go.com,335 799 4714
Torr,Vince,Male,tvincehk@shinystat.com,604 941 2434
Bibby,Spurden,Female,bspurdenhl@sina.com.cn,386 814 4116
Vincents,Beadnall,Male,vbeadnallhm@sogou.com,477 354 9889
Emerson,Sarrell,Male,esarrellhn@arstechnica.com,577 230 1109
Hanson,Maple,Male,hmapleho@blog.com,371 870 9482
Gregoire,Yarn,Male,gyarnhp@lulu.com,506 978 6764
Nyssa,Thomassin,Female,nthomassinhq@blogtalkradio.com,218 645 8006
Ed,Legendre,Polygender,elegendrehr@xing.com,120 874 5766
Jordon,Philipeaux,Male,jphilipeauxhs@reference.com,913 592 1983
Didi,Giorgetti,Female,dgiorgettiht@addthis.com,428 502 5595
Linet,Barltrop,Female,lbarltrophu@cocolog-nifty.com,329 338 3888
Batsheva,Evason,Female,bevasonhv@geocities.com,589 638 6548
Forrester,Blatcher,Male,fblatcherhw@cdc.gov,871 163 3912
Ansel,Quinevan,Male,aquinevanhx@usgs.gov,865 281 7138
Angel,Norval,Female,anorvalhy@examiner.com,364 296 9390
Ashlee,Dymick,Female,adymickhz@1und1.de,303 947 6656
Griswold,Abade,Male,gabadei0@adobe.com,577 702 9165
Dennet,Matteacci,Male,dmatteaccii1@cdc.gov,892 897 6811
Aidan,Ancliffe,Female,aancliffei2@acquirethisname.com,801 225 3896
Darrick,Magor,Male,dmagori3@blog.com,281 361 1883
Ondrea,Khomin,Female,okhomini4@uol.com.br,995 425 3273
Rosene,Denman,Polygender,rdenmani5@twitpic.com,823 578 4143
Celia,Waitland,Female,cwaitlandi6@independent.co.uk,954 132 2503
Dari,Placide,Polygender,dplacidei7@mapquest.com,348 443 9643
Terri,Moodie,Female,tmoodiei8@noaa.gov,561 208 8139
Etan,Erwin,Male,eerwini9@skyrock.com,117 815 6675
Tommie,De Pietri,Male,tdepietriia@mapy.cz,781 772 9131
Jeanine,Skirrow,Female,jskirrowib@google.co.jp,813 540 7243
Tootsie,Stapells,Female,tstapellsic@blogtalkradio.com,499 978 2865
Nicolette,Davers,Female,ndaversid@reference.com,461 378 7055
Corine,Linstead,Female,clinsteadie@theatlantic.com,938 905 8819
Jo ann,Pietrowicz,Female,jpietrowiczif@ovh.net,266 652 7307
Nichole,Goldster,Female,ngoldsterig@edublogs.org,798 304 9034
Josy,Marquet,Female,jmarquetih@clickbank.net,702 482 5450
Daisi,Norrey,Female,dnorreyii@aol.com,734 455 7922
Correna,Tudball,Female,ctudballij@home.pl,992 823 7882
Inga,Viggars,Bigender,iviggarsik@google.co.uk,757 487 4968
Mic,Kitt,Male,mkittil@house.gov,610 719 5870
Sibel,Oliveras,Female,soliverasim@wikimedia.org,398 697 3217
Rorke,Grenshields,Male,rgrenshieldsin@pagesperso-orange.fr,387 402 4886
Tanny,Sturrock,Male,tsturrockio@godaddy.com,132 352 9089
Denny,Redparth,Female,dredparthip@unc.edu,282 206 8465
Leslie,Woodward,Male,lwoodwardiq@ucla.edu,422 428 6612
Caesar,Punton,Agender,cpuntonir@dell.com,235 308 5936
Jeth,Kiossel,Male,jkiosselis@diigo.com,921 182 6126
Gabbi,McAughtrie,Female,gmcaughtrieit@wikispaces.com,435 267 1810
Anallese,Showell,Female,ashowelliu@cargocollective.com,663 802 6216
Jonas,Gerrit,Male,jgerritiv@symantec.com,248 628 8637
Doris,Sigart,Female,dsigartiw@mayoclinic.com,205 145 2291
Cassondra,Briscoe,Female,cbriscoeix@creativecommons.org,222 548 2771
Rhianon,Muxworthy,Bigender,rmuxworthyiy@canalblog.com,826 528 1500
Francyne,Toothill,Female,ftoothilliz@sciencedirect.com,975 836 6927
Sabina,Stooke,Polygender,sstookej0@mtv.com,749 964 5619
Dori,Cuddehy,Polygender,dcuddehyj1@state.tx.us,110 721 6190
Ignaz,Taylerson,Male,itaylersonj2@smugmug.com,274 658 0009
Benedikta,Burling,Female,bburlingj3@patch.com,962 661 1581
Janene,Esherwood,Female,jesherwoodj4@360.cn,957 783 4586
Ramona,Davenhall,Female,rdavenhallj5@soup.io,680 701 5517
Mayer,Baltrushaitis,Male,mbaltrushaitisj6@cnbc.com,313 506 2926
Tom,Bing,Male,tbingj7@hud.gov,395 136 5705
Lira,Conradie,Female,lconradiej8@parallels.com,901 190 0517
Xever,Ridgley,Male,xridgleyj9@google.co.jp,936 361 8141
Cyril,Yearsley,Male,cyearsleyja@hexun.com,455 679 0861
Melisent,Querrard,Female,mquerrardjb@ihg.com,859 535 4483
Darryl,Symon,Female,dsymonjc@craigslist.org,539 176 1870
Barri,Akid,Male,bakidjd@forbes.com,229 390 3726
Marj,Greader,Female,mgreaderje@tmall.com,864 453 1948
Beverly,Minshull,Female,bminshulljf@constantcontact.com,431 857 8131
Sasha,Klima,Male,sklimajg@wufoo.com,757 473 2788
Mil,Dewing,Female,mdewingjh@harvard.edu,567 150 9310
Lorrie,Lapree,Male,llapreeji@sphinn.com,133 241 2158
Livvyy,Wilbraham,Female,lwilbrahamjj@blogspot.com,415 975 5367
Wash,Pigrome,Male,wpigromejk@jugem.jp,533 827 5810
Peria,Brient,Female,pbrientjl@rambler.ru,774 671 7937
Jayson,Hegg,Male,jheggjm@vk.com,704 420 8825
Joshia,Ardy,Male,jardyjn@barnesandnoble.com,342 763 6610
Hubey,Douglass,Male,hdouglassjo@edublogs.org,593 370 9774
Shelton,Airton,Male,sairtonjp@flickr.com,792 256 9355
Constantin,Dufer,Male,cduferjq@arstechnica.com,659 406 4154
Viki,Gauche,Female,vgauchejr@mapy.cz,159 788 6860
Waylon,Mapowder,Male,wmapowderjs@linkedin.com,670 701 9842
Tobit,Rupprecht,Male,trupprechtjt@shinystat.com,325 427 8269
Wolf,Riddiough,Male,wriddioughju@arstechnica.com,227 222 1194
Kirby,Cham,Male,kchamjv@mapquest.com,472 828 8348
Faith,Eggleston,Female,fegglestonjw@spotify.com,344 436 4120
Goldarina,Borzoni,Female,gborzonijx@bluehost.com,160 434 4600
Addie,Aronov,Female,aaronovjy@pinterest.com,951 248 0962
Ronalda,Whiteson,Female,rwhitesonjz@apple.com,648 942 5078
Karlan,Simonou,Male,ksimonouk0@last.fm,736 993 3786
Diane-marie,Sellan,Non-binary,dsellank1@tuttocitta.it,909 784 8825
Tanya,Phear,Female,tpheark2@utexas.edu,299 779 8454
Godiva,Flanaghan,Female,gflanaghank3@list-manage.com,834 624 7960
Aleda,Giddings,Female,agiddingsk4@clickbank.net,198 297 5956
Shanta,Fierman,Female,sfiermank5@amazonaws.com,614 642 7362
Arnold,Phare,Genderfluid,apharek6@eventbrite.com,785 516 7243
Esteban,Quick,Male,equickk7@homestead.com,148 710 4768
Edlin,Dawtre,Male,edawtrek8@illinois.edu,616 461 7350
Reyna,Audsley,Female,raudsleyk9@icq.com,381 720 6400
Brooke,Cranage,Male,bcranageka@rediff.com,509 862 3422
Anthony,Roper,Male,aroperkb@engadget.com,879 435 9698
Earl,Roubert,Male,eroubertkc@discovery.com,573 353 4970
Kitti,Broom,Female,kbroomkd@aol.com,397 263 7668
Leanna,Halfpenny,Female,lhalfpennyke@spiegel.de,196 372 8497
Missie,Ellyatt,Female,mellyattkf@nasa.gov,435 450 9503
Emlen,Wetherell,Male,ewetherellkg@phpbb.com,450 231 0371
Petronille,Goodee,Female,pgoodeekh@blogspot.com,983 675 6849
Selle,MacNamee,Female,smacnameeki@wordpress.com,240 614 7604
Oralle,Slowan,Female,oslowankj@cargocollective.com,954 163 1175
Jeffry,Fibbens,Non-binary,jfibbenskk@wiley.com,313 458 5686
Jeralee,Gallemore,Genderfluid,jgallemorekl@live.com,928 341 3592
Howey,Jahndel,Bigender,hjahndelkm@domainmarket.com,869 565 3139
Modesty,Wooles,Female,mwooleskn@clickbank.net,859 298 5469
Lamont,de Najera,Male,ldenajerako@nymag.com,825 143 4636
Robbie,Kampshell,Male,rkampshellkp@example.com,433 887 8170
Donny,Kelsow,Male,dkelsowkq@g.co,592 580 9851
Esmeralda,Muris,Female,emuriskr@huffingtonpost.com,148 611 3541
Chryste,Campey,Female,ccampeyks@list-manage.com,773 929 5871
Gladys,Forrestill,Female,gforrestillkt@geocities.jp,469 437 6859
Max,Jamot,Polygender,mjamotku@joomla.org,786 637 2996
Sol,Bukac,Male,sbukackv@vkontakte.ru,225 548 4475
Ariadne,Bengtson,Female,abengtsonkw@fda.gov,567 746 5520
Templeton,Lindenfeld,Male,tlindenfeldkx@addtoany.com,961 171 0018
Delinda,Showen,Female,dshowenky@nbcnews.com,578 477 1952
Donielle,Cancelier,Female,dcancelierkz@va.gov,620 380 8936
Klement,Klesl,Male,kklesll0@accuweather.com,487 763 5315
Atlante,Hryniewicz,Female,ahryniewiczl1@cafepress.com,319 966 4316
Misty,Mazella,Female,mmazellal2@meetup.com,727 904 1359
Lindy,Westlake,Male,lwestlakel3@diigo.com,805 220 5515
Charita,Worts,Female,cwortsl4@cocolog-nifty.com,809 264 6570
Fritz,Drains,Male,fdrainsl5@wikispaces.com,387 604 5000
Lory,Webster,Female,lwebsterl6@omniture.com,651 639 5325
Leonhard,Josefs,Male,ljosefsl7@java.com,813 840 6051
Claudetta,Manketell,Female,cmanketelll8@ted.com,626 836 8905
Iolande,Middlemiss,Female,imiddlemissl9@ed.gov,801 465 2548
Rosalie,Gilhooley,Female,rgilhooleyla@163.com,118 834 9129
Michel,Rawsthorne,Female,mrawsthornelb@amazon.co.jp,741 712 0081
Vic,Tenby,Polygender,vtenbylc@wix.com,940 814 4288
Kora,Molineux,Female,kmolineuxld@tripadvisor.com,950 901 3480
Krystal,Clegg,Agender,kcleggle@ucoz.com,255 155 3191
Carney,Skippings,Polygender,cskippingslf@gmpg.org,955 937 6798
Trish,Carnegy,Female,tcarnegylg@geocities.jp,185 191 0347
Rosalynd,Silverthorn,Female,rsilverthornlh@squarespace.com,658 485 7545
Blake,Jeff,Female,bjeffli@ehow.com,371 698 3173
Geralda,Grassick,Female,ggrassicklj@google.com.br,305 106 0963
Tuesday,Mathelin,Female,tmathelinlk@yale.edu,820 388 9150
Anson,Prando,Bigender,aprandoll@t.co,299 795 4579
Devland,Newlands,Male,dnewlandslm@e-recht24.de,208 515 8802
Udale,Simecek,Male,usimecekln@bing.com,468 556 3327
Ketti,Sedgwick,Non-binary,ksedgwicklo@ovh.net,260 578 3239
Sheba,Chasson,Female,schassonlp@alibaba.com,918 880 9703
Gina,Yitshak,Female,gyitshaklq@amazon.co.jp,484 564 5292
Sonni,Morot,Female,smorotlr@livejournal.com,314 905 6987
Porter,Ruslinge,Male,pruslingels@comsenz.com,261 351 5504
Jacinta,Mouth,Female,jmouthlt@apache.org,834 325 6374
Wakefield,Banasik,Male,wbanasiklu@intel.com,461 547 7825
Tonie,Downs,Female,tdownslv@google.cn,809 883 9114
Rolph,Phlippsen,Bigender,rphlippsenlw@spiegel.de,947 545 2829
Jasmin,Critten,Genderfluid,jcrittenlx@shutterfly.com,930 103 1659
Abramo,Blowfelde,Male,ablowfeldely@msn.com,148 548 3303
Ortensia,Newhouse,Female,onewhouselz@about.me,525 956 8879
Bibby,Acedo,Female,bacedom0@illinois.edu,164 945 6314
Laurens,Dagg,Male,ldaggm1@bluehost.com,408 962 6369
Sybyl,Comini,Female,scominim2@webeden.co.uk,466 522 0829
Pace,Stayt,Male,pstaytm3@godaddy.com,913 791 5433
Cory,Bullar,Female,cbullarm4@yellowbook.com,823 231 3334
Erhart,Twiggins,Male,etwigginsm5@stanford.edu,461 676 8606
Huey,Beilby,Male,hbeilbym6@eepurl.com,943 929 8130
Junette,covino,Agender,jcovinom7@gravatar.com,918 531 8001
Chrystal,Giron,Female,cgironm8@samsung.com,800 419 5558
Susanna,Ahlin,Female,sahlinm9@liveinternet.ru,234 939 8102
Gnni,Saffin,Female,gsaffinma@feedburner.com,148 297 7665
Kerri,Bogie,Female,kbogiemb@bbb.org,526 373 4788
Agretha,Irnys,Female,airnysmc@tripadvisor.com,908 986 1236
Christophe,Lackham,Male,clackhammd@buzzfeed.com,435 221 3781
Pail,Knellen,Male,pknellenme@bravesites.com,446 105 8069
Gearard,Nawton,Male,gnawtonmf@java.com,403 813 2213
Franchot,Mccaull,Male,fmccaullmg@wikimedia.org,958 684 0230
Ingemar,Tinham,Male,itinhammh@independent.co.uk,643 953 7285
Aloysius,Fardo,Male,afardomi@bigcartel.com,869 963 4705
Regine,Barnfield,Female,rbarnfieldmj@comsenz.com,878 506 9067
Bronson,Kencott,Male,bkencottmk@technorati.com,835 476 4193
Selle,Alphege,Female,salphegeml@washingtonpost.com,167 208 9841
Broderic,Drewry,Male,bdrewrymm@psu.edu,717 748 6895
Morgen,Ferretti,Male,mferrettimn@nymag.com,571 158 5292
Torin,Macrae,Male,tmacraemo@economist.com,194 750 1183
Benedetto,Lorand,Genderqueer,blorandmp@samsung.com,421 354 5015
Ingaborg,Gormley,Female,igormleymq@craigslist.org,408 788 2523
Farlay,Prestie,Male,fprestiemr@networkadvertising.org,277 804 0401
Lamond,Cooksley,Male,lcooksleyms@instagram.com,587 335 1850
Tad,Duggary,Male,tduggarymt@si.edu,314 548 2942
Katharyn,Erni,Female,kernimu@nhs.uk,341 628 0013
Bryce,Stileman,Male,bstilemanmv@skyrock.com,207 653 1528
Leyla,Riden,Female,lridenmw@webmd.com,474 474 9994
Tammy,Cowey,Male,tcoweymx@nba.com,842 113 5078
Binny,Dowzell,Female,bdowzellmy@sitemeter.com,243 878 4572
Jase,Caunter,Male,jcauntermz@phoca.cz,561 899 3527
Aurora,Bewsy,Female,abewsyn0@taobao.com,781 801 9282
Austin,Over,Male,aovern1@goo.ne.jp,539 468 7380
Aryn,O'Nions,Female,aonionsn2@senate.gov,884 738 8533
Stacy,Omond,Male,somondn3@mtv.com,639 299 6452
Nolie,Cattrell,Genderfluid,ncattrelln4@flavors.me,552 416 7689
Mendel,Junes,Male,mjunesn5@dropbox.com,689 793 6909
Cornell,Sambedge,Male,csambedgen6@dailymotion.com,909 437 9781
Geralda,Gregolin,Female,ggregolinn7@de.vu,404 531 9241
Lev,Cahan,Male,lcahann8@adobe.com,364 790 5533
Candis,Tilling,Female,ctillingn9@123-reg.co.uk,729 799 9124
Roland,Shaul,Male,rshaulna@paypal.com,776 653 7166
Alexandros,Freire,Male,afreirenb@wikispaces.com,764 723 7702
Powell,Kermode,Male,pkermodenc@ning.com,292 322 8981
Nellie,Postle,Female,npostlend@godaddy.com,833 305 7240
Erminia,Gatheridge,Female,egatheridgene@blogspot.com,468 645 7697
Hatty,Madgin,Female,hmadginnf@harvard.edu,228 778 4305
Isa,Shortt,Male,ishorttng@geocities.jp,229 573 5611
Nappie,Speachley,Male,nspeachleynh@weather.com,941 449 8605
Ransom,Twelftree,Male,rtwelftreeni@nhs.uk,114 685 6623
Ronica,Stanex,Female,rstanexnj@guardian.co.uk,970 359 3672
Ralina,Fancett,Polygender,rfancettnk@sciencedirect.com,857 670 0243
Dionis,Andresser,Female,dandressernl@npr.org,517 773 0934
Orrin,Mogford,Male,omogfordnm@altervista.org,408 861 0734
Dominick,Rosenberg,Male,drosenbergnn@wired.com,209 262 0020
Phoebe,McKnockiter,Female,pmcknockiterno@cbslocal.com,528 194 6979
Mead,Gerhold,Male,mgerholdnp@shinystat.com,945 798 4589
Flossy,Rolfs,Female,frolfsnq@blogs.com,903 818 9335
Flossy,Wigelsworth,Female,fwigelsworthnr@shutterfly.com,976 300 0572
Emanuele,Vernall,Male,evernallns@abc.net.au,765 892 3714
Valli,Kettleson,Female,vkettlesonnt@cargocollective.com,187 257 7351
Allsun,Truckett,Female,atruckettnu@cam.ac.uk,217 741 7546
Joletta,Mucklo,Female,jmucklonv@spiegel.de,348 350 9228
Vilhelmina,Smalles,Female,vsmallesnw@state.gov,668 835 0599
Byron,Helversen,Male,bhelversennx@ning.com,583 208 3831
Natasha,Clausen,Female,nclausenny@smugmug.com,678 266 9346
Bronny,Pooley,Male,bpooleynz@istockphoto.com,336 905 4342
Shanda,Cobleigh,Genderqueer,scobleigho0@booking.com,128 838 2536
Lyndy,McKane,Female,lmckaneo1@japanpost.jp,472 334 1027
Andreana,Freshwater,Female,afreshwatero2@youtu.be,309 173 3420
Janela,Petofi,Female,jpetofio3@squidoo.com,535 368 6505
Zorina,Bolus,Female,zboluso4@princeton.edu,561 352 3858
Brana,Pendrigh,Genderqueer,bpendrigho5@berkeley.edu,369 658 1132
Adair,De Fries,Male,adefrieso6@sohu.com,516 922 5767
Meg,Victory,Female,mvictoryo7@ezinearticles.com,341 751 3838
Khalil,Desborough,Male,kdesborougho8@ebay.co.uk,130 670 2650
Amandi,Bartoszewski,Female,abartoszewskio9@ifeng.com,124 893 7748
Kath,Grigorini,Female,kgrigorinioa@mapquest.com,528 835 2410
Krishnah,Hargerie,Polygender,khargerieob@meetup.com,883 603 2475
Tye,Hellsdon,Male,thellsdonoc@intel.com,776 971 5397
Karlis,Venable,Male,kvenableod@sphinn.com,375 822 6134
Lindy,Padley,Female,lpadleyoe@house.gov,317 132 2397
Dari,Gubbins,Female,dgubbinsof@google.pl,347 687 1259
Miltie,Turk,Male,mturkog@drupal.org,353 591 7251
Garek,Hallgate,Male,ghallgateoh@telegraph.co.uk,505 647 0265
Thaddus,Evamy,Male,tevamyoi@sina.com.cn,266 431 8777
Alexandro,Paslow,Male,apaslowoj@aol.com,501 272 1972
Roobbie,Dmiterko,Female,rdmiterkook@over-blog.com,450 845 2877
Barbie,Meric,Female,bmericol@craigslist.org,310 560 0597
Robinson,Tollett,Male,rtollettom@mail.ru,589 552 7370
Kaila,Gravet,Female,kgraveton@japanpost.jp,331 475 4104
Celisse,Killoran,Female,ckilloranoo@cbc.ca,332 301 3008
Johny,Trickett,Male,jtrickettop@constantcontact.com,395 766 2427
Park,Bowerbank,Male,pbowerbankoq@youtu.be,448 220 8800
Jessamyn,Videan,Female,jvideanor@reuters.com,841 402 7188
Renee,Fantham,Female,rfanthamos@flavors.me,380 941 4663
Heinrick,Mc Harg,Male,hmchargot@mayoclinic.com,767 594 6321
Haze,Dugmore,Male,hdugmoreou@squarespace.com,881 245 6990
Keane,Mewburn,Male,kmewburnov@booking.com,548 953 0873
Teodoro,Oldroyde,Male,toldroydeow@nyu.edu,953 776 0320
Michale,Goggin,Male,mgogginox@hp.com,713 771 5587
Ellen,Benns,Female,ebennsoy@live.com,469 175 8685
Skipton,Vaughn,Male,svaughnoz@i2i.jp,600 925 7544
Cordie,Dwerryhouse,Genderqueer,cdwerryhousep0@vk.com,464 151 7997
Idaline,Kennerknecht,Bigender,ikennerknechtp1@yale.edu,752 140 7016
Agnese,Royle,Female,aroylep2@slate.com,816 284 1186
Willis,Le Provest,Male,wleprovestp3@cargocollective.com,819 878 2371
Jacinta,Spikings,Female,jspikingsp4@domainmarket.com,526 323 3113
Jose,Larcier,Male,jlarcierp5@java.com,800 868 0292
Cully,Ferraresi,Male,cferraresip6@pen.io,339 575 3901
Thorn,Biffin,Male,tbiffinp7@tripod.com,685 103 9113
Jennette,Turneux,Female,jturneuxp8@discovery.com,517 727 5761
Boniface,Nutkin,Male,bnutkinp9@reddit.com,231 727 6037
Igor,Kirkness,Male,ikirknesspa@eventbrite.com,940 466 0494
Stillmann,Crickmoor,Male,scrickmoorpb@ovh.net,529 304 4164
Teddi,Woollaston,Female,twoollastonpc@census.gov,940 701 3318
Bertram,Lumb,Male,blumbpd@macromedia.com,472 394 2387
Lonee,McCarlich,Female,lmccarlichpe@booking.com,759 923 1773
Justino,Stewart,Non-binary,jstewartpf@artisteer.com,527 808 0533
Violette,Allwright,Female,vallwrightpg@lycos.com,436 355 0512
Alyson,Skewes,Female,askewesph@bravesites.com,181 670 1951
Wainwright,Scrimshire,Male,wscrimshirepi@over-blog.com,853 341 7431
Kettie,Rawe,Female,krawepj@e-recht24.de,713 807 6267
Stacie,Vakhrushin,Female,svakhrushinpk@exblog.jp,542 352 7834
Dorene,Chick,Female,dchickpl@amazon.com,175 910 8663
Cara,Chrippes,Female,cchrippespm@wordpress.com,492 460 9983
Timmy,Heeks,Female,theekspn@drupal.org,419 962 9274
Chuck,Ovanesian,Male,covanesianpo@state.tx.us,220 426 7922
Mae,Scales,Female,mscalespp@feedburner.com,810 759 5802
Mickie,Chadwyck,Female,mchadwyckpq@toplist.cz,530 470 4394
Raymond,Chipchase,Male,rchipchasepr@quantcast.com,470 908 2347
Sigvard,Sommerlie,Genderfluid,ssommerlieps@1und1.de,358 311 7068
Rayshell,Kienzle,Female,rkienzlept@cam.ac.uk,644 885 5462
Rudolph,Cuttler,Male,rcuttlerpu@addthis.com,480 689 3971
Bert,Wink,Male,bwinkpv@wikimedia.org,907 453 0083
Glenine,Pinckney,Female,gpinckneypw@sourceforge.net,538 328 3715
Northrup,Morrall,Male,nmorrallpx@telegraph.co.uk,777 283 9293
Heather,O'Grada,Female,hogradapy@telegraph.co.uk,801 574 6147
Isidoro,Webling,Agender,iweblingpz@gov.uk,926 977 6502
Pincus,Leighfield,Male,pleighfieldq0@yellowbook.com,721 190 9911
Sondra,Barbrook,Female,sbarbrookq1@360.cn,659 128 1004
Myron,Sessuns,Male,msessunsq2@squarespace.com,873 176 7826
Alexa,Florez,Female,aflorezq3@fotki.com,606 701 8077
Helyn,Paynton,Female,hpayntonq4@businesswire.com,723 763 5763
Maribel,Haggerstone,Female,mhaggerstoneq5@instagram.com,516 102 1678
Brennen,Rubens,Male,brubensq6@engadget.com,209 884 2364
Ethelyn,McGann,Female,emcgannq7@uiuc.edu,176 895 8648
Melosa,Jarratt,Female,mjarrattq8@blogspot.com,974 279 8323
Madonna,Titman,Female,mtitmanq9@jimdo.com,466 282 8666
Evan,Feldstern,Male,efeldsternqa@ezinearticles.com,690 413 3015
Marieann,Tregona,Female,mtregonaqb@disqus.com,998 527 7990
Nicol,M'Quharg,Female,nmquhargqc@pinterest.com,848 704 3910
Danya,Lehrer,Genderqueer,dlehrerqd@mail.ru,485 564 0985
Gavra,McConnel,Female,gmcconnelqe@yolasite.com,958 876 9510
Ruddie,Breward,Male,rbrewardqf@so-net.ne.jp,362 872 3021
Hilliary,Macconachy,Female,hmacconachyqg@a8.net,267 147 8719
Kelvin,Thick,Male,kthickqh@gnu.org,365 710 6005
Reilly,Berzins,Male,rberzinsqi@cpanel.net,763 684 1978
Sissie,Scrimshire,Female,sscrimshireqj@foxnews.com,343 235 8694
Efren,Masden,Male,emasdenqk@dyndns.org,669 777 7632
Talbot,Jeppensen,Male,tjeppensenql@taobao.com,989 521 1809
Blanche,Simeons,Female,bsimeonsqm@craigslist.org,840 279 4087
Barbra,Starking,Female,bstarkingqn@google.it,217 341 2836
Marcy,Mobbs,Female,mmobbsqo@icio.us,778 634 2261
Tera,Haseley,Female,thaseleyqp@upenn.edu,238 942 2618
Kenyon,Camies,Male,kcamiesqq@amazonaws.com,697 468 1948
Ginger,Corriea,Agender,gcorrieaqr@prlog.org,557 275 0865
Luella,Wroath,Female,lwroathqs@ca.gov,670 399 8043
Tarah,Lorrie,Agender,tlorrieqt@gravatar.com,241 653 2900
Edan,Count,Male,ecountqu@kickstarter.com,851 500 8859
Merline,Banbrick,Bigender,mbanbrickqv@yale.edu,494 151 3097
Mateo,Muskett,Male,mmuskettqw@chicagotribune.com,848 147 6077
Wolf,Vergine,Male,wvergineqx@smugmug.com,902 137 0801
Nicol,Brackenbury,Male,nbrackenburyqy@nature.com,386 391 9849
Nissa,Palomba,Genderfluid,npalombaqz@slashdot.org,537 979 3327
Tedra,Mandel,Female,tmandelr0@un.org,791 966 8354
Datha,De Roeck,Female,dderoeckr1@booking.com,932 575 9021
Poul,Pinkerton,Male,ppinkertonr2@sciencedaily.com,353 104 3396
Bibbye,Spatari,Female,bspatarir3@yelp.com,161 185 4362
Madelene,Spellacey,Female,mspellaceyr4@europa.eu,379 563 4384
Pierce,Orro,Male,porror5@blogs.com,871 668 3368
Bucky,Tewelson,Male,btewelsonr6@gizmodo.com,121 906 4437
Rey,Rusted,Female,rrustedr7@sourceforge.net,852 126 6579
Margot,Dunbleton,Female,mdunbletonr8@delicious.com,558 975 0728
Leslie,Bundock,Male,lbundockr9@tinypic.com,439 478 8464
Ad,Eddis,Male,aeddisra@vk.com,518 195 9490
Elayne,Stedson,Female,estedsonrb@usda.gov,762 818 8178
Eugenia,Edgar,Female,eedgarrc@cdbaby.com,812 387 7220
Andy,Sowthcote,Female,asowthcoterd@php.net,400 246 1139
Liam,le Keux,Male,llekeuxre@stumbleupon.com,663 716 2124
Norris,Corro,Male,ncorrorf@latimes.com,987 611 2321
Marthena,Red,Female,mredrg@twitter.com,290 713 5373
Franchot,Pantlin,Male,fpantlinrh@phpbb.com,715 138 5082
De witt,McGeachey,Male,dmcgeacheyri@businessinsider.com,669 939 0407
Oswald,Whaley,Male,owhaleyrj@myspace.com,917 228 3972
Hakeem,Moulsdall,Male,hmoulsdallrk@columbia.edu,739 892 3598
Justinian,Rowler,Male,jrowlerrl@google.es,153 481 0049
Joseito,Verheyden,Male,jverheydenrm@wikispaces.com,763 227 2554
Joey,Eynaud,Male,jeynaudrn@livejournal.com,456 776 8834
Olivier,Beamson,Male,obeamsonro@google.nl,581 448 9562
Jaymee,Fauguel,Agender,jfauguelrp@cdc.gov,718 222 6085
Rodd,Borsnall,Male,rborsnallrq@purevolume.com,998 296 8886
Adriane,Dampier,Female,adampierrr@google.de,291 648 0959
