first_name,last_name,gender,email,phone
Jacqueline,Auton,Female,jauton0@yale.edu,539 644 1051
Nannette,Kitchener,Female,nkitchener1@mtv.com,317 589 3717
Dawn,Petyt,Female,dpetyt2@reuters.com,638 757 3794
Aurel,Stanistreet,Female,astanistreet3@prlog.org,886 149 6687
Elvin,Miranda,Male,emiranda4@4shared.com,633 166 0816
Wallas,Daens,Male,wdaens5@mozilla.com,990 415 5344
Dougie,Hurrion,Male,dhurrion6@china.com.cn,908 433 2396
Darill,Chesterman,Genderfluid,dchesterman7@msn.com,978 978 5719
Kathie,Bryceson,Female,kbryceson8@quantcast.com,520 134 9292
Melody,Baudouin,Female,mbaudouin9@harvard.edu,753 940 9276
Rebe,Jiri,Female,rjiria@cyberchimps.com,294 714 7526
Caryl,Churchley,Female,cchurchleyb@unblog.fr,370 616 2770
Conan,Leversha,Male,clevershac@google.com.br,302 324 2496
Herve,Pothecary,Male,hpothecaryd@goodreads.com,313 405 9737
Basilio,Bergeau,Male,bbergeaue@w3.org,421 809 0550
Crysta,O'Halloran,Genderqueer,cohalloranf@google.com.br,608 533 9983
Hedvige,Smithin,Female,hsmithing@desdev.cn,408 822 1435
Darb,Broggini,Male,dbrogginih@biglobe.ne.jp,588 704 2395
Hilario,Bigly,Male,hbiglyi@networkadvertising.org,748 495 1937
Camila,O'Leary,Genderqueer,colearyj@dropbox.com,222 150 5292
Roxanna,Ecclesall,Female,recclesallk@shinystat.com,957 283 9948
Hazel,Boothman,Male,hboothmanl@hatena.ne.jp,444 482 4765
Freddie,Snelle,Female,fsnellem@technorati.com,447 928 9720
Phil,Minghella,Female,pminghellan@netscape.com,341 435 7722
Ninnette,Lissaman,Female,nlissamano@si.edu,976 172 4980
Theodor,Haresign,Male,tharesignp@theglobeandmail.com,524 704 4987
Bobbi,Legge,Female,bleggeq@amazon.co.uk,209 486 2773
Toni,Twinborne,Female,ttwinborner@pen.io,175 672 4110
Danni,Martusewicz,Female,dmartusewiczs@unblog.fr,420 905 0145
Thebault,Thackeray,Male,tthackerayt@free.fr,751 926 4535
Gilberta,Allmark,Female,gallmarku@nymag.com,607 987 3822
Randie,Murford,Male,rmurfordv@kickstarter.com,629 675 2058
Grady,Scotcher,Male,gscotcherw@uiuc.edu,352 554 3854
Saul,Huxton,Male,shuxtonx@bbc.co.uk,190 865 2331
Bernie,Eddie,Female,beddiey@narod.ru,574 788 5424
Brady,Meads,Male,bmeadsz@ucoz.ru,998 475 4710
Vilhelmina,Thandi,Genderqueer,vthandi10@timesonline.co.uk,260 447 9038
Ainsley,Prandin,Female,aprandin11@twitpic.com,979 160 6255
Jessa,Dunhill,Female,jdunhill12@gov.uk,570 195 7002
Luisa,Bigadike,Female,lbigadike13@mashable.com,850 273 3642
Francesca,Trumper,Female,ftrumper14@examiner.com,909 293 2396
Karoly,Delgado,Female,kdelgado15@gizmodo.com,812 567 7681
Vasily,Anthon,Male,vanthon16@netlog.com,789 733 2926
Burton,Coey,Male,bcoey17@economist.com,496 980 7664
Dyanna,Hayers,Female,dhayers18@goodreads.com,938 574 5543
Birdie,Samter,Female,bsamter19@disqus.com,333 916 9521
Lazare,Kershaw,Male,lkershaw1a@51.la,588 310 1156
Persis,Oliver-Paull,Female,poliverpaull1b@msu.edu,767 153 5158
Gracie,Tatam,Female,gtatam1c@de.vu,900 723 5614
Candice,Adne,Genderqueer,cadne1d@apache.org,932 550 9731
Egbert,Kefford,Male,ekefford1e@usgs.gov,952 729 6298
Kiersten,Cousin,Female,kcousin1f@nih.gov,291 764 8072
Lilia,Sheasby,Female,lsheasby1g@who.int,682 977 4890
Maxine,McKeney,Female,mmckeney1h@marriott.com,791 171 3786
Manfred,Pettisall,Male,mpettisall1i@scribd.com,213 711 5118
Reinaldo,Landon,Male,rlandon1j@earthlink.net,959 913 4868
Findley,Lawrey,Male,flawrey1k@geocities.com,734 203 3572
Krystle,Buscombe,Female,kbuscombe1l@vinaora.com,933 450 3555
Adam,Eldrett,Male,aeldrett1m@upenn.edu,414 951 6898
Broderick,Scudamore,Male,bscudamore1n@salon.com,460 630 3984
Eliza,Myerscough,Genderfluid,emyerscough1o@mashable.com,665 781 6754
Colly,Rolfi,Female,crolfi1p@miitbeian.gov.cn,939 436 6461
Leeanne,Adamowitz,Female,ladamowitz1q@sun.com,173 176 7885
Drake,Pridham,Genderqueer,dpridham1r@gnu.org,520 458 3933
Jaclin,Chilcott,Female,jchilcott1s@networksolutions.com,110 453 0267
Ginnifer,Sollom,Female,gsollom1t@ustream.tv,134 538 8293
Leroi,O'Donovan,Male,lodonovan1u@themeforest.net,604 134 8389
Hussein,Sally,Male,hsally1v@macromedia.com,338 553 7670
Antonino,Fairrie,Male,afairrie1w@mozilla.org,516 805 2574
Ibrahim,Berger,Male,iberger1x@europa.eu,571 132 6771
Erik,Delamaine,Genderfluid,edelamaine1y@rediff.com,577 364 0146
Gabriele,Prickett,Male,gprickett1z@barnesandnoble.com,242 979 5711
Brande,Dodds,Female,bdodds20@cmu.edu,212 745 0761
Donall,Dumbare,Male,ddumbare21@epa.gov,899 303 4404
Mark,Rolling,Male,mrolling22@ca.gov,816 336 6914
Karin,Abrahams,Female,kabrahams23@home.pl,932 222 8087
Alix,Spence,Polygender,aspence24@networksolutions.com,516 706 1749
Abbey,Seale,Male,aseale25@washington.edu,333 892 9001
Modesty,Pechard,Genderqueer,mpechard26@patch.com,773 777 4197
Cam,Vandrill,Non-binary,cvandrill27@is.gd,904 924 7286
Hillery,Jeskins,Male,hjeskins28@reuters.com,646 918 6157
Maryanne,Pennino,Female,mpennino29@mac.com,349 112 8262
Freida,Lamort,Female,flamort2a@over-blog.com,896 179 4659
Ingunna,Ollett,Female,iollett2b@netlog.com,164 716 3948
Ginnifer,Claris,Female,gclaris2c@pcworld.com,777 743 8410
Hymie,Perrie,Male,hperrie2d@devhub.com,604 754 5177
Arlena,Fryett,Female,afryett2e@sbwire.com,287 507 2240
Werner,Dishmon,Male,wdishmon2f@ted.com,264 600 6509
Robby,Cancellario,Male,rcancellario2g@alibaba.com,577 273 6794
Timmie,Cannan,Male,tcannan2h@cdbaby.com,332 930 5570
Gracia,Elderfield,Female,gelderfield2i@npr.org,779 327 8249
Matthias,Megarry,Male,mmegarry2j@hatena.ne.jp,282 176 3114
Kevon,Attock,Male,kattock2k@forbes.com,351 365 1454
Matthias,Kubal,Male,mkubal2l@dell.com,584 466 0773
Leandra,Casaletto,Female,lcasaletto2m@so-net.ne.jp,893 384 3368
Darleen,Mohammad,Female,dmohammad2n@amazonaws.com,134 894 9437
Veradis,McCrainor,Female,vmccrainor2o@wisc.edu,579 974 8677
Park,Moodie,Male,pmoodie2p@infoseek.co.jp,229 791 3450
Inglis,Aizik,Male,iaizik2q@issuu.com,894 207 9522
Normy,Tomkinson,Male,ntomkinson2r@ted.com,670 233 6186
Arlena,Sapauton,Female,asapauton2s@cbsnews.com,118 749 2347
Terrill,Collcutt,Male,tcollcutt2t@mit.edu,627 863 2339
Robenia,Luney,Female,rluney2u@google.it,686 933 0397
Norina,Starten,Non-binary,nstarten2v@nhs.uk,782 697 7879
Giff,Rosbotham,Male,grosbotham2w@cocolog-nifty.com,637 267 7927
Jaclin,Johananoff,Female,jjohananoff2x@wp.com,601 206 1139
Fayina,O' Dooley,Female,fodooley2y@google.nl,758 490 2388
Leontyne,Gregory,Female,lgregory2z@free.fr,405 747 8103
Dermot,Kliement,Male,dkliement30@zimbio.com,190 129 3822
Aldis,Bolle,Male,abolle31@examiner.com,304 651 4077
Niccolo,Carrivick,Male,ncarrivick32@mlb.com,164 504 2719
Gilbert,Woolerton,Male,gwoolerton33@bigcartel.com,317 506 3669
Doyle,Shackell,Male,dshackell34@walmart.com,645 446 1219
Des,Dannohl,Bigender,ddannohl35@aboutads.info,119 959 7320
Bucky,Blackborn,Male,bblackborn36@dagondesign.com,625 647 6767
Valencia,Yitzovicz,Female,vyitzovicz37@google.fr,971 223 8220
Hadrian,Jochen,Male,hjochen38@shop-pro.jp,389 599 2648
Arman,Loudwell,Male,aloudwell39@noaa.gov,143 817 9665
Daniella,Mochan,Female,dmochan3a@opensource.org,776 573 0838
Lock,Pauletto,Male,lpauletto3b@dmoz.org,325 135 8406
Maxie,Robinson,Female,mrobinson3c@instagram.com,829 688 0099
Harwilll,Fost,Male,hfost3d@github.com,389 739 5645
Lonna,Shenfisch,Female,lshenfisch3e@sitemeter.com,164 693 1079
Catherine,Duhig,Female,cduhig3f@psu.edu,558 974 0196
Abrahan,Karchewski,Male,akarchewski3g@joomla.org,441 896 6352
Slade,Kyd,Male,skyd3h@eepurl.com,920 946 4692
Jacklyn,Denne,Female,jdenne3i@tiny.cc,987 641 9239
Cher,Girhard,Female,cgirhard3j@desdev.cn,923 547 9576
Rudolph,Olding,Male,rolding3k@google.com,352 263 2452
Letta,Brockley,Female,lbrockley3l@reuters.com,264 338 6450
Keri,Curedale,Female,kcuredale3m@biblegateway.com,531 817 5728
Janina,Piper,Polygender,jpiper3n@vkontakte.ru,192 388 2505
Cassandre,Lohrensen,Female,clohrensen3o@cdc.gov,267 934 6842
Inga,Jurewicz,Female,ijurewicz3p@dailymotion.com,342 197 8683
Beatriz,Storek,Female,bstorek3q@meetup.com,588 884 5336
Janet,Offield,Female,joffield3r@exblog.jp,485 956 3492
Hebert,Koschke,Male,hkoschke3s@reference.com,560 658 4875
Duky,Bowmen,Male,dbowmen3t@studiopress.com,584 787 4410
Isaiah,Stirzaker,Male,istirzaker3u@wufoo.com,506 424 4671
Robinet,Raccio,Polygender,rraccio3v@baidu.com,151 753 1339
Hewett,Rieflin,Genderqueer,hrieflin3w@blinklist.com,509 943 5679
Townie,Ogdahl,Male,togdahl3x@upenn.edu,308 396 1586
Donia,Covelle,Female,dcovelle3y@cmu.edu,494 438 9925
Aurea,Gardener,Female,agardener3z@sakura.ne.jp,276 610 5089
Winnifred,Garratty,Female,wgarratty40@dion.ne.jp,302 684 1070
Dodi,Gemson,Female,dgemson41@163.com,795 464 1515
Elyn,Shanley,Female,eshanley42@elegantthemes.com,115 800 4789
Hugues,Morando,Bigender,hmorando43@thetimes.co.uk,539 380 8419
Rich,Keddy,Male,rkeddy44@sphinn.com,897 221 8964
Lazar,Cuxson,Male,lcuxson45@imageshack.us,439 966 6769
Joanie,Aspling,Female,jaspling46@apple.com,129 372 5332
Crin,Christofor,Female,cchristofor47@miibeian.gov.cn,184 721 1731
Frederick,Rogliero,Male,frogliero48@stanford.edu,337 382 2179
Nanny,Sarfati,Female,nsarfati49@discovery.com,237 963 2478
Duane,Breston,Male,dbreston4a@forbes.com,776 800 8122
Cristobal,Gonthard,Male,cgonthard4b@nih.gov,118 420 1378
Ruy,Niessen,Male,rniessen4c@wix.com,887 820 1839
Gwendolen,Chaloner,Female,gchaloner4d@privacy.gov.au,864 823 3292
Lelia,Densie,Agender,ldensie4e@ocn.ne.jp,100 157 1607
Julita,Enston,Female,jenston4f@youku.com,185 140 4421
Glad,Yerrill,Female,gyerrill4g@wordpress.org,390 638 3686
Spencer,Goodhay,Male,sgoodhay4h@wikipedia.org,636 535 6923
Allin,Pittham,Non-binary,apittham4i@domainmarket.com,525 796 3858
Emmalee,Plowman,Female,eplowman4j@issuu.com,246 403 3574
Starlin,Vinsen,Non-binary,svinsen4k@digg.com,307 701 8998
Amye,Scutter,Female,ascutter4l@pbs.org,606 242 6274
Maggee,Adamovitz,Female,madamovitz4m@wikia.com,272 479 0823
Belle,Senn,Female,bsenn4n@prweb.com,228 231 9689
Palmer,Iddins,Male,piddins4o@i2i.jp,848 348 1867
Cyrill,Abyss,Male,cabyss4p@wikimedia.org,619 758 8139
Lorenzo,Raigatt,Male,lraigatt4q@mediafire.com,664 184 6507
Shelli,Strut,Female,sstrut4r@google.pl,642 705 1492
Franklin,Clayborn,Male,fclayborn4s@github.com,602 772 4674
Boycie,Gargett,Male,bgargett4t@bluehost.com,294 446 8842
Clarita,De Gouy,Female,cdegouy4u@vimeo.com,463 531 3769
Clifford,Dawes,Male,cdawes4v@geocities.com,738 445 3562
Faustine,Howe,Female,fhowe4w@reuters.com,906 180 0907
Shermie,Long,Male,slong4x@kickstarter.com,881 554 5891
Miltie,Bedboro,Male,mbedboro4y@ebay.com,744 291 6309
Arlyne,St. Louis,Female,astlouis4z@google.cn,720 666 0973
Mallory,Deerr,Male,mdeerr50@aboutads.info,928 655 5525
Mel,Godby,Male,mgodby51@biblegateway.com,711 858 6229
Gale,Rawstorne,Male,grawstorne52@webmd.com,829 462 5839
Fifine,Dinning,Female,fdinning53@cnn.com,543 183 6650
Dorette,Starsmore,Female,dstarsmore54@gmpg.org,994 983 6622
Meris,Grabbam,Female,mgrabbam55@wsj.com,635 418 1265
Madison,Rames,Male,mrames56@xrea.com,730 675 8257
Faina,Pigny,Female,fpigny57@list-manage.com,765 606 5284
Emmalyn,Cawthron,Female,ecawthron58@cornell.edu,934 862 1323
Donia,Gonsalvez,Female,dgonsalvez59@flavors.me,503 561 6989
Ebony,Pabelik,Female,epabelik5a@hugedomains.com,756 747 0100
Roddy,Renahan,Male,rrenahan5b@geocities.jp,116 647 6236
Jared,MacCleod,Male,jmaccleod5c@addthis.com,685 600 7982
Iago,Lile,Male,ilile5d@indiegogo.com,267 216 7561
Manny,Solleme,Male,msolleme5e@mozilla.org,271 678 8087
Fayth,Brou,Female,fbrou5f@adobe.com,288 750 8223
Giovanni,Dubble,Male,gdubble5g@icio.us,582 321 4910
Demetri,Dew,Male,ddew5h@soundcloud.com,674 332 9841
Dennison,Rounding,Polygender,drounding5i@wordpress.com,947 647 2807
Kylila,Castanos,Female,kcastanos5j@uiuc.edu,571 163 8920
Holli,Mac Giolla Pheadair,Female,hmacgiollapheadair5k@discuz.net,131 866 2381
Matt,Menego,Genderqueer,mmenego5l@clickbank.net,489 114 2738
Ceciley,Holtaway,Female,choltaway5m@creativecommons.org,272 687 1903
Fionna,Ghelardoni,Female,fghelardoni5n@nasa.gov,485 467 2873
Mitchell,Daintith,Male,mdaintith5o@guardian.co.uk,406 482 2541
Katharyn,Bruin,Female,kbruin5p@google.ca,353 339 9166
Haily,Lunnon,Female,hlunnon5q@mozilla.com,249 492 7547
Jake,MacRannell,Male,jmacrannell5r@amazon.co.jp,951 244 0730
Valida,Abbie,Female,vabbie5s@netlog.com,769 811 0965
Guthry,Hesbrook,Male,ghesbrook5t@w3.org,222 971 9185
Wittie,McClaren,Male,wmcclaren5u@paypal.com,337 110 2283
Ari,Macguire,Non-binary,amacguire5v@gmpg.org,620 970 8162
Garvey,Bouch,Male,gbouch5w@hugedomains.com,155 663 4009
Sophia,Glanville,Female,sglanville5x@mozilla.org,332 522 1792
Katy,Wallice,Female,kwallice5y@webnode.com,882 135 6369
Gran,Lindl,Male,glindl5z@nydailynews.com,457 904 1075
Cly,Antonietti,Genderfluid,cantonietti60@cam.ac.uk,389 262 9812
Emmeline,Overy,Female,eovery61@hugedomains.com,945 726 4884
Myrilla,Lineham,Female,mlineham62@si.edu,897 654 7876
Elston,Perham,Male,eperham63@vimeo.com,250 311 4676
Marrissa,Faraker,Female,mfaraker64@google.nl,355 994 8970
Maitilde,Skechley,Female,mskechley65@house.gov,402 574 4225
Letti,Beinke,Female,lbeinke66@plala.or.jp,405 240 6088
Charley,Henriquet,Male,chenriquet67@surveymonkey.com,153 994 8474
Cos,Donn,Non-binary,cdonn68@merriam-webster.com,412 561 0436
Nilson,Marris,Male,nmarris69@ucla.edu,483 861 0959
Beverie,Oran,Female,boran6a@etsy.com,878 550 0850
Ashleigh,Chesshyre,Female,achesshyre6b@macromedia.com,607 184 9558
Gannon,Pallasch,Male,gpallasch6c@cnet.com,850 752 9175
Linzy,Locks,Female,llocks6d@buzzfeed.com,200 596 7921
Edith,Berriball,Female,eberriball6e@rediff.com,207 465 1758
Timotheus,Stanesby,Male,tstanesby6f@cornell.edu,832 694 9083
Jillie,Caldecott,Female,jcaldecott6g@yahoo.co.jp,875 458 1654
Evyn,Kepling,Male,ekepling6h@privacy.gov.au,852 896 2790
Dom,Twining,Male,dtwining6i@google.com.hk,506 554 7741
Eliza,Delacroix,Female,edelacroix6j@nasa.gov,505 560 5813
Emanuel,Halfacree,Male,ehalfacree6k@blogspot.com,668 790 4582
Orbadiah,Rearden,Male,orearden6l@fastcompany.com,834 429 4269
Dar,Cheltnam,Male,dcheltnam6m@plala.or.jp,889 694 4400
Gerry,Netherclift,Genderqueer,gnetherclift6n@liveinternet.ru,373 231 3625
Cass,Tuftin,Female,ctuftin6o@ovh.net,452 231 1559
Roarke,Tavener,Male,rtavener6p@smh.com.au,402 918 7921
Abbot,Downie,Male,adownie6q@who.int,635 494 1266
Benoit,Amys,Male,bamys6r@apache.org,800 945 0568
Salomi,Parlour,Female,sparlour6s@homestead.com,457 151 4594
Rivy,Friel,Female,rfriel6t@cam.ac.uk,340 310 4400
Wadsworth,Clubley,Male,wclubley6u@instagram.com,646 993 6385
Nichole,Bartod,Female,nbartod6v@un.org,609 451 8261
Simone,Soutar,Female,ssoutar6w@va.gov,751 778 6951
Blanche,Grassi,Female,bgrassi6x@weather.com,318 917 0043
Cazzie,Fishpoole,Male,cfishpoole6y@nifty.com,271 583 4893
Boigie,De Gowe,Male,bdegowe6z@umn.edu,326 976 2671
Roderic,McEnery,Male,rmcenery70@163.com,702 844 0065
Lorettalorna,Jeffes,Female,ljeffes71@uiuc.edu,615 899 5756
Halette,Gerrett,Female,hgerrett72@virginia.edu,390 139 4778
Merrily,Harvett,Female,mharvett73@geocities.jp,355 533 0592
Hortensia,Laban,Female,hlaban74@ehow.com,688 722 9288
Niel,Enstone,Male,nenstone75@canalblog.com,688 321 7518
Holly-anne,Melmore,Female,hmelmore76@wordpress.org,595 744 8573
Maisie,McConnachie,Female,mmcconnachie77@miibeian.gov.cn,778 966 8180
Archy,Scamaden,Male,ascamaden78@ustream.tv,971 991 7204
Nicky,Ickovits,Female,nickovits79@wufoo.com,903 362 8475
Jaclin,Hearnshaw,Female,jhearnshaw7a@rakuten.co.jp,909 977 1020
Fitzgerald,Swatten,Male,fswatten7b@arstechnica.com,811 867 3139
Wren,Odde,Female,wodde7c@microsoft.com,883 956 5335
Nora,Towler,Polygender,ntowler7d@twitpic.com,585 186 3725
Shana,Dawley,Female,sdawley7e@businessweek.com,129 476 8498
Alvinia,Dowry,Female,adowry7f@intel.com,238 763 0439
Shell,Simo,Female,ssimo7g@reddit.com,524 247 0080
Krishnah,Crathern,Male,kcrathern7h@telegraph.co.uk,809 931 7821
Emmalynn,MacKean,Female,emackean7i@last.fm,801 669 0988
Diane-marie,Duckhouse,Female,dduckhouse7j@dailymail.co.uk,180 303 7932
Jody,Pudden,Male,jpudden7k@usda.gov,953 304 6636
Clarence,Normandale,Male,cnormandale7l@accuweather.com,540 585 3979
Hilly,Wraight,Male,hwraight7m@noaa.gov,716 539 6879
Flynn,Boame,Male,fboame7n@soup.io,773 800 4649
Erek,Hazeup,Male,ehazeup7o@hugedomains.com,997 591 8509
Joey,Antonikov,Female,jantonikov7p@google.com.au,540 953 6519
Benedikta,Edmands,Female,bedmands7q@skyrock.com,318 878 7644
Janeczka,Pavy,Female,jpavy7r@cpanel.net,831 295 5729
Juliette,Rockhill,Female,jrockhill7s@sfgate.com,490 491 1275
Gunter,Barbery,Male,gbarbery7t@quantcast.com,678 983 4852
Martguerita,Leftley,Female,mleftley7u@usa.gov,438 915 6059
Karlee,Mancer,Female,kmancer7v@csmonitor.com,381 209 8909
Daisey,Mattaser,Bigender,dmattaser7w@paypal.com,176 252 8263
Minda,O'Caine,Female,mocaine7x@surveymonkey.com,248 656 8561
Vernon,Karlmann,Male,vkarlmann7y@booking.com,878 758 2122
Freedman,Matveichev,Male,fmatveichev7z@mozilla.com,593 715 4294
Selene,Blockwell,Female,sblockwell80@comcast.net,662 791 0244
Gaelan,Schneider,Male,gschneider81@dailymotion.com,963 864 3115
Maximilian,Cherrison,Male,mcherrison82@wired.com,605 809 5914
Ariel,Beades,Female,abeades83@samsung.com,648 929 8688
Roosevelt,Killelea,Male,rkillelea84@mozilla.org,714 426 1015
Myrna,Zimmerman,Female,mzimmerman85@bing.com,750 846 7378
Kym,Nockalls,Female,knockalls86@newsvine.com,343 619 8079
Garrik,Cromar,Male,gcromar87@tumblr.com,180 352 5854
Eddie,Karlik,Male,ekarlik88@bbc.co.uk,710 907 7488
Sheelagh,Beagley,Female,sbeagley89@ebay.com,875 269 4729
Griz,Zanetello,Male,gzanetello8a@multiply.com,315 929 1740
Winnie,Braybrooke,Female,wbraybrooke8b@examiner.com,777 220 4627
Alvinia,Zannotti,Female,azannotti8c@ebay.com,993 152 8207
Gilberta,Laise,Female,glaise8d@patch.com,919 302 9594
Gail,Andryszczak,Female,gandryszczak8e@shutterfly.com,458 848 1796
Marybeth,Riccardini,Female,mriccardini8f@huffingtonpost.com,578 318 3853
Ulrick,Bossom,Male,ubossom8g@list-manage.com,121 701 1170
Nadine,Hendriksen,Female,nhendriksen8h@fotki.com,781 693 6246
Oralle,Nodin,Female,onodin8i@mac.com,926 920 7940
Garvey,Hails,Male,ghails8j@usgs.gov,240 835 0336
Kale,Silliman,Male,ksilliman8k@nature.com,633 453 8611
Annaliese,Checkley,Female,acheckley8l@alibaba.com,391 848 9177
Chance,Bergeau,Male,cbergeau8m@deliciousdays.com,708 456 1695
Elbert,Leeburne,Male,eleeburne8n@newsvine.com,123 127 6019
Donnajean,Hainey`,Female,dhainey8o@ocn.ne.jp,357 833 6251
Kristin,Ithell,Female,kithell8p@histats.com,195 915 2949
Rafferty,Treadgall,Male,rtreadgall8q@buzzfeed.com,832 750 6648
Kerry,Bockmaster,Bigender,kbockmaster8r@ebay.co.uk,308 589 0027
Kiah,Mariet,Female,kmariet8s@archive.org,499 774 3648
Gearalt,Banishevitz,Male,gbanishevitz8t@phpbb.com,758 671 7605
Keslie,Lygoe,Genderqueer,klygoe8u@fda.gov,423 314 4578
Wash,Cottle,Male,wcottle8v@istockphoto.com,134 679 1278
Austine,Lomasna,Female,alomasna8w@a8.net,791 647 0649
Aube,Mogey,Male,amogey8x@usgs.gov,647 888 6225
Ashlan,Ralestone,Female,aralestone8y@google.co.jp,816 965 3389
Waylan,Postles,Male,wpostles8z@google.com.au,207 790 5630
Tamra,Brian,Bigender,tbrian90@pcworld.com,906 515 9428
Kelsey,Crease,Female,kcrease91@ox.ac.uk,346 241 7703
Ricoriki,Ingleson,Male,ringleson92@mayoclinic.com,648 409 3127
Judon,Morin,Male,jmorin93@mail.ru,999 467 9658
Gayel,Sabathe,Female,gsabathe94@tamu.edu,733 499 1072
Velma,Corner,Female,vcorner95@merriam-webster.com,686 203 0899
Wallis,Blenkensop,Genderqueer,wblenkensop96@com.com,388 330 6960
Melinda,Walne,Female,mwalne97@vkontakte.ru,244 684 6845
Brockie,Breach,Male,bbreach98@hhs.gov,156 233 0672
Lesya,Duplan,Female,lduplan99@washington.edu,483 256 9147
Hilda,Kleewein,Female,hkleewein9a@sciencedirect.com,290 214 3831
Janeva,Sworne,Female,jsworne9b@samsung.com,118 616 5909
Billie,Larrad,Female,blarrad9c@uiuc.edu,905 565 7048
Skipton,Mixhel,Male,smixhel9d@alibaba.com,401 444 4197
Colman,Gilleson,Male,cgilleson9e@printfriendly.com,671 413 1435
Chiquita,Dozdill,Female,cdozdill9f@mayoclinic.com,689 700 0617
Alex,Corthes,Female,acorthes9g@house.gov,149 149 0190
Alan,Sylett,Male,asylett9h@goo.gl,552 826 8020
Stevana,Bullier,Female,sbullier9i@blogtalkradio.com,463 226 2465
Selby,Weich,Male,sweich9j@tripadvisor.com,450 955 7809
Peta,Ambler,Female,pambler9k@census.gov,515 172 4850
Hector,Penhale,Male,hpenhale9l@livejournal.com,227 570 1202
Drugi,Kett,Male,dkett9m@phoca.cz,286 595 3601
Noelle,Blanch,Female,nblanch9n@stumbleupon.com,276 525 3876
Pall,Dongall,Male,pdongall9o@hostgator.com,721 908 4343
Lib,Bavidge,Female,lbavidge9p@wsj.com,981 842 8787
Barbra,Hanigan,Female,bhanigan9q@statcounter.com,567 911 2505
Dolorita,Pibworth,Female,dpibworth9r@virginia.edu,413 979 9748
Leif,Quigley,Male,lquigley9s@webmd.com,522 652 8163
Evangelina,Gleave,Female,egleave9t@a8.net,125 261 4399
Arte,De Micoli,Male,ademicoli9u@usnews.com,511 960 9802
Angeli,Tibalt,Male,atibalt9v@yandex.ru,759 632 8864
Gearalt,Pilgrim,Male,gpilgrim9w@nhs.uk,859 270 2429
Fidelio,Rulf,Non-binary,frulf9x@naver.com,141 956 4855
Jesus,Leirmonth,Male,jleirmonth9y@pcworld.com,839 125 3896
Augusto,Shatliffe,Male,ashatliffe9z@opera.com,453 692 7758
Hymie,Casellas,Male,hcasellasa0@xrea.com,725 835 0524
Neel,Menico,Male,nmenicoa1@twitpic.com,763 960 1130
Tyne,O' Molan,Female,tomolana2@opensource.org,747 414 9866
Lyndell,Irnys,Female,lirnysa3@tinypic.com,379 221 3452
Tucker,Bonney,Male,tbonneya4@globo.com,681 171 5258
Humfrid,Castellan,Male,hcastellana5@miibeian.gov.cn,316 853 6737
Austin,Glyssanne,Male,aglyssannea6@hostgator.com,303 714 9389
Eden,McDonnell,Female,emcdonnella7@nytimes.com,344 929 5940
Gratia,Oxley,Female,goxleya8@blog.com,993 220 8856
Tiphani,Burner,Female,tburnera9@omniture.com,691 359 4397
Quent,Manson,Male,qmansonaa@shinystat.com,909 152 4173
Wendeline,Bear,Female,wbearab@squidoo.com,332 372 1216
Melinde,Swallwell,Female,mswallwellac@japanpost.jp,646 792 5250
Helen-elizabeth,MacAleese,Female,hmacaleesead@ucoz.com,598 480 8964
Alfy,Empringham,Male,aempringhamae@oracle.com,458 755 7649
Lavinia,Maskelyne,Female,lmaskelyneaf@hugedomains.com,752 670 4794
Nickolai,Pischof,Male,npischofag@woothemes.com,515 376 5341
Sigfried,Stede,Male,sstedeah@dyndns.org,749 495 6574
Hiram,Dalston,Male,hdalstonai@bloomberg.com,725 925 5892
Verene,Davey,Female,vdaveyaj@nifty.com,963 235 3474
Ranee,Brooke,Female,rbrookeak@elegantthemes.com,305 706 9689
Fair,Cusick,Male,fcusickal@jalbum.net,415 843 5847
Mead,Wadhams,Non-binary,mwadhamsam@linkedin.com,901 459 4289
Diena,Fuke,Female,dfukean@sun.com,101 677 8370
Thom,Sandeman,Male,tsandemanao@ezinearticles.com,421 282 4597
Humfrid,Liddel,Male,hliddelap@microsoft.com,786 963 7546
Billy,Sitford,Genderfluid,bsitfordaq@salon.com,834 119 0528
Viviyan,Hurtado,Female,vhurtadoar@multiply.com,938 148 3466
Aimee,Labin,Female,alabinas@msu.edu,776 963 1030
Edward,O'Hickee,Male,eohickeeat@google.co.uk,862 293 3988
Brook,Eary,Male,bearyau@auda.org.au,144 722 9339
Drugi,Lawler,Male,dlawlerav@artisteer.com,178 968 9480
Wendel,Weatherdon,Male,wweatherdonaw@liveinternet.ru,763 590 8783
Cariotta,Blackbourn,Female,cblackbournax@sfgate.com,813 131 1672
Stillmann,Deesly,Male,sdeeslyay@tuttocitta.it,711 110 7112
Amandie,Bannister,Female,abannisteraz@hostgator.com,852 426 5487
Jaclyn,Cowling,Female,jcowlingb0@fc2.com,684 433 7733
Ulric,Neil,Male,uneilb1@issuu.com,336 680 6681
Iosep,Fishbie,Male,ifishbieb2@google.co.jp,835 413 2638
Adey,Sterry,Female,asterryb3@illinois.edu,138 209 5462
Earlie,Sheavills,Male,esheavillsb4@godaddy.com,275 106 8989
Gilemette,Machel,Agender,gmachelb5@chicagotribune.com,664 830 4037
Jeannine,MacCaughey,Female,jmaccaugheyb6@webs.com,736 256 3712
Wayland,Archard,Male,warchardb7@oakley.com,299 754 8615
Jamey,Disman,Male,jdismanb8@unblog.fr,954 470 5670
Fawn,Cicero,Female,fcicerob9@reddit.com,861 856 9415
Marybeth,Worpole,Female,mworpoleba@t-online.de,825 460 4561
Myra,Pedlingham,Bigender,mpedlinghambb@gravatar.com,327 518 6944
Flin,Ticic,Male,fticicbc@privacy.gov.au,252 229 0557
Iseabal,Cheeke,Female,icheekebd@liveinternet.ru,431 651 2725
Borden,Robjents,Male,brobjentsbe@wikia.com,910 870 9370
Marita,Sein,Female,mseinbf@scribd.com,723 863 7182
Hirsch,Greder,Male,hgrederbg@ebay.com,639 773 9805
Karla,Conneely,Non-binary,kconneelybh@spotify.com,334 621 4959
Doug,MacTeggart,Male,dmacteggartbi@google.cn,909 843 5051
Fernando,FitzAlan,Male,ffitzalanbj@mail.ru,146 714 3672
Quentin,Wingeatt,Male,qwingeattbk@reverbnation.com,529 161 1065
Neel,Broscombe,Male,nbroscombebl@newyorker.com,959 243 1410
Giulietta,Volonte,Female,gvolontebm@w3.org,346 802 7761
Rinaldo,Lorie,Male,rloriebn@yandex.ru,901 566 3239
Romain,Boards,Male,rboardsbo@is.gd,710 238 5206
Merrili,Maffin,Female,mmaffinbp@nsw.gov.au,114 222 5646
Lesli,Eatock,Female,leatockbq@java.com,216 864 6846
Lambert,Whiteman,Male,lwhitemanbr@51.la,784 369 0276
Agnesse,Paunton,Female,apauntonbs@diigo.com,515 106 3050
Ruggiero,Mawson,Male,rmawsonbt@webmd.com,855 496 3030
Tiffani,McEntegart,Female,tmcentegartbu@cisco.com,196 349 3291
Amabelle,Hilling,Female,ahillingbv@woothemes.com,871 244 6551
Boony,MacAllan,Male,bmacallanbw@php.net,479 109 5244
Lorri,Exell,Female,lexellbx@nymag.com,130 216 7729
Patten,Adolfson,Genderqueer,padolfsonby@huffingtonpost.com,650 446 5911
Everett,Esbrook,Male,eesbrookbz@vistaprint.com,488 662 9242
Cammie,Rubinfeld,Female,crubinfeldc0@i2i.jp,288 697 6199
Gabe,Galliver,Male,ggalliverc1@simplemachines.org,866 409 7660
Evangeline,Gorner,Female,egornerc2@cisco.com,340 379 5937
Elliott,Churcher,Male,echurcherc3@surveymonkey.com,432 524 3934
Ailsun,Merfin,Female,amerfinc4@goo.ne.jp,457 725 3254
Shep,Ealam,Male,sealamc5@eepurl.com,380 316 9461
Ruthe,Ilchenko,Female,rilchenkoc6@odnoklassniki.ru,264 741 4945
Harlene,Tyrer,Female,htyrerc7@foxnews.com,843 508 6270
Patric,Noke,Male,pnokec8@fema.gov,892 166 3057
Aloisia,Hovey,Genderfluid,ahoveyc9@upenn.edu,571 578 3432
Elberta,Soff,Female,esoffca@mozilla.org,905 270 2990
Pail,Wetton,Male,pwettoncb@photobucket.com,827 617 7037
El,Josifovic,Male,ejosifoviccc@telegraph.co.uk,695 337 3467
Kingsly,Springham,Male,kspringhamcd@google.com.hk,688 147 8770
Mignon,Wooton,Female,mwootonce@cornell.edu,393 556 3028
Doralyn,Cuskery,Female,dcuskerycf@prnewswire.com,807 709 3461
Oliviero,Verissimo,Male,overissimocg@hexun.com,824 608 9188
Farrell,Atte-Stone,Male,fattestonech@apache.org,842 323 8840
Aron,Infante,Male,ainfanteci@newyorker.com,613 132 6984
Rasla,Bulloch,Female,rbullochcj@sciencedirect.com,622 265 1942
Ediva,Allport,Female,eallportck@list-manage.com,412 575 7102
Isabel,Vearnals,Female,ivearnalscl@newsvine.com,210 247 2107
Barby,Godbold,Female,bgodboldcm@craigslist.org,248 115 0499
Gideon,Coverdill,Male,gcoverdillcn@imgur.com,301 635 8227
Horst,Kovnot,Male,hkovnotco@netvibes.com,104 294 3110
Eba,Towriss,Female,etowrisscp@shinystat.com,761 138 0269
Fairlie,Alpes,Male,falpescq@tuttocitta.it,925 413 4233
Arlen,Eneas,Male,aeneascr@blogspot.com,332 837 2231
Layne,Metzel,Female,lmetzelcs@blogspot.com,419 144 3464
Ozzie,Goodwyn,Male,ogoodwynct@google.com.hk,388 749 4838
Jens,Yarr,Male,jyarrcu@google.it,151 902 7266
Abbott,Mousdall,Male,amousdallcv@mediafire.com,927 174 3680
Katee,MacCosty,Female,kmaccostycw@google.nl,675 442 6382
Henriette,Bradd,Female,hbraddcx@plala.or.jp,928 679 8978
Mirabel,Meth,Female,mmethcy@theatlantic.com,265 779 1801
Minetta,Hollingsbee,Female,mhollingsbeecz@comsenz.com,417 613 0148
Robby,Chidgey,Female,rchidgeyd0@bloomberg.com,327 382 6584
Guenevere,Jarrel,Female,gjarreld1@google.com.au,554 270 7882
Catha,Cawthorne,Non-binary,ccawthorned2@1688.com,587 841 1180
Riobard,Brookes,Male,rbrookesd3@upenn.edu,828 925 1140
Jean,Fleischmann,Male,jfleischmannd4@spiegel.de,117 417 5249
Ricky,Castellaccio,Female,rcastellacciod5@nbcnews.com,481 385 0223
Quintin,Lghan,Genderqueer,qlghand6@uiuc.edu,796 922 3502
Erma,Vail,Female,evaild7@canalblog.com,914 553 0017
Marris,Stallard,Genderfluid,mstallardd8@state.tx.us,835 188 0646
Germana,Cordy,Female,gcordyd9@biglobe.ne.jp,524 735 4001
Nicol,Fenge,Bigender,nfengeda@php.net,223 346 9700
Corbett,Serris,Male,cserrisdb@opera.com,911 930 5761
Anallise,Harflete,Female,aharfletedc@pen.io,610 254 6925
Price,Westbrook,Male,pwestbrookdd@ebay.com,508 802 6815
Aldon,Krystek,Male,akrystekde@google.fr,528 257 7030
Luca,Bransden,Male,lbransdendf@nbcnews.com,470 817 4260
Freddy,Ashall,Male,fashalldg@opensource.org,653 682 2492
Mirella,Swetman,Female,mswetmandh@github.com,661 421 5177
Wyndham,Laingmaid,Male,wlaingmaiddi@hibu.com,465 150 7550
Dorella,Tordoff,Female,dtordoffdj@google.co.jp,764 990 1573
Madge,Kemmett,Female,mkemmettdk@indiatimes.com,590 739 9964
Gordon,Paudin,Male,gpaudindl@nps.gov,718 936 7402
Fionnula,Ferreira,Female,fferreiradm@meetup.com,365 518 4946
Eleanora,Peaple,Female,epeapledn@mapquest.com,325 523 7621
Bettine,Humble,Female,bhumbledo@google.com.hk,266 685 5004
Erhard,Cready,Male,ecreadydp@washington.edu,673 699 2600
Atlante,Northway,Female,anorthwaydq@hao123.com,109 702 3955
Allyn,Stainton - Skinn,Female,astaintonskinndr@nsw.gov.au,868 752 1090
Talbert,Glenfield,Male,tglenfieldds@technorati.com,712 292 2146
Stacy,Gosneye,Female,sgosneyedt@cdc.gov,996 713 9762
Kristin,Rockcliff,Female,krockcliffdu@slate.com,162 557 8483
Holli,Caughan,Genderqueer,hcaughandv@europa.eu,314 311 9549
Orlan,Toyne,Male,otoynedw@google.com.au,911 833 5665
Andreas,Stollenbeck,Male,astollenbeckdx@nasa.gov,196 421 6552
Christian,Wakley,Male,cwakleydy@cdc.gov,806 116 4091
Martie,Behrend,Female,mbehrenddz@wisc.edu,558 314 2983
Fina,Heyburn,Female,fheyburne0@naver.com,843 610 5892
Annadiana,Gronaller,Female,agronallere1@webnode.com,635 118 5053
Meggie,Tanguy,Female,mtanguye2@studiopress.com,591 943 1572
Blakeley,Ondricek,Female,bondriceke3@theglobeandmail.com,313 681 8604
Martguerita,Bridat,Female,mbridate4@biglobe.ne.jp,466 678 5013
Hanna,Wontner,Non-binary,hwontnere5@auda.org.au,634 699 3097
Carmina,Adan,Female,cadane6@furl.net,453 226 9830
Ronny,Faragan,Female,rfaragane7@goodreads.com,527 949 2814
Guillemette,Hastings,Female,ghastingse8@seattletimes.com,914 338 1772
Farly,Dickon,Male,fdickone9@shinystat.com,820 338 3841
Bobbee,Blown,Female,bblownea@nbcnews.com,353 570 1198
Clevie,Nibley,Male,cnibleyeb@samsung.com,405 957 1129
Hildy,Tondeur,Female,htondeurec@moonfruit.com,407 720 7896
Jaclyn,Paff,Female,jpaffed@angelfire.com,461 235 6097
Niven,Mattingson,Male,nmattingsonee@icio.us,995 205 0933
Johnathon,Ianizzi,Male,jianizzief@photobucket.com,245 559 8599
Adolphe,Kestle,Male,akestleeg@odnoklassniki.ru,828 356 7905
Hana,Griffey,Female,hgriffeyeh@wordpress.com,681 491 0097
Maible,Snaddon,Bigender,msnaddonei@deliciousdays.com,265 938 4655
Culver,Skippon,Male,cskipponej@dion.ne.jp,709 302 7614
Kippar,Gatiss,Male,kgatissek@marketwatch.com,373 803 9342
Jennine,Favill,Female,jfavillel@deliciousdays.com,749 712 4564
Arabelle,Drayson,Female,adraysonem@mapy.cz,369 899 9074
Genovera,Knipe,Female,gknipeen@mozilla.com,927 114 7547
Annadiane,Blenkinship,Female,ablenkinshipeo@fastcompany.com,510 750 1821
Sebastiano,Cloutt,Male,sclouttep@si.edu,355 119 6337
Hester,Davenport,Female,hdavenporteq@microsoft.com,250 556 4658
Kessia,Jacop,Female,kjacoper@jigsy.com,152 218 1813
Carmelina,Barkes,Female,cbarkeses@mayoclinic.com,714 608 1196
Claudine,Minette,Female,cminetteet@va.gov,683 408 9590
Ibrahim,Utterson,Male,iuttersoneu@elpais.com,186 239 4169
Fabe,Van der Brug,Male,fvanderbrugev@goodreads.com,438 789 7860
Mahala,Oris,Female,morisew@opera.com,532 938 1429
Luciano,Dresse,Bigender,ldresseex@behance.net,467 205 1370
Fletch,Tewkesberry,Male,ftewkesberryey@weibo.com,941 544 3108
Wilek,Moakes,Male,wmoakesez@bizjournals.com,680 192 9258
Kimberley,Dear,Female,kdearf0@google.com.au,383 612 0502
Lev,Mines,Male,lminesf1@ted.com,468 263 5114
Royce,Turle,Male,rturlef2@boston.com,584 985 2397
Nevile,Pargeter,Male,npargeterf3@google.pl,769 112 7092
Elvira,Snuggs,Female,esnuggsf4@msu.edu,753 112 5764
Dagny,Weald,Male,dwealdf5@xrea.com,684 528 4085
Terry,Sellack,Female,tsellackf6@dailymotion.com,851 174 0594
Clary,O'Doherty,Female,codohertyf7@walmart.com,992 487 6003
Serge,Streak,Male,sstreakf8@tinyurl.com,924 634 9550
Mortimer,Yair,Non-binary,myairf9@reference.com,943 349 1615
Hewitt,Draco,Male,hdracofa@disqus.com,175 883 7229
Lynette,O'Sheerin,Female,losheerinfb@storify.com,788 459 9459
Scott,Gepp,Male,sgeppfc@yahoo.com,900 358 2498
Lars,Matelyunas,Male,lmatelyunasfd@cam.ac.uk,462 926 9263
Gav,Guilliland,Male,gguillilandfe@ebay.co.uk,837 713 1080
Alon,MacElharge,Male,amacelhargeff@nature.com,624 186 0723
Francesca,Gudgeon,Non-binary,fgudgeonfg@nasa.gov,974 969 9178
Gabbey,Bottrell,Female,gbottrellfh@soup.io,680 577 4178
Pattie,Castiglione,Female,pcastiglionefi@myspace.com,455 250 4497
Andria,Pickup,Female,apickupfj@flickr.com,237 827 1318
Ches,Allmond,Genderqueer,callmondfk@netvibes.com,449 769 5630
Kim,Petticrew,Male,kpetticrewfl@tinypic.com,736 985 8405
Kevan,Edards,Male,kedardsfm@dot.gov,917 583 6680
Alley,Ickov,Male,aickovfn@wiley.com,630 127 5545
Willie,Loweth,Female,wlowethfo@symantec.com,284 172 6133
Hynda,Malkin,Female,hmalkinfp@livejournal.com,712 326 9953
Todd,Petrosian,Male,tpetrosianfq@webmd.com,680 264 7907
Joshia,Epsley,Male,jepsleyfr@google.com.au,894 315 7995
Pacorro,Eversley,Polygender,peversleyfs@networkadvertising.org,983 870 9856
Fabien,Motion,Male,fmotionft@imdb.com,549 877 7418
Brice,Hendricks,Male,bhendricksfu@mayoclinic.com,300 156 0269
Elysha,Skentelbery,Female,eskentelberyfv@mozilla.org,820 952 4461
Ellynn,Penwarden,Female,epenwardenfw@php.net,491 766 7302
Perle,Savatier,Bigender,psavatierfx@list-manage.com,551 116 5365
Gottfried,Daggett,Polygender,gdaggettfy@blog.com,352 824 4953
Teodoro,Hallgate,Male,thallgatefz@ebay.co.uk,115 836 7156
Malinde,Chamberlen,Female,mchamberleng0@fema.gov,435 337 4313
Fiann,Few,Female,ffewg1@studiopress.com,401 214 9814
Marnia,Alves,Female,malvesg2@google.ru,945 383 3505
Celinda,Soggee,Female,csoggeeg3@infoseek.co.jp,865 526 1927
Christina,Braywood,Female,cbraywoodg4@skype.com,219 856 4623
Giffie,Fautley,Male,gfautleyg5@phoca.cz,167 388 5703
Mandy,Cornbell,Female,mcornbellg6@thetimes.co.uk,320 349 2014
Doralia,Lawless,Female,dlawlessg7@auda.org.au,892 275 5469
Thelma,Tabourier,Genderqueer,ttabourierg8@time.com,197 379 5392
Brand,Wallwood,Male,bwallwoodg9@wufoo.com,726 171 5242
Coretta,Talboy,Female,ctalboyga@epa.gov,839 843 9431
Ichabod,Woolford,Male,iwoolfordgb@cloudflare.com,227 203 9559
Andria,Samwyse,Bigender,asamwysegc@dailymail.co.uk,230 970 8261
Kathy,Stollmeyer,Female,kstollmeyergd@accuweather.com,863 402 8741
Jonathan,Herculson,Male,jherculsonge@w3.org,494 778 0885
Katherine,Ayrs,Female,kayrsgf@canalblog.com,352 666 7594
Perla,Dominicacci,Female,pdominicaccigg@buzzfeed.com,482 917 3368
Leena,Swaine,Female,lswainegh@ed.gov,557 330 6473
Tailor,Haquin,Male,thaquingi@bloglines.com,346 434 2525
Juliane,Stainfield,Female,jstainfieldgj@amazon.co.uk,407 237 2401
Ximenes,Hubbert,Male,xhubbertgk@prnewswire.com,311 872 9287
Aube,Osbourn,Male,aosbourngl@furl.net,562 454 1741
Dene,Brehat,Male,dbrehatgm@digg.com,494 195 6954
Smitty,Towl,Male,stowlgn@studiopress.com,749 493 6567
Moll,Darkin,Female,mdarkingo@webs.com,308 353 3216
Reece,Basilone,Male,rbasilonegp@apple.com,900 359 2062
Leia,Faunch,Female,lfaunchgq@delicious.com,945 556 5506
Karrah,Ledstone,Female,kledstonegr@imdb.com,558 249 9617
Tatum,Freckelton,Female,tfreckeltongs@youku.com,818 136 3698
Kristoffer,Pulfer,Male,kpulfergt@admin.ch,897 447 1220
Wally,Tatum,Male,wtatumgu@networkadvertising.org,424 340 4772
Gui,Brummitt,Female,gbrummittgv@addthis.com,501 709 0087
Katinka,Trebilcock,Female,ktrebilcockgw@webs.com,748 517 5659
Nicolai,Greenough,Male,ngreenoughgx@cisco.com,762 856 0837
Griffy,Keune,Male,gkeunegy@usa.gov,301 557 8135
Shurlock,Ayrs,Male,sayrsgz@guardian.co.uk,437 160 4631
Magdaia,Ellery,Genderqueer,melleryh0@360.cn,739 609 0604
Peri,Seivwright,Female,pseivwrighth1@jimdo.com,729 812 5869
Bernita,Pummery,Female,bpummeryh2@sciencedirect.com,903 202 3319
Kendra,Stourton,Female,kstourtonh3@reverbnation.com,326 360 9707
Ferdie,Topp,Male,ftopph4@dmoz.org,565 895 4511
Beverly,Gillet,Female,bgilleth5@networkadvertising.org,263 132 4624
Tove,Worcester,Female,tworcesterh6@liveinternet.ru,864 700 3146
Kenton,Vondrys,Male,kvondrysh7@army.mil,474 804 6093
Burnard,De-Ville,Male,bdevilleh8@indiegogo.com,439 738 5389
Agnesse,Von Gladbach,Female,avongladbachh9@jimdo.com,857 357 2366
Kaspar,Fitt,Male,kfittha@shareasale.com,582 732 9249
Saundra,Temlett,Female,stemletthb@cbc.ca,289 561 4555
Benedick,Laddle,Male,bladdlehc@japanpost.jp,728 398 9044
Oswald,Prevost,Male,oprevosthd@tumblr.com,124 190 2844
Aubine,Polhill,Female,apolhillhe@barnesandnoble.com,139 162 9215
Chrystal,Wilcher,Female,cwilcherhf@jimdo.com,901 156 6306
Porty,Gain,Male,pgainhg@sohu.com,227 547 7031
Aldric,Muneely,Male,amuneelyhh@wix.com,603 951 8862
Leila,Leddie,Female,lleddiehi@soup.io,715 607 8211
Daryl,Valois,Male,dvaloishj@statcounter.com,378 798 3329
Sarena,Maynell,Female,smaynellhk@homestead.com,398 228 4589
Harley,Muzzullo,Female,hmuzzullohl@utexas.edu,797 452 3232
Eugine,Burgett,Female,eburgetthm@state.tx.us,601 951 8662
Vinnie,Tallboy,Female,vtallboyhn@php.net,749 519 0423
Garek,Garretson,Male,ggarretsonho@google.it,614 108 9150
Carlo,Kermott,Male,ckermotthp@canalblog.com,132 476 9201
Noell,Chesterfield,Female,nchesterfieldhq@thetimes.co.uk,737 587 0783
Clifford,Yanson,Agender,cyansonhr@livejournal.com,459 892 9712
Erinn,Karolczyk,Female,ekarolczykhs@army.mil,549 627 4712
Luciano,Mechi,Male,lmechiht@amazonaws.com,891 170 2810
Major,Napolitano,Male,mnapolitanohu@ebay.com,462 230 5458
Kimberli,Sisselot,Female,ksisselothv@hc360.com,704 594 1227
Rici,Hookes,Female,rhookeshw@yale.edu,525 406 2631
Wendell,Bowley,Male,wbowleyhx@edublogs.org,589 763 3697
Giselbert,Bysh,Male,gbyshhy@usda.gov,800 762 8820
Abbe,Manvell,Male,amanvellhz@eepurl.com,627 747 8809
Vernor,Winsper,Male,vwinsperi0@ted.com,892 649 4616
Kermie,Insworth,Male,kinsworthi1@joomla.org,707 704 2452
Eleonora,Cuttelar,Female,ecuttelari2@who.int,709 849 3686
Maurizio,McFetridge,Male,mmcfetridgei3@princeton.edu,644 974 6368
Dona,Caston,Genderqueer,dcastoni4@statcounter.com,284 943 5266
Amii,Flewitt,Female,aflewitti5@xinhuanet.com,162 806 3895
Stanton,Glanz,Male,sglanzi6@constantcontact.com,261 292 1885
Dew,Warkup,Male,dwarkupi7@tuttocitta.it,725 420 4517
Garwin,Torrisi,Male,gtorrisii8@twitpic.com,149 663 3939
Sampson,Austen,Male,sausteni9@bing.com,200 276 5447
Ray,Woofenden,Male,rwoofendenia@ifeng.com,597 368 1244
Adel,Karczinski,Female,akarczinskiib@rambler.ru,669 933 4865
Imelda,Royl,Bigender,iroylic@cornell.edu,962 765 5619
Kellen,Domek,Female,kdomekid@businessweek.com,160 305 2833
Pate,Leal,Male,plealie@paginegialle.it,558 238 9405
Dallas,Pittman,Male,dpittmanif@columbia.edu,684 858 5781
Paulita,Ranklin,Female,pranklinig@e-recht24.de,875 507 4914
Retha,Witard,Female,rwitardih@cornell.edu,957 924 1871
Beverly,Fahrenbach,Female,bfahrenbachii@163.com,574 328 2744
Veradis,Wheelband,Female,vwheelbandij@craigslist.org,479 510 1593
Charin,Eilhertsen,Genderfluid,ceilhertsenik@indiatimes.com,658 653 0730
Alaster,Haugg,Male,ahauggil@last.fm,711 928 6232
Tammi,Kloser,Female,tkloserim@noaa.gov,325 418 8491
Coralyn,Snoday,Female,csnodayin@flavors.me,470 183 6234
Consalve,Newns,Male,cnewnsio@infoseek.co.jp,586 707 8149
Basilio,Tendahl,Male,btendahlip@marketwatch.com,752 747 8528
Corbie,Challoner,Male,cchalloneriq@cyberchimps.com,656 320 2706
Josy,Colquyte,Bigender,jcolquyteir@etsy.com,577 429 2403
Zebadiah,Kale,Male,zkaleis@twitter.com,532 180 7856
Gaynor,Grundle,Female,ggrundleit@eventbrite.com,618 154 5999
Kort,Meekins,Male,kmeekinsiu@deviantart.com,355 182 8619
Romonda,Stratford,Female,rstratfordiv@ibm.com,156 231 1624
Dex,Tuckey,Male,dtuckeyiw@opera.com,841 360 1336
Shayne,Helstrip,Agender,shelstripix@wikimedia.org,288 383 9821
Babs,Gajownik,Female,bgajownikiy@mac.com,721 129 9442
Thane,Bridewell,Male,tbridewelliz@archive.org,891 690 1935
Filippa,Dillistone,Female,fdillistonej0@businessweek.com,564 329 7593
Pattie,Bierman,Male,pbiermanj1@salon.com,379 150 8123
Sabra,Tildesley,Female,stildesleyj2@cnet.com,221 671 0578
Jenni,Kelner,Female,jkelnerj3@businessweek.com,780 993 8231
Marla,Baigent,Female,mbaigentj4@gizmodo.com,781 188 6103
Henry,Abramow,Genderfluid,habramowj5@parallels.com,243 822 5684
Brigham,Capaldo,Male,bcapaldoj6@t-online.de,838 654 7876
Dorey,Borkin,Female,dborkinj7@sourceforge.net,626 738 2654
Abigale,Chellam,Female,achellamj8@state.gov,842 185 9944
Oralle,Bront,Female,obrontj9@si.edu,676 115 1867
Jervis,Shills,Male,jshillsja@google.de,421 734 7019
Alyse,Medcraft,Female,amedcraftjb@paginegialle.it,320 916 9824
Marlow,Labes,Male,mlabesjc@issuu.com,317 862 3662
Randell,Wallhead,Male,rwallheadjd@cargocollective.com,763 936 1786
Isabel,Pudge,Female,ipudgeje@indiegogo.com,967 993 6487
Lotta,Matokhnin,Female,lmatokhninjf@arizona.edu,920 303 8151
Mirabelle,Brinsford,Female,mbrinsfordjg@ocn.ne.jp,429 988 1088
Kriste,Cowsby,Female,kcowsbyjh@home.pl,971 949 8675
Helsa,Marrett,Female,hmarrettji@1und1.de,575 420 8376
Royal,Showl,Male,rshowljj@shutterfly.com,891 263 8105
Joann,McLleese,Female,jmclleesejk@wisc.edu,515 971 3957
Zachery,Spellesy,Male,zspellesyjl@tamu.edu,638 485 0907
Albie,Rearden,Male,areardenjm@posterous.com,889 930 1295
Penrod,Arnull,Male,parnulljn@nature.com,938 620 4392
Jeremias,Chrishop,Non-binary,jchrishopjo@oaic.gov.au,979 182 7217
Imelda,Blackleech,Female,iblackleechjp@tinyurl.com,218 163 4417
Lenard,Kleinplatz,Male,lkleinplatzjq@yandex.ru,693 399 5004
Phil,Atkinson,Female,patkinsonjr@usgs.gov,275 590 7998
Gustave,Clulee,Male,gcluleejs@redcross.org,532 638 8455
Trescha,Marquiss,Female,tmarquissjt@unicef.org,729 749 0812
Josh,Steljes,Male,jsteljesju@infoseek.co.jp,820 968 6977
Viki,Jerrolt,Female,vjerroltjv@sohu.com,237 414 2723
Adolph,Herrema,Male,aherremajw@webeden.co.uk,741 818 0054
Tyrus,Handslip,Male,thandslipjx@walmart.com,477 531 5798
Kelli,Teodorski,Female,kteodorskijy@washingtonpost.com,139 770 4172
Hildagard,McBryde,Polygender,hmcbrydejz@ustream.tv,546 359 3433
Alla,Parkyns,Female,aparkynsk0@pbs.org,590 309 0768
Audie,Anthonies,Female,aanthoniesk1@homestead.com,501 574 8500
Flora,Shouler,Female,fshoulerk2@blogger.com,913 722 7988
Nikki,McConnell,Female,nmcconnellk3@stumbleupon.com,462 789 1615
Flori,Coode,Female,fcoodek4@bloglovin.com,490 667 8061
Kinna,Oloshin,Female,koloshink5@sun.com,595 101 3317
Reese,Eastgate,Male,reastgatek6@printfriendly.com,670 488 2243
Gael,Glasscoo,Male,gglasscook7@washington.edu,849 856 5909
Harman,Southwick,Male,hsouthwickk8@chicagotribune.com,921 870 6393
Dana,Mugford,Female,dmugfordk9@yellowbook.com,593 339 3055
Lynette,Gritsaev,Female,lgritsaevka@wordpress.com,798 175 6454
Alana,Allberry,Polygender,aallberrykb@cyberchimps.com,104 415 5787
Aveline,Englefield,Female,aenglefieldkc@gizmodo.com,688 573 8243
Allison,Eveling,Female,aevelingkd@ezinearticles.com,919 148 8876
Davy,Dunmore,Male,ddunmoreke@chron.com,520 255 9423
Joey,Dannehl,Male,jdannehlkf@gravatar.com,671 878 2367
Anna,Verdie,Genderfluid,averdiekg@desdev.cn,726 686 2944
Franz,Jarnell,Male,fjarnellkh@simplemachines.org,197 513 5316
Lianna,Yitzovicz,Female,lyitzoviczki@foxnews.com,671 924 3385
Hobie,Corck,Genderfluid,hcorckkj@ycombinator.com,502 651 4176
Kelcey,Diboll,Female,kdibollkk@bigcartel.com,504 371 5162
Ches,Pulteneye,Male,cpulteneyekl@microsoft.com,825 908 8537
Shanan,Ellery,Male,sellerykm@reddit.com,616 571 0580
Kenneth,Thews,Male,kthewskn@kickstarter.com,714 132 4086
Giuseppe,Hamp,Male,ghampko@goodreads.com,570 650 9079
Dreddy,Lightbowne,Bigender,dlightbownekp@oaic.gov.au,718 368 0523
Paquito,Deaves,Male,pdeaveskq@howstuffworks.com,478 125 3097
Marshall,Manvelle,Male,mmanvellekr@indiegogo.com,986 651 5099
Gaby,Fallow,Male,gfallowks@bloomberg.com,169 825 0745
Stacee,Ottley,Male,sottleykt@deviantart.com,250 252 1685
Oswald,Anthonies,Male,oanthoniesku@va.gov,998 765 7491
Doreen,Ullyott,Female,dullyottkv@tinypic.com,761 487 0241
Marjie,Pessler,Female,mpesslerkw@disqus.com,973 866 3523
Mitchael,Gallymore,Male,mgallymorekx@cafepress.com,361 987 9539
Jaquenetta,Scholefield,Female,jscholefieldky@census.gov,838 585 2773
Jodi,Feaver,Female,jfeaverkz@creativecommons.org,125 352 0244
Aila,Morfey,Female,amorfeyl0@liveinternet.ru,317 930 4899
Mahala,Krug,Female,mkrugl1@prweb.com,245 346 1840
Xenia,Senten,Female,xsentenl2@china.com.cn,606 732 2087
Etti,Gencke,Agender,egenckel3@e-recht24.de,900 792 5089
Sigismundo,Charlon,Polygender,scharlonl4@tripadvisor.com,757 925 1244
Rebecka,Brundill,Female,rbrundilll5@youku.com,854 776 4934
Conney,Moye,Male,cmoyel6@dailymail.co.uk,997 623 4482
Dayna,Khan,Bigender,dkhanl7@sohu.com,900 283 2796
Darryl,Donet,Bigender,ddonetl8@myspace.com,648 903 0749
Scottie,Rames,Male,sramesl9@icio.us,363 797 8477
Nana,Liptrot,Female,nliptrotla@rambler.ru,547 913 4409
Tonya,Hedgeley,Agender,thedgeleylb@utexas.edu,457 479 4654
Garnette,Neylan,Female,gneylanlc@elpais.com,946 971 3727
Nadean,Fotherby,Female,nfotherbyld@bandcamp.com,275 697 9883
Sharron,Matschuk,Female,smatschukle@etsy.com,463 435 3876
Rosalinda,Legion,Female,rlegionlf@webs.com,336 375 1783
Alexandre,Langer,Male,alangerlg@geocities.com,695 632 8247
Cloe,Berkery,Female,cberkerylh@smh.com.au,563 797 3417
Tab,Sommerscales,Male,tsommerscalesli@t.co,571 133 5254
Lisetta,Trenear,Non-binary,ltrenearlj@hp.com,854 746 2350
Gerta,Warland,Female,gwarlandlk@bravesites.com,857 498 7561
Lynelle,Covendon,Female,lcovendonll@ask.com,368 389 5418
Lonnie,Dowbekin,Male,ldowbekinlm@youtube.com,811 901 6969
Storm,Summerell,Female,ssummerellln@about.me,331 220 2654
Celisse,Borgars,Female,cborgarslo@deviantart.com,650 717 9891
Aldon,Newbegin,Male,anewbeginlp@businessinsider.com,468 836 3623
Patsy,Catterall,Genderqueer,pcatteralllq@elpais.com,663 600 0374
Lissie,Blyth,Female,lblythlr@about.me,661 680 0950
Lexis,Fidler,Female,lfidlerls@nifty.com,206 615 3062
Hailee,Armour,Agender,harmourlt@ucoz.com,198 688 1995
Larisa,Fillimore,Female,lfillimorelu@nhs.uk,401 939 5281
Amelie,Mortell,Female,amortelllv@tumblr.com,197 865 9519
Rita,Gabbitis,Female,rgabbitislw@dagondesign.com,281 558 2071
Fran,Virr,Male,fvirrlx@unicef.org,204 310 0168
Mannie,Janout,Male,mjanoutly@independent.co.uk,760 701 4781
Clim,Huffa,Male,chuffalz@gmpg.org,799 514 3999
Thurstan,Abella,Male,tabellam0@youtube.com,918 538 3354
Adda,Bonnett,Bigender,abonnettm1@psu.edu,814 126 8188
Estevan,Currie,Male,ecurriem2@google.com.au,890 910 3247
Giffy,McCathy,Male,gmccathym3@blinklist.com,793 484 8187
Genna,Boothman,Female,gboothmanm4@archive.org,872 321 4144
Chloris,Comiam,Female,ccomiamm5@google.es,645 992 0610
Bryanty,Baynham,Male,bbaynhamm6@indiatimes.com,371 623 1415
Clyve,Stucke,Male,cstuckem7@abc.net.au,734 226 4942
Gabie,Corah,Male,gcorahm8@time.com,870 984 9131
Field,Vashchenko,Male,fvashchenkom9@imgur.com,402 378 6549
Lynde,Peris,Female,lperisma@imageshack.us,893 874 2546
Johnath,Frise,Female,jfrisemb@va.gov,388 287 9899
Valle,Comfort,Male,vcomfortmc@google.com,989 263 5607
Hamlen,Richens,Male,hrichensmd@fastcompany.com,926 540 2682
Bryce,Negro,Male,bnegrome@oakley.com,347 955 0486
Dorice,Iskow,Female,diskowmf@harvard.edu,723 676 8011
Tresa,Bosley,Female,tbosleymg@mail.ru,319 618 6552
Rudyard,Kennham,Male,rkennhammh@furl.net,828 225 7222
Micah,Lennox,Male,mlennoxmi@4shared.com,758 173 5868
Aldin,McNeill,Male,amcneillmj@icio.us,767 250 1717
Bettina,Gaskoin,Female,bgaskoinmk@mozilla.org,278 298 6247
Pablo,Skein,Male,pskeinml@cloudflare.com,520 479 6680
Florina,Silbert,Female,fsilbertmm@wikispaces.com,280 433 8800
Eloisa,Guerola,Female,eguerolamn@gmpg.org,376 719 9684
Ladonna,McKevany,Female,lmckevanymo@uiuc.edu,883 474 6465
Shaylah,Tie,Female,stiemp@redcross.org,594 168 6735
Cletis,Littleover,Polygender,clittleovermq@goo.gl,570 650 7703
Sebastiano,Brandsma,Genderfluid,sbrandsmamr@msu.edu,297 169 8383
Erinna,Polson,Female,epolsonms@europa.eu,897 928 5076
Carr,De Blasiis,Male,cdeblasiismt@techcrunch.com,886 962 4540
Alejoa,Cridge,Male,acridgemu@bandcamp.com,648 820 3732
Atlante,Jurick,Female,ajurickmv@psu.edu,444 984 3935
Rosaleen,Kenwyn,Female,rkenwynmw@cdc.gov,188 806 5021
Selena,Fairfoul,Female,sfairfoulmx@smugmug.com,979 773 0630
Barbra,McNally,Female,bmcnallymy@ucla.edu,165 379 1791
Rayshell,Datte,Female,rdattemz@github.com,311 918 8704
Ranique,Spreag,Genderfluid,rspreagn0@microsoft.com,795 664 6807
Merrielle,Aronowicz,Female,maronowiczn1@acquirethisname.com,101 478 2858
Gabbie,Hayen,Female,ghayenn2@hao123.com,824 233 9881
Eulalie,Serfati,Female,eserfatin3@google.com.au,730 774 6873
Carena,Happert,Genderqueer,chappertn4@dot.gov,511 339 9880
Mirelle,Abilowitz,Female,mabilowitzn5@bbc.co.uk,273 139 2471
Johan,Sappson,Male,jsappsonn6@ning.com,628 800 5782
Gustave,Lascell,Male,glascelln7@jimdo.com,768 127 2364
Maighdiln,Gable,Female,mgablen8@cnn.com,444 756 3013
Shanie,Jaynes,Female,sjaynesn9@163.com,402 861 5219
Leo,Cornejo,Male,lcornejona@marketwatch.com,466 473 8300
Daloris,Dartan,Female,ddartannb@t.co,160 158 6583
Philippine,Lethem,Female,plethemnc@nifty.com,606 562 3051
Jaquelyn,Groundwator,Female,jgroundwatornd@admin.ch,306 962 8635
Correy,Igonet,Female,cigonetne@cafepress.com,581 430 5789
Gretta,Brewitt,Bigender,gbrewittnf@canalblog.com,624 499 5635
Cy,Bricket,Male,cbricketng@rediff.com,961 447 9924
Frankie,McNair,Female,fmcnairnh@youtube.com,113 259 0041
Paul,Sighart,Male,psighartni@ustream.tv,589 487 3424
Haily,Orthmann,Male,horthmannnj@yale.edu,976 433 1007
Sosanna,Capewell,Female,scapewellnk@usgs.gov,415 201 2837
Cherin,Catlin,Female,ccatlinnl@cornell.edu,498 888 1176
Laurianne,Steely,Bigender,lsteelynm@foxnews.com,864 757 4698
Connor,Scopham,Male,cscophamnn@army.mil,657 315 5259
Gary,Poston,Genderfluid,gpostonno@timesonline.co.uk,860 648 5981
Dante,Dikle,Polygender,ddiklenp@dailymail.co.uk,980 875 3349
Tremain,Spargo,Male,tspargonq@forbes.com,994 758 7747
Lilias,Sparry,Female,lsparrynr@tuttocitta.it,490 424 0847
Sarajane,Pischoff,Female,spischoffns@hibu.com,820 918 7351
Lowrance,Whitlam,Male,lwhitlamnt@mtv.com,823 595 1566
Barclay,Benditt,Male,bbendittnu@baidu.com,112 952 7867
Earle,Lindegard,Male,elindegardnv@mysql.com,771 390 6568
Thaddus,Esposita,Male,tespositanw@twitter.com,555 808 8709
Sam,Degoe,Male,sdegoenx@wiley.com,394 815 6832
Johnathan,Fensome,Male,jfensomeny@mail.ru,437 619 9935
Hulda,Maasz,Female,hmaasznz@rediff.com,612 684 9559
Anabella,Weinmann,Female,aweinmanno0@de.vu,580 628 8676
Ciel,Postance,Female,cpostanceo1@topsy.com,210 596 8585
Cord,Cluelow,Male,ccluelowo2@flavors.me,415 388 3621
Hilary,O'Lehane,Male,holehaneo3@blogs.com,133 529 5101
Romeo,Brettel,Male,rbrettelo4@mediafire.com,935 253 3046
Robin,Reece,Female,rreeceo5@over-blog.com,913 280 4139
Che,Valente,Male,cvalenteo6@acquirethisname.com,965 302 5066
Garv,Phant,Bigender,gphanto7@imageshack.us,117 798 5421
Raquel,Ivery,Female,riveryo8@blinklist.com,330 591 7274
Warde,Figgins,Male,wfigginso9@dmoz.org,207 328 4013
Reed,Stook,Male,rstookoa@bandcamp.com,822 636 4276
Findley,Lodden,Male,floddenob@google.co.jp,648 472 3339
Jeanine,Ovitts,Female,jovittsoc@sohu.com,888 955 4240
Alard,Harner,Male,aharnerod@cdc.gov,485 357 9740
Barbabas,Cotillard,Male,bcotillardoe@mayoclinic.com,238 565 5783
Melloney,O'Sheerin,Female,mosheerinof@theguardian.com,812 523 3775
Sherwin,Gilardengo,Male,sgilardengoog@washingtonpost.com,297 202 4051
Cull,Lightbown,Male,clightbownoh@microsoft.com,468 329 7726
Arluene,Plewes,Female,aplewesoi@globo.com,733 942 8716
Quent,Ruggles,Male,qrugglesoj@blogs.com,401 967 2667
Seka,Whitney,Female,swhitneyok@yellowbook.com,792 527 3067
Osbourne,Bacup,Male,obacupol@illinois.edu,550 966 8639
Greta,Arniz,Non-binary,garnizom@microsoft.com,225 744 7426
Kattie,Rentalll,Female,krentalllon@nbcnews.com,818 359 2241
Ardyth,Wickwarth,Female,awickwarthoo@dmoz.org,879 442 0800
Lindie,Allsupp,Female,lallsuppop@a8.net,554 326 1278
Bernie,Pardue,Female,bpardueoq@oakley.com,754 251 4998
Janey,Casaccia,Female,jcasacciaor@hc360.com,304 162 2676
Ariela,MacPaik,Female,amacpaikos@google.com.au,935 565 4037
Peder,Bernade,Male,pbernadeot@fotki.com,359 710 6040
Kippar,Loveday,Male,klovedayou@domainmarket.com,269 597 1402
Dagmar,Douglas,Bigender,ddouglasov@geocities.jp,819 593 3342
Kermy,Forsythe,Male,kforsytheow@imageshack.us,693 175 3820
Dominique,Cooper,Female,dcooperox@flavors.me,256 961 3807
Abramo,Cawdery,Male,acawderyoy@adobe.com,594 375 5235
Reynold,Everson,Male,reversonoz@mediafire.com,393 849 2284
Katy,Corcut,Female,kcorcutp0@chicagotribune.com,414 883 2980
Yoshiko,Lawman,Female,ylawmanp1@reuters.com,320 732 2331
Roxane,Kubala,Genderfluid,rkubalap2@eepurl.com,695 544 1046
Blisse,Harnor,Female,bharnorp3@goo.ne.jp,815 330 7956
Claudia,Bernardoni,Female,cbernardonip4@i2i.jp,135 926 2947
Inessa,Elcoat,Female,ielcoatp5@shutterfly.com,778 478 3299
Valentin,Andrich,Agender,vandrichp6@netvibes.com,154 112 3973
Erika,Linggood,Female,elinggoodp7@fastcompany.com,621 728 8208
Douglas,Van Dale,Male,dvandalep8@bravesites.com,714 202 2944
Erwin,Levene,Male,elevenep9@usda.gov,267 902 4402
Willy,Reilinger,Male,wreilingerpa@hud.gov,229 759 2190
Dayna,Duran,Female,dduranpb@a8.net,948 677 4256
Kaleena,Lamport,Genderfluid,klamportpc@illinois.edu,172 258 7585
Faith,McCullouch,Female,fmccullouchpd@weibo.com,651 244 5339
Meir,Spinas,Male,mspinaspe@friendfeed.com,627 996 4431
Urbain,Croisdall,Male,ucroisdallpf@blogspot.com,767 706 6711
Selie,Luttgert,Polygender,sluttgertpg@netscape.com,850 823 0208
Galvin,Calan,Male,gcalanph@arstechnica.com,686 662 5263
Cinderella,Whiteway,Female,cwhitewaypi@webeden.co.uk,992 993 4494
Bartolomeo,Arnely,Male,barnelypj@skyrock.com,969 678 5888
Karilynn,Ellesworthe,Female,kellesworthepk@icq.com,858 471 0178
Feliks,Jessen,Male,fjessenpl@trellian.com,359 987 4707
Tonya,Affuso,Female,taffusopm@cloudflare.com,861 966 6777
Adina,Scholl,Female,aschollpn@dmoz.org,360 188 8983
Amitie,Conklin,Female,aconklinpo@xing.com,823 846 8844
Mar,MacGuffog,Male,mmacguffogpp@epa.gov,470 623 6634
Aaron,Bridgeland,Male,abridgelandpq@wikipedia.org,456 227 2447
Mavra,Aberdalgy,Female,maberdalgypr@a8.net,814 252 5221
Haley,Dumbarton,Male,hdumbartonps@ted.com,693 102 7966
Ruprecht,O'Ruane,Male,roruanept@nymag.com,699 779 6830
Iggy,Ince,Genderqueer,iincepu@gov.uk,816 203 3761
Borden,Clink,Male,bclinkpv@ted.com,729 483 5938
Joete,Snashall,Genderfluid,jsnashallpw@artisteer.com,660 108 8274
Pate,Kevern,Male,pkevernpx@cisco.com,592 552 6868
Christiane,Runchman,Female,crunchmanpy@domainmarket.com,870 788 8504
Ramon,Vearncombe,Male,rvearncombepz@indiegogo.com,300 453 0938
Carissa,Deary,Female,cdearyq0@mail.ru,812 562 2902
Mela,Hyndes,Female,mhyndesq1@nationalgeographic.com,354 855 0061
Morris,Broadbear,Male,mbroadbearq2@macromedia.com,743 170 1060
Eugene,Efford,Male,eeffordq3@msu.edu,808 306 4165
Sascha,Cornils,Female,scornilsq4@infoseek.co.jp,873 220 7667
Ogdon,Macrae,Male,omacraeq5@addtoany.com,186 398 1375
Mady,Pear,Female,mpearq6@altervista.org,252 306 4821
Karin,Middlehurst,Female,kmiddlehurstq7@dagondesign.com,958 562 6359
Evin,Gartenfeld,Male,egartenfeldq8@army.mil,889 824 2971
Zebulen,Wapple,Male,zwappleq9@blogtalkradio.com,599 269 2917
Maddy,Borgars,Male,mborgarsqa@sina.com.cn,369 752 7159
Tandie,Birdwhistell,Female,tbirdwhistellqb@fastcompany.com,172 423 2381
Terrell,Camber,Male,tcamberqc@businesswire.com,837 195 1905
Bent,Gudge,Male,bgudgeqd@youtu.be,805 278 6043
Erny,Pentony,Male,epentonyqe@technorati.com,391 485 8917
Sandy,Cody,Male,scodyqf@amazon.co.jp,313 546 3297
Leena,Nunson,Female,lnunsonqg@elegantthemes.com,338 167 7804
Tasia,Cotmore,Female,tcotmoreqh@studiopress.com,341 865 6178
Cosetta,O'Canavan,Female,cocanavanqi@scribd.com,873 256 4630
Karola,Enrdigo,Polygender,kenrdigoqj@fema.gov,790 496 6311
Sela,Cornbell,Female,scornbellqk@washingtonpost.com,659 239 5253
Larry,Tingly,Non-binary,ltinglyql@mail.ru,973 330 0218
Claudell,Chessun,Male,cchessunqm@google.com.au,843 216 5102
Claudina,Branchett,Female,cbranchettqn@hugedomains.com,202 232 1316
Guillermo,Mossop,Male,gmossopqo@163.com,557 841 6471
Billy,Tremollet,Male,btremolletqp@ox.ac.uk,847 759 7120
Mikel,Dodswell,Male,mdodswellqq@furl.net,982 604 7804
Pennie,Pimme,Male,ppimmeqr@cnet.com,191 113 6437
Randell,Clunan,Male,rclunanqs@theglobeandmail.com,333 951 7596
Danny,Perfect,Female,dperfectqt@examiner.com,899 841 6355
Dalis,Leathe,Male,dleathequ@latimes.com,263 647 2309
Vonnie,Allan,Female,vallanqv@ning.com,490 551 4785
Linnet,Mayward,Female,lmaywardqw@nasa.gov,978 712 6447
Caesar,O'Howbane,Male,cohowbaneqx@vkontakte.ru,207 379 0580
Courtney,Piggens,Female,cpiggensqy@nyu.edu,198 200 6189
Lilla,Berk,Female,lberkqz@mapquest.com,985 283 1104
Sal,Giroldi,Female,sgiroldir0@histats.com,747 215 5501
Ara,Corston,Male,acorstonr1@admin.ch,275 913 8252
Betta,Di Antonio,Female,bdiantonior2@yahoo.com,937 873 5357
Chaddy,Tremonte,Male,ctremonter3@blogspot.com,920 421 5343
Irvin,Wycliff,Male,iwycliffr4@moonfruit.com,346 201 0104
Ferdy,Sugg,Male,fsuggr5@qq.com,419 153 9690
Gui,Ruddock,Non-binary,gruddockr6@istockphoto.com,539 643 9955
Dale,Latimer,Male,dlatimerr7@globo.com,393 174 4365
Rosy,Chrystie,Female,rchrystier8@adobe.com,936 134 8914
Danella,Vernazza,Female,dvernazzar9@gmpg.org,829 912 6625
Quintin,Paxman,Male,qpaxmanra@google.com.hk,825 371 1474
Marvin,McEwan,Male,mmcewanrb@oakley.com,976 583 2904
Theadora,Juszczyk,Female,tjuszczykrc@desdev.cn,486 128 4422
Hillard,Berthouloume,Male,hberthouloumerd@skype.com,440 609 2756
Hymie,Norcliffe,Male,hnorcliffere@columbia.edu,858 361 4383
Annecorinne,Clitheroe,Female,aclitheroerf@princeton.edu,854 286 6786
Connor,Marchello,Male,cmarchellorg@ezinearticles.com,565 558 9192
Alexa,Eayres,Female,aeayresrh@timesonline.co.uk,928 385 5467
Merell,MacAnellye,Male,mmacanellyeri@a8.net,647 785 0950
Hannah,Balsom,Female,hbalsomrj@woothemes.com,782 252 9644
Johnnie,Gieves,Male,jgievesrk@theatlantic.com,744 562 5088
Judas,Guilayn,Male,jguilaynrl@alibaba.com,544 303 4619
Ardene,Liffey,Female,aliffeyrm@icio.us,425 674 4929
Rockwell,Crotty,Male,rcrottyrn@flavors.me,849 155 9332
Pavla,Tristram,Female,ptristramro@multiply.com,595 809 3570
Georgiana,Beaston,Female,gbeastonrp@fc2.com,597 539 2281
Irwinn,Tetla,Male,itetlarq@webmd.com,911 943 3502
Loralee,Cream,Female,lcreamrr@telegraph.co.uk,717 417 2080
