first_name,last_name,gender,email,phone
Viole,MacNeish,Female,vmacneish0@mediafire.com,917 957 3561
Griffie,Gaiford,Male,ggaiford1@ifeng.com,198 219 9721
Rochester,Alyonov,Male,ralyonov2@nytimes.com,976 454 5834
Delcina,Ellingford,Female,dellingford3@google.de,305 717 0387
Irwin,Gavaran,Polygender,igavaran4@rambler.ru,662 558 4181
Saunderson,Cabrera,Male,scabrera5@purevolume.com,153 805 5624
Markus,Anten,Male,manten6@cafepress.com,206 285 4898
Dannie,Rableau,Male,drableau7@ask.com,789 699 6767
Sallie,Fellos,Female,sfellos8@nytimes.com,249 445 2336
Elinore,Somers,Female,esomers9@soundcloud.com,583 969 3289
Elonore,Marcome,Female,emarcomea@xing.com,537 790 8306
Gussie,Gilffilland,Female,ggilffillandb@fda.gov,916 900 4794
Davina,Halburton,Female,dhalburtonc@amazon.de,630 328 4617
Orran,Croney,Male,ocroneyd@wix.com,406 412 2554
Colene,Meyer,Female,cmeyere@stumbleupon.com,166 119 9998
Eula,Whitwham,Female,ewhitwhamf@mapy.cz,856 980 2484
Justis,Tomowicz,Male,jtomowiczg@google.pl,348 788 4546
Eduino,Mewrcik,Male,emewrcikh@imdb.com,621 822 6739
Joell,Jedrzaszkiewicz,Female,jjedrzaszkiewiczi@hud.gov,504 468 8717
Lizette,Korneichuk,Female,lkorneichukj@google.es,385 912 5914
Johnna,McCuaig,Female,jmccuaigk@cyberchimps.com,888 860 7539
Zachary,Bemment,Male,zbemmentl@fda.gov,796 470 6944
Hubie,Codman,Male,hcodmanm@dropbox.com,749 995 5637
Camille,Metham,Female,cmethamn@facebook.com,211 762 9814
Karon,Parlett,Female,kparletto@csmonitor.com,654 811 3185
Artemis,McGrane,Male,amcgranep@nhs.uk,104 383 0342
Sanson,Scarff,Genderfluid,sscarffq@addtoany.com,172 967 4070
Tudor,Jallin,Male,tjallinr@shinystat.com,230 594 0426
Laetitia,Bertson,Female,lbertsons@shinystat.com,901 194 5609
Ddene,Friskey,Female,dfriskeyt@1688.com,526 731 1904
Dominique,Luis,Female,dluisu@tuttocitta.it,626 489 9788
Theodoric,Domingues,Male,tdominguesv@people.com.cn,992 764 7169
Shea,Briatt,Female,sbriattw@accuweather.com,227 602 7210
Salomo,Colnet,Male,scolnetx@businessinsider.com,576 957 9580
Malorie,Cess,Female,mcessy@marriott.com,874 751 7827
Myrna,Eberz,Female,meberzz@icq.com,473 576 4169
Kahaleel,Olman,Male,kolman10@yale.edu,797 130 9060
Jobey,Ahmed,Female,jahmed11@altervista.org,684 366 6144
Dasha,Ferriman,Female,dferriman12@goodreads.com,701 288 1480
Cherey,Durnin,Female,cdurnin13@cafepress.com,183 600 0108
Daryl,Larrat,Female,dlarrat14@who.int,681 723 8112
Zea,Stollenhof,Female,zstollenhof15@blogtalkradio.com,760 840 2599
Fania,Druhan,Female,fdruhan16@ftc.gov,587 608 8987
Cacilie,Ianetti,Female,cianetti17@topsy.com,239 286 0415
Kara,Cesaric,Female,kcesaric18@phpbb.com,117 398 5346
Heda,Pember,Female,hpember19@parallels.com,414 538 8060
Lucky,Deetlof,Non-binary,ldeetlof1a@oakley.com,500 794 1086
Trude,Rangeley,Female,trangeley1b@blogspot.com,693 853 9622
Dinnie,Leftly,Female,dleftly1c@meetup.com,356 498 5324
June,Feasey,Female,jfeasey1d@stumbleupon.com,321 402 9726
Lammond,Agg,Male,lagg1e@omniture.com,648 890 7947
Mallory,Desquesnes,Genderfluid,mdesquesnes1f@pbs.org,219 532 2318
Cristabel,Lightowlers,Female,clightowlers1g@ycombinator.com,375 785 8659
Shaylah,Capin,Female,scapin1h@blogger.com,570 495 8450
Noam,Debrett,Male,ndebrett1i@theatlantic.com,516 643 4777
Baudoin,Speer,Male,bspeer1j@naver.com,432 167 4383
Antonio,Caltera,Male,acaltera1k@cmu.edu,978 500 1938
Maxi,Overton,Female,moverton1l@yahoo.co.jp,914 310 5365
Fraser,Lovemore,Male,flovemore1m@irs.gov,807 977 5810
Trefor,Domnin,Male,tdomnin1n@salon.com,243 559 0845
Nessi,Norcliffe,Female,nnorcliffe1o@mozilla.com,411 832 5284
Barnebas,Newborn,Male,bnewborn1p@baidu.com,382 180 2443
Elaine,Galland,Female,egalland1q@nationalgeographic.com,743 319 1174
Marice,Brownlea,Female,mbrownlea1r@dailymail.co.uk,970 553 5980
Van,Sebyer,Male,vsebyer1s@live.com,578 387 7729
Curtis,Dorset,Male,cdorset1t@spiegel.de,806 629 0737
Moselle,Grint,Female,mgrint1u@patch.com,989 613 6285
Mireille,Esby,Female,mesby1v@craigslist.org,564 223 9741
Jillana,Scase,Female,jscase1w@nps.gov,694 772 9500
Nadean,Wille,Polygender,nwille1x@shinystat.com,588 652 9949
Walker,Edwinson,Male,wedwinson1y@github.io,431 955 8681
Cullan,Rodnight,Bigender,crodnight1z@hp.com,953 136 0424
Robert,Everington,Male,reverington20@blogspot.com,224 978 6078
Elyssa,Butterick,Female,ebutterick21@histats.com,295 980 0915
Mariann,Giacobini,Bigender,mgiacobini22@house.gov,424 827 7941
Layton,Kennaway,Male,lkennaway23@ifeng.com,372 970 3764
Chrissie,De Filippi,Male,cdefilippi24@de.vu,222 520 2466
Delmor,Betteney,Male,dbetteney25@netlog.com,580 474 3963
Antone,Abrahams,Male,aabrahams26@weibo.com,830 864 1531
Nessy,Fairbourn,Female,nfairbourn27@bbb.org,943 150 6849
Tabby,Sonschein,Genderfluid,tsonschein28@jalbum.net,450 203 2435
Maurise,Lucia,Male,mlucia29@ask.com,239 925 1882
Ewan,Cowope,Male,ecowope2a@icq.com,347 584 2484
Mellicent,Dimbleby,Female,mdimbleby2b@bluehost.com,757 518 1178
Keri,Quin,Female,kquin2c@ft.com,411 955 9213
Zola,Novotni,Female,znovotni2d@lycos.com,564 583 4403
Deeyn,Ferretti,Female,dferretti2e@about.me,106 598 6026
Jennine,Redfern,Female,jredfern2f@go.com,761 829 7860
Mellie,Soaper,Polygender,msoaper2g@thetimes.co.uk,759 155 5564
Trudi,Nutt,Female,tnutt2h@eventbrite.com,487 225 6160
Rustie,Nolin,Male,rnolin2i@myspace.com,239 513 4257
Tamara,Brychan,Female,tbrychan2j@yelp.com,800 882 4752
Sergei,Helleker,Male,shelleker2k@cargocollective.com,639 909 4930
Willy,Gaitskill,Female,wgaitskill2l@cargocollective.com,714 165 2897
Silva,Mandeville,Female,smandeville2m@issuu.com,170 851 9219
Astra,Bartholomieu,Female,abartholomieu2n@mozilla.com,837 492 3038
Hastings,Bront,Non-binary,hbront2o@live.com,402 686 4200
Heidi,Gatlin,Female,hgatlin2p@phoca.cz,385 716 4219
Verina,Troth,Female,vtroth2q@fastcompany.com,285 179 9900
Arnold,Kettoe,Male,akettoe2r@ehow.com,633 788 0292
Aluin,Aldwinckle,Male,aaldwinckle2s@discuz.net,671 677 1494
Dulciana,Shilito,Agender,dshilito2t@ted.com,990 815 2651
Tammie,Buy,Genderfluid,tbuy2u@histats.com,667 900 3498
Susette,Macia,Female,smacia2v@craigslist.org,377 659 9773
Tate,Junkinson,Male,tjunkinson2w@imgur.com,886 621 8667
Danila,Sykora,Female,dsykora2x@scientificamerican.com,182 416 2325
Shep,Gokes,Polygender,sgokes2y@mtv.com,235 343 9377
Cherin,Benedito,Female,cbenedito2z@ifeng.com,601 282 2080
Ode,Pickersail,Polygender,opickersail30@google.co.jp,788 557 8877
Logan,Jean,Polygender,ljean31@ovh.net,883 342 7726
Udall,Geillier,Male,ugeillier32@amazonaws.com,145 536 8443
Ginnie,Doddemeade,Female,gdoddemeade33@aol.com,143 516 9382
Caz,Webborn,Male,cwebborn34@mapy.cz,921 383 0365
Nathalia,Elcoux,Female,nelcoux35@wikipedia.org,739 410 1700
Thornton,Boyett,Male,tboyett36@ted.com,614 462 0189
Carrissa,Sandle,Female,csandle37@desdev.cn,282 885 7714
Hamlin,Tyer,Male,htyer38@ucoz.ru,327 201 0586
Sharity,Martinelli,Female,smartinelli39@tripadvisor.com,507 492 8907
Rubia,Patriskson,Female,rpatriskson3a@com.com,148 100 7926
Gail,Mercy,Female,gmercy3b@sohu.com,466 843 2406
Georgine,Spencook,Female,gspencook3c@icio.us,714 377 0666
Preston,Mathevet,Male,pmathevet3d@wordpress.org,177 933 5443
Laureen,Blanket,Female,lblanket3e@irs.gov,477 299 7024
Ara,Duquesnay,Male,aduquesnay3f@telegraph.co.uk,743 974 9342
Muire,Litster,Female,mlitster3g@simplemachines.org,895 820 7466
Kellen,Byrth,Male,kbyrth3h@meetup.com,918 927 1276
Arnaldo,Erwin,Male,aerwin3i@cafepress.com,563 775 3634
Hugh,Ditts,Male,hditts3j@google.co.uk,797 905 4694
Jule,Dron,Male,jdron3k@weibo.com,733 242 9364
Nanni,Anthoine,Female,nanthoine3l@time.com,333 794 4073
Gabey,Fullwood,Female,gfullwood3m@usda.gov,667 654 3234
Ursula,Guillart,Female,uguillart3n@printfriendly.com,562 637 6113
Mario,Plowright,Male,mplowright3o@about.me,129 111 1405
Bill,Jacquest,Female,bjacquest3p@smh.com.au,854 756 9496
Claus,Jarman,Male,cjarman3q@newsvine.com,654 627 3400
Mirella,Beardshall,Female,mbeardshall3r@webnode.com,763 569 2149
Thornie,Begg,Male,tbegg3s@slate.com,470 374 5699
Bibbie,Dudding,Female,bdudding3t@networkadvertising.org,129 228 7584
Wilden,Fromant,Male,wfromant3u@irs.gov,263 125 3855
Kirsti,Bergeau,Agender,kbergeau3v@reverbnation.com,285 889 8940
Jarad,Henner,Male,jhenner3w@imgur.com,323 537 5512
Pincus,Lehon,Male,plehon3x@google.co.uk,250 822 5375
Gunilla,Alldre,Female,galldre3y@nifty.com,924 630 5846
Courtnay,Ferrieroi,Male,cferrieroi3z@dailymail.co.uk,543 453 1801
Glenn,Algy,Female,galgy40@smugmug.com,958 136 7014
Elijah,Dibdale,Male,edibdale41@ustream.tv,989 902 3442
Branden,Crangle,Male,bcrangle42@marriott.com,438 118 8106
Carri,Cridland,Female,ccridland43@hatena.ne.jp,225 709 6112
Jonah,Widd,Male,jwidd44@tinyurl.com,531 362 7561
Amara,Dosedale,Female,adosedale45@tripod.com,467 764 5799
Carlo,Thickett,Male,cthickett46@cdbaby.com,957 232 9326
Lexis,Kendred,Female,lkendred47@wufoo.com,402 948 2487
Johnath,Scorthorne,Female,jscorthorne48@senate.gov,825 839 2920
Lenci,Fransman,Male,lfransman49@usgs.gov,630 475 4894
Wilden,Storrier,Male,wstorrier4a@msn.com,632 984 3294
Clementia,Charnick,Female,ccharnick4b@paypal.com,606 342 0929
Tann,Beccles,Male,tbeccles4c@time.com,704 303 4418
Phillie,Yukhnini,Female,pyukhnini4d@pinterest.com,318 693 9697
Osborn,Rosina,Male,orosina4e@ycombinator.com,626 425 8485
Rakel,Rissen,Polygender,rrissen4f@indiatimes.com,399 653 0609
Hamilton,Sandercock,Male,hsandercock4g@phoca.cz,671 169 8666
Johnny,Van der Spohr,Genderfluid,jvanderspohr4h@hubpages.com,742 910 9163
Cody,Norvill,Female,cnorvill4i@tinypic.com,936 901 5739
Mayor,Castelletti,Male,mcastelletti4j@washingtonpost.com,102 234 5273
Lucho,Nutting,Male,lnutting4k@etsy.com,789 864 0732
Harland,Bowden,Male,hbowden4l@gov.uk,396 985 8050
Euell,Gilvary,Male,egilvary4m@cbslocal.com,459 934 8225
Ollie,Hintzer,Male,ohintzer4n@cisco.com,986 128 6410
Lelia,Iwanicki,Female,liwanicki4o@nydailynews.com,768 523 4359
Alyson,Clendinning,Non-binary,aclendinning4p@newyorker.com,927 855 3399
Florrie,Belford,Female,fbelford4q@exblog.jp,947 224 6710
Edna,Calcott,Female,ecalcott4r@123-reg.co.uk,487 570 5595
Cassi,Richold,Genderfluid,crichold4s@sina.com.cn,796 893 0718
Jayne,Danhel,Female,jdanhel4t@globo.com,641 243 1597
Cristian,Fiddeman,Male,cfiddeman4u@msu.edu,430 300 9237
Rolando,Shervil,Male,rshervil4v@craigslist.org,924 113 2616
Terrill,Mulvin,Male,tmulvin4w@bloglovin.com,420 667 6493
Consuelo,Haddleston,Female,chaddleston4x@jiathis.com,636 686 6679
Laure,Garshore,Female,lgarshore4y@alibaba.com,644 221 9796
Meryl,Goulston,Male,mgoulston4z@surveymonkey.com,657 822 3810
Arron,Duddridge,Male,aduddridge50@timesonline.co.uk,631 623 7551
Franciska,Hawkeridge,Female,fhawkeridge51@scientificamerican.com,842 579 8814
Lorilee,Puve,Female,lpuve52@zimbio.com,149 188 4981
Izzy,Priver,Male,ipriver53@jigsy.com,571 891 8050
Brant,Drewery,Male,bdrewery54@storify.com,745 348 4171
Pen,Siss,Male,psiss55@alibaba.com,303 222 0516
Cesaro,McLaine,Male,cmclaine56@ameblo.jp,894 553 7789
Efrem,Kardos-Stowe,Male,ekardosstowe57@blogs.com,963 906 8689
Reena,Dibdall,Female,rdibdall58@weibo.com,357 825 1874
Leanna,Cogger,Non-binary,lcogger59@bloglines.com,944 255 0366
Marie,Ekless,Female,mekless5a@reference.com,868 290 8043
Tamarra,Brissenden,Female,tbrissenden5b@odnoklassniki.ru,250 767 9774
Fay,Girard,Female,fgirard5c@illinois.edu,562 257 0184
Artemus,Cossington,Male,acossington5d@friendfeed.com,260 700 3343
Galvin,Liepmann,Male,gliepmann5e@marriott.com,832 889 3826
Trumaine,McMearty,Male,tmcmearty5f@delicious.com,736 595 6418
Camella,Baroc,Female,cbaroc5g@cnet.com,402 550 8015
Matelda,Bridgnell,Female,mbridgnell5h@cyberchimps.com,940 619 7020
Hubert,Jancey,Male,hjancey5i@psu.edu,541 366 6520
Pearle,Pargiter,Female,ppargiter5j@domainmarket.com,880 947 2266
Gerek,Moulin,Male,gmoulin5k@photobucket.com,959 752 1848
Ad,Giraudou,Male,agiraudou5l@scientificamerican.com,770 847 3651
Humberto,Wetherill,Male,hwetherill5m@hc360.com,817 990 2816
Amandi,Bonnefin,Female,abonnefin5n@mail.ru,651 204 7295
Darnall,Dilgarno,Male,ddilgarno5o@smh.com.au,543 802 7463
Daisey,Pendergast,Female,dpendergast5p@icio.us,206 791 9018
Toby,Sulley,Male,tsulley5q@cornell.edu,261 973 6188
Tarra,Lembcke,Female,tlembcke5r@bigcartel.com,882 358 4291
Danette,Bern,Female,dbern5s@squarespace.com,401 429 3235
Desiree,Flancinbaum,Female,dflancinbaum5t@irs.gov,539 239 4209
Sara,Reveley,Genderqueer,sreveley5u@amazon.co.uk,872 348 3127
Deirdre,Denge,Genderfluid,ddenge5v@patch.com,746 147 5880
Verine,Gabriely,Female,vgabriely5w@mapquest.com,684 411 0998
Georgie,Coverly,Male,gcoverly5x@naver.com,345 317 7283
Bran,Cazalet,Male,bcazalet5y@skyrock.com,394 997 7006
Roy,Vannini,Male,rvannini5z@deviantart.com,379 723 6605
Byrle,Puleque,Male,bpuleque60@addtoany.com,415 561 3138
Erl,Dowe,Male,edowe61@patch.com,930 624 8155
Cello,Marde,Male,cmarde62@wsj.com,783 813 4381
Nanice,Celler,Female,nceller63@sitemeter.com,762 470 3805
Sutherland,Bendel,Male,sbendel64@furl.net,517 947 5125
Estella,Vardon,Non-binary,evardon65@miibeian.gov.cn,904 250 6214
Adelice,Hampshire,Female,ahampshire66@wix.com,516 865 5756
Briney,Samples,Female,bsamples67@stumbleupon.com,765 916 9512
Glenine,Warbeys,Female,gwarbeys68@si.edu,705 172 9714
Jayne,Kirkby,Female,jkirkby69@taobao.com,187 835 8616
Etienne,Moverley,Male,emoverley6a@purevolume.com,617 474 0584
Malissia,Tattershaw,Female,mtattershaw6b@hubpages.com,765 541 0433
Windy,Di Napoli,Female,wdinapoli6c@usgs.gov,993 476 2318
Boniface,Button,Male,bbutton6d@hp.com,905 219 2293
Georgianna,Hourigan,Female,ghourigan6e@prlog.org,285 666 7525
Nestor,Prop,Non-binary,nprop6f@ovh.net,361 268 0410
Gillie,Taylder,Female,gtaylder6g@cocolog-nifty.com,181 396 4797
Trisha,Lindback,Female,tlindback6h@tamu.edu,718 697 4177
Aymer,Schwandner,Male,aschwandner6i@buzzfeed.com,110 599 1749
Patten,Bernier,Male,pbernier6j@msn.com,249 312 5334
Guillermo,De Pietri,Male,gdepietri6k@live.com,143 826 2334
Stewart,Alleway,Male,salleway6l@eventbrite.com,817 970 3795
Amandi,Fidal,Female,afidal6m@nasa.gov,636 717 2847
Bamby,Shurrock,Female,bshurrock6n@ed.gov,224 562 9551
Bevon,Rubenovic,Male,brubenovic6o@photobucket.com,438 637 1524
Alic,Jopke,Male,ajopke6p@forbes.com,252 926 3906
Carlie,Croan,Female,ccroan6q@typepad.com,960 524 7564
Sallyann,LAbbet,Female,slabbet6r@example.com,993 991 3711
Tori,Treadway,Female,ttreadway6s@squidoo.com,923 183 4985
Joann,Mc Corley,Female,jmccorley6t@pbs.org,998 161 9797
Prent,Ciotti,Male,pciotti6u@shareasale.com,691 741 8978
Thebault,Coonihan,Male,tcoonihan6v@google.com,124 417 3335
Pennie,Hubach,Female,phubach6w@psu.edu,392 892 5734
Gregory,Golsby,Male,ggolsby6x@mtv.com,838 561 3452
Kira,Glascott,Female,kglascott6y@nature.com,200 567 3366
Hilarius,Boughen,Male,hboughen6z@tmall.com,564 133 4304
Pavia,Crafter,Female,pcrafter70@yale.edu,838 745 3840
Tyrus,Albone,Male,talbone71@jiathis.com,154 258 3281
Bren,Boice,Male,bboice72@telegraph.co.uk,821 641 6067
Haywood,Barlthrop,Male,hbarlthrop73@tmall.com,581 302 8102
Mae,Drewson,Female,mdrewson74@naver.com,607 257 6295
Rosella,Favela,Female,rfavela75@feedburner.com,102 850 2005
Teresa,Stanning,Female,tstanning76@liveinternet.ru,820 759 4563
Kassi,Halbard,Female,khalbard77@flavors.me,770 722 7519
Christoph,Rendall,Agender,crendall78@networkadvertising.org,594 908 0984
Gideon,Brende,Male,gbrende79@moonfruit.com,686 574 4011
Tatum,Busch,Female,tbusch7a@sourceforge.net,244 740 2491
Loydie,Mullenger,Male,lmullenger7b@unc.edu,772 555 6822
Kennie,Carp,Male,kcarp7c@t.co,711 762 8867
Nerissa,Allmann,Female,nallmann7d@tinyurl.com,544 701 4161
Sibel,Puleque,Female,spuleque7e@feedburner.com,973 749 8132
Ruperto,Craigg,Male,rcraigg7f@walmart.com,800 527 5121
Yolande,Skirvane,Female,yskirvane7g@un.org,877 789 5798
Petunia,Santhouse,Non-binary,psanthouse7h@nsw.gov.au,774 682 0662
Caprice,Hodinton,Female,chodinton7i@state.gov,445 849 1022
Jabez,Magenny,Male,jmagenny7j@merriam-webster.com,264 152 4544
Malorie,Morland,Female,mmorland7k@chron.com,417 926 6738
Tracee,Fredson,Female,tfredson7l@prnewswire.com,317 299 5498
Jedediah,Dooman,Male,jdooman7m@washington.edu,392 373 4842
Maury,Gooms,Genderfluid,mgooms7n@xrea.com,518 370 4082
Karin,Searle,Female,ksearle7o@umich.edu,229 181 2405
Jocelin,Kneale,Female,jkneale7p@stumbleupon.com,576 667 1219
Quinta,Nestle,Female,qnestle7q@unc.edu,325 952 4931
Lexis,Heap,Female,lheap7r@unc.edu,480 974 8424
Anetta,Roze,Female,aroze7s@w3.org,248 630 4861
Joana,Flatt,Female,jflatt7t@bloglovin.com,629 188 9813
Lambert,Woods,Male,lwoods7u@goo.ne.jp,588 353 6353
Clarine,Guyver,Genderfluid,cguyver7v@marketwatch.com,971 977 2921
Patrice,Rudgerd,Female,prudgerd7w@ocn.ne.jp,854 764 9583
Clarence,Coutthart,Male,ccoutthart7x@biglobe.ne.jp,525 502 7090
Dasha,Waddoups,Female,dwaddoups7y@mozilla.com,783 406 4392
Alric,Le Sarr,Male,alesarr7z@storify.com,176 659 2526
Georgie,Edmand,Agender,gedmand80@google.es,162 621 5591
Andrej,Gail,Male,agail81@google.com,726 560 6003
Maurits,Peterson,Male,mpeterson82@shareasale.com,861 306 6520
Willie,Stovine,Non-binary,wstovine83@wiley.com,951 610 6570
Fara,Battersby,Female,fbattersby84@europa.eu,419 194 1500
Brok,Rosbottom,Male,brosbottom85@clickbank.net,694 868 2684
Terrance,Mayhead,Male,tmayhead86@studiopress.com,368 462 5775
Fanya,Bridgwater,Female,fbridgwater87@ifeng.com,650 453 1646
Patrice,Dmitrienko,Female,pdmitrienko88@reference.com,102 259 9392
Nichol,Corkitt,Female,ncorkitt89@princeton.edu,619 191 9361
Rafaelita,Hadye,Female,rhadye8a@oaic.gov.au,569 946 5649
Mark,Lichtfoth,Male,mlichtfoth8b@kickstarter.com,309 442 0259
Cece,Lamond,Male,clamond8c@technorati.com,538 445 1789
Montgomery,Normant,Male,mnormant8d@youtu.be,579 357 1205
Russ,Galvan,Male,rgalvan8e@unblog.fr,603 129 2765
Jaime,Litster,Male,jlitster8f@marriott.com,773 671 3679
Tam,Schukraft,Male,tschukraft8g@amazon.co.jp,405 514 9945
Asa,De Few,Male,adefew8h@fastcompany.com,332 741 9886
Blinnie,Setter,Female,bsetter8i@rediff.com,140 293 1959
Peria,Meehan,Female,pmeehan8j@booking.com,296 926 5984
Abdul,Ashurst,Male,aashurst8k@chronoengine.com,954 558 3693
Roch,Christoforou,Female,rchristoforou8l@hostgator.com,329 422 0428
Francyne,Caswill,Female,fcaswill8m@nih.gov,791 187 2225
Natty,Sprowle,Male,nsprowle8n@feedburner.com,735 916 3003
Marguerite,Chadwin,Female,mchadwin8o@digg.com,965 472 7401
Tabitha,Yesinin,Genderfluid,tyesinin8p@fema.gov,332 981 7899
Dwain,Farrier,Male,dfarrier8q@nhs.uk,904 921 2254
Gauthier,Wyldbore,Male,gwyldbore8r@canalblog.com,270 745 2130
Maison,Skahill,Male,mskahill8s@joomla.org,757 968 1409
Tailor,Wreight,Male,twreight8t@ftc.gov,797 365 1448
Percival,Radmer,Male,pradmer8u@independent.co.uk,911 975 9119
Johan,Emer,Male,jemer8v@ft.com,389 191 8195
Cleavland,Kindle,Male,ckindle8w@marriott.com,784 949 1266
Celestyna,Poure,Female,cpoure8x@studiopress.com,842 157 5372
Prissie,Clell,Female,pclell8y@noaa.gov,903 414 5215
Willy,Barham,Male,wbarham8z@cnet.com,967 526 3934
Dukie,Corssen,Male,dcorssen90@stanford.edu,839 204 5959
Layne,Pulford,Female,lpulford91@boston.com,568 872 4412
Heinrick,Cromblehome,Male,hcromblehome92@globo.com,743 993 2769
Jethro,Dreschler,Male,jdreschler93@youtu.be,165 132 2065
Gerda,Filippello,Female,gfilippello94@list-manage.com,971 158 8739
Breanne,Downton,Female,bdownton95@ed.gov,682 225 7679
Cherye,Crome,Female,ccrome96@bravesites.com,269 421 4619
Hilarius,Darracott,Male,hdarracott97@japanpost.jp,551 363 5350
Tani,Grenfell,Female,tgrenfell98@csmonitor.com,134 213 3078
Melba,Pridgeon,Female,mpridgeon99@canalblog.com,254 435 2713
Tobe,Surby,Female,tsurby9a@senate.gov,544 609 3455
Belita,Blackmore,Female,bblackmore9b@google.pl,293 432 1137
Seymour,O' Shea,Male,soshea9c@washington.edu,965 893 2541
Doy,Piscot,Male,dpiscot9d@cnet.com,145 101 6704
Chloette,Woliter,Female,cwoliter9e@cisco.com,900 604 0476
Jenifer,Pashley,Female,jpashley9f@domainmarket.com,651 366 0976
Byram,Walczynski,Male,bwalczynski9g@dedecms.com,117 987 6733
Zeke,Kisting,Male,zkisting9h@noaa.gov,406 615 0077
Clark,Leif,Agender,cleif9i@hibu.com,140 637 0187
Egbert,Suttling,Male,esuttling9j@naver.com,541 574 2657
Jacqui,Gullane,Female,jgullane9k@ning.com,346 995 6547
Rolland,Dobell,Male,rdobell9l@4shared.com,972 682 5478
Theresa,O' Ronan,Female,toronan9m@blogtalkradio.com,423 201 3381
Carola,Frackiewicz,Polygender,cfrackiewicz9n@cbslocal.com,471 601 6477
Iggie,Robinette,Male,irobinette9o@shutterfly.com,261 401 3873
Lorraine,Keedy,Female,lkeedy9p@cloudflare.com,182 892 0225
Jacynth,Chong,Female,jchong9q@skype.com,330 285 8682
Ysabel,Hyde-Chambers,Female,yhydechambers9r@bluehost.com,278 585 0164
Lanette,Goodwill,Female,lgoodwill9s@psu.edu,966 451 5919
Matilda,Bangiard,Female,mbangiard9t@stumbleupon.com,772 500 8059
Hanni,Skedgell,Female,hskedgell9u@wsj.com,789 764 1340
Jerry,Petriello,Female,jpetriello9v@cbc.ca,978 650 4985
Galina,O'Currane,Agender,gocurrane9w@imageshack.us,848 142 5092
Franni,Wybrow,Female,fwybrow9x@deliciousdays.com,363 188 1089
Eddie,Anyene,Male,eanyene9y@opensource.org,883 331 5619
Rani,Cuttin,Female,rcuttin9z@prweb.com,833 697 0757
Carilyn,Schiesterl,Female,cschiesterla0@flickr.com,202 711 3908
Rees,Rickertsen,Male,rrickertsena1@amazon.com,480 428 3487
Adelina,Evetts,Female,aevettsa2@wisc.edu,335 244 4416
Donal,Beddingham,Male,dbeddinghama3@walmart.com,942 595 3666
Shoshanna,Sutherington,Female,ssutheringtona4@ehow.com,162 281 9235
Emlyn,Flohard,Male,efloharda5@psu.edu,984 126 5832
Woodman,Yetts,Non-binary,wyettsa6@comcast.net,598 944 9785
Denver,Florence,Bigender,dflorencea7@jiathis.com,283 839 7014
Henri,Gumary,Male,hgumarya8@abc.net.au,314 419 3790
Christophe,Dislee,Male,cdisleea9@hubpages.com,114 163 6750
Dan,Thayre,Male,dthayreaa@ning.com,716 992 6668
Giulia,Avrashin,Bigender,gavrashinab@abc.net.au,436 707 4793
Ralph,Borgesio,Male,rborgesioac@etsy.com,683 553 9672
Mahmoud,Mears,Male,mmearsad@weather.com,579 817 2307
Lynne,Reidie,Female,lreidieae@jugem.jp,931 120 7641
Jaine,Radmer,Female,jradmeraf@fastcompany.com,288 213 0896
Aldus,Lishman,Male,alishmanag@acquirethisname.com,944 851 2889
Annis,Brunsen,Female,abrunsenah@posterous.com,351 818 6691
Chery,Bunton,Female,cbuntonai@accuweather.com,704 510 3441
Sonnnie,Pietroni,Female,spietroniaj@theglobeandmail.com,492 716 1251
Zara,Dantesia,Female,zdantesiaak@discovery.com,206 666 4098
Sarene,Boate,Female,sboateal@gravatar.com,211 515 7568
Rey,Haszard,Male,rhaszardam@chronoengine.com,267 235 9350
Brandea,Hollyard,Female,bhollyardan@youtu.be,866 749 3291
Yasmin,Jirusek,Agender,yjirusekao@economist.com,545 936 1020
Nisse,Schuster,Female,nschusterap@patch.com,477 629 2648
Matthus,Fazzioli,Male,mfazzioliaq@ibm.com,472 177 5815
Gretal,Waples,Female,gwaplesar@moonfruit.com,270 718 2435
Rabbi,Munslow,Male,rmunslowas@slashdot.org,854 451 1081
Norbert,Howieson,Male,nhowiesonat@flickr.com,286 725 1328
Emelen,Strangman,Male,estrangmanau@sfgate.com,560 838 9884
Egon,Flea,Male,efleaav@amazon.com,669 758 4572
Arlyn,Birkinshaw,Female,abirkinshawaw@sitemeter.com,863 205 1566
Janet,Christer,Female,jchristerax@bigcartel.com,440 505 8667
Dagny,MacAllister,Agender,dmacallisteray@disqus.com,414 127 8458
Hyacinthe,Vischi,Female,hvischiaz@ifeng.com,458 214 3612
Jarred,Keuning,Male,jkeuningb0@sbwire.com,181 109 2814
Nanni,Blandamere,Female,nblandamereb1@economist.com,885 421 3659
Jaquith,Cantor,Female,jcantorb2@scribd.com,393 121 6724
Sunny,McIlvenny,Male,smcilvennyb3@delicious.com,707 838 6951
Alasteir,MacArthur,Male,amacarthurb4@purevolume.com,607 354 3647
Karlee,Lambrick,Female,klambrickb5@tripadvisor.com,481 436 7668
Pammi,Opy,Female,popyb6@mail.ru,982 869 6160
Kirbee,Cahani,Polygender,kcahanib7@boston.com,430 641 7034
Amery,Sandle,Male,asandleb8@qq.com,404 826 7033
Mord,Safell,Male,msafellb9@gravatar.com,584 530 7010
Evonne,Edser,Female,eedserba@devhub.com,215 598 0508
Barn,Tunnow,Male,btunnowbb@sun.com,246 171 4164
Jody,Fricke,Male,jfrickebc@e-recht24.de,102 389 5377
Cosimo,Dykas,Male,cdykasbd@miibeian.gov.cn,191 205 9721
Gretel,Jobbins,Female,gjobbinsbe@ucoz.com,801 370 6331
Milissent,Scotter,Female,mscotterbf@yellowbook.com,120 445 7374
Murvyn,Pinnocke,Male,mpinnockebg@globo.com,473 330 9596
Dorothee,Boughtwood,Female,dboughtwoodbh@nps.gov,915 834 1681
Matthiew,Lyttle,Male,mlyttlebi@shop-pro.jp,108 946 4262
Shem,Hush,Male,shushbj@jugem.jp,552 785 4140
Carolan,Halmkin,Female,chalmkinbk@ovh.net,438 686 9230
Mendy,Harring,Male,mharringbl@bigcartel.com,587 101 4074
Archibald,Droogan,Male,adrooganbm@aol.com,355 626 0831
Silva,McRoberts,Female,smcrobertsbn@geocities.com,174 384 9261
Giffard,Shafto,Male,gshaftobo@booking.com,898 253 4581
Kent,Giblin,Male,kgiblinbp@eepurl.com,782 481 8261
Artie,St. John,Male,astjohnbq@scribd.com,334 231 6215
Wyndham,Gerretsen,Male,wgerretsenbr@google.nl,539 149 7146
Barnabas,McCleverty,Male,bmcclevertybs@fastcompany.com,474 122 7221
Callie,Greenrodd,Female,cgreenroddbt@icio.us,416 986 3241
Caria,Wealthall,Female,cwealthallbu@reddit.com,272 773 1300
Mead,Bosanko,Male,mbosankobv@oracle.com,845 987 5585
Ezechiel,Sterke,Male,esterkebw@businesswire.com,491 762 6180
Alphonso,Bonwell,Agender,abonwellbx@elegantthemes.com,790 880 6531
Germayne,Abbett,Male,gabbettby@telegraph.co.uk,237 563 7188
Sharon,Waddilove,Female,swaddilovebz@xrea.com,490 767 8723
Della,Dowdell,Female,ddowdellc0@edublogs.org,704 481 2664
Fernando,Josovitz,Male,fjosovitzc1@cdbaby.com,212 508 2489
Rusty,Smeuin,Male,rsmeuinc2@usatoday.com,471 117 9516
Roley,Giraux,Polygender,rgirauxc3@woothemes.com,174 676 5780
Willem,Antley,Male,wantleyc4@opera.com,655 957 3769
Cymbre,Kersting,Female,ckerstingc5@opera.com,864 642 1076
Nat,Barrow,Agender,nbarrowc6@1688.com,412 830 3599
Basilio,Harpur,Male,bharpurc7@yandex.ru,442 303 2091
Mathilda,Gobel,Female,mgobelc8@plala.or.jp,423 878 5371
Leshia,Montford,Female,lmontfordc9@github.io,999 258 9985
Sharla,Fenck,Female,sfenckca@imdb.com,783 442 8338
Jaquenette,Longfield,Female,jlongfieldcb@altervista.org,320 378 4630
Kaleena,Kibbel,Female,kkibbelcc@tripadvisor.com,936 800 1666
Hillard,Skate,Male,hskatecd@odnoklassniki.ru,807 136 3844
Tades,Wabersinke,Male,twabersinkece@blog.com,267 858 1589
Jecho,Creavin,Male,jcreavincf@sfgate.com,105 537 0865
Abigail,Greatbatch,Female,agreatbatchcg@scientificamerican.com,737 722 6599
Gale,Bungey,Male,gbungeych@umn.edu,311 347 4878
Bride,Frisby,Female,bfrisbyci@baidu.com,600 525 6670
Terrell,Bristowe,Male,tbristowecj@ovh.net,343 860 8128
Elaina,Dewdeny,Female,edewdenyck@salon.com,144 869 1449
Elwood,Dranfield,Male,edranfieldcl@dailymail.co.uk,335 741 8230
Cecilius,Kuschel,Male,ckuschelcm@naver.com,859 532 7038
Arleyne,Marklund,Female,amarklundcn@cnbc.com,815 799 6010
Lyssa,Woodlands,Female,lwoodlandsco@webs.com,780 590 2133
Bradney,Slocumb,Male,bslocumbcp@spiegel.de,418 149 7154
Aymer,Lerohan,Male,alerohancq@creativecommons.org,390 576 5357
Llewellyn,Pawelski,Male,lpawelskicr@blogs.com,877 588 9067
Shamus,Chatenier,Male,schateniercs@imdb.com,844 945 4533
Fredra,Bhar,Bigender,fbharct@google.pl,879 325 2690
Henri,Gotcliffe,Male,hgotcliffecu@posterous.com,618 393 1248
Kellyann,Altofts,Bigender,kaltoftscv@mit.edu,950 921 6070
Malvin,Friedlos,Male,mfriedloscw@about.com,511 526 9240
Michail,Sibbert,Male,msibbertcx@over-blog.com,899 818 2615
Barbi,Sumner,Female,bsumnercy@hostgator.com,217 533 2694
Carce,Bannon,Male,cbannoncz@boston.com,625 137 2947
Jodie,Staves,Male,jstavesd0@themeforest.net,218 454 2450
Benedetto,Gantlett,Non-binary,bgantlettd1@goodreads.com,403 955 4415
Suzette,Birchall,Female,sbirchalld2@adobe.com,660 661 7672
Onfroi,Smitton,Male,osmittond3@cpanel.net,105 723 8244
Vlad,Fairbourn,Genderqueer,vfairbournd4@mediafire.com,216 620 0259
Manolo,Gaythwaite,Agender,mgaythwaited5@etsy.com,967 839 6273
Sandor,Rosen,Male,srosend6@ihg.com,948 690 3175
Grace,Crevagh,Female,gcrevaghd7@fotki.com,775 797 7584
Sib,Landrick,Female,slandrickd8@businessinsider.com,915 542 0451
Sibeal,Jaumet,Female,sjaumetd9@google.com.au,886 467 0438
Jone,Ivy,Male,jivyda@blog.com,717 360 0163
Jaclin,Williamson,Genderqueer,jwilliamsondb@comsenz.com,937 413 3203
Almeda,Agass,Female,aagassdc@plala.or.jp,504 719 3022
Dominik,Rubberts,Male,drubbertsdd@plala.or.jp,975 289 9512
Cassy,Fores,Female,cforesde@slideshare.net,813 300 8398
Karla,Fullun,Female,kfullundf@patch.com,996 178 9612
Lindon,Diver,Genderfluid,ldiverdg@comsenz.com,483 628 8311
Muriel,Douse,Female,mdousedh@independent.co.uk,687 518 0199
Lay,Grcic,Male,lgrcicdi@ihg.com,435 790 6314
Frankie,Woodruff,Male,fwoodruffdj@arizona.edu,675 784 3149
Emogene,Emmatt,Female,eemmattdk@netscape.com,752 487 0924
Teddy,Richter,Male,trichterdl@etsy.com,389 805 2373
Manuel,Chappell,Male,mchappelldm@bing.com,730 469 0930
Rutger,Damsell,Male,rdamselldn@kickstarter.com,920 131 0685
Welby,Mimmack,Male,wmimmackdo@dot.gov,683 660 7943
Bryan,Thorpe,Male,bthorpedp@gov.uk,406 615 6363
Eleanore,Crighten,Female,ecrightendq@squarespace.com,301 495 7430
Gerda,Youthead,Female,gyoutheaddr@vimeo.com,212 830 3831
Krishna,Benettolo,Male,kbenettolods@newsvine.com,414 644 5357
Herrick,Pietron,Male,hpietrondt@nymag.com,741 977 0418
Hamel,Guitonneau,Male,hguitonneaudu@symantec.com,918 970 0172
Tabbi,Cavee,Female,tcaveedv@imgur.com,440 124 7402
Bertrando,Joesbury,Male,bjoesburydw@elpais.com,830 777 9050
Loreen,Lutman,Female,llutmandx@elpais.com,614 378 9792
Harvey,Blanpein,Male,hblanpeindy@seesaa.net,656 181 3672
Bea,Liepina,Female,bliepinadz@vistaprint.com,641 728 4132
Merwin,Exley,Male,mexleye0@amazon.com,397 619 7792
Bobbye,Mirfin,Female,bmirfine1@sina.com.cn,876 830 5165
Ulla,Waplinton,Female,uwaplintone2@google.es,224 744 9179
Doroteya,Clac,Female,dclace3@altervista.org,727 765 1258
Monroe,Eisak,Male,meisake4@networksolutions.com,961 267 1687
Barbara,Tayloe,Bigender,btayloee5@so-net.ne.jp,641 815 5561
Gerianna,Attac,Female,gattace6@e-recht24.de,276 567 7828
Noreen,Biset,Female,nbisete7@vimeo.com,229 338 1915
Peyter,Bailes,Male,pbailese8@comcast.net,307 455 2285
Kerrin,Last,Female,klaste9@deliciousdays.com,207 877 5142
Nealson,Jailler,Male,njaillerea@parallels.com,388 186 2293
Gnni,Gloster,Female,gglostereb@google.co.uk,149 420 8088
Tarra,Sutlieff,Polygender,tsutlieffec@bbc.co.uk,679 288 1533
Gracie,Suscens,Female,gsuscensed@flavors.me,973 729 2824
Matthew,Robichon,Male,mrobichonee@ycombinator.com,778 363 8494
Reagen,Esilmon,Male,resilmonef@issuu.com,776 642 6832
Mariellen,Clemencon,Female,mclemenconeg@technorati.com,789 320 6275
Alden,Malkinson,Male,amalkinsoneh@ftc.gov,705 492 3138
Janis,Scuffham,Female,jscuffhamei@prweb.com,462 175 6062
Darcy,Stockton,Male,dstocktonej@abc.net.au,719 110 5656
Elmira,Feares,Agender,efearesek@noaa.gov,337 718 8099
Bill,Lorant,Female,blorantel@quantcast.com,693 321 1423
Nona,McBean,Female,nmcbeanem@creativecommons.org,972 117 2636
Jodi,Holehouse,Female,jholehouseen@reverbnation.com,663 115 6753
Fritz,Madill,Male,fmadilleo@smugmug.com,811 893 4269
Kathrine,Brumbie,Female,kbrumbieep@cdbaby.com,290 277 5148
Quent,Dallinder,Male,qdallindereq@posterous.com,503 235 5423
Filip,Pay,Male,fpayer@4shared.com,276 793 9791
Dalis,Michael,Male,dmichaeles@ucoz.com,215 514 1708
Brnaba,Denzilow,Male,bdenzilowet@typepad.com,165 603 7208
Joel,Southall,Male,jsouthalleu@dedecms.com,910 648 1157
Emlyn,Leachman,Male,eleachmanev@flickr.com,427 383 8070
Mikaela,Pressdee,Female,mpressdeeew@netlog.com,397 545 7266
Odille,Haythornthwaite,Female,ohaythornthwaiteex@upenn.edu,959 739 2600
Giuseppe,Chimenti,Male,gchimentiey@hostgator.com,949 506 4471
Ulysses,Burgher,Male,uburgherez@parallels.com,467 854 1788
Sophie,Servante,Female,sservantef0@slashdot.org,907 508 9526
Marco,Mayho,Male,mmayhof1@washingtonpost.com,637 731 1529
Onfre,Warnes,Male,owarnesf2@odnoklassniki.ru,983 283 5480
Lela,Mayward,Female,lmaywardf3@wordpress.com,352 546 0382
Skyler,Stabler,Male,sstablerf4@who.int,942 787 9858
Nelle,Baszkiewicz,Female,nbaszkiewiczf5@list-manage.com,229 851 9614
Emanuel,Bartusek,Male,ebartusekf6@miibeian.gov.cn,292 132 3405
Romy,Finley,Female,rfinleyf7@cmu.edu,300 492 9606
Gordan,Kill,Male,gkillf8@miitbeian.gov.cn,494 244 9914
Rosemary,Panks,Female,rpanksf9@accuweather.com,403 787 7306
Vernice,Weadick,Female,vweadickfa@google.it,388 139 4436
Kylila,Trawin,Female,ktrawinfb@paginegialle.it,340 624 9138
Rutter,Cremins,Male,rcreminsfc@google.com.hk,635 669 5182
Ramsey,Corde,Male,rcordefd@slashdot.org,422 708 8276
Lynnet,Fevier,Female,lfevierfe@hubpages.com,234 885 9676
Killie,Crudge,Male,kcrudgeff@cloudflare.com,282 327 3659
Theodora,Twamley,Female,ttwamleyfg@hc360.com,780 759 4480
Sayre,Ledrane,Male,sledranefh@ocn.ne.jp,530 229 9714
Craig,Bazeley,Male,cbazeleyfi@disqus.com,207 557 0857
Devan,Brolly,Female,dbrollyfj@over-blog.com,566 133 1216
Frederich,Cossam,Bigender,fcossamfk@mediafire.com,952 292 6958
Sofia,Mitroshinov,Female,smitroshinovfl@networkadvertising.org,139 352 3466
Nikolaos,Benfell,Genderqueer,nbenfellfm@census.gov,950 670 0405
Allie,Mitcham,Female,amitchamfn@de.vu,815 277 7498
Rici,Stirrip,Female,rstirripfo@acquirethisname.com,579 405 3948
Gonzales,Inderwick,Male,ginderwickfp@cafepress.com,942 994 2599
Tynan,Yokelman,Male,tyokelmanfq@mlb.com,700 138 3612
Arlina,Cottier,Female,acottierfr@ow.ly,994 105 5674
Barbaraanne,Tenaunt,Female,btenauntfs@posterous.com,608 875 6948
Wilmette,Marquis,Female,wmarquisft@hhs.gov,546 271 4058
Gordan,Stihl,Male,gstihlfu@1688.com,782 502 4688
Steve,McAndie,Non-binary,smcandiefv@goo.ne.jp,146 428 3037
Morley,Chritchlow,Male,mchritchlowfw@quantcast.com,121 164 8627
Lonni,Jellyman,Female,ljellymanfx@google.it,542 125 9985
Frasier,MacAdam,Male,fmacadamfy@fda.gov,668 890 8547
Worthy,Cudihy,Male,wcudihyfz@pinterest.com,337 161 3480
Gerrie,Feechum,Female,gfeechumg0@dion.ne.jp,595 623 6617
Rollo,Klaessen,Male,rklaesseng1@rambler.ru,445 948 2551
Nicolis,Scoullar,Male,nscoullarg2@cafepress.com,454 406 7160
Kane,Aldis,Male,kaldisg3@live.com,526 395 5574
Johnathon,Ortell,Male,jortellg4@icq.com,493 598 6941
Becki,Broadey,Female,bbroadeyg5@exblog.jp,722 181 6117
Layla,Gaspar,Genderfluid,lgasparg6@auda.org.au,764 750 2145
Dorolisa,Pizey,Female,dpizeyg7@spiegel.de,369 202 9984
Yoko,Aspin,Female,yasping8@techcrunch.com,213 890 1041
Olivette,Coutts,Female,ocouttsg9@weebly.com,717 950 3556
Pincas,Aguirre,Male,paguirrega@google.com.br,994 915 1692
Emyle,Tregust,Female,etregustgb@huffingtonpost.com,716 783 3577
Karney,Kasparski,Agender,kkasparskigc@prweb.com,919 614 6062
Lou,Howick,Male,lhowickgd@howstuffworks.com,333 316 4041
Caesar,Lockwood,Male,clockwoodge@about.com,889 664 4192
Kalle,Petford,Male,kpetfordgf@ca.gov,518 282 1743
Veronique,Philpots,Female,vphilpotsgg@cargocollective.com,126 694 5289
Josefa,Isoldi,Female,jisoldigh@arizona.edu,232 136 8639
Roda,Dupoy,Female,rdupoygi@ucoz.com,957 935 6867
Vicky,Lucien,Female,vluciengj@yale.edu,804 523 3114
Alta,Fenwick,Female,afenwickgk@army.mil,407 953 5375
Kasper,MacCrossan,Male,kmaccrossangl@shinystat.com,597 906 3583
Jedidiah,Saenz,Male,jsaenzgm@macromedia.com,167 524 6006
Abbe,Lante,Female,alantegn@dedecms.com,264 540 5197
Laraine,Belliveau,Female,lbelliveaugo@indiegogo.com,933 498 5857
Barby,Fetherstan,Female,bfetherstangp@cocolog-nifty.com,558 436 3417
Lorena,Van Vuuren,Polygender,lvanvuurengq@posterous.com,458 338 0376
Piotr,Bees,Male,pbeesgr@sogou.com,456 377 8286
Mayne,Hamor,Male,mhamorgs@gnu.org,895 910 1201
Hayden,Leeves,Male,hleevesgt@multiply.com,693 239 6654
Jerrie,Critch,Male,jcritchgu@spotify.com,166 678 4690
Nadya,Grayne,Female,ngraynegv@google.ca,671 637 7430
Dominic,Petrussi,Male,dpetrussigw@about.me,575 901 2940
Randall,Smurfitt,Male,rsmurfittgx@godaddy.com,839 299 4750
Barny,Meehan,Male,bmeehangy@home.pl,261 531 6653
Teressa,Duddin,Female,tduddingz@ibm.com,611 239 0969
Hart,O'Fairy,Male,hofairyh0@altervista.org,866 985 7037
Freedman,Macia,Male,fmaciah1@cbslocal.com,252 121 0381
Rahal,Cosser,Female,rcosserh2@bluehost.com,113 274 4368
Roxi,Asals,Female,rasalsh3@icio.us,773 436 9066
Aggy,Jumont,Female,ajumonth4@behance.net,426 586 1084
Letti,Criag,Female,lcriagh5@disqus.com,105 498 2247
Atlanta,Heugh,Female,aheughh6@pcworld.com,619 884 3752
Margarette,Bolletti,Bigender,mbollettih7@cam.ac.uk,261 957 3543
Gabbi,Keaysell,Female,gkeaysellh8@pen.io,487 313 1723
Moses,Joseph,Male,mjosephh9@google.nl,456 261 3193
Ophelia,Tuison,Female,otuisonha@cam.ac.uk,643 495 3065
Hillery,Falkous,Genderqueer,hfalkoushb@photobucket.com,203 731 0034
Vida,Girhard,Female,vgirhardhc@tumblr.com,627 373 0009
Gilberto,Bulleyn,Male,gbulleynhd@hubpages.com,201 551 6439
Mala,Chessman,Female,mchessmanhe@sourceforge.net,850 670 5468
Noach,Renihan,Male,nrenihanhf@auda.org.au,971 653 8062
Norene,Dyble,Non-binary,ndyblehg@princeton.edu,182 977 7681
Sarina,Tattersall,Female,stattersallhh@4shared.com,602 322 1310
Isis,Kraut,Non-binary,ikrauthi@netlog.com,696 154 8211
Kiersten,Swannell,Female,kswannellhj@barnesandnoble.com,411 365 0880
Wynnie,Krochmann,Female,wkrochmannhk@engadget.com,185 823 5902
Enrica,Maharg,Female,emaharghl@plala.or.jp,416 487 9847
Goldarina,McBrady,Female,gmcbradyhm@vk.com,317 237 2373
Fidelio,MacNelly,Genderfluid,fmacnellyhn@elegantthemes.com,901 309 7383
Patricio,McLemon,Polygender,pmclemonho@odnoklassniki.ru,989 586 9642
Brig,Woodroof,Bigender,bwoodroofhp@nba.com,826 845 3384
Billy,Duding,Polygender,bdudinghq@php.net,597 572 9352
Farly,Ogglebie,Male,fogglebiehr@omniture.com,933 437 8077
Mirella,Jefferd,Female,mjefferdhs@admin.ch,868 825 5119
Padraic,Hugin,Male,phuginht@mapy.cz,722 455 2635
Bucky,Frew,Male,bfrewhu@icq.com,101 374 6047
Saunder,Lies,Non-binary,slieshv@washington.edu,881 842 4608
Kiri,Banasik,Female,kbanasikhw@mysql.com,972 908 6495
Nicko,Jerratsch,Male,njerratschhx@stumbleupon.com,447 119 0116
Dorry,Gonthard,Female,dgonthardhy@sogou.com,805 966 0372
Giacobo,Antonsson,Male,gantonssonhz@bandcamp.com,164 724 7122
Gerrard,McCotter,Male,gmccotteri0@123-reg.co.uk,581 844 3231
Joann,Alessandrelli,Female,jalessandrellii1@soundcloud.com,676 461 8599
Yettie,Wastell,Female,ywastelli2@hibu.com,671 873 9033
Niels,Whenman,Male,nwhenmani3@wisc.edu,870 638 1758
Jarad,Folli,Male,jfollii4@uiuc.edu,823 617 8638
Thorny,Cronk,Male,tcronki5@psu.edu,684 553 8555
Ashely,Petraitis,Genderqueer,apetraitisi6@miitbeian.gov.cn,216 241 7441
Alana,Crevy,Female,acrevyi7@spiegel.de,249 654 2573
Carlina,Bygate,Female,cbygatei8@apple.com,983 461 5673
Sumner,Eagles,Male,seaglesi9@google.pl,585 145 9486
Imogen,Cranston,Female,icranstonia@dedecms.com,153 981 5130
Lionello,Davidde,Male,ldaviddeib@dailymotion.com,381 840 6443
Obadias,Lahiff,Male,olahiffic@icq.com,972 232 3457
Minnaminnie,Kits,Bigender,mkitsid@barnesandnoble.com,407 220 9173
Adore,Darling,Female,adarlingie@businesswire.com,504 868 4981
Rosene,Grimditch,Female,rgrimditchif@google.co.uk,234 202 6616
Scotti,Hebbard,Male,shebbardig@patch.com,720 989 7724
Angeli,Linnitt,Male,alinnittih@elegantthemes.com,105 309 1804
Richy,Kenworthey,Male,rkenwortheyii@bloomberg.com,739 218 6243
Roxine,Tape,Female,rtapeij@umn.edu,931 529 7248
Ruthie,Padson,Female,rpadsonik@auda.org.au,125 927 0222
Inga,Pevreal,Female,ipevrealil@imdb.com,424 927 7341
Chicky,Eaglesham,Female,ceagleshamim@printfriendly.com,120 731 2445
Cornelle,Jina,Female,cjinain@msu.edu,217 178 8056
Neille,Crawley,Female,ncrawleyio@dagondesign.com,112 851 7305
Mack,Beamand,Male,mbeamandip@nba.com,769 900 2023
Reid,Fransseni,Male,rfransseniiq@seesaa.net,350 237 2491
Clemmy,Franscioni,Female,cfranscioniir@dagondesign.com,713 946 7813
Norbie,Hubatsch,Male,nhubatschis@engadget.com,719 407 4763
Christie,Lernihan,Male,clernihanit@redcross.org,688 926 5285
Donnamarie,Lovegrove,Female,dlovegroveiu@feedburner.com,168 480 8732
Adara,Hamprecht,Female,ahamprechtiv@theatlantic.com,439 707 6246
Rosalind,Tarbet,Female,rtarbetiw@reference.com,511 666 4395
Darb,Claricoats,Female,dclaricoatsix@admin.ch,850 172 1313
Berna,Sandeson,Female,bsandesoniy@utexas.edu,789 187 5278
Natalina,Arno,Female,narnoiz@networkadvertising.org,419 581 3853
Averell,Morales,Male,amoralesj0@uol.com.br,748 113 0122
Bartolemo,Brewers,Male,bbrewersj1@meetup.com,833 762 2818
Rodie,Davoren,Female,rdavorenj2@naver.com,686 866 6061
Paddie,Le Marquand,Male,plemarquandj3@gmpg.org,182 114 0408
Lenette,Greenard,Female,lgreenardj4@va.gov,905 156 5291
Tyne,Nawton,Female,tnawtonj5@yale.edu,997 536 4077
Kipper,Skaife d'Ingerthorpe,Male,kskaifedingerthorpej6@chronoengine.com,222 473 2594
Nils,Hearns,Male,nhearnsj7@who.int,979 266 5665
Clarisse,Marnes,Female,cmarnesj8@reuters.com,460 178 3785
Dewey,Locks,Male,dlocksj9@geocities.jp,963 765 0866
Giovanni,Burtt,Male,gburttja@mediafire.com,927 984 1948
Brig,Handes,Male,bhandesjb@dell.com,974 943 4931
Janel,Sertin,Female,jsertinjc@ezinearticles.com,343 452 1017
Corine,Borges,Female,cborgesjd@noaa.gov,498 246 1022
Whitman,Yielding,Male,wyieldingje@constantcontact.com,941 188 3990
Rana,Crumpe,Female,rcrumpejf@wix.com,793 745 7309
Nara,Whal,Female,nwhaljg@bbb.org,146 727 8994
Jarvis,Kinze,Male,jkinzejh@paypal.com,267 782 4245
Paddy,Kolinsky,Male,pkolinskyji@creativecommons.org,564 436 0122
Marius,Cannings,Male,mcanningsjj@blinklist.com,179 249 4580
Joe,Mogridge,Male,jmogridgejk@time.com,445 368 6346
Gearalt,Guess,Male,gguessjl@businesswire.com,411 987 4780
Celestyna,Pawlick,Female,cpawlickjm@usnews.com,947 645 7806
Tracy,Cleife,Male,tcleifejn@who.int,561 811 0531
Quintana,Slayton,Female,qslaytonjo@jiathis.com,749 596 0290
Launce,Southgate,Male,lsouthgatejp@eventbrite.com,329 512 5217
Penny,Batrip,Female,pbatripjq@youku.com,503 689 1306
Weston,Greiser,Male,wgreiserjr@dropbox.com,914 488 7106
Curcio,Lindstedt,Male,clindstedtjs@google.co.jp,255 504 9848
Titos,Lomas,Male,tlomasjt@prweb.com,816 874 7828
Chip,Wildes,Male,cwildesju@reverbnation.com,273 784 7084
Binnie,Norton,Female,bnortonjv@vistaprint.com,589 104 0934
Vida,Lynds,Female,vlyndsjw@gov.uk,867 453 1509
Doreen,Shoosmith,Female,dshoosmithjx@nymag.com,722 920 2749
Justinian,Renshall,Male,jrenshalljy@ihg.com,913 118 1372
Margit,Twentyman,Non-binary,mtwentymanjz@dagondesign.com,555 769 9544
Jackie,Wickins,Female,jwickinsk0@sohu.com,279 745 7343
Marthe,Drinkel,Female,mdrinkelk1@umn.edu,711 475 3142
Chic,Revance,Male,crevancek2@wired.com,125 969 1916
Elysee,Dimitrie,Female,edimitriek3@amazon.co.uk,385 101 2923
Chase,Bossel,Male,cbosselk4@abc.net.au,635 196 2490
Tammie,Edmonds,Female,tedmondsk5@cyberchimps.com,328 348 1877
Ramonda,Keeling,Female,rkeelingk6@chron.com,607 290 3195
Claybourne,Leek,Male,cleekk7@jiathis.com,310 473 8254
Kerr,Carreck,Male,kcarreckk8@1und1.de,333 185 0365
Rhonda,Corr,Female,rcorrk9@unblog.fr,108 151 2173
Kirby,Ocheltree,Female,kocheltreeka@paypal.com,894 612 1043
Melony,Kubica,Female,mkubicakb@i2i.jp,318 509 5084
Basia,Patterson,Female,bpattersonkc@tumblr.com,221 388 5089
Francois,Cawkill,Genderqueer,fcawkillkd@harvard.edu,394 450 6929
Ferdinanda,Mendenhall,Female,fmendenhallke@yahoo.co.jp,133 146 4278
Angelita,Tregear,Female,atregearkf@forbes.com,313 285 5609
Corbie,Leglise,Male,cleglisekg@about.com,559 276 2977
Rocky,Ivanishchev,Male,rivanishchevkh@blinklist.com,833 306 6439
Elfreda,Gazey,Female,egazeyki@state.gov,860 148 4301
Vanni,Stickens,Female,vstickenskj@ycombinator.com,705 443 9352
Tilly,Abramov,Female,tabramovkk@foxnews.com,638 165 1282
Karry,Ondrousek,Female,kondrousekkl@mapquest.com,162 903 7856
Issiah,Dukelow,Male,idukelowkm@sogou.com,626 673 0160
Marius,Pues,Male,mpueskn@disqus.com,198 536 4533
Lorianna,Kleisel,Agender,lkleiselko@studiopress.com,744 549 1831
Gisele,Bastie,Female,gbastiekp@opensource.org,748 910 8426
Sheree,Esmond,Female,sesmondkq@newyorker.com,651 651 9275
Xymenes,Radish,Male,xradishkr@dailymail.co.uk,138 528 8675
Alphard,Eakle,Male,aeakleks@nydailynews.com,334 738 3290
Beverley,Riditch,Female,briditchkt@i2i.jp,931 575 4224
Marni,Yate,Female,myateku@ed.gov,523 838 3695
Blane,Bachanski,Male,bbachanskikv@abc.net.au,806 308 9109
Wilma,Spellard,Female,wspellardkw@vistaprint.com,869 487 0402
Peg,Hellyer,Female,phellyerkx@weather.com,616 571 3003
Elmer,Chittenden,Male,echittendenky@wired.com,663 360 2105
Kellen,Moreinu,Male,kmoreinukz@noaa.gov,895 357 6726
Leigh,Gaskal,Male,lgaskall0@creativecommons.org,534 167 4998
Forster,Hydes,Male,fhydesl1@printfriendly.com,779 174 6066
Monro,Blitz,Male,mblitzl2@tumblr.com,560 792 9296
Weber,Matthensen,Male,wmatthensenl3@goo.ne.jp,371 617 9073
Robinson,Leese,Male,rleesel4@washingtonpost.com,569 208 6265
Batsheva,Dockray,Female,bdockrayl5@dell.com,642 913 9786
Ernaline,Chinery,Female,echineryl6@springer.com,737 801 4597
Atalanta,Ruddlesden,Female,aruddlesdenl7@disqus.com,211 756 7440
Abra,Dash,Bigender,adashl8@theguardian.com,813 654 5732
Agnese,Starrs,Female,astarrsl9@apple.com,744 143 9070
Erroll,Ellsworthe,Male,eellsworthela@springer.com,235 710 9960
Bartholomeus,Cracker,Male,bcrackerlb@github.io,183 756 5183
Christabel,Kissack,Female,ckissacklc@gov.uk,526 837 4495
Quentin,Shaw,Male,qshawld@buzzfeed.com,454 848 6786
Alasteir,Gunton,Male,aguntonle@w3.org,873 868 7958
Suzy,McLernon,Female,smclernonlf@barnesandnoble.com,351 611 0235
Courtnay,Clemmen,Female,cclemmenlg@macromedia.com,437 390 0099
Domenico,Harley,Male,dharleylh@ning.com,658 214 5305
Aubree,Loncaster,Female,aloncasterli@boston.com,342 858 2337
Debbi,McBrady,Female,dmcbradylj@soundcloud.com,832 244 6981
Gwyn,Grzeszczak,Female,ggrzeszczaklk@goodreads.com,164 775 8577
Nertie,Clues,Female,ncluesll@usda.gov,237 558 7695
Jessi,Safhill,Female,jsafhilllm@eepurl.com,288 762 6229
Garik,Whettleton,Male,gwhettletonln@wsj.com,294 910 3079
Honey,Tortice,Agender,htorticelo@aol.com,381 344 6450
Connie,Hamby,Female,chambylp@slideshare.net,394 755 1903
Freemon,Blanning,Male,fblanninglq@about.me,672 942 8819
Hermina,Feldbau,Female,hfeldbaulr@github.io,643 655 6365
Sarene,Sprowles,Female,ssprowlesls@flickr.com,379 690 6201
Zak,Teeney,Male,zteeneylt@angelfire.com,450 765 9403
Tomlin,Faro,Polygender,tfarolu@imgur.com,916 120 6630
Sigismondo,Tripp,Male,stripplv@liveinternet.ru,487 880 4511
Dallon,Skyram,Male,dskyramlw@domainmarket.com,903 939 4472
Sandie,Hatt,Female,shattlx@nationalgeographic.com,298 170 6824
Darcy,Dignum,Male,ddignumly@wikipedia.org,521 111 4119
Jacob,Coll,Male,jcolllz@answers.com,702 902 0872
Millard,Guage,Male,mguagem0@4shared.com,233 152 1226
Rodd,Blazejewski,Male,rblazejewskim1@wikispaces.com,198 875 8983
Lindie,Keslake,Female,lkeslakem2@whitehouse.gov,981 927 6065
Luke,Maydwell,Male,lmaydwellm3@sourceforge.net,430 346 2869
Alphonse,Songer,Male,asongerm4@discovery.com,404 330 4961
Reinhold,Quarrington,Male,rquarringtonm5@smugmug.com,192 678 6509
Raphael,Weldrick,Male,rweldrickm6@gravatar.com,167 922 2689
Pincas,Whatling,Male,pwhatlingm7@unc.edu,771 904 0938
Darrell,Luppitt,Male,dluppittm8@omniture.com,257 561 4546
Vivian,Deetlof,Female,vdeetlofm9@cdc.gov,283 551 8573
Kassandra,Sexstone,Female,ksexstonema@blogtalkradio.com,298 652 0199
Gaspar,Ratazzi,Male,gratazzimb@github.com,231 971 5204
Towney,Allebone,Male,tallebonemc@auda.org.au,137 978 2723
Renata,Woodes,Female,rwoodesmd@pcworld.com,214 898 1312
Renata,Billiard,Female,rbilliardme@bbb.org,607 318 6869
Karry,Temlett,Female,ktemlettmf@woothemes.com,267 542 7698
Murray,Cheer,Male,mcheermg@wordpress.com,208 591 2854
Leodora,McGuffog,Female,lmcguffogmh@berkeley.edu,129 237 5803
Desirae,Guntrip,Female,dguntripmi@merriam-webster.com,914 802 2065
Lurleen,Hatwells,Female,lhatwellsmj@howstuffworks.com,152 445 6458
Demeter,Stanmore,Female,dstanmoremk@usatoday.com,810 904 7596
Austine,Ticksall,Female,aticksallml@wikimedia.org,186 990 2009
Violet,Flagg,Female,vflaggmm@utexas.edu,442 745 4596
Leon,Bisson,Male,lbissonmn@omniture.com,851 980 9267
Terrel,Glayzer,Male,tglayzermo@go.com,935 571 3734
Davy,Hallsworth,Male,dhallsworthmp@dot.gov,596 908 9546
Zebulon,Frankland,Male,zfranklandmq@cnn.com,212 827 6253
Wake,Heis,Male,wheismr@youtube.com,577 185 3582
Lilah,Laydel,Female,llaydelms@dell.com,549 327 9499
Corabel,Sings,Female,csingsmt@craigslist.org,560 950 7600
Linet,Filipiak,Female,lfilipiakmu@soundcloud.com,316 931 8084
Carena,Maryott,Bigender,cmaryottmv@google.es,594 567 7388
Granthem,Stringman,Male,gstringmanmw@who.int,527 874 8454
Hogan,Quan,Male,hquanmx@goo.ne.jp,360 860 1625
Lavina,Spohr,Female,lspohrmy@google.it,205 243 3279
Tommy,Simmill,Female,tsimmillmz@linkedin.com,136 503 7754
Rosalind,Linthead,Female,rlintheadn0@skyrock.com,455 462 5792
Geoffry,Snoden,Male,gsnodenn1@patch.com,461 112 2255
Gisella,Parcell,Female,gparcelln2@yellowbook.com,153 907 7072
Judah,Benam,Male,jbenamn3@google.com,447 655 3096
Britni,Lodovichi,Female,blodovichin4@parallels.com,270 545 6597
Tuckie,Betteney,Male,tbetteneyn5@meetup.com,733 849 1752
Corenda,Postlethwaite,Non-binary,cpostlethwaiten6@microsoft.com,295 634 5877
Thaddeus,Forsbey,Male,tforsbeyn7@unblog.fr,712 252 7916
Lilli,Longstaff,Female,llongstaffn8@wunderground.com,618 341 0848
Edouard,Capsey,Non-binary,ecapseyn9@disqus.com,218 375 3924
Chas,Bonsall,Male,cbonsallna@berkeley.edu,116 864 7506
Sharity,Tiron,Female,stironnb@mediafire.com,426 890 6434
Florina,Pletts,Female,fplettsnc@merriam-webster.com,219 711 9945
Cassaundra,Gorring,Female,cgorringnd@fc2.com,671 747 2871
Pascal,Normandale,Male,pnormandalene@abc.net.au,760 988 7692
Brenn,Rains,Female,brainsnf@xinhuanet.com,132 437 4504
Katerine,Cranham,Female,kcranhamng@friendfeed.com,957 824 2860
Grace,Nock,Male,gnocknh@buzzfeed.com,815 581 5522
Rolando,Colleymore,Genderqueer,rcolleymoreni@miitbeian.gov.cn,994 328 4973
Bettye,Mogg,Female,bmoggnj@ycombinator.com,272 460 5579
Susanetta,MacKeever,Female,smackeevernk@mail.ru,542 432 4014
Pammy,Duhig,Female,pduhignl@infoseek.co.jp,425 367 1843
Eleonora,Dansey,Female,edanseynm@techcrunch.com,914 312 1001
Jolie,MacGarrity,Female,jmacgarritynn@google.com,887 903 6586
Jacquie,Load,Female,jloadno@usgs.gov,714 996 4173
Flem,Fairey,Male,ffaireynp@a8.net,585 549 7146
Leighton,Garr,Male,lgarrnq@cnbc.com,965 724 4542
Paddy,Algar,Male,palgarnr@nature.com,930 960 6745
Dominica,Wittey,Female,dwitteyns@youtu.be,150 142 8344
Margaux,Almak,Female,malmaknt@auda.org.au,421 885 0698
Forest,Kendal,Male,fkendalnu@fda.gov,194 318 8654
Ara,Durning,Female,adurningnv@comcast.net,573 276 1335
Kelly,Herkess,Male,kherkessnw@fema.gov,604 202 9215
Douglass,Trematick,Male,dtrematicknx@unicef.org,349 731 2166
Tommy,Chander,Male,tchanderny@mapy.cz,101 465 4844
Lindsey,Beves,Female,lbevesnz@wikimedia.org,445 933 2102
Cyndy,Dursley,Female,cdursleyo0@yellowpages.com,389 973 0653
Loren,Cabedo,Male,lcabedoo1@fotki.com,802 487 3981
Jase,Bateson,Male,jbatesono2@livejournal.com,843 255 0861
Beverley,Critchell,Female,bcritchello3@t-online.de,972 712 1269
Maxie,O'Hederscoll,Female,mohederscollo4@sakura.ne.jp,631 828 3488
Jonathon,Ketts,Male,jkettso5@state.gov,306 374 3111
Rivi,Roseman,Female,rrosemano6@spotify.com,132 495 8774
Caroljean,Graysmark,Female,cgraysmarko7@example.com,605 461 9346
Norris,Plank,Male,nplanko8@army.mil,208 576 8880
Bertrando,Baine,Agender,bbaineo9@cocolog-nifty.com,104 425 4480
Esma,Bampkin,Female,ebampkinoa@4shared.com,260 953 3660
Kelsey,Sollett,Bigender,ksollettob@lulu.com,202 665 7363
Catlee,Brimblecomb,Female,cbrimblecomboc@tripadvisor.com,909 255 1285
Helena,Gladebeck,Female,hgladebeckod@ucoz.ru,902 885 7479
Aloisia,Woodruff,Female,awoodruffoe@adobe.com,886 142 7598
Winna,Coom,Female,wcoomof@thetimes.co.uk,651 255 7915
Fionnula,Tinghill,Female,ftinghillog@cargocollective.com,177 153 5686
Nicky,Doiley,Male,ndoileyoh@cnbc.com,171 951 3968
Wiatt,Matthis,Male,wmatthisoi@fastcompany.com,624 214 1763
Tedie,Farndale,Male,tfarndaleoj@mashable.com,636 994 6724
Junette,Peare,Female,jpeareok@yale.edu,372 388 8512
Braden,McLae,Agender,bmclaeol@rediff.com,862 799 6278
Frankie,Dulinty,Male,fdulintyom@qq.com,784 416 6061
Stevie,Ruprecht,Male,sruprechton@shutterfly.com,486 263 4857
Timotheus,Bernardoni,Male,tbernardonioo@aboutads.info,689 346 1012
Libbi,Redan,Polygender,lredanop@timesonline.co.uk,772 678 9051
Magnum,MacAirt,Male,mmacairtoq@php.net,866 737 5407
Lew,Lorkin,Male,llorkinor@psu.edu,422 904 5815
Ciro,Dominichetti,Male,cdominichettios@mail.ru,749 353 0512
Myriam,Easseby,Female,meassebyot@cmu.edu,954 323 7430
Claudian,Mahony,Male,cmahonyou@liveinternet.ru,156 417 3269
Brendan,Whytock,Male,bwhytockov@wunderground.com,378 489 6456
Erminie,Fawdrie,Female,efawdrieow@nba.com,860 945 7736
Tabb,Tuckwell,Agender,ttuckwellox@independent.co.uk,911 608 6908
Tracey,Stedson,Female,tstedsonoy@google.fr,754 676 5421
Ephraim,Pedri,Male,epedrioz@telegraph.co.uk,328 224 2039
Tristam,Howen,Male,thowenp0@epa.gov,193 149 4613
Edik,Kisby,Male,ekisbyp1@themeforest.net,605 783 5023
Vincents,Crut,Polygender,vcrutp2@hao123.com,453 990 3354
Giselle,Seeborne,Female,gseebornep3@example.com,637 845 3028
Augustus,Champniss,Male,achampnissp4@live.com,666 286 5786
Sandie,Synnot,Female,ssynnotp5@theguardian.com,944 577 1785
Correy,Jarman,Female,cjarmanp6@cyberchimps.com,154 518 3887
Carmina,Bartke,Female,cbartkep7@squidoo.com,460 954 0353
Noelyn,Baudry,Female,nbaudryp8@ibm.com,738 657 2757
Erich,Jarlmann,Male,ejarlmannp9@smh.com.au,859 302 1645
Royall,Glanister,Male,rglanisterpa@go.com,664 521 1513
Georgina,Fawckner,Female,gfawcknerpb@istockphoto.com,525 229 5310
Titos,Viel,Male,tvielpc@smugmug.com,386 882 5217
Pauly,Sumers,Female,psumerspd@tinypic.com,148 180 1244
Gwenny,Stood,Female,gstoodpe@apache.org,276 399 4467
Fiann,Cordon,Female,fcordonpf@livejournal.com,549 416 7422
Sawyere,Eneas,Male,seneaspg@engadget.com,756 366 1823
Charmane,Moylane,Female,cmoylaneph@deviantart.com,898 599 5753
Neille,Carstairs,Female,ncarstairspi@discovery.com,310 494 0828
Sarge,Barbera,Male,sbarberapj@chicagotribune.com,642 642 3307
Leisha,Dumper,Female,ldumperpk@google.cn,118 679 7825
Brit,McDuffy,Male,bmcduffypl@mashable.com,214 582 8925
Garreth,Kruszelnicki,Non-binary,gkruszelnickipm@linkedin.com,276 182 7543
Orv,Bernardino,Male,obernardinopn@drupal.org,999 609 2499
Noah,McGeffen,Male,nmcgeffenpo@imgur.com,463 281 9486
Joe,Haylor,Male,jhaylorpp@flavors.me,924 223 5762
Herman,Evers,Male,heverspq@last.fm,916 113 5470
Lorne,Middis,Female,lmiddispr@techcrunch.com,234 954 9818
Todd,Poultney,Male,tpoultneyps@etsy.com,890 532 1100
Elysha,Nono,Genderfluid,enonopt@ox.ac.uk,492 686 8178
Cordula,Weafer,Female,cweaferpu@google.nl,140 416 7127
Kristy,Tomas,Female,ktomaspv@blogs.com,467 207 2593
Marti,Ames,Female,mamespw@php.net,302 884 2355
Duke,Demanche,Male,ddemanchepx@japanpost.jp,353 624 6099
Kathleen,Spurden,Female,kspurdenpy@ca.gov,776 321 2477
Nappy,Govett,Male,ngovettpz@upenn.edu,569 802 1512
Phil,Grammer,Female,pgrammerq0@unc.edu,355 652 8296
Marlie,Carrick,Female,mcarrickq1@springer.com,387 864 2811
Lennard,Breckwell,Male,lbreckwellq2@wikimedia.org,186 232 4578
Shanon,Meegan,Female,smeeganq3@marketwatch.com,834 317 9483
Jolyn,Pedroli,Bigender,jpedroliq4@feedburner.com,927 680 3449
Ellynn,Napoli,Female,enapoliq5@etsy.com,710 343 4385
Harmonie,Fishleigh,Female,hfishleighq6@theglobeandmail.com,200 151 9326
Bernelle,Thame,Female,bthameq7@imgur.com,154 646 9306
Matilde,McLafferty,Female,mmclaffertyq8@zimbio.com,483 525 8063
Ashby,Ionnidis,Male,aionnidisq9@topsy.com,459 436 3873
Isabella,Verdon,Female,iverdonqa@creativecommons.org,321 697 0892
Raffaello,Mish,Male,rmishqb@home.pl,556 693 1099
Avis,Cairns,Female,acairnsqc@reference.com,400 742 9239
Geno,Terrans,Male,gterransqd@about.me,316 891 6441
Valle,Leaming,Male,vleamingqe@imgur.com,472 627 1779
Dael,Huckleby,Female,dhucklebyqf@weather.com,474 884 0781
Lowrance,Gumey,Male,lgumeyqg@discovery.com,839 211 9767
Fancy,Nana,Female,fnanaqh@opera.com,322 979 1096
Hildy,Keeltagh,Female,hkeeltaghqi@princeton.edu,747 544 2396
Lind,Benedick,Male,lbenedickqj@marriott.com,705 371 0415
Arley,Goudie,Male,agoudieqk@unicef.org,120 785 9780
Livvy,Aylward,Female,laylwardql@pcworld.com,831 237 8352
Roseanna,Pattini,Female,rpattiniqm@twitter.com,956 338 2847
Brandy,Giovannacc@i,Female,bgiovannacciqn@oaic.gov.au,623 930 2772
Kellie,Lowne,Female,klowneqo@mayoclinic.com,797 562 9813
Cinda,Olman,Female,colmanqp@woothemes.com,518 949 6373
Bobby,Alcido,Female,balcidoqq@comcast.net,448 801 6239
Valli,Penna,Female,vpennaqr@skype.com,853 401 4393
Starlin,Fanti,Female,sfantiqs@github.com,771 393 2830
Clem,Simpson,Male,csimpsonqt@cnn.com,970 659 3329
Al,Yukhtin,Male,ayukhtinqu@auda.org.au,571 831 5722
Ferrel,Antyshev,Male,fantyshevqv@e-recht24.de,550 678 7428
Keri,Kilbey,Female,kkilbeyqw@wix.com,775 757 0652
Agathe,Burroughes,Female,aburroughesqx@alexa.com,694 447 3243
Sayer,Segges,Male,sseggesqy@about.com,249 933 6588
Elly,Smalecombe,Female,esmalecombeqz@angelfire.com,831 275 2176
Ansel,Graham,Polygender,agrahamr0@tinyurl.com,221 464 0285
Kathrine,Corderoy,Female,kcorderoyr1@live.com,767 818 9832
Kasper,O'Haire,Male,kohairer2@w3.org,140 979 8457
La verne,O'Hallagan,Female,lohallaganr3@paypal.com,335 126 3260
Ingrim,Ackenhead,Male,iackenheadr4@jiathis.com,372 765 2963
Casey,MacSharry,Male,cmacsharryr5@ibm.com,725 928 9112
Ferrel,Flintuff,Male,fflintuffr6@storify.com,749 878 0355
Harp,Grinnell,Bigender,hgrinnellr7@barnesandnoble.com,174 391 1795
Hagen,Smitton,Agender,hsmittonr8@goodreads.com,909 508 9282
Tan,Whitnall,Male,twhitnallr9@epa.gov,546 169 4659
Vaughan,Blabey,Male,vblabeyra@ox.ac.uk,473 205 9430
Simonne,Gyse,Female,sgyserb@xrea.com,500 777 5540
Malina,Nerheny,Female,mnerhenyrc@walmart.com,625 614 3612
Koenraad,Blue,Polygender,kbluerd@twitpic.com,213 328 3433
Adel,Gillopp,Female,agilloppre@ucsd.edu,830 324 2891
Cari,Viggars,Female,cviggarsrf@foxnews.com,207 694 6122
Rafferty,Hamshar,Male,rhamsharrg@google.pl,653 233 6097
Ronica,Barham,Female,rbarhamrh@cmu.edu,511 928 4944
Kesley,Edel,Female,kedelri@ftc.gov,891 575 9423
Jenda,Crinkley,Female,jcrinkleyrj@nifty.com,480 122 0625
Tarra,Spinke,Female,tspinkerk@uiuc.edu,445 126 6420
Gaspar,Reedyhough,Male,greedyhoughrl@posterous.com,851 157 8967
Livia,Vasyutochkin,Female,lvasyutochkinrm@comsenz.com,488 604 2475
Cinderella,Lille,Female,clillern@gnu.org,566 756 7920
Randi,Aldhouse,Male,raldhousero@google.fr,905 877 9367
Timmy,Elliss,Female,tellissrp@stanford.edu,795 348 5419
Violette,Smalley,Female,vsmalleyrq@opensource.org,750 346 8056
Milly,Safell,Female,msafellrr@hubpages.com,895 630 6887
