first_name,last_name,gender,email,phone
Ashly,Risbridger,Female,arisbridger0@youtube.com,349 905 4404
Cesar,Ravenshear,Male,cravenshear1@microsoft.com,970 629 6986
Phaidra,Tudor,Female,ptudor2@jugem.jp,889 256 4366
Allyson,Christon,Female,achriston3@pagesperso-orange.fr,836 287 8009
Oralla,Petrov,Female,opetrov4@themeforest.net,238 798 3360
Angelique,MacCosto,Female,amaccosto5@si.edu,886 969 1193
Johnathan,Castaneda,Male,jcastaneda6@shutterfly.com,823 582 7045
Robers,Loveland,Male,rloveland7@ca.gov,131 894 3220
Malanie,Runham,Female,mrunham8@nhs.uk,148 549 5366
Imojean,Eddison,Female,ieddison9@deviantart.com,163 894 8109
Lorelle,Denisyuk,Female,ldenisyuka@a8.net,903 187 2735
Judah,Tanswill,Male,jtanswillb@infoseek.co.jp,518 990 9174
Adriena,Matteau,Female,amatteauc@oracle.com,328 933 1967
Antonin,Philp,Male,aphilpd@abc.net.au,926 664 1976
Laryssa,Martel,Female,lmartele@scientificamerican.com,363 534 3167
Waylin,Paydon,Male,wpaydonf@theatlantic.com,168 120 6652
Derrick,Arndt,Male,darndtg@discovery.com,718 328 8962
Laurene,Maxwaile,Polygender,lmaxwaileh@constantcontact.com,616 688 9616
Taddeusz,Hewertson,Male,thewertsoni@a8.net,157 126 5099
Esme,Bigmore,Male,ebigmorej@chron.com,359 220 8061
Pail,Springtorp,Male,pspringtorpk@mayoclinic.com,281 948 9587
Emma,Marklund,Female,emarklundl@google.co.jp,570 123 7276
Reinold,Calow,Male,rcalowm@illinois.edu,174 315 5170
Maxie,Lobe,Female,mloben@sciencedaily.com,998 635 0655
Marjy,Bertelmot,Female,mbertelmoto@list-manage.com,392 610 4442
Federica,Janz,Female,fjanzp@163.com,612 639 1513
Sarene,Kleanthous,Agender,skleanthousq@shinystat.com,564 935 5160
Valentine,Pace,Female,vpacer@sohu.com,269 498 9539
Lorna,Deaville,Female,ldeavilles@samsung.com,992 202 0156
Cele,Hemshall,Female,chemshallt@de.vu,619 767 3612
Ursula,Atwill,Female,uatwillu@prweb.com,281 778 9986
Francois,Altamirano,Male,faltamiranov@nih.gov,352 664 9753
Torie,MacCarter,Female,tmaccarterw@chronoengine.com,897 863 7604
Chandler,Haysom,Male,chaysomx@time.com,290 695 3839
Arlyn,Troucher,Female,atrouchery@reverbnation.com,629 724 7646
Lannie,Geeves,Male,lgeevesz@nationalgeographic.com,244 327 2178
Gabi,Towse,Female,gtowse10@istockphoto.com,534 817 5916
Oby,Edworthy,Male,oedworthy11@google.ca,222 960 8527
Bibbie,Sutch,Female,bsutch12@amazonaws.com,990 192 1159
Hillie,Yurtsev,Male,hyurtsev13@bandcamp.com,801 627 4039
York,Ruilton,Male,yruilton14@amazon.co.uk,613 692 5419
Nannette,Struthers,Female,nstruthers15@miitbeian.gov.cn,759 128 6804
Ibbie,Kleen,Female,ikleen16@nsw.gov.au,731 424 2319
Callie,Udy,Female,cudy17@macromedia.com,194 130 3302
Bo,Dollen,Male,bdollen18@chronoengine.com,596 636 3304
Virgil,Vannacci,Male,vvannacci19@bravesites.com,843 699 0185
Elenore,Girardy,Female,egirardy1a@discovery.com,946 765 8378
Charita,Finlator,Female,cfinlator1b@pinterest.com,481 828 2490
Aldous,McCane,Male,amccane1c@webnode.com,113 964 0598
Alf,Basilotta,Genderqueer,abasilotta1d@creativecommons.org,856 297 9442
Cinda,Staunton,Female,cstaunton1e@ted.com,832 382 1884
Perle,Purveys,Polygender,ppurveys1f@odnoklassniki.ru,266 436 9828
Delaney,Simionescu,Male,dsimionescu1g@over-blog.com,454 488 3768
Dwain,Gullan,Male,dgullan1h@samsung.com,870 295 3896
Barrie,Quiddinton,Non-binary,bquiddinton1i@icio.us,323 326 9282
Nickola,Joesbury,Male,njoesbury1j@biblegateway.com,709 528 3984
Rocky,Duester,Male,rduester1k@nymag.com,576 733 2088
Ricard,Lemoir,Male,rlemoir1l@domainmarket.com,592 711 7269
Kinnie,Bere,Agender,kbere1m@deliciousdays.com,685 646 2343
Hertha,Markey,Female,hmarkey1n@ovh.net,890 681 7116
Jacob,Lagadu,Male,jlagadu1o@noaa.gov,616 622 9403
Bridie,Blackburn,Female,bblackburn1p@parallels.com,838 917 4289
Sheffield,Wholesworth,Male,swholesworth1q@lycos.com,250 223 3894
Gaby,Pargetter,Male,gpargetter1r@t.co,166 494 4124
Cassy,Donaho,Female,cdonaho1s@mit.edu,970 942 4037
Nancy,Alexander,Female,nalexander1t@ucsd.edu,214 321 8456
Melania,Caulcott,Female,mcaulcott1u@hp.com,836 718 7160
Huberto,Frayling,Male,hfrayling1v@stanford.edu,866 608 0801
Neville,Southerden,Male,nsoutherden1w@gmpg.org,426 864 3152
Berte,Waliszewski,Genderfluid,bwaliszewski1x@sbwire.com,118 583 6912
Thom,Brouard,Male,tbrouard1y@artisteer.com,187 667 3055
Orren,Crosetto,Male,ocrosetto1z@unc.edu,870 352 9645
Berky,De Michele,Male,bdemichele20@youtube.com,762 301 7043
Binni,Markovic,Female,bmarkovic21@seesaa.net,449 850 9244
Cleavland,Staterfield,Male,cstaterfield22@google.com.br,642 117 0962
Logan,Berth,Male,lberth23@storify.com,820 425 0856
Hendrik,Alonso,Male,halonso24@twitter.com,911 156 1186
Remington,McNair,Male,rmcnair25@answers.com,754 176 7317
Creight,Ivanishchev,Male,civanishchev26@goodreads.com,468 595 7883
Belle,Mundow,Female,bmundow27@apache.org,304 728 7780
Joseito,Winning,Male,jwinning28@mit.edu,440 607 9428
Ashlee,Bamber,Female,abamber29@mysql.com,539 182 4192
Carter,Muffett,Male,cmuffett2a@exblog.jp,220 410 0440
Jacob,Hubbard,Male,jhubbard2b@miibeian.gov.cn,308 877 5109
Brendan,Callaghan,Male,bcallaghan2c@google.es,783 114 6638
Manda,Caldayrou,Female,mcaldayrou2d@sbwire.com,755 226 6944
Susanna,Whitmell,Female,swhitmell2e@wikispaces.com,465 379 6042
Alejandrina,Branson,Polygender,abranson2f@mysql.com,481 926 3834
Paddie,Kaszper,Male,pkaszper2g@fastcompany.com,436 890 4660
Farand,Buckhurst,Genderfluid,fbuckhurst2h@ted.com,515 281 1390
Patty,Galvin,Male,pgalvin2i@go.com,900 784 6572
Cyndie,Alwell,Agender,calwell2j@oaic.gov.au,296 508 1927
Zorine,Francie,Female,zfrancie2k@dmoz.org,957 137 2436
Ricky,Klulisek,Male,rklulisek2l@dailymail.co.uk,960 649 3162
Jemie,Barwell,Bigender,jbarwell2m@twitpic.com,532 140 2466
Kevina,Perks,Female,kperks2n@cpanel.net,947 253 0354
Ricki,Shekle,Male,rshekle2o@epa.gov,580 104 7835
Gonzales,Cleevely,Bigender,gcleevely2p@mlb.com,327 397 3345
Silvain,Sizey,Male,ssizey2q@tumblr.com,948 346 2794
Catarina,Allabarton,Female,callabarton2r@businessweek.com,874 990 6868
Jacquette,Ickov,Female,jickov2s@altervista.org,264 854 1171
Donny,Huddles,Male,dhuddles2t@sun.com,750 857 1029
Leonid,Larkings,Male,llarkings2u@yandex.ru,732 152 0226
Alla,Denmead,Female,adenmead2v@simplemachines.org,149 320 9770
Shepard,Farfoot,Male,sfarfoot2w@ibm.com,267 112 8826
Darelle,Tew,Female,dtew2x@diigo.com,183 817 0601
Aldous,Treble,Male,atreble2y@studiopress.com,726 233 7271
Hervey,Currey,Male,hcurrey2z@photobucket.com,162 857 2721
Winonah,Tebbs,Female,wtebbs30@google.ru,114 947 3762
Sharline,Cowx,Female,scowx31@time.com,323 623 3408
Claudina,Egre,Polygender,cegre32@nasa.gov,615 882 7132
Paolo,Bour,Male,pbour33@bloglovin.com,204 241 3522
Lenci,Lomis,Male,llomis34@geocities.jp,701 380 3541
Rutger,Sink,Male,rsink35@friendfeed.com,157 961 6932
Spense,McIlwraith,Male,smcilwraith36@technorati.com,955 565 2562
Toni,Stephenson,Female,tstephenson37@buzzfeed.com,472 561 9842
Allx,Hargrave,Female,ahargrave38@parallels.com,289 387 6990
Max,Spridgen,Male,mspridgen39@google.cn,557 514 9571
Cristine,Sansum,Female,csansum3a@a8.net,521 638 9633
Merill,Ollier,Male,mollier3b@etsy.com,997 334 7197
Pauletta,Methuen,Female,pmethuen3c@microsoft.com,300 634 4995
Bethena,Martineau,Female,bmartineau3d@etsy.com,731 706 2106
Garret,Danilov,Male,gdanilov3e@jugem.jp,638 937 9606
Shanie,Vell,Female,svell3f@microsoft.com,934 642 7631
Toma,Bierton,Female,tbierton3g@examiner.com,752 269 3580
Nicolais,Hazael,Male,nhazael3h@moonfruit.com,116 167 3958
Wynn,Ranking,Male,wranking3i@economist.com,602 277 4034
Byrom,Greveson,Male,bgreveson3j@chicagotribune.com,530 257 8359
Gabey,Fifoot,Female,gfifoot3k@qq.com,918 686 0970
Winny,Shirtcliffe,Male,wshirtcliffe3l@spiegel.de,594 558 8614
Wanda,Screech,Female,wscreech3m@hostgator.com,208 244 1947
Julio,Martinon,Male,jmartinon3n@xrea.com,104 515 2950
Eada,Jamrowicz,Female,ejamrowicz3o@histats.com,283 587 9343
Web,Painten,Male,wpainten3p@taobao.com,307 204 5731
Drusi,Merrigans,Female,dmerrigans3q@marriott.com,861 630 7979
Cthrine,Grimshaw,Female,cgrimshaw3r@sciencedaily.com,507 408 8699
Blake,Olesen,Female,bolesen3s@shutterfly.com,933 467 3843
Carla,Churcher,Female,cchurcher3t@infoseek.co.jp,600 307 7609
Poul,Rodwell,Male,prodwell3u@mapy.cz,577 871 4861
Johnny,Fitzackerley,Male,jfitzackerley3v@elegantthemes.com,856 867 5081
Chan,Baradel,Male,cbaradel3w@gmpg.org,839 501 5352
Marne,L'argent,Female,mlargent3x@sciencedirect.com,101 416 5594
Shaughn,Coombs,Male,scoombs3y@cnet.com,125 148 4270
Idalina,Winear,Non-binary,iwinear3z@who.int,966 835 0521
Thornton,Hedge,Male,thedge40@cbslocal.com,922 988 3429
Jacinta,Peracco,Female,jperacco41@seattletimes.com,732 114 6038
Carley,Everiss,Female,ceveriss42@163.com,304 416 8591
Ty,Vaney,Male,tvaney43@fastcompany.com,452 629 9893
Alana,Crenshaw,Female,acrenshaw44@yahoo.com,846 803 0653
Morgen,Fairhall,Female,mfairhall45@arizona.edu,808 786 7903
Edie,Filyaev,Female,efilyaev46@admin.ch,710 122 2956
Kati,Haughin,Female,khaughin47@yelp.com,632 164 1421
Lorena,Celli,Female,lcelli48@omniture.com,494 362 7309
Rogerio,Denmead,Male,rdenmead49@zimbio.com,322 132 9119
Sharai,Applegate,Female,sapplegate4a@aol.com,217 591 3609
Gottfried,Murrow,Male,gmurrow4b@wunderground.com,344 775 6226
Matthew,Cruess,Male,mcruess4c@tumblr.com,250 246 2189
Amos,Rilings,Male,arilings4d@ftc.gov,645 618 0394
Tess,Hegden,Female,thegden4e@cmu.edu,131 811 4179
Rheba,Schoenrock,Female,rschoenrock4f@yelp.com,558 864 1674
Lyndell,Durante,Female,ldurante4g@howstuffworks.com,885 732 6285
Archibaldo,Burberye,Male,aburberye4h@washington.edu,252 608 6665
Bunny,Anthes,Female,banthes4i@rambler.ru,904 807 5720
Charo,Robet,Female,crobet4j@is.gd,766 929 5253
Karlen,Lannen,Female,klannen4k@free.fr,134 779 4019
Ethe,Davinet,Male,edavinet4l@va.gov,592 117 0530
Rory,Concannon,Male,rconcannon4m@t-online.de,923 857 2364
Monti,Folomkin,Non-binary,mfolomkin4n@goo.gl,208 207 7221
Gare,Drewell,Male,gdrewell4o@delicious.com,785 420 7237
Rodolfo,Spoerl,Male,rspoerl4p@psu.edu,158 475 7126
Ginelle,Fanner,Female,gfanner4q@ask.com,476 265 2430
Sandor,Fuidge,Male,sfuidge4r@bloglovin.com,127 992 1539
Donelle,Kiefer,Female,dkiefer4s@163.com,900 960 0455
Etienne,Tothacot,Male,etothacot4t@economist.com,816 483 5257
Kaela,Bowkett,Female,kbowkett4u@google.co.jp,663 726 0538
Ella,Northrop,Female,enorthrop4v@google.nl,883 912 7115
Dory,Childs,Male,dchilds4w@google.com,591 561 7313
Adrian,Coryndon,Female,acoryndon4x@virginia.edu,495 165 7005
Barty,Alyonov,Male,balyonov4y@sphinn.com,314 256 5545
Lindsay,Eich,Female,leich4z@360.cn,834 763 0071
Estel,Lower,Female,elower50@geocities.jp,966 342 0580
Patsy,Malinowski,Male,pmalinowski51@nih.gov,902 526 2414
Hatti,Douthwaite,Female,hdouthwaite52@cloudflare.com,643 355 1400
Latrena,Crossdale,Female,lcrossdale53@over-blog.com,250 313 5652
Una,Sharper,Female,usharper54@mit.edu,333 110 3733
Torr,Piccop,Male,tpiccop55@instagram.com,167 299 3597
Fannie,Kilmister,Female,fkilmister56@devhub.com,997 222 3758
Virgie,Cripps,Genderqueer,vcripps57@4shared.com,865 256 3589
Salli,Eringey,Genderqueer,seringey58@bloglines.com,132 696 8256
Brenden,Hartop,Male,bhartop59@discovery.com,955 728 9192
Otis,Negri,Male,onegri5a@usgs.gov,754 305 8882
Esdras,McAughtrie,Male,emcaughtrie5b@instagram.com,117 854 9539
Cthrine,Bratty,Female,cbratty5c@simplemachines.org,176 148 1298
Elwyn,Carnegy,Male,ecarnegy5d@ftc.gov,443 796 1177
Arlyne,Clyburn,Female,aclyburn5e@ow.ly,575 803 6675
Marcelo,Berney,Male,mberney5f@shop-pro.jp,885 947 7607
Charlton,Pasque,Male,cpasque5g@blogspot.com,333 561 3172
Klement,Jenman,Agender,kjenman5h@nifty.com,867 220 7996
Christiane,Blackstock,Female,cblackstock5i@goodreads.com,621 480 8433
Mitchel,Burton,Male,mburton5j@psu.edu,367 511 0620
Stacie,Kenneford,Female,skenneford5k@quantcast.com,571 565 7275
Gearard,Uc,Male,guc5l@businessweek.com,976 465 2057
Cazzie,Faill,Male,cfaill5m@sitemeter.com,882 119 9628
Arman,Strevens,Genderfluid,astrevens5n@rakuten.co.jp,620 340 0785
Locke,Borris,Male,lborris5o@ustream.tv,694 165 5519
Rosco,Cicullo,Male,rcicullo5p@wisc.edu,223 886 7438
Chrisse,Wasbey,Male,cwasbey5q@naver.com,444 868 4249
Elwin,Jendrich,Male,ejendrich5r@drupal.org,783 876 6447
Stephanie,Crawforth,Female,scrawforth5s@newyorker.com,909 797 3085
Rawley,Jeffcoat,Male,rjeffcoat5t@uol.com.br,547 934 6358
Lem,Poge,Male,lpoge5u@seesaa.net,922 695 8448
Von,Giorgioni,Male,vgiorgioni5v@themeforest.net,112 368 7692
Goober,Skerratt,Male,gskerratt5w@discuz.net,540 725 9379
Page,Minghetti,Male,pminghetti5x@netscape.com,717 535 3366
Jami,Trevor,Female,jtrevor5y@chron.com,277 812 0709
Sunshine,Cansdale,Female,scansdale5z@nydailynews.com,895 670 2042
Cosette,Dawson,Female,cdawson60@nba.com,715 724 4113
Tasha,Rubinsaft,Female,trubinsaft61@uiuc.edu,864 951 7546
Forest,Himpson,Male,fhimpson62@wix.com,203 331 0875
Cristen,Galton,Female,cgalton63@mysql.com,622 265 0326
Henrie,Loughney,Female,hloughney64@jiathis.com,874 446 5172
Tamiko,Cuchey,Female,tcuchey65@bandcamp.com,145 297 9339
Putnam,Slisby,Male,pslisby66@cyberchimps.com,234 394 6511
Luce,Cund,Male,lcund67@blog.com,520 630 8351
Obed,Brockelsby,Polygender,obrockelsby68@weibo.com,768 885 2333
Staci,Scoggin,Female,sscoggin69@altervista.org,721 304 4920
Kara-lynn,Blazewski,Female,kblazewski6a@psu.edu,786 588 8350
Clea,Himsworth,Female,chimsworth6b@flickr.com,965 500 4662
Selie,Findlater,Female,sfindlater6c@reference.com,531 641 5246
Analiese,McArtan,Female,amcartan6d@jigsy.com,148 804 7396
Riva,Lockhart,Female,rlockhart6e@skyrock.com,870 225 4145
Mimi,Fisby,Female,mfisby6f@clickbank.net,618 876 0561
Morissa,Gregol,Female,mgregol6g@wikipedia.org,752 653 7745
Thorn,Gianuzzi,Male,tgianuzzi6h@clickbank.net,678 820 3647
Bradley,McGettigan,Male,bmcgettigan6i@etsy.com,854 475 2328
Aeriell,Knox,Female,aknox6j@free.fr,263 902 5773
Ailsun,Cardenas,Female,acardenas6k@sun.com,877 631 8156
Shelbi,Dixson,Female,sdixson6l@1688.com,633 458 7126
Sigismond,Emney,Male,semney6m@ted.com,665 333 2528
Jacquenette,Romanelli,Female,jromanelli6n@samsung.com,414 850 2807
Isacco,Dallas,Male,idallas6o@cnet.com,542 313 2794
Trent,De Bernardis,Male,tdebernardis6p@webnode.com,319 332 5215
Normie,Olford,Male,nolford6q@canalblog.com,774 168 2575
Gwenni,Climo,Female,gclimo6r@tuttocitta.it,989 101 9889
Sara-ann,Paris,Female,sparis6s@sogou.com,267 445 6709
Eleni,Collyns,Female,ecollyns6t@npr.org,400 805 2877
Almire,Sarney,Female,asarney6u@surveymonkey.com,712 598 9150
Robbyn,Baudon,Female,rbaudon6v@fc2.com,530 159 7193
Myron,Snadden,Male,msnadden6w@myspace.com,892 759 4472
Padgett,Lorentzen,Male,plorentzen6x@nytimes.com,458 938 7400
Dionis,Gallichan,Female,dgallichan6y@nps.gov,551 670 1329
Ameline,Mackriell,Female,amackriell6z@g.co,486 528 0304
Elnar,Verity,Male,everity70@opensource.org,832 608 9814
Gunilla,Yoxen,Female,gyoxen71@cargocollective.com,589 469 1688
Electra,Graeser,Female,egraeser72@123-reg.co.uk,244 276 7977
Cleavland,Traylen,Male,ctraylen73@ucla.edu,836 999 4997
Zorina,Rahl,Female,zrahl74@stumbleupon.com,136 559 9213
Bengt,Renol,Male,brenol75@reuters.com,285 388 5265
Gale,Flaubert,Male,gflaubert76@ihg.com,917 575 7745
Maddy,Brainsby,Female,mbrainsby77@cornell.edu,839 581 4024
Florina,Ahrendsen,Female,fahrendsen78@ox.ac.uk,630 495 5546
Leopold,Perrycost,Male,lperrycost79@bandcamp.com,532 389 3056
Francisco,Tillerton,Male,ftillerton7a@blogs.com,509 228 4927
Buiron,McArd,Bigender,bmcard7b@amazonaws.com,905 924 0057
Nahum,Fendlow,Male,nfendlow7c@hp.com,742 438 3232
Nevil,de Werk,Male,ndewerk7d@yellowpages.com,577 623 1398
Nathan,Golda,Male,ngolda7e@last.fm,600 809 8263
Sam,Jedraszek,Male,sjedraszek7f@so-net.ne.jp,772 802 0267
Kathye,Laity,Genderqueer,klaity7g@google.com.hk,951 817 2967
Denyse,Edgecombe,Female,dedgecombe7h@sphinn.com,421 556 7051
Jessica,Korb,Female,jkorb7i@abc.net.au,360 825 6760
Trent,Hansel,Male,thansel7j@imgur.com,162 688 4908
Analiese,Hindsberg,Female,ahindsberg7k@illinois.edu,478 695 4876
Jonis,Howey,Female,jhowey7l@icq.com,746 315 0655
Tine,Dogg,Female,tdogg7m@jugem.jp,633 710 6875
Brant,Delgardo,Male,bdelgardo7n@google.co.uk,931 356 5719
Ethelbert,McAloren,Agender,emcaloren7o@tumblr.com,151 192 3383
Brooks,Firth,Female,bfirth7p@com.com,549 125 5002
Jere,Rea,Male,jrea7q@ibm.com,230 582 6011
Burch,Retter,Male,bretter7r@geocities.com,454 914 9665
Lemar,Stefi,Male,lstefi7s@imgur.com,693 765 7400
Winna,Tickle,Female,wtickle7t@howstuffworks.com,609 756 8399
Linda,Stoad,Female,lstoad7u@hhs.gov,592 562 2276
Olive,Weavill,Female,oweavill7v@time.com,780 335 5232
Durant,Plaskett,Male,dplaskett7w@dagondesign.com,866 330 0586
Jessica,Djordjevic,Female,jdjordjevic7x@phoca.cz,385 983 7159
Maxwell,Lotte,Male,mlotte7y@moonfruit.com,240 650 9166
Ludvig,Cornelius,Male,lcornelius7z@e-recht24.de,326 862 7692
Joyce,Pattingson,Female,jpattingson80@yahoo.com,866 680 5119
Mandi,Peile,Female,mpeile81@alexa.com,409 406 7285
Clarke,Fussell,Genderqueer,cfussell82@si.edu,762 141 4756
Umeko,Maleham,Agender,umaleham83@pbs.org,143 868 8534
Seamus,Frood,Male,sfrood84@home.pl,743 798 4175
Augustus,Datte,Male,adatte85@naver.com,752 131 8629
Leticia,Feldman,Female,lfeldman86@ucsd.edu,553 879 7597
Gene,Leschelle,Female,gleschelle87@is.gd,279 386 9810
Corrianne,Najara,Female,cnajara88@dropbox.com,261 985 5831
Burtie,Everit,Male,beverit89@seattletimes.com,453 206 6523
Collin,Davers,Male,cdavers8a@nasa.gov,450 987 8211
Hartwell,East,Male,heast8b@ed.gov,794 606 0796
Berty,Limbourne,Female,blimbourne8c@ask.com,610 992 7156
Kort,Boultwood,Male,kboultwood8d@vk.com,782 197 9581
Antonietta,Kennally,Female,akennally8e@gnu.org,139 326 1100
Charley,Ishaki,Genderqueer,cishaki8f@sohu.com,342 569 8446
Johnette,Yegorovnin,Female,jyegorovnin8g@plala.or.jp,921 287 2075
Leupold,Briamo,Male,lbriamo8h@hud.gov,748 993 1261
Leticia,Hambridge,Female,lhambridge8i@census.gov,880 517 4522
Sidonia,Josskovitz,Female,sjosskovitz8j@weibo.com,406 342 8119
Seumas,Trinkwon,Male,strinkwon8k@tinypic.com,696 652 1150
Grete,Tidball,Female,gtidball8l@bluehost.com,221 351 6396
Jandy,Upson,Female,jupson8m@wikia.com,203 246 9376
Udale,Inkles,Male,uinkles8n@digg.com,448 415 1467
Codie,Emm,Female,cemm8o@dagondesign.com,200 266 3529
Corny,Truce,Female,ctruce8p@webnode.com,160 792 9348
Elden,Somerscales,Male,esomerscales8q@joomla.org,220 774 1061
Dwain,Lynnitt,Male,dlynnitt8r@unc.edu,599 567 3437
Jobina,McIlory,Female,jmcilory8s@dot.gov,134 260 7435
Artair,Sudran,Male,asudran8t@whitehouse.gov,346 434 9863
Brenden,Sellack,Male,bsellack8u@tinypic.com,846 499 5682
Nan,Hainey,Female,nhainey8v@baidu.com,367 621 9942
Whittaker,Braunton,Male,wbraunton8w@merriam-webster.com,846 568 5964
Dwain,Farryan,Male,dfarryan8x@adobe.com,146 462 5327
Thorndike,Armin,Male,tarmin8y@ocn.ne.jp,169 177 2112
Leodora,Gores,Female,lgores8z@gizmodo.com,619 926 9442
Vin,Ketley,Female,vketley90@nifty.com,862 510 1722
Raddy,Binnell,Male,rbinnell91@moonfruit.com,516 913 9846
Ralph,Ogger,Non-binary,rogger92@economist.com,845 481 4885
Giulia,Doneld,Female,gdoneld93@reverbnation.com,785 558 2902
Ruthann,Karppi,Female,rkarppi94@google.ca,451 923 5381
Zelma,Lilburne,Female,zlilburne95@toplist.cz,645 178 9723
Starr,Blaycock,Female,sblaycock96@cloudflare.com,944 791 4485
Rufe,Peyto,Male,rpeyto97@oracle.com,186 204 8004
Elenore,Lamers,Female,elamers98@sogou.com,642 288 0074
Bartholomew,O' Donohue,Male,bodonohue99@lulu.com,736 750 2864
Giulia,Iltchev,Female,giltchev9a@census.gov,129 250 4265
Becki,d' Eye,Female,bdeye9b@discuz.net,957 783 9286
Normie,Machen,Male,nmachen9c@nyu.edu,632 781 7411
Vina,Brandsen,Female,vbrandsen9d@springer.com,596 762 8539
Shir,Bussel,Female,sbussel9e@ow.ly,281 791 0364
Tedda,Glinde,Female,tglinde9f@usda.gov,686 618 6016
Spence,Langland,Male,slangland9g@oracle.com,801 793 1730
Massimiliano,Wedlock,Male,mwedlock9h@slate.com,168 763 5079
Colet,Mille,Male,cmille9i@google.com,155 308 3070
Collie,Coburn,Female,ccoburn9j@godaddy.com,579 983 6533
Devan,Drayn,Female,ddrayn9k@abc.net.au,307 579 2526
Farrand,Terrell,Female,fterrell9l@toplist.cz,450 815 6809
Delainey,Braim,Male,dbraim9m@facebook.com,930 294 4150
Elva,Harmar,Female,eharmar9n@sciencedaily.com,787 610 7765
Dur,Wealthall,Male,dwealthall9o@vinaora.com,215 348 0091
Luise,Hebner,Female,lhebner9p@ovh.net,485 971 2593
Torrey,Warcup,Male,twarcup9q@gizmodo.com,261 523 8920
Janeczka,Pindred,Female,jpindred9r@meetup.com,557 229 2098
Brantley,Aylward,Male,baylward9s@uol.com.br,127 411 5171
Witty,Kinnoch,Male,wkinnoch9t@squarespace.com,970 303 2516
Hanni,Darker,Female,hdarker9u@census.gov,287 941 8340
Agatha,Frankton,Polygender,afrankton9v@taobao.com,655 696 0303
Faythe,Le Quesne,Female,flequesne9w@netlog.com,556 601 9175
Rinaldo,Link,Male,rlink9x@icio.us,362 985 8697
Blaire,Daughtrey,Female,bdaughtrey9y@ft.com,410 429 4144
Mikaela,Defries,Female,mdefries9z@trellian.com,659 138 2565
Dylan,Gounot,Male,dgounota0@alexa.com,264 392 6000
Andonis,Goreway,Male,agorewaya1@liveinternet.ru,332 626 7143
Henrie,Santacrole,Female,hsantacrolea2@mtv.com,630 539 5651
Sherill,McKeon,Female,smckeona3@tamu.edu,460 569 3871
Tamra,Rumming,Female,trumminga4@blinklist.com,695 840 3373
Reuben,Eke,Male,rekea5@google.com.br,405 208 9632
Lars,Klemmt,Male,lklemmta6@hibu.com,346 705 1246
Megan,Burgott,Female,mburgotta7@china.com.cn,307 882 2795
Mariya,Scrivinor,Bigender,mscrivinora8@epa.gov,811 487 9931
Lilllie,Trowler,Female,ltrowlera9@tiny.cc,429 277 0684
Wendi,Pryn,Female,wprynaa@wikispaces.com,273 503 6867
Odetta,Dibben,Female,odibbenab@twitpic.com,852 174 4723
Willyt,Mathes,Female,wmathesac@wired.com,355 556 5155
Arlie,Bellam,Female,abellamad@wiley.com,866 963 8343
Catha,Watterson,Female,cwattersonae@ucsd.edu,286 751 4389
Shurlock,Ratke,Male,sratkeaf@dagondesign.com,868 810 7141
Cal,Exton,Female,cextonag@cmu.edu,748 686 5645
Gradeigh,Whal,Male,gwhalah@nymag.com,626 330 4456
Hilliard,Penelli,Genderqueer,hpenelliai@admin.ch,519 695 4553
Alejandro,O'Donovan,Male,aodonovanaj@posterous.com,633 873 6294
Peyton,Skingle,Male,pskingleak@opera.com,689 866 6346
Finlay,Rosenboim,Male,frosenboimal@washingtonpost.com,519 330 2551
Eloisa,Ivanitsa,Polygender,eivanitsaam@patch.com,200 403 8677
Boyd,Regler,Male,bregleran@delicious.com,974 844 1248
Jacquenette,Bruhnicke,Female,jbruhnickeao@cyberchimps.com,106 579 8780
Haywood,Stoffersen,Bigender,hstoffersenap@ask.com,918 800 2647
Caitlin,Blackburn,Bigender,cblackburnaq@usnews.com,384 738 8670
Verge,Botly,Male,vbotlyar@t.co,714 908 6000
Palmer,Gourdon,Male,pgourdonas@1und1.de,145 515 3127
Sibbie,Gillino,Female,sgillinoat@livejournal.com,454 784 4472
Chandler,O'Beirne,Male,cobeirneau@sourceforge.net,275 569 1179
Arly,Shaddick,Female,ashaddickav@ebay.co.uk,537 596 1662
Homere,Sporrij,Male,hsporrijaw@apache.org,766 497 4223
Thurstan,Deinert,Male,tdeinertax@imdb.com,947 624 5193
Bernete,Saffe,Female,bsaffeay@forbes.com,997 603 0859
Isabeau,Willoughway,Female,iwilloughwayaz@feedburner.com,634 596 8103
Michal,Alster,Female,malsterb0@tinypic.com,294 325 1864
Mill,Sandey,Male,msandeyb1@economist.com,380 222 5848
Barron,Santon,Male,bsantonb2@seesaa.net,145 273 9184
Timothea,Neathway,Female,tneathwayb3@blogs.com,446 276 3583
Cristiano,Inder,Male,cinderb4@php.net,324 565 1558
Elsie,Stonner,Female,estonnerb5@nhs.uk,637 467 5243
Murray,Chown,Male,mchownb6@ask.com,875 340 0253
Tallou,Luttgert,Female,tluttgertb7@forbes.com,316 165 1675
Lyda,Flott,Female,lflottb8@goodreads.com,252 545 3676
Kerwinn,Brannon,Male,kbrannonb9@sakura.ne.jp,491 442 8725
Ethelred,Aberdalgy,Male,eaberdalgyba@desdev.cn,817 146 4241
Tamma,Merwood,Female,tmerwoodbb@wsj.com,639 165 0072
Zacharias,Bouldon,Male,zbouldonbc@sogou.com,133 504 1639
Roth,Belderfield,Male,rbelderfieldbd@wunderground.com,653 778 3429
Garrard,Partleton,Male,gpartletonbe@dailymotion.com,235 524 0271
Chryste,Neaverson,Female,cneaversonbf@163.com,501 912 8247
Bentlee,Firidolfi,Male,bfiridolfibg@blogger.com,411 318 3958
Devinne,Dollen,Female,ddollenbh@fastcompany.com,291 346 2204
Jase,Pearde,Male,jpeardebi@scientificamerican.com,634 294 7245
Manon,Toun,Female,mtounbj@rakuten.co.jp,700 280 1201
Major,MacGeaney,Agender,mmacgeaneybk@aboutads.info,989 405 6098
Thain,Betham,Male,tbethambl@intel.com,435 712 3908
Jameson,Callf,Male,jcallfbm@businessinsider.com,938 830 8558
Coriss,Hightown,Female,chightownbn@macromedia.com,682 791 8634
Karen,Filipychev,Female,kfilipychevbo@java.com,193 722 2046
Willem,Sharpous,Male,wsharpousbp@seattletimes.com,565 579 2743
Mendel,Howling,Male,mhowlingbq@csmonitor.com,950 221 5817
Shelton,Lashmar,Male,slashmarbr@goo.gl,138 906 0876
Evelina,Senior,Female,eseniorbs@ovh.net,257 651 7195
Chris,Wickenden,Male,cwickendenbt@delicious.com,762 510 4583
Cathy,Mundford,Female,cmundfordbu@liveinternet.ru,254 736 3054
Isobel,Gladwin,Genderfluid,igladwinbv@opera.com,359 330 6527
Adelbert,Sackler,Male,asacklerbw@marriott.com,450 102 7965
Barrie,Baldery,Male,bbalderybx@upenn.edu,428 692 7614
Tera,Ratter,Genderqueer,tratterby@shinystat.com,317 762 8424
Farlay,Stronough,Male,fstronoughbz@engadget.com,136 738 8064
Marion,Gozney,Male,mgozneyc0@ezinearticles.com,160 200 2793
Karla,Mulcock,Female,kmulcockc1@google.de,245 869 9124
Vachel,Illyes,Male,villyesc2@nydailynews.com,382 155 1071
Lavina,Piggens,Female,lpiggensc3@google.co.jp,680 991 3378
Shauna,Westman,Female,swestmanc4@plala.or.jp,743 410 0468
Van,Bissatt,Female,vbissattc5@oakley.com,603 582 2645
Prissie,Charlon,Female,pcharlonc6@hp.com,180 535 0119
Jamaal,Keeltagh,Male,jkeeltaghc7@photobucket.com,422 516 3471
Darya,Nell,Female,dnellc8@simplemachines.org,685 587 4206
Tonnie,Jann,Male,tjannc9@nps.gov,177 323 5723
Sidonia,Sowersby,Female,ssowersbyca@amazon.com,717 816 3320
Rheba,Gon,Female,rgoncb@irs.gov,784 502 6405
Mufi,Lowensohn,Female,mlowensohncc@cmu.edu,556 981 4141
Johan,Speake,Male,jspeakecd@msu.edu,650 522 0937
Thadeus,Huntingford,Male,thuntingfordce@networksolutions.com,443 543 4747
Alfred,Boagey,Male,aboageycf@indiegogo.com,463 709 3773
Kaile,Garside,Female,kgarsidecg@deviantart.com,588 603 2463
Davide,Matthai,Male,dmatthaich@ycombinator.com,651 514 6675
Bel,Van Dalen,Genderqueer,bvandalenci@etsy.com,960 340 3441
Devinne,Kurt,Agender,dkurtcj@geocities.com,415 832 0496
Maridel,Lipprose,Female,mlipproseck@unicef.org,833 636 1208
Natassia,Sams,Female,nsamscl@washingtonpost.com,265 886 1100
Nataniel,Bernetti,Male,nbernetticm@economist.com,246 113 2541
Fee,Tither,Male,ftithercn@wikispaces.com,357 469 7061
Welbie,Outridge,Male,woutridgeco@discuz.net,180 298 1347
Deonne,Bewlie,Female,dbewliecp@sphinn.com,689 978 4593
Bartholemy,Galsworthy,Male,bgalsworthycq@feedburner.com,154 314 1137
Sandie,Winspur,Female,swinspurcr@goo.ne.jp,628 205 2634
Eddi,Menaul,Female,emenaulcs@storify.com,269 624 2217
Ashlie,Culcheth,Bigender,aculchethct@imgur.com,189 631 3700
Perice,Rose,Male,prosecu@sbwire.com,743 959 4146
Ardyce,Melia,Female,ameliacv@vistaprint.com,598 498 3083
Erek,Rabbitts,Male,erabbittscw@unesco.org,450 515 6009
Milo,Knox,Male,mknoxcx@senate.gov,531 360 4175
Lily,McIlriach,Female,lmcilriachcy@sitemeter.com,971 860 4151
Denney,Hammersley,Male,dhammersleycz@jugem.jp,738 400 5164
Forrest,Wotton,Male,fwottond0@w3.org,930 793 4857
Sherwynd,Charge,Male,scharged1@hexun.com,773 611 0888
Bartholomew,O'Shesnan,Male,boshesnand2@statcounter.com,512 813 4419
Enos,McAughtrie,Male,emcaughtried3@bing.com,403 898 0420
Nancee,Habron,Female,nhabrond4@google.com.br,292 167 9854
Minne,Trehearne,Female,mtrehearned5@nbcnews.com,696 951 4956
Normand,Tieman,Male,ntiemand6@arizona.edu,438 396 0546
Merridie,Bertie,Female,mbertied7@live.com,589 574 4675
Tory,Ossulton,Female,tossultond8@list-manage.com,588 253 6066
Ezri,Kippax,Male,ekippaxd9@samsung.com,151 881 7943
Pincus,Peet,Male,ppeetda@census.gov,448 852 2503
Aryn,Hallgarth,Female,ahallgarthdb@yellowbook.com,300 430 7056
Conan,Iscowitz,Male,ciscowitzdc@imageshack.us,231 747 7586
Adolphe,Prester,Male,apresterdd@ning.com,727 818 0932
Colly,Doreward,Female,cdorewardde@canalblog.com,225 424 4891
Keen,Rubinivitz,Bigender,krubinivitzdf@jigsy.com,164 229 6925
Lena,McElree,Female,lmcelreedg@cyberchimps.com,787 161 4265
Lennie,Meys,Agender,lmeysdh@wikia.com,298 746 4922
Magdalena,Fudger,Female,mfudgerdi@dyndns.org,881 503 4992
Lauree,Denis,Female,ldenisdj@freewebs.com,945 860 8654
Trevor,Shiell,Male,tshielldk@theglobeandmail.com,693 602 5054
Scottie,Pruvost,Male,spruvostdl@paginegialle.it,543 988 4152
Rakel,Kimmitt,Female,rkimmittdm@youku.com,400 327 1290
Mignon,Acreman,Genderfluid,macremandn@nymag.com,629 267 1743
Jess,Hartop,Male,jhartopdo@whitehouse.gov,968 676 7692
Libbie,Birnie,Female,lbirniedp@gravatar.com,741 207 3182
Tomkin,Davitti,Male,tdavittidq@nbcnews.com,923 716 1251
Cherey,Kovnot,Female,ckovnotdr@hc360.com,697 107 1908
Gwyneth,McGeouch,Female,gmcgeouchds@ebay.co.uk,351 316 2576
Emogene,Calley,Female,ecalleydt@elegantthemes.com,377 492 7674
Robena,Wytchard,Female,rwytcharddu@acquirethisname.com,970 657 9707
Johannah,Jonson,Female,jjonsondv@1und1.de,739 694 7324
Rebekah,Von Der Empten,Female,rvonderemptendw@usa.gov,438 159 0830
Doralyn,Varfalameev,Female,dvarfalameevdx@yandex.ru,784 319 0739
Jorey,Goncaves,Female,jgoncavesdy@paypal.com,790 741 1017
Everett,Nulty,Male,enultydz@boston.com,239 961 2598
Ed,Kleinplac,Male,ekleinplace0@cocolog-nifty.com,158 434 6529
Bobby,Waddam,Male,bwaddame1@amazonaws.com,971 920 2299
Allix,Kunzler,Female,akunzlere2@vimeo.com,652 406 1761
Reinold,Kensley,Male,rkensleye3@forbes.com,393 377 9810
Ros,Pockey,Female,rpockeye4@adobe.com,275 321 0207
Abbie,Flageul,Male,aflageule5@phoca.cz,470 377 0979
Wyn,Weyman,Male,wweymane6@linkedin.com,203 611 1930
Dory,Bruntje,Male,dbruntjee7@squarespace.com,143 462 8561
Allx,Dominicacci,Female,adominicaccie8@cnbc.com,354 458 6496
Rey,Bridel,Female,rbridele9@scribd.com,397 722 1186
Christin,Effnert,Female,ceffnertea@skype.com,398 212 9501
Ceil,Pardie,Genderfluid,cpardieeb@nydailynews.com,382 689 4570
Helsa,Mc Harg,Female,hmchargec@prlog.org,580 516 0937
Whitney,Smellie,Male,wsmellieed@yellowpages.com,293 139 0886
Karyl,MacInnes,Female,kmacinnesee@cocolog-nifty.com,655 860 3135
Marie,Kyngdon,Female,mkyngdonef@devhub.com,618 508 4681
Claiborne,Hebborne,Male,chebborneeg@theglobeandmail.com,397 223 5873
Donall,Dymond,Male,ddymondeh@meetup.com,628 551 6794
Jamie,Lassetter,Male,jlassetterei@walmart.com,484 497 2869
Bond,MacLeese,Male,bmacleeseej@reuters.com,316 390 9931
Franciskus,Buttle,Male,fbuttleek@icio.us,944 232 3396
Byron,Wolvey,Male,bwolveyel@a8.net,627 323 5593
Ronda,Yurikov,Female,ryurikovem@surveymonkey.com,465 814 6814
Brice,Kincaid,Male,bkincaiden@artisteer.com,774 782 1598
Oona,Gaitone,Female,ogaitoneeo@exblog.jp,930 166 8956
Sophia,Meanwell,Female,smeanwellep@arstechnica.com,351 689 8605
Bryant,Cahalin,Male,bcahalineq@163.com,426 785 8977
Rollie,Sadat,Agender,rsadater@sciencedirect.com,863 803 3330
Nicola,Lucus,Agender,nlucuses@java.com,371 750 6377
Jarrett,Jancar,Male,jjancaret@ed.gov,491 780 7714
Meryl,Larroway,Female,mlarrowayeu@sun.com,420 890 9131
Kelsey,Percifer,Male,kperciferev@jimdo.com,920 154 9752
Sela,Dornan,Female,sdornanew@marriott.com,339 146 9927
Ernesta,Heindrick,Female,eheindrickex@freewebs.com,197 522 7301
Angelico,Griffoen,Male,agriffoeney@about.me,397 296 6339
Kacey,Green,Female,kgreenez@cdc.gov,410 246 3249
Susie,Caines,Female,scainesf0@examiner.com,652 234 1777
Randy,Arnaudot,Male,rarnaudotf1@domainmarket.com,573 385 5740
Norrie,Trobe,Male,ntrobef2@archive.org,780 707 2817
Amity,Selland,Female,asellandf3@skype.com,194 294 4204
Palmer,Abrahams,Male,pabrahamsf4@homestead.com,936 128 5795
Lucais,Swaffield,Male,lswaffieldf5@cmu.edu,458 266 2668
Gerek,Younger,Male,gyoungerf6@disqus.com,172 574 7834
Charmian,Laughrey,Female,claughreyf7@house.gov,965 269 6015
Carce,Melia,Male,cmeliaf8@china.com.cn,417 808 1547
Martainn,Snow,Male,msnowf9@hexun.com,682 814 6076
Hamlin,Udie,Male,hudiefa@adobe.com,946 192 3594
Guglielma,Aggs,Female,gaggsfb@bbc.co.uk,494 940 4304
Kit,Denisovo,Female,kdenisovofc@dropbox.com,397 904 5838
Danette,Bedinn,Female,dbedinnfd@accuweather.com,599 329 9146
Kristofer,Goldsbrough,Male,kgoldsbroughfe@quantcast.com,910 285 3148
Sheelagh,Saltwell,Female,ssaltwellff@rakuten.co.jp,224 359 5069
Bella,Schade,Female,bschadefg@squarespace.com,959 361 1392
Sanders,Kelshaw,Bigender,skelshawfh@businesswire.com,172 590 7236
Konrad,Lochead,Male,klocheadfi@time.com,449 402 6923
Bartie,Medd,Male,bmeddfj@instagram.com,890 368 2292
Guendolen,Farden,Female,gfardenfk@cnbc.com,678 424 0789
Fleur,Renison,Genderfluid,frenisonfl@xinhuanet.com,104 935 5756
Curt,Stonuary,Male,cstonuaryfm@soundcloud.com,549 307 4040
Angeline,Pibworth,Female,apibworthfn@360.cn,495 954 4379
Lynnette,Widdowfield,Female,lwiddowfieldfo@mysql.com,602 986 2647
Zuzana,Alfuso,Female,zalfusofp@paginegialle.it,283 680 0216
Pincus,Courson,Male,pcoursonfq@bing.com,698 410 5085
Devora,Tolley,Female,dtolleyfr@reverbnation.com,453 993 3836
Hewitt,Chettle,Male,hchettlefs@mozilla.com,918 651 3422
Dion,Dourin,Male,ddourinft@is.gd,313 459 8305
Shaina,Handslip,Female,shandslipfu@blogspot.com,571 709 6526
Leonid,Dowles,Male,ldowlesfv@apache.org,942 315 8018
Aubry,Jakeman,Female,ajakemanfw@twitpic.com,653 330 9799
Josephine,Blasl,Female,jblaslfx@google.ru,248 233 6552
Lydon,McCrudden,Male,lmccruddenfy@domainmarket.com,608 925 3974
Flore,Elsey,Female,felseyfz@intel.com,907 626 6916
Bucky,Vynehall,Male,bvynehallg0@xrea.com,784 474 2763
Berty,Alway,Male,balwayg1@usda.gov,900 303 7543
Con,Graben,Female,cgrabeng2@cbslocal.com,487 799 5890
Matelda,MacBain,Female,mmacbaing3@wikia.com,940 273 4527
Kiah,Stonham,Polygender,kstonhamg4@aboutads.info,421 112 7597
Electra,Sexty,Female,esextyg5@cbsnews.com,810 605 6900
Far,Cayette,Male,fcayetteg6@simplemachines.org,293 481 5483
Ambros,Seagrove,Male,aseagroveg7@un.org,604 137 2734
Brunhilda,D'Souza,Female,bdsouzag8@illinois.edu,345 789 5351
Olympe,Tomadoni,Female,otomadonig9@dot.gov,114 292 1448
Immanuel,Fuller,Male,ifullerga@nhs.uk,169 335 2157
Hollyanne,Grindlay,Female,hgrindlaygb@wordpress.org,397 866 4105
Kiri,Bayley,Female,kbayleygc@seesaa.net,513 799 3384
Hieronymus,Higounet,Male,hhigounetgd@domainmarket.com,223 974 9341
Mariska,Oxe,Polygender,moxege@goo.gl,866 213 3428
Bryanty,Baldwin,Male,bbaldwingf@wisc.edu,314 665 3648
Maximo,Abden,Male,mabdengg@rambler.ru,990 690 8599
Happy,Klempke,Female,hklempkegh@earthlink.net,811 581 0673
Bevon,Slimme,Male,bslimmegi@wikia.com,704 312 2848
Diego,Siddaley,Male,dsiddaleygj@census.gov,201 109 0680
Jere,Popple,Male,jpopplegk@goo.gl,551 907 0261
Tamra,Archambault,Female,tarchambaultgl@reuters.com,194 585 4513
Olivier,Ashall,Male,oashallgm@psu.edu,258 616 9149
Clint,Perrat,Male,cperratgn@berkeley.edu,691 107 9772
Lorena,Radley,Female,lradleygo@dedecms.com,387 504 7110
Romain,Liggons,Male,rliggonsgp@indiegogo.com,521 670 3911
Rhianon,Findlater,Female,rfindlatergq@seattletimes.com,307 382 4110
Hendrika,Vernay,Non-binary,hvernaygr@kickstarter.com,425 892 9017
Gilly,Bianco,Female,gbiancogs@ftc.gov,673 725 3970
Agnola,Crayden,Female,acraydengt@alexa.com,705 292 6840
Amalea,Walbrook,Female,awalbrookgu@businesswire.com,769 108 4717
Millisent,Pautard,Bigender,mpautardgv@ucla.edu,154 438 4275
Der,MacVean,Male,dmacveangw@webnode.com,448 239 6361
Allie,Munehay,Male,amunehaygx@apple.com,270 186 0918
Milena,Tideswell,Non-binary,mtideswellgy@si.edu,776 705 1132
Fred,Arnau,Male,farnaugz@nasa.gov,868 816 2672
Virgil,Brandom,Male,vbrandomh0@github.com,345 227 1754
Grady,Chedgey,Male,gchedgeyh1@noaa.gov,625 233 2603
Davide,Yurshev,Male,dyurshevh2@4shared.com,409 206 6201
Kylie,Bolley,Male,kbolleyh3@weibo.com,749 346 7676
Karol,Croxford,Female,kcroxfordh4@google.cn,496 604 2023
Craggy,Ledgerton,Male,cledgertonh5@quantcast.com,765 689 2457
Tammie,Sealeaf,Female,tsealeafh6@cdbaby.com,605 528 3921
Howey,Weitzel,Male,hweitzelh7@sbwire.com,311 371 6853
Tanner,Sewards,Male,tsewardsh8@adobe.com,531 696 7204
Wendall,Worge,Male,wworgeh9@eventbrite.com,579 299 0504
Saleem,Banyard,Male,sbanyardha@odnoklassniki.ru,925 811 1758
Elnora,Schimonek,Genderqueer,eschimonekhb@mashable.com,919 586 6745
Brice,de Clercq,Male,bdeclercqhc@chronoengine.com,387 211 5094
Staford,Balderstone,Male,sbalderstonehd@ezinearticles.com,425 633 5565
Freeland,Scolli,Male,fscollihe@cornell.edu,948 713 0834
Federica,Eeles,Female,feeleshf@paginegialle.it,842 478 0611
Candra,Seeney,Female,cseeneyhg@usda.gov,700 999 7856
Brandais,Tomaschke,Female,btomaschkehh@slideshare.net,840 673 3532
Cassandra,Purver,Polygender,cpurverhi@phoca.cz,206 879 0962
Alisha,Deme,Female,ademehj@exblog.jp,608 550 9359
Elsinore,Ring,Female,eringhk@independent.co.uk,418 936 1628
Ermentrude,Challener,Female,echallenerhl@meetup.com,532 853 3423
Nikola,Tillett,Male,ntilletthm@linkedin.com,737 574 1064
Jannel,Crannage,Bigender,jcrannagehn@timesonline.co.uk,702 981 3945
Barrett,Montfort,Male,bmontfortho@cbslocal.com,165 234 9622
Isa,Avraam,Female,iavraamhp@reverbnation.com,138 121 1279
Brandea,Brookes,Female,bbrookeshq@msu.edu,780 788 7147
Rolf,Bleddon,Male,rbleddonhr@about.com,900 911 6199
Berrie,Teasdale-Markie,Female,bteasdalemarkiehs@nytimes.com,287 898 0302
Melody,Darkins,Female,mdarkinsht@boston.com,802 432 3254
Pinchas,Minchinden,Male,pminchindenhu@angelfire.com,490 433 0555
Haven,Vallis,Male,hvallishv@blinklist.com,807 540 0060
Kittie,Scoffham,Female,kscoffhamhw@telegraph.co.uk,103 711 4423
Corrianne,Matyukon,Female,cmatyukonhx@wunderground.com,516 935 2392
Conney,Kelinge,Male,ckelingehy@oaic.gov.au,879 587 9411
Shaughn,Phelips,Male,sphelipshz@discovery.com,882 259 3989
Windham,Wintour,Male,wwintouri0@yale.edu,860 852 5536
Nathalie,Pullen,Female,npulleni1@gnu.org,287 774 8754
Jerrilee,Merdew,Female,jmerdewi2@homestead.com,998 234 4116
Nowell,Randalston,Male,nrandalstoni3@engadget.com,136 230 9358
Leroi,Freda,Male,lfredai4@prweb.com,748 572 3729
Orsa,Hardan,Genderqueer,ohardani5@reuters.com,156 436 6848
Lancelot,Elgey,Non-binary,lelgeyi6@google.com,346 548 3632
Florentia,Creebo,Female,fcreeboi7@nhs.uk,602 570 4368
Marget,Launchbury,Female,mlaunchburyi8@sfgate.com,889 939 9355
Sherm,Stoeckle,Male,sstoecklei9@yellowbook.com,672 221 9560
Appolonia,Farrell,Female,afarrellia@purevolume.com,894 563 0756
Celle,Jentin,Female,cjentinib@gizmodo.com,301 555 5321
Lazar,Mac Geaney,Male,lmacgeaneyic@mozilla.com,609 655 7574
Garvy,Neathway,Male,gneathwayid@shinystat.com,338 388 6285
Donn,MacColm,Male,dmaccolmie@mysql.com,640 262 3419
Audrie,Daniell,Genderqueer,adaniellif@elpais.com,884 529 6231
Giffie,Kingsnode,Male,gkingsnodeig@tinyurl.com,799 433 0817
Mead,Anscombe,Male,manscombeih@accuweather.com,709 299 6135
Myrle,Hudson,Female,mhudsonii@google.fr,262 188 8158
Eddy,Hollidge,Female,ehollidgeij@reverbnation.com,648 330 5184
Cher,Poveleye,Female,cpoveleyeik@washington.edu,750 835 1535
Roch,O'Cahsedy,Female,rocahsedyil@constantcontact.com,143 835 7568
Theresina,Spavon,Female,tspavonim@nifty.com,102 372 7665
Sinclare,Hatherell,Male,shatherellin@google.com.au,870 359 0658
Olivie,Lamers,Female,olamersio@zdnet.com,932 491 5443
Javier,Fortye,Male,jfortyeip@ustream.tv,805 463 1522
Cosetta,Wetherhead,Female,cwetherheadiq@imdb.com,378 309 8415
Gideon,McCory,Male,gmccoryir@sina.com.cn,797 599 2072
Hamel,Manwaring,Male,hmanwaringis@unicef.org,787 413 8399
Carr,Belderfield,Male,cbelderfieldit@mac.com,865 732 7573
Shane,Giorgi,Female,sgiorgiiu@cisco.com,153 866 8972
Filmer,Jorge,Male,fjorgeiv@shareasale.com,182 798 2254
Andrey,Ambresin,Male,aambresiniw@bloglines.com,582 473 5225
Jephthah,Primett,Male,jprimettix@google.pl,976 469 9430
Titos,Rowthorn,Male,trowthorniy@github.com,417 536 5323
Diego,Bluck,Male,dbluckiz@goo.gl,256 159 9271
Avie,Pauer,Female,apauerj0@creativecommons.org,960 297 3943
Jess,Matterface,Male,jmatterfacej1@furl.net,986 536 6188
Tracy,Chstney,Male,tchstneyj2@lycos.com,481 107 6507
Lola,Lillyman,Female,llillymanj3@cloudflare.com,452 680 0731
Alfi,Trimby,Female,atrimbyj4@friendfeed.com,317 988 2353
Meridith,Maulin,Female,mmaulinj5@reference.com,105 245 7394
Adrianne,Unger,Female,aungerj6@fema.gov,145 582 2290
Lynelle,Rivenzon,Female,lrivenzonj7@deviantart.com,153 957 4226
Svend,MacArte,Male,smacartej8@umn.edu,330 301 4569
Erin,Broadhurst,Male,ebroadhurstj9@chicagotribune.com,342 402 6612
Pearla,Maxted,Female,pmaxtedja@theguardian.com,816 597 0197
Frieda,Reese,Non-binary,freesejb@csmonitor.com,542 120 7568
Trudey,Bertrand,Female,tbertrandjc@rambler.ru,828 850 3296
Peria,Esby,Female,pesbyjd@gravatar.com,504 620 1300
Anitra,Ewells,Female,aewellsje@columbia.edu,322 316 4463
Levon,Joselson,Male,ljoselsonjf@e-recht24.de,546 474 7543
Flori,Playford,Polygender,fplayfordjg@uol.com.br,520 580 6506
Gardie,Cund,Male,gcundjh@wisc.edu,314 626 3534
Wylie,Matyas,Male,wmatyasji@alibaba.com,482 164 4983
Kareem,La Croce,Male,klacrocejj@wikipedia.org,746 445 8640
Natalina,Zieme,Female,nziemejk@prlog.org,474 103 6244
Paule,Heardman,Female,pheardmanjl@seattletimes.com,588 484 1529
Lee,Retter,Male,lretterjm@feedburner.com,319 237 9249
Jeri,Bartol,Genderfluid,jbartoljn@un.org,309 181 8469
Julia,Bohlsen,Female,jbohlsenjo@blog.com,948 934 6390
Aldo,Moatt,Male,amoattjp@shinystat.com,452 707 9852
Egbert,McCreary,Male,emccrearyjq@comcast.net,112 934 3649
Liane,Thomesson,Female,lthomessonjr@tmall.com,914 199 7761
Humfrey,Fairman,Male,hfairmanjs@fc2.com,392 978 2476
Perice,Seemmonds,Male,pseemmondsjt@usda.gov,838 437 5749
Maddie,Barford,Female,mbarfordju@fotki.com,546 919 2028
Raphaela,Biasio,Female,rbiasiojv@globo.com,969 787 8029
Phylys,Amberg,Female,pambergjw@people.com.cn,437 619 2992
Ansley,Scoular,Female,ascoularjx@mit.edu,336 259 8013
Desiree,Hammill,Female,dhammilljy@washingtonpost.com,291 848 4744
Rollin,Boissier,Male,rboissierjz@histats.com,200 824 9037
Karalynn,McCaghan,Female,kmccaghank0@tripod.com,378 830 7844
Essa,Roels,Female,eroelsk1@comsenz.com,907 850 7568
Myrle,Heavyside,Female,mheavysidek2@hibu.com,317 508 1221
Kaine,Lockley,Male,klockleyk3@lycos.com,697 549 4985
Leeann,Staten,Female,lstatenk4@reference.com,765 490 5618
Gare,Mityashev,Male,gmityashevk5@merriam-webster.com,565 523 0646
Becky,Westcarr,Agender,bwestcarrk6@home.pl,275 200 7762
Janey,Agiolfinger,Female,jagiolfingerk7@scribd.com,124 710 4001
Persis,Kubat,Female,pkubatk8@webmd.com,261 678 5654
Antonietta,Offner,Female,aoffnerk9@vkontakte.ru,166 143 1826
Frederigo,Betty,Male,fbettyka@bloglovin.com,861 527 8452
Agatha,Dene,Female,adenekb@php.net,546 165 9986
Darin,Mattevi,Male,dmattevikc@purevolume.com,625 121 9943
Franchot,Charlton,Male,fcharltonkd@rambler.ru,826 764 6161
Sigismond,Boumphrey,Male,sboumphreyke@state.tx.us,139 787 7459
Agnella,Peller,Female,apellerkf@netscape.com,862 213 3724
Elihu,Dunnett,Male,edunnettkg@narod.ru,835 653 2929
Thoma,Hincks,Male,thinckskh@usgs.gov,934 483 8057
Torrin,Tuffey,Male,ttuffeyki@surveymonkey.com,983 115 0742
Cherry,Wardingley,Female,cwardingleykj@ca.gov,928 728 6928
Sandye,Thome,Female,sthomekk@businesswire.com,191 668 1168
Silvanus,Lincke,Male,slinckekl@newsvine.com,466 532 2928
Joaquin,Blaze,Male,jblazekm@themeforest.net,987 370 2388
Dyan,Temprell,Female,dtemprellkn@taobao.com,253 742 5605
Eddie,Poltun,Female,epoltunko@woothemes.com,128 740 1804
Jimmy,Greve,Male,jgrevekp@drupal.org,499 620 4718
Salli,Draisey,Female,sdraiseykq@pbs.org,405 492 6717
Bernita,Gravy,Female,bgravykr@163.com,879 953 3026
Pieter,Bestman,Male,pbestmanks@dailymotion.com,297 401 4722
Jemmie,Dillingham,Female,jdillinghamkt@gizmodo.com,334 513 9058
Hadleigh,Herion,Male,hherionku@state.tx.us,544 993 4065
Tiffany,Kitchenman,Female,tkitchenmankv@apache.org,410 508 7599
Francesco,Munnis,Polygender,fmunniskw@usda.gov,728 924 2181
Carolyne,Shillitoe,Female,cshillitoekx@prweb.com,646 341 2614
Garfield,Strewthers,Bigender,gstrewthersky@exblog.jp,974 570 3208
Warde,Terrans,Male,wterranskz@xinhuanet.com,975 181 3185
Jillana,Najera,Female,jnajeral0@guardian.co.uk,180 892 9525
Dallon,Frayn,Male,dfraynl1@mlb.com,707 488 1132
Roxy,Stanistrete,Female,rstanistretel2@netlog.com,455 689 9958
Lianna,Coy,Female,lcoyl3@wordpress.com,880 875 6077
Selena,Tremblet,Female,strembletl4@gov.uk,681 661 1056
Terence,Leming,Male,tlemingl5@loc.gov,288 970 1674
Laurette,Mawson,Female,lmawsonl6@lycos.com,163 709 1109
Husein,Garrod,Genderfluid,hgarrodl7@bloomberg.com,393 732 8900
Sigmund,Coldicott,Male,scoldicottl8@flickr.com,857 267 5365
Tracee,Hugnot,Female,thugnotl9@gov.uk,797 226 4025
Heath,Arger,Female,hargerla@wiley.com,188 186 4898
Sharlene,de Quesne,Female,sdequesnelb@trellian.com,515 817 9691
Rodd,Thorp,Male,rthorplc@ucsd.edu,744 834 2573
Mae,Wisher,Female,mwisherld@symantec.com,252 769 4188
Amalita,Duce,Female,aducele@ox.ac.uk,276 173 7687
Ricard,Dymond,Male,rdymondlf@edublogs.org,376 695 8569
Rinaldo,Olechnowicz,Male,rolechnowiczlg@photobucket.com,629 652 7409
Nannette,Wing,Female,nwinglh@hatena.ne.jp,695 354 7076
Kipp,Morales,Male,kmoralesli@php.net,582 168 2164
Kandace,Dybbe,Female,kdybbelj@ed.gov,960 922 4552
Megen,Fossey,Female,mfosseylk@hubpages.com,155 134 0197
Trudi,Eastabrook,Female,teastabrookll@linkedin.com,569 579 5869
Stephenie,Desorts,Female,sdesortslm@forbes.com,177 470 0617
Dale,Mattisssen,Female,dmattisssenln@liveinternet.ru,680 240 7049
Parrnell,Noah,Male,pnoahlo@auda.org.au,784 702 1273
Blondelle,Brommage,Polygender,bbrommagelp@tuttocitta.it,662 241 3735
Arlyn,Burchfield,Female,aburchfieldlq@newsvine.com,910 472 5093
Liana,Olifaunt,Female,lolifauntlr@mail.ru,159 960 3589
Sapphira,Pulford,Female,spulfordls@acquirethisname.com,827 356 0302
Karly,Garrood,Female,kgarroodlt@miibeian.gov.cn,337 852 9911
Zechariah,Goodacre,Male,zgoodacrelu@eventbrite.com,571 927 9616
Hugh,Boagey,Male,hboageylv@ibm.com,655 649 8844
Mozelle,Bladesmith,Female,mbladesmithlw@taobao.com,582 217 7399
Genevra,Thwaite,Female,gthwaitelx@360.cn,546 599 3508
Hamid,Gronaller,Male,hgronallerly@squidoo.com,403 673 5609
Berri,Antliff,Female,bantlifflz@xinhuanet.com,225 326 6235
Truda,MacFaell,Polygender,tmacfaellm0@ovh.net,187 660 8727
Ronnica,Quelch,Female,rquelchm1@wunderground.com,288 415 6935
Orion,Mandres,Male,omandresm2@360.cn,422 536 8128
Wain,Hrinchishin,Male,whrinchishinm3@usgs.gov,963 747 8847
Yard,Blaskett,Male,yblaskettm4@zimbio.com,948 889 4295
Susana,Lockett,Female,slockettm5@marketwatch.com,733 177 4741
Lebbie,Charke,Female,lcharkem6@dropbox.com,809 605 3446
Lind,Adshed,Male,ladshedm7@eepurl.com,385 923 5572
Elton,Semered,Male,esemeredm8@independent.co.uk,481 698 1114
Karlik,Dunnico,Male,kdunnicom9@last.fm,330 369 6465
Analise,Ponter,Female,aponterma@prlog.org,377 125 1369
Rosalind,Ralph,Female,rralphmb@berkeley.edu,105 289 0518
Lu,Amery,Bigender,lamerymc@mozilla.com,716 553 6389
Magdalena,Mayte,Female,mmaytemd@pen.io,242 376 2220
Willa,Gammie,Female,wgammieme@odnoklassniki.ru,658 328 1815
Freeland,Tuffey,Male,ftuffeymf@phoca.cz,856 483 1515
Broddy,Capponeer,Male,bcapponeermg@privacy.gov.au,254 148 7060
Minny,Januszewicz,Female,mjanuszewiczmh@deviantart.com,959 190 4285
Bertrand,Berryann,Male,bberryannmi@slate.com,535 470 7420
Vincenz,Duerden,Genderqueer,vduerdenmj@plala.or.jp,404 924 7874
Latrina,Sywell,Female,lsywellmk@pagesperso-orange.fr,325 834 2855
Marlyn,Whayman,Female,mwhaymanml@deliciousdays.com,641 562 8043
Merna,Strattan,Female,mstrattanmm@fema.gov,629 960 1718
Kale,Donalson,Male,kdonalsonmn@va.gov,418 335 9936
Bobby,Rozenzweig,Female,brozenzweigmo@squarespace.com,740 175 9149
Fredrick,Telfer,Male,ftelfermp@zdnet.com,290 478 5718
Alexia,Ragbourne,Female,aragbournemq@cornell.edu,630 717 9447
Edgardo,MacDonnell,Genderfluid,emacdonnellmr@fotki.com,958 210 1078
Kristian,Dowtry,Male,kdowtryms@so-net.ne.jp,419 202 4895
Konrad,Bimson,Male,kbimsonmt@dyndns.org,415 961 7530
Kacy,Davitti,Female,kdavittimu@goodreads.com,864 811 4174
Ginelle,Prestedge,Genderfluid,gprestedgemv@cpanel.net,488 609 2223
Samaria,Lashmore,Female,slashmoremw@ocn.ne.jp,807 518 3439
Dalt,Gough,Non-binary,dgoughmx@hp.com,742 378 7232
Harrison,Lorenc,Male,hlorencmy@alexa.com,333 915 5660
Janenna,Polino,Female,jpolinomz@cornell.edu,754 291 0779
Tremaine,McErlaine,Male,tmcerlainen0@a8.net,219 524 3958
Alejoa,MacMarcuis,Male,amacmarcuisn1@toplist.cz,227 655 4450
Alanna,Sutherington,Female,asutheringtonn2@intel.com,218 609 6099
Daloris,Dobrovolny,Female,ddobrovolnyn3@zimbio.com,875 194 3997
Ronald,Kneaphsey,Male,rkneaphseyn4@cargocollective.com,140 452 0714
Dosi,Leafe,Female,dleafen5@usda.gov,988 957 5294
Ramon,Dannehl,Male,rdannehln6@diigo.com,323 855 9123
Teodora,Meldrum,Female,tmeldrumn7@simplemachines.org,426 112 6314
Terence,Jonathon,Male,tjonathonn8@un.org,576 958 0639
Adorne,Bankhurst,Female,abankhurstn9@is.gd,794 657 9176
Egan,Bonsey,Male,ebonseyna@twitpic.com,956 630 1880
Benjy,Chatel,Male,bchatelnb@arizona.edu,304 282 0519
Antonella,Twinn,Non-binary,atwinnnc@businessweek.com,986 650 9018
Koressa,de Castelain,Female,kdecastelainnd@spotify.com,527 673 3878
Jerry,McGovern,Female,jmcgovernne@homestead.com,341 389 3068
Felizio,Kilbey,Male,fkilbeynf@de.vu,775 610 1855
Georas,Pie,Male,gpieng@newyorker.com,104 977 7941
Kennan,Antwis,Male,kantwisnh@google.co.uk,784 302 6903
Rhianon,Thewless,Female,rthewlessni@indiatimes.com,480 990 1214
Kermit,Tackes,Male,ktackesnj@ycombinator.com,990 489 8070
Tate,Stempe,Female,tstempenk@engadget.com,732 721 0444
Greggory,Furley,Polygender,gfurleynl@oakley.com,988 446 5670
Mirella,Pracy,Bigender,mpracynm@loc.gov,302 687 2586
Bebe,Leuchars,Female,bleucharsnn@huffingtonpost.com,319 907 4697
Neel,Teece,Male,nteeceno@networksolutions.com,115 299 4887
Hertha,Forgan,Female,hforgannp@microsoft.com,504 642 0042
Weber,Vaen,Male,wvaennq@jugem.jp,601 818 5743
Liliane,Wandless,Female,lwandlessnr@slideshare.net,156 408 7699
Xerxes,Kneale,Male,xknealens@ibm.com,458 818 9196
Tamara,Quinton,Female,tquintonnt@princeton.edu,348 653 0538
Natividad,Muschette,Female,nmuschettenu@zimbio.com,794 812 7962
Agace,O'Lenechan,Female,aolenechannv@google.com.br,983 798 0657
Hakeem,Hinken,Male,hhinkennw@un.org,482 699 1040
Melvyn,Ivamy,Male,mivamynx@omniture.com,904 826 9248
Pattie,O'Nowlan,Female,ponowlanny@about.com,502 830 7643
Rab,Frayling,Male,rfraylingnz@github.io,591 803 5741
Griffy,O'Cassidy,Male,gocassidyo0@baidu.com,158 307 1516
Georgeanna,Kick,Female,gkicko1@alibaba.com,867 884 0342
Benyamin,Pennone,Non-binary,bpennoneo2@pen.io,131 846 7231
Elset,Ludlem,Female,eludlemo3@google.it,809 943 6560
Granger,Hurdman,Male,ghurdmano4@ted.com,960 551 7223
Husain,Munnings,Male,hmunningso5@xinhuanet.com,922 113 4612
Alvina,Gilsthorpe,Female,agilsthorpeo6@freewebs.com,898 607 4899
Delbert,Adelberg,Male,dadelbergo7@surveymonkey.com,955 478 9116
Regan,Paffley,Male,rpaffleyo8@nydailynews.com,250 376 0271
Janeczka,Shrieve,Female,jshrieveo9@spiegel.de,677 309 2745
Freddie,Doone,Female,fdooneoa@army.mil,940 317 4978
Wood,Grinin,Male,wgrininob@virginia.edu,374 371 7714
Monty,Cadlock,Male,mcadlockoc@who.int,814 401 2026
Gale,Glencorse,Male,gglencorseod@army.mil,647 602 5286
Alex,Terrington,Male,aterringtonoe@wsj.com,467 540 3958
Felicity,Charlwood,Female,fcharlwoodof@51.la,690 951 7406
Marlon,Vose,Male,mvoseog@fotki.com,595 782 9719
Pandora,Reinger,Female,preingeroh@gizmodo.com,931 193 8814
Krystyna,Delhay,Female,kdelhayoi@nhs.uk,152 245 4523
Deerdre,Tomich,Genderqueer,dtomichoj@fda.gov,328 878 1248
Creigh,Sowersby,Male,csowersbyok@wikispaces.com,575 977 6999
Friederike,Rockhill,Female,frockhillol@mashable.com,193 331 0328
Eberto,Yantsev,Genderqueer,eyantsevom@amazon.co.jp,227 629 4598
Rogerio,Suttling,Male,rsuttlingon@wunderground.com,442 938 8842
Addy,Vernazza,Female,avernazzaoo@marketwatch.com,610 909 1115
Gilligan,O'Bradane,Female,gobradaneop@sohu.com,236 109 0161
Hazel,Franz,Non-binary,hfranzoq@github.io,467 756 0199
Maury,Fesby,Male,mfesbyor@alexa.com,897 480 9297
Giles,Loadsman,Male,gloadsmanos@youtube.com,390 857 5743
Wilona,Rodie,Female,wrodieot@sciencedaily.com,504 152 0629
Ruthi,Scarr,Female,rscarrou@people.com.cn,379 310 1580
Claire,Normanvell,Male,cnormanvellov@biglobe.ne.jp,792 131 6953
Margarette,Pernell,Female,mpernellow@mozilla.com,639 625 9216
Cathryn,Hallan,Genderfluid,challanox@youku.com,900 757 6127
Goober,McGuff,Male,gmcguffoy@canalblog.com,902 156 0714
Louis,MacCheyne,Male,lmaccheyneoz@chicagotribune.com,682 654 0824
Guntar,Tenney,Male,gtenneyp0@nasa.gov,642 269 4920
Orelia,Bransgrove,Female,obransgrovep1@nytimes.com,220 848 8396
Chrissie,Boffin,Polygender,cboffinp2@vkontakte.ru,185 922 0639
Barbi,Deery,Female,bdeeryp3@ted.com,780 505 1216
Dorolisa,Lefley,Female,dlefleyp4@bluehost.com,841 121 6951
Esteban,Chirm,Male,echirmp5@techcrunch.com,160 986 2610
Nichols,Pendlington,Male,npendlingtonp6@smugmug.com,143 493 3902
Arthur,Matasov,Male,amatasovp7@eventbrite.com,322 318 5957
Natalee,Knapp,Female,nknappp8@mail.ru,315 133 5018
Melony,Waterstone,Female,mwaterstonep9@state.tx.us,985 579 5195
Kaylee,Dmytryk,Female,kdmytrykpa@devhub.com,215 997 4521
Egan,Zebedee,Male,ezebedeepb@cafepress.com,717 613 8841
Jennie,Hassell,Agender,jhassellpc@nps.gov,287 836 6987
Harwell,Bedding,Male,hbeddingpd@narod.ru,818 947 0016
Aksel,Sinclaire,Male,asinclairepe@twitter.com,635 906 4248
Loleta,Ertelt,Female,lerteltpf@auda.org.au,524 496 6354
Lothario,Foulkes,Male,lfoulkespg@google.com.br,635 387 8473
Marietta,Lamplugh,Female,mlamplughph@storify.com,171 573 8780
Gayel,Jantzen,Female,gjantzenpi@europa.eu,414 191 2358
Cecilius,Sayer,Male,csayerpj@java.com,206 690 9086
Boone,Gremain,Male,bgremainpk@hostgator.com,620 915 0810
Tybi,Janacek,Female,tjanacekpl@mozilla.com,662 245 9048
Wakefield,Creighton,Male,wcreightonpm@dot.gov,809 824 9233
Cesaro,Rennie,Male,crenniepn@example.com,203 202 4327
Donavon,Moller,Male,dmollerpo@woothemes.com,107 223 3853
Mathew,Diplock,Male,mdiplockpp@hp.com,840 985 9679
Hilario,Ridgeway,Male,hridgewaypq@hibu.com,377 785 9119
Margot,Rowden,Female,mrowdenpr@spotify.com,664 877 9517
Jonathan,Jurasek,Male,jjurasekps@people.com.cn,181 184 2535
Staford,Carncross,Male,scarncrosspt@blogger.com,968 782 4956
Cathryn,Brookes,Female,cbrookespu@miitbeian.gov.cn,562 581 8690
Eadith,Crossdale,Agender,ecrossdalepv@biglobe.ne.jp,322 501 3818
Bamby,Helks,Female,bhelkspw@omniture.com,421 586 9086
Leslie,Baude,Male,lbaudepx@drupal.org,333 957 0065
Foss,Igonet,Male,figonetpy@blogtalkradio.com,913 764 7269
Becka,Meneer,Agender,bmeneerpz@weebly.com,833 614 0855
Isac,Glendining,Male,iglendiningq0@posterous.com,235 133 6530
Elroy,Ullett,Male,eullettq1@over-blog.com,392 230 2886
Blondie,Sweetzer,Female,bsweetzerq2@moonfruit.com,149 431 9187
Adriaens,Cuss,Female,acussq3@csmonitor.com,327 815 8217
Hyman,Lawlie,Male,hlawlieq4@mapy.cz,846 995 6372
Emmalee,Bardwell,Female,ebardwellq5@themeforest.net,590 964 6856
Lacie,Stogill,Female,lstogillq6@cbslocal.com,687 168 3492
Ellerey,Paradine,Male,eparadineq7@ox.ac.uk,957 845 4993
Doralynn,Millar,Female,dmillarq8@fastcompany.com,922 656 8597
Iorgos,Danilewicz,Male,idanilewiczq9@theguardian.com,432 474 1988
Nathan,Guilloux,Male,nguillouxqa@artisteer.com,424 504 1456
Artemis,Siely,Male,asielyqb@mac.com,111 991 3094
Oralia,Clemo,Female,oclemoqc@house.gov,237 796 0814
Kristian,Brisseau,Male,kbrisseauqd@webs.com,510 263 0314
Ugo,Lain,Male,ulainqe@storify.com,967 383 0817
Cory,Cleynaert,Female,ccleynaertqf@time.com,814 691 6205
Robby,Duns,Male,rdunsqg@angelfire.com,749 397 8224
Quintana,Partleton,Female,qpartletonqh@nbcnews.com,810 606 4043
Connie,Oris,Male,corisqi@telegraph.co.uk,524 252 1620
Floris,Yerbury,Female,fyerburyqj@feedburner.com,868 273 1378
Eleanor,Pinckney,Female,epinckneyqk@netlog.com,306 410 2679
Ansell,Escoffrey,Male,aescoffreyql@guardian.co.uk,788 933 3415
Hugh,Kaemena,Male,hkaemenaqm@statcounter.com,860 458 6393
Jerome,Deabill,Male,jdeabillqn@unesco.org,167 886 1236
Bobbie,Jouaneton,Male,bjouanetonqo@answers.com,130 934 5105
Hewitt,Hutchings,Male,hhutchingsqp@typepad.com,942 898 2634
Ernaline,Ferroli,Female,eferroliqq@harvard.edu,926 319 2305
Park,Matuszkiewicz,Male,pmatuszkiewiczqr@chron.com,669 164 7204
Judas,O' Faherty,Male,jofahertyqs@geocities.jp,752 677 9085
Arabela,Berrigan,Female,aberriganqt@unblog.fr,652 398 2829
Glenn,Sealove,Female,gsealovequ@yahoo.co.jp,590 295 5866
Mikkel,Batchley,Male,mbatchleyqv@admin.ch,471 383 9008
Gordan,Meadley,Male,gmeadleyqw@nydailynews.com,274 424 0998
Babita,Lingard,Female,blingardqx@gravatar.com,796 201 8783
Dionne,Brettor,Genderfluid,dbrettorqy@privacy.gov.au,642 690 5182
Husein,Poinsett,Male,hpoinsettqz@gov.uk,184 292 1460
Vincenz,Bernollet,Male,vbernolletr0@yahoo.com,291 370 3853
Eldredge,Lugsdin,Male,elugsdinr1@example.com,462 197 5511
Herbert,Lots,Male,hlotsr2@goodreads.com,892 106 5633
Yvon,Barkshire,Male,ybarkshirer3@irs.gov,844 237 1336
Kippie,Worsnup,Female,kworsnupr4@wsj.com,207 691 0465
Thatcher,Dymidowski,Male,tdymidowskir5@upenn.edu,903 747 3505
Maybelle,Schuchmacher,Female,mschuchmacherr6@bbc.co.uk,803 480 0093
Dian,Voice,Female,dvoicer7@flavors.me,728 279 8654
Addie,O' Finan,Female,aofinanr8@intel.com,812 529 7594
Robinett,Brik,Female,rbrikr9@sbwire.com,652 588 0086
Ruperta,Wale,Female,rwalera@i2i.jp,998 555 4560
Rudolfo,Dowzell,Male,rdowzellrb@webmd.com,867 389 9846
Sharline,Docharty,Female,sdochartyrc@sina.com.cn,460 374 7107
Augustine,Threlkeld,Female,athrelkeldrd@360.cn,247 808 3573
Woodman,Pugh,Genderqueer,wpughre@desdev.cn,148 945 5416
Gerta,Sever,Female,gseverrf@sbwire.com,881 255 1727
Toddie,Balducci,Male,tbalduccirg@qq.com,983 449 9593
Cory,Haggish,Female,chaggishrh@indiatimes.com,544 482 7470
Nola,Coot,Genderqueer,ncootri@independent.co.uk,445 852 7074
Rita,Dow,Female,rdowrj@thetimes.co.uk,503 879 7431
Stavros,Ivanisov,Male,sivanisovrk@rambler.ru,369 327 2925
Selia,Hens,Female,shensrl@rakuten.co.jp,532 731 9626
Lannie,Ferreli,Male,lferrelirm@acquirethisname.com,549 616 1649
Kennett,Inston,Male,kinstonrn@cpanel.net,387 805 9828
Nedi,Jantel,Female,njantelro@godaddy.com,702 293 3267
Paula,Leggon,Female,pleggonrp@columbia.edu,506 670 5195
Davie,D'eath,Male,ddeathrq@reuters.com,507 207 1008
Locke,Crolly,Male,lcrollyrr@ted.com,734 982 3701
