first_name,last_name,gender,email,phone
Allie,Weatherill,Male,aweatherill0@facebook.com,616 104 2321
Maia,Annandale,Female,mannandale1@paginegialle.it,348 341 7208
Jessie,Ambrogio,Female,jambrogio2@cmu.edu,974 446 8253
Gary,Marcus,Agender,gmarcus3@cafepress.com,914 874 0704
Bren,Lelievre,Female,blelievre4@weibo.com,631 452 4104
Emmy,Binford,Male,ebinford5@google.co.uk,546 320 5636
Trudey,Ambrosoli,Bigender,tambrosoli6@google.com.au,515 349 3021
Nicolette,Jumel,Female,njumel7@state.tx.us,621 854 2065
Port,Seggie,Male,pseggie8@un.org,494 745 1454
Trent,Caltera,Male,tcaltera9@spotify.com,930 340 2753
Muffin,Brinkman,Female,mbrinkmana@icio.us,643 400 8239
Horten,Dallmann,Male,hdallmannb@npr.org,353 250 9171
Gabriello,Doel,Male,gdoelc@blogger.com,429 915 9934
Maighdiln,Gringley,Female,mgringleyd@zdnet.com,261 656 6976
Shae,Latimer,Male,slatimere@omniture.com,695 999 7423
Luce,Larvin,Male,llarvinf@webmd.com,158 884 8241
Hedvige,Cromb,Female,hcrombg@nsw.gov.au,119 390 5792
Jyoti,Bansal,Female,jbansalh@blogs.com,944 909 5046
Francklyn,Rysdale,Male,frysdalei@ed.gov,476 673 1209
Devi,Solly,Female,dsollyj@reference.com,252 353 5459
Kienan,Audiss,Male,kaudissk@cbsnews.com,181 342 1743
Ugo,Leghorn,Male,uleghornl@zimbio.com,243 723 4391
Danyette,Itzkov,Genderqueer,ditzkovm@chron.com,864 491 0189
Sibelle,Bauser,Female,sbausern@chronoengine.com,158 407 5215
Gilberte,Gilvear,Non-binary,ggilvearo@yale.edu,594 344 3842
Barbe,Warby,Polygender,bwarbyp@nbcnews.com,461 464 3445
Consolata,Brigman,Female,cbrigmanq@jalbum.net,891 843 8609
Hayden,Boddymead,Male,hboddymeadr@wix.com,962 377 1533
Jaclin,Mulder,Female,jmulders@ox.ac.uk,163 409 0790
Jana,Gapp,Female,jgappt@skyrock.com,788 737 7114
Baxter,Batchelar,Male,bbatchelaru@ameblo.jp,663 438 6302
Gerome,Blew,Male,gblewv@sakura.ne.jp,183 590 2905
Allen,Boyett,Male,aboyettw@nps.gov,433 618 1913
Dorise,Hamal,Female,dhamalx@goodreads.com,190 262 5858
Jena,McGuane,Female,jmcguaney@live.com,675 366 1446
Derrick,Boddis,Male,dboddisz@ovh.net,606 590 4489
Silvester,Veeler,Male,sveeler10@apple.com,482 888 2229
Thaine,Lye,Male,tlye11@1688.com,875 160 0000
Mason,Largen,Male,mlargen12@engadget.com,522 847 3784
Elnar,Argile,Male,eargile13@cam.ac.uk,464 115 8999
Reinald,Jzak,Male,rjzak14@odnoklassniki.ru,896 347 9207
Ardath,Edgecombe,Female,aedgecombe15@blog.com,566 891 9960
Ahmad,Girardi,Bigender,agirardi16@creativecommons.org,713 924 4245
Jodie,Crooks,Male,jcrooks17@bloglines.com,880 670 6451
Flori,Knyvett,Female,fknyvett18@goo.ne.jp,484 981 8317
Randy,Eyam,Male,reyam19@state.gov,407 711 5521
Shawn,Frantzen,Female,sfrantzen1a@psu.edu,747 867 4552
Flossie,Poulett,Female,fpoulett1b@europa.eu,477 988 5975
Bennie,Moral,Male,bmoral1c@indiegogo.com,976 668 3561
Leeann,Tottman,Female,ltottman1d@unesco.org,627 235 7248
Hugo,Aspall,Male,haspall1e@netlog.com,644 416 9664
Darby,Blackston,Male,dblackston1f@seattletimes.com,987 560 3921
Ezequiel,Antat,Male,eantat1g@godaddy.com,916 910 2709
Katlin,Gabotti,Female,kgabotti1h@sitemeter.com,623 345 7889
Lulu,Trewartha,Female,ltrewartha1i@ycombinator.com,456 472 8981
Alikee,Neat,Female,aneat1j@yolasite.com,853 371 0942
Lissy,Udey,Female,ludey1k@opensource.org,806 291 1270
Sinclare,Hubbard,Male,shubbard1l@opera.com,836 161 5767
Ulrica,Trumper,Female,utrumper1m@arstechnica.com,404 175 6822
Heida,Tomei,Female,htomei1n@xrea.com,288 979 2125
Abramo,Weatherby,Male,aweatherby1o@mozilla.com,461 736 2242
Brooks,Gavaran,Female,bgavaran1p@lycos.com,408 143 9651
Richmound,Campanelli,Male,rcampanelli1q@loc.gov,538 464 0319
Tyne,Dubock,Female,tdubock1r@vinaora.com,355 128 7791
Maren,Chivers,Female,mchivers1s@geocities.jp,352 919 9173
Dene,Lednor,Male,dlednor1t@surveymonkey.com,733 601 1917
Chandal,Sheirlaw,Female,csheirlaw1u@google.ru,967 346 6641
Etienne,Heathcote,Polygender,eheathcote1v@mashable.com,295 996 0135
Reeva,Abeau,Female,rabeau1w@pbs.org,771 859 1643
Kaila,Corneille,Female,kcorneille1x@accuweather.com,908 744 6742
Nick,Littlepage,Male,nlittlepage1y@google.com,401 677 3372
Gunar,Monro,Male,gmonro1z@prnewswire.com,529 824 3413
Jolyn,Shobbrook,Female,jshobbrook20@patch.com,900 521 3197
Harman,Marie,Male,hmarie21@creativecommons.org,775 116 5214
Heddi,Kivelle,Bigender,hkivelle22@geocities.jp,538 705 4700
Peri,Conlaund,Non-binary,pconlaund23@chronoengine.com,915 659 0150
Lefty,Gretton,Male,lgretton24@naver.com,689 699 8517
Augustus,Pettinger,Male,apettinger25@noaa.gov,642 723 4747
Beauregard,Cochrane,Male,bcochrane26@pbs.org,443 628 6985
Avigdor,Aymeric,Male,aaymeric27@comcast.net,498 319 8507
Wallache,Danher,Genderqueer,wdanher28@psu.edu,532 979 5224
Scarlett,Ashpital,Female,sashpital29@webnode.com,250 192 9548
Dennie,Potkins,Female,dpotkins2a@ocn.ne.jp,141 923 4453
Laverne,Breissan,Female,lbreissan2b@mit.edu,264 967 1474
Nicol,Aspenlon,Female,naspenlon2c@xing.com,455 235 0181
Elle,Ablett,Female,eablett2d@miitbeian.gov.cn,450 643 1078
Dora,Van Der Hoog,Female,dvanderhoog2e@usnews.com,346 581 3034
Jewell,Le Grys,Female,jlegrys2f@theatlantic.com,768 762 4175
Ida,MacAdam,Female,imacadam2g@hud.gov,691 813 5892
Rollin,Jeves,Genderfluid,rjeves2h@virginia.edu,128 290 9678
Braden,Olczyk,Non-binary,bolczyk2i@cnn.com,301 526 4975
Guy,Storks,Male,gstorks2j@guardian.co.uk,902 746 0769
Brenn,Burchess,Female,bburchess2k@gravatar.com,324 883 6247
Jolene,Rentoul,Genderfluid,jrentoul2l@psu.edu,197 576 1409
Lynea,de Tocqueville,Female,ldetocqueville2m@psu.edu,145 189 1162
Berni,Bettison,Female,bbettison2n@nsw.gov.au,489 254 1973
Tarah,Whyte,Female,twhyte2o@hc360.com,583 782 7587
Angelia,Rantoul,Female,arantoul2p@bing.com,702 312 1224
Sid,Ebi,Male,sebi2q@photobucket.com,214 771 9438
Colin,Isworth,Male,cisworth2r@clickbank.net,699 191 1577
Alfonso,Stanborough,Male,astanborough2s@webs.com,383 483 3775
Brnaba,Malenoir,Male,bmalenoir2t@a8.net,262 259 4041
Thorin,Eakley,Genderfluid,teakley2u@flickr.com,937 421 0018
Lindie,Critch,Female,lcritch2v@altervista.org,456 188 0614
Leonore,Fassan,Female,lfassan2w@fastcompany.com,623 988 6560
Brett,Larratt,Female,blarratt2x@list-manage.com,999 479 5673
Sheri,Baggallay,Female,sbaggallay2y@yellowbook.com,847 515 3962
Cazzie,Paice,Male,cpaice2z@google.co.uk,352 893 9809
Cloris,Frigot,Female,cfrigot30@1und1.de,594 314 2819
Giles,Hawkswell,Male,ghawkswell31@spiegel.de,859 906 0617
Ced,Cleminshaw,Male,ccleminshaw32@eventbrite.com,934 547 1202
Akim,Baert,Male,abaert33@youku.com,662 829 5674
Livy,Mundow,Agender,lmundow34@spiegel.de,512 422 7222
Gennifer,Tapton,Female,gtapton35@google.ru,961 163 2437
Fitz,Sussams,Male,fsussams36@multiply.com,440 237 4262
Frederich,Ianni,Male,fianni37@tripod.com,376 975 4934
Baily,Pedersen,Male,bpedersen38@msn.com,913 108 6521
Chelsie,Aksell,Female,caksell39@bbc.co.uk,828 845 7316
Mal,Mangenet,Male,mmangenet3a@icq.com,123 803 0510
Claybourne,Saphir,Male,csaphir3b@un.org,245 632 9584
Jacobo,Bickmore,Male,jbickmore3c@smh.com.au,933 361 9638
Maddalena,Pretsell,Female,mpretsell3d@scientificamerican.com,256 257 6899
Agnella,Espasa,Female,aespasa3e@biglobe.ne.jp,754 789 7249
Ellerey,Middle,Male,emiddle3f@wikipedia.org,117 409 3156
Karel,MacPeake,Female,kmacpeake3g@sakura.ne.jp,818 744 5484
Darb,Boydon,Female,dboydon3h@twitter.com,804 564 8633
Lyssa,Bromidge,Female,lbromidge3i@parallels.com,847 984 2294
Court,Dofty,Male,cdofty3j@google.ca,334 804 8639
Noah,Yateman,Male,nyateman3k@digg.com,761 803 4115
Marsha,McGeouch,Female,mmcgeouch3l@fastcompany.com,149 532 4627
Mirna,Gaylord,Female,mgaylord3m@creativecommons.org,968 614 4879
Sonnie,Aysik,Female,saysik3n@constantcontact.com,730 655 5887
Sigismund,Benjafield,Male,sbenjafield3o@amazon.co.uk,186 607 6893
Tris,Warke,Male,twarke3p@hubpages.com,134 726 1120
Tobie,Munslow,Male,tmunslow3q@seesaa.net,668 102 8238
Nichole,Whitehorn,Male,nwhitehorn3r@state.tx.us,815 640 6041
Karalynn,Barstock,Female,kbarstock3s@house.gov,466 889 2821
Wyatt,Sprigg,Male,wsprigg3t@clickbank.net,557 968 7364
Lise,Quilter,Female,lquilter3u@chron.com,889 102 2630
Liz,Joney,Female,ljoney3v@blogs.com,826 762 6162
Carolyn,Emlen,Genderfluid,cemlen3w@europa.eu,502 579 8230
Ive,Boldt,Male,iboldt3x@cocolog-nifty.com,702 682 8670
Terencio,Cooley,Male,tcooley3y@freewebs.com,353 895 2546
Wileen,Isselee,Genderfluid,wisselee3z@amazon.co.uk,562 535 3229
Gordon,Greguol,Male,ggreguol40@globo.com,272 663 6602
Dione,Ledstone,Female,dledstone41@squarespace.com,579 452 2019
Gay,Merton,Female,gmerton42@ebay.com,985 103 6145
Rochester,Innocenti,Male,rinnocenti43@sciencedirect.com,567 453 6203
Laraine,Beville,Female,lbeville44@imdb.com,828 561 5065
Karyn,Wride,Female,kwride45@over-blog.com,828 870 6824
Hyacinthia,McBrearty,Female,hmcbrearty46@addtoany.com,188 956 4938
Bearnard,Budnik,Male,bbudnik47@google.de,632 514 1954
Gillie,Dugall,Female,gdugall48@seattletimes.com,175 891 2284
Morly,Moxley,Male,mmoxley49@abc.net.au,647 276 6125
Cheri,Fiddy,Female,cfiddy4a@symantec.com,541 460 4653
Gerrie,Kingswood,Female,gkingswood4b@salon.com,295 563 5851
Dennis,Dwire,Male,ddwire4c@virginia.edu,100 225 5051
Guilbert,Slinn,Male,gslinn4d@upenn.edu,652 227 2751
Britney,Schouthede,Female,bschouthede4e@wordpress.com,580 401 7916
Ethyl,Duddin,Female,eduddin4f@rakuten.co.jp,686 873 3026
Felicdad,Click,Female,fclick4g@cocolog-nifty.com,783 410 8146
Victoria,Gianettini,Female,vgianettini4h@howstuffworks.com,634 157 9747
Margarita,Coverdill,Female,mcoverdill4i@bbb.org,924 957 9998
Karen,Dunkerley,Female,kdunkerley4j@state.gov,151 874 7518
Damien,Tranmer,Male,dtranmer4k@zimbio.com,219 614 9722
Carmine,Meeks,Male,cmeeks4l@purevolume.com,110 973 3617
Lemmy,Durnell,Male,ldurnell4m@flavors.me,265 878 2381
Fern,Danilov,Non-binary,fdanilov4n@cpanel.net,876 304 6635
Sandor,Drexel,Male,sdrexel4o@deviantart.com,919 689 3529
Mala,Lambeth,Polygender,mlambeth4p@odnoklassniki.ru,793 363 9177
Nicola,Dimitriades,Male,ndimitriades4q@house.gov,485 721 0181
Regine,Jirzik,Female,rjirzik4r@mlb.com,741 933 5125
Leshia,Comben,Agender,lcomben4s@so-net.ne.jp,290 883 8223
Reider,Aarons,Non-binary,raarons4t@squidoo.com,138 442 1243
Marice,Rushton,Female,mrushton4u@omniture.com,585 393 3675
Pet,Chard,Female,pchard4v@theglobeandmail.com,583 554 1143
Galvan,Dashkovich,Male,gdashkovich4w@indiegogo.com,579 864 3477
Xerxes,Worman,Male,xworman4x@soup.io,755 512 2507
Dun,Leetham,Male,dleetham4y@earthlink.net,480 266 2938
Agnola,Crolla,Female,acrolla4z@t.co,760 642 0398
Larina,Rivard,Female,lrivard50@flickr.com,773 848 5138
Annalee,Causton,Female,acauston51@privacy.gov.au,203 820 6534
Massimiliano,Chasemoore,Male,mchasemoore52@creativecommons.org,884 983 9373
Gertrud,Ralton,Female,gralton53@weibo.com,595 853 9360
Kati,Standen,Female,kstanden54@cloudflare.com,728 654 3393
Perice,McKibbin,Genderqueer,pmckibbin55@senate.gov,592 824 4384
Harley,Adlard,Male,hadlard56@craigslist.org,766 646 2800
Lazarus,Truitt,Male,ltruitt57@usgs.gov,411 257 8473
Mitchael,Swane,Male,mswane58@tumblr.com,769 433 8359
Hartley,Vassie,Male,hvassie59@4shared.com,659 622 3855
Dody,Mendes,Female,dmendes5a@state.gov,921 846 3049
Marion,Burdess,Female,mburdess5b@scribd.com,485 620 7432
Micheal,Mayes,Male,mmayes5c@webnode.com,986 145 0673
Christabella,Paling,Female,cpaling5d@yellowpages.com,936 114 6275
Noll,Doerling,Male,ndoerling5e@examiner.com,952 785 4394
Mason,Decourt,Male,mdecourt5f@qq.com,492 854 9139
Mireille,Klesse,Female,mklesse5g@army.mil,700 879 2027
Fraze,Hatherley,Male,fhatherley5h@angelfire.com,240 908 9894
Illa,Durban,Female,idurban5i@twitter.com,694 532 2276
Leandra,Loverock,Female,lloverock5j@zimbio.com,669 921 4165
Cacilie,Kemshell,Female,ckemshell5k@quantcast.com,914 909 4788
Kristi,Mazdon,Female,kmazdon5l@prweb.com,329 711 6590
Romola,Roddan,Agender,rroddan5m@marriott.com,753 939 9482
Libbi,Genty,Female,lgenty5n@altervista.org,559 194 7787
Tadd,Hadaway,Male,thadaway5o@alibaba.com,155 262 2908
Carrol,Le Marchant,Male,clemarchant5p@blogspot.com,298 797 7586
Waylen,Hanlon,Male,whanlon5q@cbc.ca,681 902 0156
Merola,Maggiori,Female,mmaggiori5r@naver.com,302 645 7501
Bryn,Tothe,Bigender,btothe5s@bloglovin.com,292 292 1086
Gaylene,Beardshaw,Female,gbeardshaw5t@bloomberg.com,290 373 7232
Bobby,Moulding,Male,bmoulding5u@slideshare.net,358 863 3554
Hashim,Pirri,Male,hpirri5v@rambler.ru,245 341 2539
Eziechiele,Hackney,Male,ehackney5w@dailymotion.com,673 877 0843
Berget,Colvin,Female,bcolvin5x@ask.com,615 157 6670
Pierce,Challener,Male,pchallener5y@mozilla.com,859 456 2319
Stoddard,Fielding,Female,sfielding5z@zdnet.com,355 745 6424
Mason,Barbey,Male,mbarbey60@businesswire.com,293 363 1655
Ike,Ramshay,Male,iramshay61@wix.com,730 136 8594
Laurent,Lauthian,Male,llauthian62@t-online.de,476 117 4345
Tamarah,Championnet,Genderqueer,tchampionnet63@virginia.edu,255 833 8616
Bernardine,Ferrea,Female,bferrea64@biglobe.ne.jp,744 848 3108
Jameson,Hariot,Male,jhariot65@harvard.edu,354 330 5730
Shaun,Vannini,Male,svannini66@loc.gov,507 282 4412
Francesca,Kinleyside,Female,fkinleyside67@nps.gov,671 115 4265
Carny,Loines,Male,cloines68@jalbum.net,482 842 6283
Theressa,Deacock,Female,tdeacock69@stanford.edu,334 259 8807
Theodor,Kippen,Male,tkippen6a@umich.edu,318 799 0257
Richmond,Akker,Male,rakker6b@youku.com,783 540 3120
Salomi,McBay,Female,smcbay6c@360.cn,759 350 7887
Faulkner,Woodberry,Male,fwoodberry6d@washington.edu,185 868 1589
Zsazsa,Sleeman,Female,zsleeman6e@mlb.com,249 496 9356
Giustino,Bowle,Male,gbowle6f@go.com,869 184 6695
Poul,Sturgeon,Male,psturgeon6g@bravesites.com,550 391 8218
Winny,Meco,Female,wmeco6h@fema.gov,104 939 6528
Antonietta,Schule,Female,aschule6i@facebook.com,211 569 5505
Sigrid,Prangnell,Female,sprangnell6j@themeforest.net,123 722 7213
Carolee,Kharchinski,Female,ckharchinski6k@dailymotion.com,680 941 4985
Keen,Saban,Male,ksaban6l@sciencedaily.com,204 674 8006
Miquela,Malins,Female,mmalins6m@vinaora.com,894 471 5045
Hillie,Ebbins,Male,hebbins6n@ow.ly,630 513 1294
Brant,Paradise,Male,bparadise6o@cam.ac.uk,288 892 9038
Donica,Uphill,Female,duphill6p@tinypic.com,630 800 5614
Harvey,Stirzaker,Male,hstirzaker6q@google.com.hk,963 748 9221
Ev,Twallin,Male,etwallin6r@stumbleupon.com,488 607 7248
Marven,Fawbert,Male,mfawbert6s@yahoo.com,330 671 9851
Mohandis,Sukbhans,Male,msukbhans6t@nydailynews.com,355 901 9125
Jemimah,Gowans,Female,jgowans6u@archive.org,615 896 2269
Lynett,Vereker,Bigender,lvereker6v@twitter.com,589 233 5448
Legra,Blabber,Female,lblabber6w@51.la,156 356 6865
Clair,Strewthers,Male,cstrewthers6x@devhub.com,901 340 8657
Toby,Spering,Male,tspering6y@diigo.com,199 263 5246
Goldarina,Masserel,Female,gmasserel6z@trellian.com,413 759 3550
Nelie,Cartan,Female,ncartan70@slate.com,243 840 8120
Rheta,Handrik,Female,rhandrik71@chron.com,417 609 3232
Dunn,Casina,Male,dcasina72@infoseek.co.jp,415 606 0040
Noam,Veare,Male,nveare73@cpanel.net,286 968 8496
Brandtr,Brompton,Male,bbrompton74@msn.com,920 410 4696
Ilaire,Guerra,Male,iguerra75@alibaba.com,448 157 4041
Bax,Windsor,Male,bwindsor76@goodreads.com,204 142 3954
Torrence,Tailby,Bigender,ttailby77@wikispaces.com,959 815 2773
Fergus,Ewert,Male,fewert78@shareasale.com,844 433 3715
Zacharias,Vigurs,Male,zvigurs79@webeden.co.uk,285 134 1362
Gretel,Toone,Female,gtoone7a@moonfruit.com,130 654 2607
Man,Dulling,Male,mdulling7b@businessweek.com,837 786 6967
Hazel,Pyner,Male,hpyner7c@bravesites.com,397 673 3109
Bettine,Paolacci,Female,bpaolacci7d@biglobe.ne.jp,783 480 7815
Carrol,Pautot,Male,cpautot7e@sogou.com,547 941 8963
Guntar,Vallender,Male,gvallender7f@live.com,801 896 9130
Berti,Peracco,Male,bperacco7g@statcounter.com,369 382 4481
Willabella,Jagielski,Female,wjagielski7h@weebly.com,774 155 4559
Manfred,Shimoni,Male,mshimoni7i@devhub.com,891 522 9021
Hadley,Hoff,Male,hhoff7j@gmpg.org,594 445 8837
Florencia,Riccardelli,Female,friccardelli7k@acquirethisname.com,948 460 4786
Philis,Darracott,Female,pdarracott7l@blogspot.com,878 178 6011
Rennie,Gingold,Female,rgingold7m@vk.com,612 450 1683
Etienne,Blaymires,Male,eblaymires7n@washingtonpost.com,649 672 6480
Buck,Cluse,Male,bcluse7o@xing.com,918 414 8719
Mayne,Yurkov,Male,myurkov7p@meetup.com,728 179 6801
Neysa,Cockram,Female,ncockram7q@ihg.com,876 612 1791
Kinnie,Salvadori,Male,ksalvadori7r@google.fr,746 791 1210
Ryon,Bamlett,Male,rbamlett7s@dropbox.com,599 202 0179
Blakelee,Fehely,Female,bfehely7t@msu.edu,647 673 7277
Mozelle,Marrison,Female,mmarrison7u@squarespace.com,519 507 3929
Gilburt,Axtonne,Male,gaxtonne7v@howstuffworks.com,525 594 4871
Reba,Brunini,Female,rbrunini7w@dion.ne.jp,264 308 3273
Thayne,Gudger,Male,tgudger7x@aboutads.info,705 344 9410
Neille,Farrall,Female,nfarrall7y@biglobe.ne.jp,768 186 1587
Katha,Moreinu,Female,kmoreinu7z@webmd.com,610 805 3586
Gabe,Darrigrand,Non-binary,gdarrigrand80@wsj.com,435 968 9511
Findlay,Skirling,Male,fskirling81@meetup.com,391 411 7015
Lynde,Sivil,Female,lsivil82@technorati.com,214 876 0994
Nevsa,Bourgeois,Female,nbourgeois83@icio.us,351 200 5894
Katey,Jardein,Female,kjardein84@live.com,436 483 3482
Lefty,Duddell,Male,lduddell85@oracle.com,176 358 4360
Sean,Jefferys,Male,sjefferys86@quantcast.com,735 467 0824
Christiano,Chrismas,Male,cchrismas87@samsung.com,952 507 9501
Creigh,Blasoni,Male,cblasoni88@sciencedirect.com,653 854 8159
Belinda,Goldney,Female,bgoldney89@ehow.com,653 809 3151
Gilberto,Chevers,Male,gchevers8a@stumbleupon.com,881 682 8907
Robina,Duley,Female,rduley8b@spiegel.de,100 138 7119
Ferne,Allcoat,Female,fallcoat8c@sbwire.com,817 531 0646
Hartwell,McCowan,Male,hmccowan8d@wikispaces.com,588 174 5764
Dillie,Boast,Male,dboast8e@ebay.com,229 357 9129
Yves,Hanney,Male,yhanney8f@newsvine.com,480 148 2504
Ashlin,Dyson,Male,adyson8g@wordpress.com,820 169 2906
Peta,Greene,Female,pgreene8h@multiply.com,789 555 3069
Esther,Craigmile,Female,ecraigmile8i@cdc.gov,466 901 0479
Carley,Rickerd,Female,crickerd8j@prnewswire.com,290 155 5341
Chickie,Iannelli,Female,ciannelli8k@blogtalkradio.com,356 901 8110
Benny,Gerrish,Male,bgerrish8l@intel.com,789 270 1481
Rochell,Vasilchenko,Non-binary,rvasilchenko8m@msu.edu,116 485 0177
Charmian,Mantle,Female,cmantle8n@de.vu,515 688 0161
Willi,Holworth,Female,wholworth8o@weather.com,174 447 2388
Niels,Haestier,Male,nhaestier8p@ustream.tv,161 332 5194
Bonnee,Rotge,Female,brotge8q@mapquest.com,997 680 1305
Irving,Vlasov,Male,ivlasov8r@telegraph.co.uk,788 469 5919
Pollyanna,MacIver,Female,pmaciver8s@sourceforge.net,285 322 2245
Trudi,Barnby,Polygender,tbarnby8t@webmd.com,345 303 0763
Neal,Maffi,Male,nmaffi8u@cargocollective.com,894 523 4301
Wade,Kryzhov,Male,wkryzhov8v@infoseek.co.jp,211 810 1962
Benedict,Collacombe,Non-binary,bcollacombe8w@domainmarket.com,559 791 2444
Harriette,Volleth,Agender,hvolleth8x@gravatar.com,659 374 4838
Hubey,Corbishley,Male,hcorbishley8y@skyrock.com,436 626 2586
Griselda,Lotwich,Female,glotwich8z@cbc.ca,870 557 8886
Veronika,Lum,Female,vlum90@blog.com,548 161 4755
Aile,Nockalls,Female,anockalls91@baidu.com,804 543 5963
Fritz,Gotecliffe,Male,fgotecliffe92@telegraph.co.uk,499 701 6052
Wright,Bestwick,Male,wbestwick93@i2i.jp,734 979 6709
Foss,Barthorpe,Male,fbarthorpe94@google.co.jp,305 501 0476
Randa,Elen,Female,relen95@sohu.com,386 717 8935
Mahmoud,Inchley,Male,minchley96@engadget.com,814 750 2739
Boigie,Karsh,Male,bkarsh97@xing.com,444 628 7160
Sarene,Mellenby,Female,smellenby98@instagram.com,965 981 5615
Oliver,MacGiany,Male,omacgiany99@gravatar.com,285 121 8031
Padget,MacGillivrie,Male,pmacgillivrie9a@smh.com.au,885 194 8393
Cesar,Soares,Male,csoares9b@wordpress.com,404 612 4591
Tyrus,Shankster,Male,tshankster9c@123-reg.co.uk,695 696 0832
Norbert,Poplee,Male,npoplee9d@surveymonkey.com,690 133 3114
Jermayne,Capron,Male,jcapron9e@marriott.com,658 354 6333
Rowney,Shills,Male,rshills9f@typepad.com,839 837 6032
Annadiane,Wavish,Female,awavish9g@sbwire.com,372 126 8115
Doralynn,Strowan,Female,dstrowan9h@constantcontact.com,102 421 5751
Lu,O'Dunneen,Female,lodunneen9i@cnn.com,456 629 2044
Gerick,Meindl,Male,gmeindl9j@webmd.com,284 879 3857
Fae,Baumer,Female,fbaumer9k@bluehost.com,387 270 0503
Micheil,Odam,Male,modam9l@mozilla.com,584 538 6080
Lilian,Reichert,Female,lreichert9m@flavors.me,609 201 5025
Kevyn,Kobpac,Female,kkobpac9n@usda.gov,621 964 4208
Danna,Addis,Female,daddis9o@gov.uk,657 338 8867
Florella,Santino,Female,fsantino9p@netscape.com,904 859 9402
Murvyn,Grushin,Male,mgrushin9q@exblog.jp,810 551 7420
Malvin,Khristyukhin,Male,mkhristyukhin9r@delicious.com,301 647 7962
Hazel,Haymes,Male,hhaymes9s@google.com.au,578 208 3454
Merrielle,Englefield,Female,menglefield9t@ftc.gov,469 654 5589
Ricky,Grinaugh,Female,rgrinaugh9u@salon.com,503 106 8616
Kata,Kivlehan,Female,kkivlehan9v@amazon.com,335 404 4342
Nobe,Woolger,Male,nwoolger9w@wisc.edu,303 294 2570
Marlane,McMychem,Female,mmcmychem9x@prlog.org,524 734 2872
Christel,Lavigne,Female,clavigne9y@arizona.edu,831 360 3848
Janetta,Karlmann,Female,jkarlmann9z@booking.com,424 753 0449
Aline,Tackley,Female,atackleya0@apple.com,838 242 2232
Frederique,McIsaac,Female,fmcisaaca1@nasa.gov,500 466 7480
Enriqueta,Cobbin,Female,ecobbina2@techcrunch.com,332 938 2612
Kelcey,Pape,Female,kpapea3@cbslocal.com,264 118 0133
Benedick,Hoggetts,Male,bhoggettsa4@nps.gov,970 557 9117
Vic,Guthrum,Male,vguthruma5@apple.com,246 613 6140
Patience,Klesel,Female,pklesela6@abc.net.au,580 312 9418
Cymbre,Clarae,Female,cclaraea7@nifty.com,761 776 4182
Dacey,Benzing,Female,dbenzinga8@cisco.com,692 118 8590
Reece,Gillcrist,Bigender,rgillcrista9@mlb.com,987 235 5091
Leah,Chaffen,Female,lchaffenaa@nytimes.com,746 643 6399
Nessa,Viel,Female,nvielab@jiathis.com,234 105 5199
Pinchas,Sigars,Male,psigarsac@vinaora.com,966 834 3774
Miltie,Radclyffe,Male,mradclyffead@abc.net.au,117 818 9049
Rosco,Jeavons,Male,rjeavonsae@nyu.edu,655 237 0491
Ian,Mabbot,Male,imabbotaf@meetup.com,619 267 9765
Woodie,Bozward,Male,wbozwardag@jiathis.com,936 382 7682
Birk,Baylie,Male,bbaylieah@sfgate.com,143 954 8316
Nathanael,Duding,Male,ndudingai@lulu.com,334 501 9853
Annadiana,Illwell,Female,aillwellaj@seattletimes.com,772 688 3090
Fletch,Drayson,Male,fdraysonak@seesaa.net,520 837 2885
Rora,Mattussevich,Female,rmattussevichal@cisco.com,659 438 1659
Jaquenette,Neilus,Female,jneilusam@utexas.edu,715 720 4901
Gerda,Dumphry,Female,gdumphryan@eventbrite.com,727 793 2475
Nickolas,Tydd,Male,ntyddao@163.com,212 631 7725
Kakalina,Larkworthy,Female,klarkworthyap@illinois.edu,436 609 8290
Paulette,Wyldish,Female,pwyldishaq@parallels.com,341 481 7705
Agnesse,Nare,Female,anarear@ask.com,624 820 1561
Iseabal,Moultrie,Female,imoultrieas@nymag.com,432 142 2440
Lynn,Webb,Male,lwebbat@tamu.edu,376 131 5622
Elsie,Hammerson,Female,ehammersonau@trellian.com,779 733 1645
Ulla,Van Der Weedenburg,Female,uvanderweedenburgav@fotki.com,302 230 9448
Kore,Pollie,Female,kpollieaw@nydailynews.com,473 649 4040
Carlita,Edgeson,Female,cedgesonax@irs.gov,169 932 2714
Jaime,Bickley,Male,jbickleyay@jigsy.com,806 478 4373
Graham,Petruska,Bigender,gpetruskaaz@mayoclinic.com,890 758 8688
Jessalin,Tregidga,Female,jtregidgab0@histats.com,805 433 9488
Chrissie,Syddon,Male,csyddonb1@oracle.com,134 923 3656
Morena,Artis,Female,martisb2@printfriendly.com,711 798 2756
Melicent,Littleproud,Female,mlittleproudb3@wordpress.com,829 339 9689
Enid,Blachford,Female,eblachfordb4@cpanel.net,960 196 3200
Katine,Whitlam,Female,kwhitlamb5@vimeo.com,307 965 3508
Riane,Northgraves,Female,rnorthgravesb6@google.com,542 989 3089
Sandor,Stoile,Male,sstoileb7@ycombinator.com,869 131 6239
Luther,Ipwell,Male,lipwellb8@eventbrite.com,617 900 5116
Gabriello,Gonnelly,Male,ggonnellyb9@statcounter.com,411 111 7045
Whitby,Kettles,Male,wkettlesba@cargocollective.com,320 312 7918
Israel,Barreau,Male,ibarreaubb@apache.org,519 269 4426
Onofredo,Dallyn,Male,odallynbc@theglobeandmail.com,440 791 0390
Rosy,Joblin,Female,rjoblinbd@odnoklassniki.ru,626 590 8466
Libbi,Thewles,Bigender,lthewlesbe@mac.com,280 299 0310
Alaster,Currom,Male,acurrombf@nih.gov,927 192 0918
Bo,Beahan,Male,bbeahanbg@wired.com,774 339 5624
Jaine,Syres,Female,jsyresbh@noaa.gov,825 708 0714
Douglass,St Pierre,Polygender,dstpierrebi@free.fr,821 787 8018
Thatcher,Jacklings,Male,tjacklingsbj@apple.com,386 861 9982
Sallee,Cream,Female,screambk@wisc.edu,657 920 6684
Jerome,Muat,Male,jmuatbl@godaddy.com,400 959 3353
Dallas,Froud,Male,dfroudbm@w3.org,167 859 3594
Nevin,Izakovitz,Male,nizakovitzbn@bluehost.com,969 306 8989
Aurelia,Cuerda,Female,acuerdabo@buzzfeed.com,943 665 2190
Billi,Farnhill,Polygender,bfarnhillbp@craigslist.org,519 649 8123
Kaia,Romand,Female,kromandbq@tinyurl.com,641 252 7938
Eda,Kemsley,Female,ekemsleybr@fc2.com,853 350 8384
Stevana,Jewks,Female,sjewksbs@sciencedirect.com,235 364 7424
Luz,Marner,Female,lmarnerbt@businessinsider.com,822 644 6334
Demetri,Nuccii,Male,dnucciibu@princeton.edu,199 504 7392
Zed,Ough,Genderfluid,zoughbv@timesonline.co.uk,620 150 7792
Carlota,Jaulme,Female,cjaulmebw@mozilla.org,893 192 3084
Timothea,Siaspinski,Female,tsiaspinskibx@spotify.com,556 210 9916
Mona,Tottle,Female,mtottleby@businesswire.com,772 922 0000
Gerhardt,Balmann,Male,gbalmannbz@google.es,880 976 4568
Lilli,Duthy,Female,lduthyc0@hud.gov,994 981 0534
Jazmin,McCleod,Female,jmccleodc1@mayoclinic.com,423 395 1234
Mycah,Iapico,Male,miapicoc2@technorati.com,717 762 0982
Vi,Saggers,Female,vsaggersc3@oracle.com,641 898 2838
Rickert,Naris,Male,rnarisc4@cornell.edu,540 608 1045
Reggi,Mellor,Female,rmellorc5@wikimedia.org,705 169 8034
Petunia,Bradbrook,Female,pbradbrookc6@issuu.com,312 296 0852
Marji,Barrim,Female,mbarrimc7@w3.org,752 471 6256
Krystal,Tarzey,Female,ktarzeyc8@wikispaces.com,308 566 4065
Glen,Woolfoot,Male,gwoolfootc9@netscape.com,824 984 7648
Hedy,Denes,Female,hdenesca@unblog.fr,913 263 5518
Hannie,Radenhurst,Genderqueer,hradenhurstcb@chicagotribune.com,591 447 4131
Colleen,Hukin,Female,chukincc@google.com.au,692 408 8138
Edward,Sawood,Male,esawoodcd@latimes.com,154 276 1771
Tallie,Jeves,Bigender,tjevesce@craigslist.org,303 933 3085
Winny,MacMaykin,Male,wmacmaykincf@utexas.edu,883 760 4582
Natala,Lohden,Female,nlohdencg@comcast.net,782 364 7754
Mahmoud,Mather,Male,mmatherch@marriott.com,295 173 1062
Jesse,Dunkley,Male,jdunkleyci@unesco.org,474 918 2080
Dugald,Cordon,Male,dcordoncj@mit.edu,461 658 1995
Fidelia,Philipet,Female,fphilipetck@ezinearticles.com,469 822 5117
Parker,Mulford,Male,pmulfordcl@skyrock.com,516 745 6542
Angelique,Rosentholer,Female,arosentholercm@behance.net,518 271 6384
Mahmoud,Farryan,Male,mfarryancn@addthis.com,931 470 1384
Florette,Edgcombe,Female,fedgcombeco@eventbrite.com,786 761 3857
Roselle,Diviny,Female,rdivinycp@jugem.jp,521 838 0468
Adam,Consadine,Male,aconsadinecq@mediafire.com,602 702 1297
Bambie,Lehrle,Bigender,blehrlecr@msn.com,386 999 7593
Teodor,Daoust,Male,tdaoustcs@huffingtonpost.com,939 493 8329
Eunice,Ingon,Female,eingonct@cyberchimps.com,890 554 3098
Gav,Sherry,Genderfluid,gsherrycu@free.fr,189 263 5624
Carma,Avramovic,Female,cavramoviccv@ifeng.com,240 292 9067
Hamish,Akister,Male,hakistercw@cnet.com,436 418 0687
Lindsy,Fishly,Female,lfishlycx@bloglovin.com,765 883 2027
Eddy,Korb,Female,ekorbcy@ebay.co.uk,802 565 2252
Cassandry,Carrigan,Female,ccarrigancz@squarespace.com,593 821 3853
Amelie,O'Sherin,Female,aosherind0@squarespace.com,713 528 0940
Roda,Koomar,Female,rkoomard1@sbwire.com,777 364 9213
Morie,Hedman,Male,mhedmand2@etsy.com,746 144 5858
Sloane,Plak,Male,splakd3@dailymotion.com,957 837 7378
Guinna,Jonczyk,Genderqueer,gjonczykd4@angelfire.com,826 499 6019
Stearne,O' Lone,Male,soloned5@pbs.org,144 425 9034
Basil,Beacham,Male,bbeachamd6@un.org,207 747 0927
Rora,Scargle,Female,rscargled7@sourceforge.net,609 246 4035
Thain,Kristiansen,Male,tkristiansend8@forbes.com,809 654 4442
Prinz,Bartoszek,Male,pbartoszekd9@blogspot.com,867 537 6992
Charlotta,Cumbes,Female,ccumbesda@timesonline.co.uk,360 260 7814
Collin,Enever,Male,ceneverdb@sakura.ne.jp,545 869 9180
Standford,Rivel,Bigender,sriveldc@usda.gov,958 927 6959
Corby,Borless,Male,cborlessdd@lulu.com,883 570 2471
Glendon,Lias,Male,gliasde@webs.com,784 173 7201
Gerick,Blowes,Bigender,gblowesdf@hud.gov,273 781 3128
Drugi,McDonogh,Male,dmcdonoghdg@washingtonpost.com,361 833 0454
Reid,Gascard,Male,rgascarddh@pbs.org,131 393 9162
Shannah,Geering,Female,sgeeringdi@imgur.com,400 824 0145
Lark,Bellchamber,Female,lbellchamberdj@narod.ru,654 116 7751
Wat,Charrette,Male,wcharrettedk@sourceforge.net,433 578 7591
Sullivan,Claypoole,Male,sclaypooledl@cloudflare.com,819 630 8656
Gavin,Bloor,Male,gbloordm@1688.com,448 401 6508
Ingrim,Coneybeare,Agender,iconeybearedn@studiopress.com,804 823 1364
Gwenette,Twelvetree,Female,gtwelvetreedo@wired.com,682 173 2593
Brew,Battelle,Male,bbattelledp@nsw.gov.au,735 881 7882
Garry,Yate,Male,gyatedq@bravesites.com,713 171 9598
Jordon,Deval,Male,jdevaldr@infoseek.co.jp,665 395 1979
Damara,Everil,Female,deverilds@a8.net,896 138 6155
Krista,Stoney,Female,kstoneydt@chronoengine.com,398 444 7258
Cornelius,Lyste,Male,clystedu@ezinearticles.com,938 178 7532
Kacy,Stickley,Female,kstickleydv@tinypic.com,630 125 9917
Domenico,Rennenbach,Male,drennenbachdw@geocities.com,718 878 8743
Meredith,Dunmore,Male,mdunmoredx@yellowbook.com,675 141 6306
Arabela,Clawe,Female,aclawedy@statcounter.com,426 258 6630
Timothee,Crichton,Male,tcrichtondz@com.com,353 141 5573
Sydney,Eveleigh,Male,seveleighe0@usgs.gov,764 590 5028
Sher,Lepere,Agender,sleperee1@flavors.me,923 107 2322
Zane,Penylton,Non-binary,zpenyltone2@technorati.com,885 305 6575
Dru,Dutch,Male,ddutche3@cdbaby.com,517 152 7842
Papageno,Domoni,Male,pdomonie4@dailymotion.com,851 255 9077
Rourke,Docherty,Male,rdochertye5@dropbox.com,831 740 7664
Fan,Sharvell,Female,fsharvelle6@scribd.com,778 649 3987
Flint,Rabat,Male,frabate7@pen.io,106 744 3678
Marrissa,Berens,Female,mberense8@redcross.org,159 275 6931
Darla,Culpan,Female,dculpane9@cbc.ca,985 927 8608
Griffith,Adair,Male,gadairea@moonfruit.com,986 403 4708
Roxine,Nuzzi,Female,rnuzzieb@bizjournals.com,603 638 1414
Zorah,Pethick,Female,zpethickec@pagesperso-orange.fr,714 378 5854
Leandra,Shaul,Female,lshauled@elpais.com,392 820 1733
Norbert,Tynemouth,Genderfluid,ntynemouthee@japanpost.jp,966 998 9893
Emmy,Bartrum,Male,ebartrumef@yellowbook.com,363 870 3450
Merna,Hoodspeth,Female,mhoodspetheg@qq.com,435 109 4506
Risa,Arpur,Female,rarpureh@blogspot.com,213 858 3486
Edwina,Kenington,Female,ekeningtonei@geocities.com,981 897 2184
Aveline,Hirjak,Female,ahirjakej@cyberchimps.com,846 173 5106
Ramsay,Siddell,Male,rsiddellek@buzzfeed.com,728 411 6045
Douglas,Duggary,Male,dduggaryel@rambler.ru,751 959 9550
Ritchie,Lazare,Male,rlazareem@arstechnica.com,773 740 5996
Linnea,Copelli,Female,lcopellien@cmu.edu,600 570 8005
Harrietta,Popescu,Female,hpopescueo@psu.edu,828 516 7431
Raynell,Borzone,Female,rborzoneep@answers.com,841 135 2721
Mile,Brailey,Male,mbraileyeq@forbes.com,313 826 9161
Ally,Gatman,Female,agatmaner@rakuten.co.jp,878 654 8007
Abagail,McGooch,Female,amcgooches@irs.gov,747 686 9638
Lana,Jacob,Female,ljacobet@cbslocal.com,260 315 4527
Burton,Langeley,Male,blangeleyeu@infoseek.co.jp,203 588 8824
Terry,Kiggel,Female,tkiggelev@ebay.com,623 352 1413
Malanie,Nudds,Female,mnuddsew@newyorker.com,363 826 5023
Edik,Medgewick,Male,emedgewickex@businessweek.com,782 544 3926
Delmar,Holberry,Male,dholberryey@dailymail.co.uk,604 143 8276
Kennedy,Schimpke,Male,kschimpkeez@livejournal.com,260 623 9192
Michail,Ayton,Male,maytonf0@hugedomains.com,744 160 7746
Rita,Furlow,Female,rfurlowf1@chron.com,942 929 7235
Dene,Le Brom,Male,dlebromf2@cbslocal.com,537 733 9275
Slade,Quantrell,Male,squantrellf3@irs.gov,646 759 0960
Blinni,Lincke,Female,blinckef4@cdbaby.com,547 786 0649
Valentina,Croysdale,Female,vcroysdalef5@walmart.com,773 636 2538
Burt,O'Corr,Male,bocorrf6@google.cn,518 200 8951
Joelynn,Swyer-Sexey,Female,jswyersexeyf7@toplist.cz,429 270 8283
Herta,Ismay,Female,hismayf8@nationalgeographic.com,370 551 6427
Layne,Smetoun,Female,lsmetounf9@joomla.org,309 872 0447
Erasmus,Astling,Male,eastlingfa@csmonitor.com,790 344 2519
Layla,Cawthry,Female,lcawthryfb@hostgator.com,213 576 7021
Erie,Wallman,Male,ewallmanfc@ehow.com,325 826 6780
Finley,Seamon,Male,fseamonfd@dailymail.co.uk,357 765 2257
Humphrey,Dabes,Male,hdabesfe@twitter.com,768 254 4687
Omero,McCarroll,Male,omccarrollff@liveinternet.ru,522 924 2878
Ruthy,Minchinton,Female,rminchintonfg@seesaa.net,160 538 7143
Wait,Acom,Male,wacomfh@state.gov,306 907 5949
Winston,Ysson,Genderfluid,wyssonfi@g.co,120 142 1221
Bradan,Green,Male,bgreenfj@cbslocal.com,695 398 6800
Horacio,Baudet,Male,hbaudetfk@about.me,342 921 4257
Garrett,Caudray,Male,gcaudrayfl@tripod.com,729 948 3331
Marne,Biddwell,Agender,mbiddwellfm@cyberchimps.com,989 145 2234
Blondell,Oddboy,Female,boddboyfn@webnode.com,338 356 1624
Kyla,Farnish,Female,kfarnishfo@yolasite.com,294 768 0428
Westbrook,Carrington,Male,wcarringtonfp@bizjournals.com,520 129 9120
Kaela,Cowtherd,Female,kcowtherdfq@yelp.com,215 488 4218
Durand,Dubbin,Male,ddubbinfr@oakley.com,112 174 1419
Violetta,Glandfield,Female,vglandfieldfs@statcounter.com,419 270 7184
Melony,Eyam,Female,meyamft@cargocollective.com,835 269 4611
Marybeth,Sanbrooke,Female,msanbrookefu@tinypic.com,844 487 6899
Giffy,Gayle,Male,ggaylefv@kickstarter.com,121 958 3443
Sharlene,Caird,Genderqueer,scairdfw@adobe.com,956 805 6690
Boony,Creenan,Male,bcreenanfx@hud.gov,259 882 4064
Odo,Blackeby,Male,oblackebyfy@irs.gov,598 853 7478
Joshua,Pods,Male,jpodsfz@netlog.com,463 837 5968
Thea,Motton,Female,tmottong0@paginegialle.it,131 171 2097
Faith,Brunroth,Female,fbrunrothg1@photobucket.com,473 472 6232
Tomkin,Sieve,Male,tsieveg2@smugmug.com,588 639 7055
Lucia,Corkhill,Female,lcorkhillg3@icq.com,626 171 1489
Bertie,Rousby,Male,brousbyg4@hud.gov,497 273 6301
Adriano,Kornyakov,Male,akornyakovg5@wordpress.org,563 525 2891
Blayne,Steade,Male,bsteadeg6@devhub.com,443 724 4249
Gael,Hadland,Male,ghadlandg7@pinterest.com,240 662 5365
Sherie,Physic,Female,sphysicg8@tinypic.com,423 184 9486
Vasilis,Filipowicz,Male,vfilipowiczg9@army.mil,861 601 1814
Don,Chatelain,Male,dchatelainga@gizmodo.com,717 281 5271
Jacinthe,Whitmarsh,Female,jwhitmarshgb@sakura.ne.jp,622 619 7596
Khalil,Yurchenko,Male,kyurchenkogc@blogs.com,340 535 8438
Al,Jurczyk,Male,ajurczykgd@t.co,641 493 0850
Gasper,Percy,Male,gpercyge@disqus.com,825 985 7404
Coralie,Pea,Female,cpeagf@nasa.gov,356 586 1525
Dinah,Tolan,Female,dtolangg@ed.gov,904 204 0504
Brok,Hammill,Male,bhammillgh@princeton.edu,903 716 3629
Quintus,Wasylkiewicz,Male,qwasylkiewiczgi@opera.com,264 697 4615
Fielding,Lohering,Male,floheringgj@bloglovin.com,520 865 4012
Neil,Figgures,Male,nfigguresgk@miibeian.gov.cn,479 522 2247
Marylin,Kelk,Female,mkelkgl@fema.gov,921 599 2374
Tarah,Bowcock,Bigender,tbowcockgm@forbes.com,415 836 1880
Martie,Summers,Female,msummersgn@vistaprint.com,863 883 0342
Merline,Fawdry,Female,mfawdrygo@hc360.com,734 249 5924
Daria,Measom,Female,dmeasomgp@google.pl,431 946 5424
Mirilla,Forrest,Female,mforrestgq@nature.com,925 515 3435
Vin,Runacres,Female,vrunacresgr@apache.org,989 713 6301
Binni,Potbury,Female,bpotburygs@illinois.edu,275 361 3038
Rey,Poetz,Male,rpoetzgt@histats.com,427 898 2113
Alex,Salmons,Male,asalmonsgu@adobe.com,743 132 3824
Iona,Littlekit,Female,ilittlekitgv@topsy.com,403 635 6387
Pet,Biggs,Female,pbiggsgw@bravesites.com,736 546 8707
Jackie,Turley,Male,jturleygx@ibm.com,609 969 7181
Marcile,Chiommienti,Female,mchiommientigy@utexas.edu,288 469 3741
Nicholas,Bartels,Male,nbartelsgz@wiley.com,892 931 6554
Sterling,Phippen,Male,sphippenh0@twitter.com,276 738 3273
Krisha,Dorrian,Male,kdorrianh1@webmd.com,114 764 5396
Etta,Argue,Female,eargueh2@prnewswire.com,611 387 1339
Nara,Greig,Female,ngreigh3@mozilla.com,489 456 3389
Yves,Dunridge,Male,ydunridgeh4@xing.com,828 272 0649
Willamina,Chesterton,Female,wchestertonh5@oakley.com,321 173 3435
Adria,Ashfull,Female,aashfullh6@netlog.com,257 105 0477
Shannah,MacGaughey,Female,smacgaugheyh7@arizona.edu,933 363 5662
Page,Clarkin,Male,pclarkinh8@bbc.co.uk,441 964 3459
Drusie,Wellington,Female,dwellingtonh9@slashdot.org,237 679 9235
Daryn,MacKerley,Female,dmackerleyha@uiuc.edu,534 769 9446
Bartholomew,Free,Male,bfreehb@meetup.com,810 596 2041
Roley,Cradock,Male,rcradockhc@forbes.com,278 116 7040
Casper,Rain,Bigender,crainhd@geocities.jp,647 258 5025
Bendix,Malthus,Male,bmalthushe@ucoz.ru,998 850 9816
Becca,Jenks,Female,bjenkshf@sakura.ne.jp,760 198 7439
Zorine,Richardet,Female,zrichardethg@mozilla.org,548 769 8080
Saunder,Bonny,Male,sbonnyhh@yahoo.co.jp,774 753 3854
Kyle,Keynes,Female,kkeyneshi@bing.com,544 391 3465
Ernaline,Gossipin,Genderqueer,egossipinhj@twitpic.com,142 927 5939
Cobb,Drinkhall,Agender,cdrinkhallhk@oaic.gov.au,272 304 0807
Odo,Cartmell,Male,ocartmellhl@uol.com.br,746 443 7869
Dalli,Gainsbury,Male,dgainsburyhm@instagram.com,859 861 9966
Brooks,McQuillin,Female,bmcquillinhn@theatlantic.com,508 104 8401
Frasier,Chatwood,Genderfluid,fchatwoodho@exblog.jp,766 473 0228
Madel,Dunwoody,Female,mdunwoodyhp@nhs.uk,150 612 8288
Hebert,Rikkard,Male,hrikkardhq@g.co,574 775 1826
Myrlene,Gynne,Female,mgynnehr@yandex.ru,918 874 3021
Anestassia,Thewless,Genderfluid,athewlesshs@e-recht24.de,476 792 8299
Helaina,MacCourt,Female,hmaccourtht@123-reg.co.uk,393 791 1739
Dennie,Marfe,Male,dmarfehu@acquirethisname.com,463 134 9257
Starr,Haselup,Female,shaseluphv@paypal.com,682 338 6434
Norina,Espasa,Female,nespasahw@g.co,790 279 2015
Zerk,Cogar,Male,zcogarhx@lulu.com,687 987 8086
Danyelle,Sexten,Female,dsextenhy@devhub.com,906 418 8093
Cammy,Morrall,Female,cmorrallhz@tuttocitta.it,678 960 0458
Rock,Quilter,Male,rquilteri0@dedecms.com,152 733 4466
Kacey,Cresar,Female,kcresari1@si.edu,604 701 8858
Roman,Sollom,Male,rsollomi2@hibu.com,703 386 5404
Esmeralda,Olyunin,Agender,eolyunini3@utexas.edu,534 434 4599
Carlie,Carsey,Female,ccarseyi4@clickbank.net,875 863 3070
Marlene,Parchment,Female,mparchmenti5@cafepress.com,209 823 0029
Gratiana,Sartin,Polygender,gsartini6@blogger.com,374 799 4591
Clayborne,Shuttleworth,Bigender,cshuttleworthi7@mtv.com,522 495 0386
Gaelan,Weightman,Male,gweightmani8@ocn.ne.jp,432 968 6484
Leese,Antonignetti,Female,lantonignettii9@bizjournals.com,147 652 1330
Ulric,Hensmans,Male,uhensmansia@printfriendly.com,205 243 8292
Baxy,Castillou,Male,bcastillouib@deviantart.com,496 638 8074
Margy,Lavigne,Female,mlavigneic@uol.com.br,774 473 5872
Lammond,Smallcombe,Male,lsmallcombeid@nyu.edu,350 446 4946
Kathlin,Copestick,Female,kcopestickie@deliciousdays.com,188 644 7685
Cristobal,Ollie,Male,collieif@senate.gov,741 195 5823
Queenie,Querree,Female,qquerreeig@addthis.com,181 438 0163
Karlens,Harme,Male,kharmeih@google.nl,219 922 6001
Odele,Portt,Female,oporttii@discuz.net,306 387 5736
Melva,Belward,Female,mbelwardij@cafepress.com,572 326 4923
Dieter,Yakushkev,Male,dyakushkevik@dailymotion.com,623 993 0965
Hayward,Kalisz,Male,hkaliszil@dion.ne.jp,396 173 5835
Heath,Putterill,Male,hputterillim@newsvine.com,269 333 7355
Nina,Gohn,Female,ngohnin@tripadvisor.com,968 977 9080
Rogerio,Ducaen,Male,rducaenio@t-online.de,328 104 5907
Marysa,Stooders,Female,mstoodersip@pagesperso-orange.fr,364 300 8158
Isabelita,Maro,Female,imaroiq@wufoo.com,190 595 0635
Linoel,Ilott,Male,lilottir@slate.com,371 413 9227
Hervey,Bardwell,Male,hbardwellis@baidu.com,636 743 5857
Leonelle,O'Devey,Female,lodeveyit@goo.ne.jp,456 837 2876
Janka,Iczokvitz,Female,jiczokvitziu@usa.gov,964 682 0378
Leanora,Ramard,Female,lramardiv@booking.com,588 744 8441
Devin,Upsale,Male,dupsaleiw@mediafire.com,551 909 1120
Jo,Elston,Female,jelstonix@furl.net,693 290 7225
Ruthanne,O'Fogarty,Female,rofogartyiy@patch.com,791 634 4122
Luke,Lealle,Male,llealleiz@latimes.com,697 705 3833
Hillery,Torrecilla,Male,htorrecillaj0@blogger.com,321 362 3125
Ricardo,Sharrocks,Male,rsharrocksj1@ycombinator.com,543 923 3604
Kessiah,Moncur,Female,kmoncurj2@who.int,139 357 3715
Hedvige,Fullard,Female,hfullardj3@bloglovin.com,688 931 3070
Woody,Brocklesby,Male,wbrocklesbyj4@feedburner.com,727 424 0058
Danice,Gendrich,Female,dgendrichj5@bbb.org,347 736 9865
Dimitri,Navaro,Male,dnavaroj6@over-blog.com,808 816 8700
Michel,Abbots,Female,mabbotsj7@ted.com,244 753 6276
Andrus,Critoph,Agender,acritophj8@amazonaws.com,529 942 7293
Julissa,Wayman,Female,jwaymanj9@loc.gov,773 443 2953
Mahmoud,Pike,Male,mpikeja@scientificamerican.com,807 522 0806
Queenie,Sowersby,Agender,qsowersbyjb@yelp.com,700 192 9612
Melloney,Stanbridge,Female,mstanbridgejc@quantcast.com,843 592 2707
Chiquia,Godfray,Female,cgodfrayjd@studiopress.com,109 928 0691
Wynnie,Bigland,Female,wbiglandje@w3.org,866 222 5476
Dyanna,Baszkiewicz,Female,dbaszkiewiczjf@lycos.com,615 130 5548
Arly,Gorrie,Female,agorriejg@ucoz.ru,514 909 9973
Janeczka,Spirritt,Female,jspirrittjh@cbsnews.com,709 352 6486
Hendrick,Bruckshaw,Polygender,hbruckshawji@ox.ac.uk,237 766 0361
Ronda,Mackison,Genderfluid,rmackisonjj@mashable.com,976 877 0008
Roana,Avison,Female,ravisonjk@so-net.ne.jp,497 745 0272
Rodolph,Bellwood,Male,rbellwoodjl@ning.com,377 614 1236
Orlan,Drillot,Male,odrillotjm@cmu.edu,114 592 7417
Jelene,Cheesley,Genderfluid,jcheesleyjn@amazonaws.com,412 136 8291
Veriee,Roux,Female,vrouxjo@senate.gov,255 809 0612
Yasmeen,Eager,Female,yeagerjp@i2i.jp,398 918 7861
Andeee,Cardoo,Female,acardoojq@yolasite.com,591 531 1329
Darline,Wigsell,Female,dwigselljr@mapy.cz,192 623 7550
Silvia,Mowne,Female,smownejs@w3.org,901 230 3396
Meg,Altamirano,Female,maltamiranojt@upenn.edu,743 403 9642
Elwyn,Burnes,Male,eburnesju@latimes.com,733 756 3661
Missie,Aburrow,Female,maburrowjv@angelfire.com,949 533 8314
Derward,Brouwer,Agender,dbrouwerjw@weebly.com,381 499 9028
Orion,Blockey,Male,oblockeyjx@washington.edu,311 406 7075
Jerrome,Jaime,Male,jjaimejy@usda.gov,950 113 1287
Zoe,Dike,Female,zdikejz@discovery.com,648 306 6168
Ferguson,Mattersey,Male,fmatterseyk0@msu.edu,769 747 9766
Hobie,Sydry,Male,hsydryk1@boston.com,475 523 6416
Stanton,Huygens,Male,shuygensk2@bloglovin.com,600 808 1297
Morty,Smithers,Male,msmithersk3@irs.gov,116 309 6399
Charmine,Montacute,Female,cmontacutek4@jiathis.com,658 763 5494
Dominique,Spilsted,Male,dspilstedk5@pcworld.com,717 344 7255
Opalina,McPhelimy,Female,omcphelimyk6@istockphoto.com,901 483 4089
Vevay,Haldon,Female,vhaldonk7@seesaa.net,560 618 7003
Farlee,Oertzen,Male,foertzenk8@narod.ru,556 390 4864
Norry,Cafferty,Female,ncaffertyk9@oakley.com,181 157 8430
Verene,Allsworth,Female,vallsworthka@gizmodo.com,354 721 3728
Ryun,Dannett,Male,rdannettkb@xinhuanet.com,326 393 0673
Catriona,Cooney,Female,ccooneykc@fda.gov,671 923 3188
Antonino,Orme,Male,aormekd@senate.gov,140 156 1185
Mic,Gudgen,Genderqueer,mgudgenke@seesaa.net,217 121 8574
Pauline,Hounsom,Female,phounsomkf@issuu.com,281 549 3964
Roana,Perutto,Female,rperuttokg@yahoo.com,524 346 6975
Antin,Stampe,Male,astampekh@fastcompany.com,369 135 5119
Angie,Offord,Male,aoffordki@ovh.net,751 594 0639
Lian,Blais,Female,lblaiskj@engadget.com,949 631 7168
Halimeda,Ballintyne,Female,hballintynekk@list-manage.com,837 958 4283
Eamon,Weild,Male,eweildkl@slashdot.org,192 449 9232
Demetria,Fiske,Female,dfiskekm@indiatimes.com,560 515 6741
Catlee,Ditchfield,Female,cditchfieldkn@wp.com,441 290 3093
Daren,Sacchetti,Male,dsacchettiko@livejournal.com,739 747 1881
Cathleen,Elham,Female,celhamkp@china.com.cn,496 807 9130
Claire,Fishleigh,Male,cfishleighkq@over-blog.com,677 613 9135
Eleonore,Emilien,Female,eemilienkr@wp.com,896 309 3053
Kitti,Jendrach,Female,kjendrachks@wisc.edu,373 940 1698
Gwendolin,Ballantyne,Female,gballantynekt@dot.gov,629 467 2724
Kameko,Brede,Female,kbredeku@abc.net.au,264 613 7309
Niall,Lottrington,Male,nlottringtonkv@arstechnica.com,468 813 3650
Willetta,Pozzi,Female,wpozzikw@nba.com,881 382 5730
Fanchette,Harme,Female,fharmekx@va.gov,387 819 4241
Jasmina,Gummie,Polygender,jgummieky@domainmarket.com,305 689 7796
Lennie,Indge,Male,lindgekz@nba.com,465 152 5953
Drucie,Hursey,Female,dhurseyl0@etsy.com,364 647 5063
Adrianna,Iacobetto,Female,aiacobettol1@bbb.org,915 400 4566
Lexie,Twidale,Female,ltwidalel2@google.co.uk,145 896 6375
Kelley,Dobson,Male,kdobsonl3@eventbrite.com,398 721 1829
George,Paskerful,Female,gpaskerfull4@independent.co.uk,912 350 8003
Karel,Frostdyke,Male,kfrostdykel5@pbs.org,661 633 0498
Danell,Lapish,Female,dlapishl6@cbslocal.com,961 726 1167
Juliette,McAllen,Female,jmcallenl7@free.fr,860 673 8474
Doyle,Threadgall,Male,dthreadgalll8@yelp.com,582 611 6696
Rorke,Falkner,Male,rfalknerl9@discovery.com,289 799 4861
Lee,Bentzen,Agender,lbentzenla@cbslocal.com,370 991 5543
Geoffrey,Clappison,Male,gclappisonlb@bandcamp.com,313 826 9478
Ermanno,Comino,Male,ecominolc@gmpg.org,117 764 3290
Nevil,Lanfere,Male,nlanfereld@ihg.com,467 922 8806
Clio,Rehn,Female,crehnle@slate.com,979 145 5491
Helge,Blagburn,Female,hblagburnlf@mapquest.com,905 746 4642
Burke,Szymonwicz,Male,bszymonwiczlg@shinystat.com,986 665 3453
Padgett,Ciardo,Agender,pciardolh@sakura.ne.jp,257 650 4017
Morgun,Pancast,Male,mpancastli@blogger.com,178 670 3693
Daisie,Lenchenko,Female,dlenchenkolj@mayoclinic.com,653 292 7087
Grenville,Rops,Male,gropslk@wufoo.com,745 990 5862
Lira,Turmell,Non-binary,lturmellll@shareasale.com,761 116 9003
Demetri,Warstall,Agender,dwarstalllm@aboutads.info,585 269 6064
Sileas,Lashley,Female,slashleyln@reverbnation.com,584 828 7362
Loleta,Chavrin,Female,lchavrinlo@umich.edu,798 414 5203
Aurea,Boundley,Female,aboundleylp@pcworld.com,304 946 9596
Glenn,Willingale,Polygender,gwillingalelq@qq.com,145 874 9915
Melinde,Barts,Female,mbartslr@bizjournals.com,262 676 6849
Ed,Bastick,Male,ebastickls@163.com,518 666 7949
Mathian,Summerson,Male,msummersonlt@bizjournals.com,419 333 7988
Eryn,Wasbrough,Female,ewasbroughlu@myspace.com,869 341 4046
Sumner,Beddard,Male,sbeddardlv@php.net,524 357 2645
Sig,Chadbourn,Male,schadbournlw@dropbox.com,895 890 3188
Carrol,Slatten,Male,cslattenlx@ebay.co.uk,760 463 2778
Archaimbaud,Rulton,Male,arultonly@wunderground.com,566 663 3537
Billie,Gillice,Male,bgillicelz@usa.gov,717 384 0807
Vere,Stanway,Female,vstanwaym0@ted.com,548 309 6189
Carolynn,Holbury,Female,cholburym1@bing.com,303 633 9774
Jillayne,Keiling,Female,jkeilingm2@bloomberg.com,271 686 9380
Lainey,Bettison,Female,lbettisonm3@comcast.net,810 373 6493
Zora,Comley,Female,zcomleym4@forbes.com,548 469 3340
Brandon,Wyke,Male,bwykem5@freewebs.com,783 747 1761
Scotty,Hedney,Male,shedneym6@nih.gov,314 641 7695
Devan,Waterstone,Female,dwaterstonem7@cbsnews.com,262 333 0232
Lonni,Grumley,Female,lgrumleym8@nasa.gov,704 514 2715
Lacey,Aumerle,Female,laumerlem9@geocities.com,638 525 5257
Josi,Foxton,Female,jfoxtonma@shutterfly.com,171 576 9576
Sharona,Evitt,Female,sevittmb@artisteer.com,342 177 2677
Joella,Salzberger,Female,jsalzbergermc@ft.com,368 543 5817
Wyn,Cockitt,Male,wcockittmd@comcast.net,895 827 4047
Brad,Summerside,Male,bsummersideme@chronoengine.com,757 490 8999
Talia,Fetherston,Female,tfetherstonmf@newsvine.com,962 308 5858
Shirleen,Filkin,Female,sfilkinmg@deliciousdays.com,211 617 9664
Dulcia,Laddle,Female,dladdlemh@joomla.org,154 111 0606
Dasie,Sturm,Female,dsturmmi@about.com,559 901 5824
Flemming,Bondar,Male,fbondarmj@fastcompany.com,525 656 8930
Erek,Breed,Genderfluid,ebreedmk@nymag.com,635 706 9667
Darrick,Templman,Male,dtemplmanml@earthlink.net,127 273 5185
Shay,de Amaya,Female,sdeamayamm@biblegateway.com,590 275 2698
Gino,Sewter,Male,gsewtermn@fema.gov,691 889 5667
Hattie,Erskine Sandys,Female,herskinesandysmo@cbsnews.com,368 939 6521
Sawyere,Edling,Male,sedlingmp@exblog.jp,603 589 2881
Maren,Sandyfirth,Female,msandyfirthmq@hc360.com,601 167 8144
Emmalynn,Petche,Female,epetchemr@bigcartel.com,443 631 0458
Dougy,Piggen,Male,dpiggenms@chronoengine.com,217 830 7078
Nesta,Biernat,Female,nbiernatmt@about.me,771 572 1870
Suellen,Excell,Female,sexcellmu@hp.com,509 200 2460
Debora,Buckberry,Female,dbuckberrymv@webmd.com,164 646 3471
Elli,Swate,Female,eswatemw@fotki.com,376 898 1892
Bria,Bonnor,Female,bbonnormx@domainmarket.com,669 425 4999
Consuela,Powderham,Female,cpowderhammy@oracle.com,107 582 9529
Catlaina,McGlynn,Female,cmcglynnmz@posterous.com,465 134 2217
Marv,Aspy,Male,maspyn0@blog.com,533 813 0046
Cherianne,Sweatman,Female,csweatmann1@hp.com,111 814 2206
Flor,Haskur,Female,fhaskurn2@sciencedaily.com,492 869 2538
Dalli,Piggen,Male,dpiggenn3@shop-pro.jp,536 888 7618
Kittie,Tumility,Female,ktumilityn4@godaddy.com,819 500 2042
Venus,Dansey,Female,vdanseyn5@facebook.com,564 284 4752
Humfried,Breckell,Male,hbreckelln6@examiner.com,450 782 2111
Jimmy,Ferrara,Male,jferraran7@census.gov,407 383 3140
Bertina,Kinchington,Female,bkinchingtonn8@gizmodo.com,915 458 7957
Maire,MacFarlan,Polygender,mmacfarlann9@wordpress.com,472 850 9770
Otho,Scouller,Male,oscoullerna@i2i.jp,988 162 9729
Moyra,Leggett,Bigender,mleggettnb@salon.com,448 807 4322
Candide,Grzegorczyk,Female,cgrzegorczyknc@dailymail.co.uk,254 410 7008
Moritz,Annable,Bigender,mannablend@i2i.jp,409 674 1969
Patrica,Folkerts,Female,pfolkertsne@multiply.com,998 819 4790
Perren,Fairbrass,Male,pfairbrassnf@rambler.ru,761 161 2887
Milo,Fears,Male,mfearsng@go.com,335 485 8769
Daveta,Scandwright,Genderqueer,dscandwrightnh@cnn.com,998 662 8720
Karina,Donet,Female,kdonetni@hostgator.com,249 675 8762
Vern,Kewzick,Male,vkewzicknj@mayoclinic.com,389 688 5608
Brit,Clinnick,Male,bclinnicknk@yellowpages.com,209 720 8456
Emma,Wakeford,Female,ewakefordnl@networkadvertising.org,767 961 1798
Kylie,McCart,Bigender,kmccartnm@constantcontact.com,770 281 7519
Goran,Moyer,Male,gmoyernn@live.com,840 526 6318
Lynne,Batram,Female,lbatramno@merriam-webster.com,731 837 0606
Perice,Copestake,Male,pcopestakenp@aol.com,923 664 2227
Walt,Hanselmann,Male,whanselmannnq@google.ru,145 163 5180
Davey,Clouter,Male,dclouternr@skyrock.com,156 181 6968
Pauly,Kaaskooper,Female,pkaaskooperns@abc.net.au,416 410 8328
Boniface,MacPherson,Male,bmacphersonnt@github.com,917 775 2000
Rhianon,Bosnell,Female,rbosnellnu@163.com,618 288 9526
Wilbur,Arntzen,Male,warntzennv@elpais.com,930 992 6151
Nicolas,Ollerhead,Male,nollerheadnw@youtu.be,399 155 3704
Clerkclaude,McPaike,Male,cmcpaikenx@hud.gov,976 483 8778
Clywd,Maginn,Male,cmaginnny@yelp.com,734 983 2069
Larine,Worcester,Female,lworcesternz@mozilla.com,222 721 3342
Sharline,Yarrington,Female,syarringtono0@webnode.com,823 485 1746
Benjy,Witt,Male,bwitto1@paginegialle.it,873 630 5380
Rickey,Screach,Male,rscreacho2@google.ru,334 954 9908
Welbie,Abelson,Male,wabelsono3@abc.net.au,697 874 9140
Manfred,Wile,Agender,mwileo4@patch.com,543 553 2009
Joell,Dalliston,Female,jdallistono5@bloomberg.com,251 969 5615
Lock,Baford,Male,lbafordo6@addthis.com,231 235 2546
Cloe,Darrington,Female,cdarringtono7@acquirethisname.com,100 906 2154
Clea,Stockdale,Female,cstockdaleo8@elpais.com,824 806 4750
Tedman,Odda,Male,toddao9@bigcartel.com,176 567 9890
Ody,Legge,Male,oleggeoa@wikimedia.org,423 855 2958
Moritz,Colquite,Male,mcolquiteob@google.de,278 417 0656
Myrtice,Lohmeyer,Female,mlohmeyeroc@infoseek.co.jp,230 384 9631
Christophorus,Reveland,Male,crevelandod@nationalgeographic.com,526 803 8249
Riccardo,Domelow,Male,rdomelowoe@usatoday.com,826 659 0196
Sheilakathryn,Lalonde,Female,slalondeof@cdc.gov,341 841 1315
Kelci,Bance,Female,kbanceog@scribd.com,862 853 4576
Elene,Silversmidt,Female,esilversmidtoh@hhs.gov,688 943 1390
Roselia,Scrafton,Female,rscraftonoi@archive.org,913 325 2562
Clemmy,Jest,Female,cjestoj@mashable.com,529 930 5129
Bear,Trinbey,Male,btrinbeyok@angelfire.com,619 696 5323
Darbee,Dunsmore,Male,ddunsmoreol@seattletimes.com,287 629 9801
Laetitia,Whild,Female,lwhildom@fema.gov,241 569 9394
Hugo,Cronchey,Male,hcroncheyon@rediff.com,215 553 4645
Jolie,Nelissen,Female,jnelissenoo@admin.ch,481 671 0603
Ahmad,Impey,Male,aimpeyop@hc360.com,506 544 2681
Gretel,Rijkeseis,Female,grijkeseisoq@stanford.edu,525 397 3541
Lionello,Woolrich,Male,lwoolrichor@dailymail.co.uk,779 114 7609
Aland,Anfosso,Male,aanfossoos@paginegialle.it,683 112 4019
Meade,Monkley,Female,mmonkleyot@nature.com,509 448 4315
Fletch,Lissett,Male,flissettou@google.es,260 801 4954
Fredericka,Hick,Female,fhickov@seesaa.net,910 164 3136
Gerri,Viollet,Female,gviolletow@yahoo.co.jp,770 200 9920
Laural,Greveson,Female,lgrevesonox@miitbeian.gov.cn,792 244 7449
Angel,Stothard,Male,astothardoy@salon.com,798 347 3574
Jermaine,Lindback,Male,jlindbackoz@wordpress.org,207 441 7412
Krissy,Kielt,Female,kkieltp0@howstuffworks.com,993 304 1844
Felicdad,Hutchins,Female,fhutchinsp1@zimbio.com,952 371 7288
Lydia,Metzig,Female,lmetzigp2@tuttocitta.it,881 889 8332
Renato,Hanton,Male,rhantonp3@thetimes.co.uk,745 429 2914
Niel,McClenan,Male,nmcclenanp4@nature.com,371 421 3696
Baron,Moorton,Male,bmoortonp5@theglobeandmail.com,786 542 6514
Gavra,Setford,Female,gsetfordp6@un.org,603 139 1316
Sharron,Beaton,Female,sbeatonp7@altervista.org,604 393 4096
Rina,Plenderleith,Female,rplenderleithp8@samsung.com,702 851 8662
Christabel,Philbrick,Female,cphilbrickp9@i2i.jp,125 619 2454
Marja,Wheway,Female,mwhewaypa@jugem.jp,609 563 4262
Bondon,Rowling,Male,browlingpb@1und1.de,405 937 3049
Catherina,Lipson,Female,clipsonpc@mlb.com,534 214 9488
Pernell,Maddicks,Male,pmaddickspd@live.com,707 475 6687
Olenolin,Brocklesby,Male,obrocklesbype@forbes.com,814 966 8400
Josh,Chaffe,Male,jchaffepf@plala.or.jp,351 909 9315
Parry,Chree,Male,pchreepg@bloglines.com,415 397 4207
Rodrigo,Tatersale,Male,rtatersaleph@taobao.com,802 845 2344
Elene,Goude,Female,egoudepi@yelp.com,399 449 0840
Brittaney,Brosoli,Female,bbrosolipj@linkedin.com,983 400 6351
Ophelia,Chick,Female,ochickpk@ameblo.jp,470 803 0327
Beverley,Arnaldo,Female,barnaldopl@cbsnews.com,707 726 4483
Barris,Canelas,Male,bcanelaspm@dailymail.co.uk,976 247 1482
Nikolia,Dowrey,Female,ndowreypn@360.cn,832 349 2369
Erika,Zellmer,Polygender,ezellmerpo@hc360.com,148 655 1758
Skyler,Gowanson,Male,sgowansonpp@usatoday.com,295 558 9443
Kylie,Simmonite,Male,ksimmonitepq@weibo.com,314 252 8293
Ysabel,Daltry,Female,ydaltrypr@ibm.com,463 157 6735
Griselda,McAree,Female,gmcareeps@gov.uk,276 524 4757
Cherri,Scotchmor,Female,cscotchmorpt@mozilla.org,605 945 0139
Penny,Ridgewell,Male,pridgewellpu@live.com,453 724 9401
Marya,Tutt,Female,mtuttpv@psu.edu,598 323 5385
Meyer,Gerrit,Male,mgerritpw@japanpost.jp,116 420 6297
Devland,Moyles,Male,dmoylespx@guardian.co.uk,607 548 3728
Rena,Treuge,Female,rtreugepy@chronoengine.com,511 671 9317
Guido,Glencorse,Genderqueer,gglencorsepz@163.com,287 245 9527
Sande,Farfolomeev,Female,sfarfolomeevq0@free.fr,834 527 7490
Ethelyn,Lalor,Female,elalorq1@artisteer.com,572 616 1591
Alister,Deave,Male,adeaveq2@seesaa.net,470 277 6535
Josephine,Gurner,Female,jgurnerq3@nifty.com,957 837 6197
Whitman,Spellicy,Male,wspellicyq4@list-manage.com,936 231 8470
Crista,Feaver,Female,cfeaverq5@delicious.com,545 625 9953
Garek,Hazeltine,Male,ghazeltineq6@mit.edu,520 209 5896
Jeane,Mettetal,Female,jmettetalq7@sohu.com,795 186 6139
Ozzie,Batham,Male,obathamq8@php.net,141 694 9581
Stanislaw,Bywaters,Male,sbywatersq9@com.com,869 309 4513
Agosto,Slocomb,Male,aslocombqa@biblegateway.com,110 861 0022
Annabal,Aubery,Female,aauberyqb@amazon.co.jp,426 484 4980
Tobin,Warden,Male,twardenqc@nih.gov,714 976 3068
Ida,Castenda,Female,icastendaqd@youtube.com,525 341 1672
Glenna,Bryson,Female,gbrysonqe@usnews.com,697 562 7422
Leeanne,Lamblot,Female,llamblotqf@facebook.com,961 639 1486
Augusto,Puden,Male,apudenqg@huffingtonpost.com,257 104 1050
Kirk,Blaxland,Male,kblaxlandqh@theguardian.com,545 528 3840
Rebeka,Lavell,Female,rlavellqi@a8.net,219 535 4983
Fredrika,Philippou,Female,fphilippouqj@reverbnation.com,996 309 0121
Dyana,Earney,Female,dearneyqk@usda.gov,160 701 9860
Bethina,Aulton,Female,baultonql@sitemeter.com,400 698 9587
Hedwiga,Oubridge,Female,houbridgeqm@ebay.com,230 494 7660
Winston,Zanolli,Genderfluid,wzanolliqn@bandcamp.com,276 633 4956
Kincaid,Browning,Male,kbrowningqo@marketwatch.com,691 514 7413
Corny,Goodridge,Female,cgoodridgeqp@smugmug.com,408 895 0514
Brant,Gregoire,Male,bgregoireqq@upenn.edu,383 617 4254
Theda,McKernon,Female,tmckernonqr@purevolume.com,645 216 8121
Crista,Weagener,Female,cweagenerqs@mayoclinic.com,848 432 7606
Aindrea,Aitkin,Female,aaitkinqt@amazon.co.uk,211 653 8130
Selina,De Ambrosi,Bigender,sdeambrosiqu@unicef.org,693 632 9200
Ellsworth,Jerman,Male,ejermanqv@squarespace.com,583 829 4542
Worthington,Rathjen,Male,wrathjenqw@etsy.com,921 761 4956
Rolland,Seawell,Male,rseawellqx@a8.net,322 854 4041
Leta,Drackford,Female,ldrackfordqy@whitehouse.gov,577 731 6879
Bev,Beven,Male,bbevenqz@newsvine.com,905 775 6719
Terri,Eymor,Genderqueer,teymorr0@usa.gov,727 598 1573
Ilaire,Pippin,Genderqueer,ipippinr1@comcast.net,826 620 6341
Binky,Magor,Male,bmagorr2@globo.com,613 451 0752
Blondie,Preshaw,Female,bpreshawr3@columbia.edu,928 656 5259
Leora,Farge,Female,lfarger4@si.edu,606 438 6294
Tedda,Abrahamoff,Female,tabrahamoffr5@xrea.com,968 513 2204
Neddie,Janse,Male,njanser6@vkontakte.ru,651 711 4934
Niels,Cadman,Male,ncadmanr7@hp.com,332 244 2268
Ivett,Brimming,Female,ibrimmingr8@homestead.com,608 179 8502
Flossie,Gerlack,Female,fgerlackr9@furl.net,381 203 7120
Timoteo,Vellden,Male,tvelldenra@eventbrite.com,746 702 7116
Rasla,McOrkill,Female,rmcorkillrb@blinklist.com,322 651 3135
Symon,Tomeo,Male,stomeorc@seesaa.net,415 330 8408
Cynthy,Haggas,Female,chaggasrd@naver.com,656 852 9404
Ailbert,Hanes,Male,ahanesre@imageshack.us,351 865 1646
Cammy,Essel,Female,cesselrf@theglobeandmail.com,646 764 1874
Thomasina,Shrieves,Female,tshrievesrg@1688.com,841 260 6775
Tomi,Seyfart,Female,tseyfartrh@linkedin.com,694 464 7234
Tonya,Mocker,Genderfluid,tmockerri@forbes.com,800 468 4374
Fran,Eyer,Male,feyerrj@un.org,768 410 4139
Gabi,Felmingham,Male,gfelminghamrk@state.tx.us,964 721 3075
Carmelina,Tearle,Female,ctearlerl@furl.net,638 708 4412
Joyan,Archard,Female,jarchardrm@freewebs.com,125 513 7784
Griz,Bourtoumieux,Male,gbourtoumieuxrn@vkontakte.ru,791 958 3632
Geoffrey,Bartolomeu,Genderfluid,gbartolomeuro@va.gov,461 325 7743
Orsola,Dawnay,Female,odawnayrp@illinois.edu,757 764 5019
Shena,Harbron,Female,sharbronrq@issuu.com,245 468 2154
Vanessa,Bateman,Female,vbatemanrr@t.co,638 749 0783
