first_name,last_name,gender,email,phone
Julia,Awcoate,Female,jawcoate0@usnews.com,921 613 3866
Malachi,Cullington,Male,mcullington1@devhub.com,806 144 6384
Mark,Arderne,Male,marderne2@timesonline.co.uk,606 393 3664
Lorene,Deakes,Female,ldeakes3@over-blog.com,147 468 8544
Maddie,Lazare,Female,mlazare4@domainmarket.com,213 606 4426
Irvine,Culshew,Male,iculshew5@blinklist.com,439 617 6749
Stepha,Pitkin,Female,spitkin6@addthis.com,706 598 1740
Mathe,Lemerie,Male,mlemerie7@tiny.cc,694 525 2233
Mick,Keaveney,Male,mkeaveney8@examiner.com,474 177 7764
Ilsa,Ovendon,Female,iovendon9@mtv.com,272 740 5237
Hurley,Eaddy,Male,headdya@parallels.com,393 824 8074
Salomo,Wynes,Male,swynesb@amazon.com,303 962 0706
Wells,Empleton,Male,wempletonc@msn.com,360 398 4941
Mirna,Knibbs,Female,mknibbsd@cornell.edu,515 788 5698
Deina,Frayling,Female,dfraylinge@google.co.uk,888 619 1678
Eleni,Polino,Female,epolinof@webeden.co.uk,569 593 2285
Skipper,O'Keevan,Male,sokeevang@ca.gov,807 227 8503
Gale,Allanson,Female,gallansonh@google.de,725 461 3473
Matthieu,Guilfoyle,Male,mguilfoylei@imageshack.us,903 471 1778
Randall,Kingzet,Male,rkingzetj@nbcnews.com,808 295 8874
Ansley,Lodden,Female,aloddenk@theatlantic.com,252 850 3533
Abagail,Malimoe,Female,amalimoel@diigo.com,251 391 5849
Forester,Folk,Male,ffolkm@ifeng.com,725 535 6269
Ira,Bolton,Female,iboltonn@mit.edu,474 964 0109
Jenifer,Surman,Female,jsurmano@mysql.com,887 830 1606
Marius,Seals,Male,msealsp@tinypic.com,687 726 7699
Shepperd,Duckett,Male,sduckettq@rediff.com,546 508 8674
Isadora,Snook,Female,isnookr@dedecms.com,384 229 9150
Estel,Gerner,Female,egerners@wikipedia.org,279 755 8982
Wit,Brent,Male,wbrentt@marketwatch.com,776 728 1461
Jo,De Bernardis,Female,jdebernardisu@github.io,408 853 2864
Port,Trayes,Male,ptrayesv@imageshack.us,425 810 1561
Saundra,Sweeny,Non-binary,ssweenyw@clickbank.net,981 569 2850
Niel,Basketfield,Male,nbasketfieldx@addtoany.com,985 343 1204
Suzie,Castleton,Female,scastletony@meetup.com,318 628 6684
Della,Tungate,Female,dtungatez@sina.com.cn,141 568 7641
Sal,Burgot,Female,sburgot10@theguardian.com,787 750 1504
Laird,O' Donohue,Male,lodonohue11@issuu.com,659 127 0333
Minna,Rankin,Female,mrankin12@businesswire.com,863 830 7611
Stanislaw,Landsborough,Male,slandsborough13@com.com,695 438 8424
Gran,Redmore,Male,gredmore14@ebay.com,921 856 2746
Gualterio,Easey,Bigender,geasey15@addthis.com,586 699 7754
Florina,Kellegher,Female,fkellegher16@123-reg.co.uk,779 863 4367
Kipp,Berridge,Female,kberridge17@multiply.com,121 618 4120
Dee,Iiannoni,Female,diiannoni18@slashdot.org,909 921 9851
Issi,Pryke,Female,ipryke19@microsoft.com,598 585 2199
Caleb,Pena,Male,cpena1a@soup.io,316 795 6366
Berti,Dominy,Male,bdominy1b@chronoengine.com,339 104 5665
Fredrika,Mackiewicz,Female,fmackiewicz1c@dedecms.com,489 242 9405
Amby,Massy,Male,amassy1d@github.com,239 975 3636
Maddy,Langer,Female,mlanger1e@berkeley.edu,551 738 9327
Rey,Thaxter,Female,rthaxter1f@wunderground.com,991 698 8974
Eartha,Neilly,Female,eneilly1g@github.io,574 361 8372
Roscoe,Shivell,Male,rshivell1h@surveymonkey.com,590 423 2668
Austin,Figgess,Female,afiggess1i@unblog.fr,508 909 1900
Oberon,Ellson,Male,oellson1j@smh.com.au,405 904 4424
Klemens,Jolly,Male,kjolly1k@reverbnation.com,505 852 1169
Consolata,Scocroft,Female,cscocroft1l@unblog.fr,859 927 3221
Kelila,Morgan,Female,kmorgan1m@weather.com,703 860 3269
Debbi,Andrich,Female,dandrich1n@google.com.hk,442 476 0410
Danya,Lamblot,Female,dlamblot1o@wunderground.com,941 297 7944
Cornelius,Conring,Male,cconring1p@technorati.com,482 879 2539
Mikel,Alliot,Agender,malliot1q@uol.com.br,584 212 5372
Hugo,Upham,Male,hupham1r@github.com,132 693 4714
Kelley,McEnteggart,Male,kmcenteggart1s@sohu.com,520 672 5314
Antoni,Simoes,Male,asimoes1t@amazon.de,387 279 9860
Malachi,Keeves,Male,mkeeves1u@rambler.ru,999 137 4304
Vergil,Cutmore,Male,vcutmore1v@godaddy.com,959 635 6423
Roy,Fish,Male,rfish1w@spiegel.de,111 458 9508
Priscella,Bamber,Female,pbamber1x@odnoklassniki.ru,874 105 4361
Xever,Spacey,Male,xspacey1y@springer.com,988 803 9188
Reginald,Bellwood,Male,rbellwood1z@meetup.com,374 768 5207
Tammara,Camilleri,Female,tcamilleri20@indiatimes.com,433 233 0008
Micheil,Nockles,Male,mnockles21@dmoz.org,463 237 6112
Ange,Brockhouse,Male,abrockhouse22@mayoclinic.com,960 237 9958
Jill,Ivell,Female,jivell23@ustream.tv,717 183 8367
Kevina,Lovick,Agender,klovick24@ox.ac.uk,904 800 1892
Newton,Node,Male,nnode25@a8.net,658 561 7708
Somerset,Wolfarth,Male,swolfarth26@altervista.org,900 792 3895
Leah,Inger,Female,linger27@biglobe.ne.jp,452 882 7450
Genni,Hedderly,Female,ghedderly28@google.com.hk,405 325 6725
Caye,Wessing,Female,cwessing29@google.nl,567 911 0118
Ericka,Pilbury,Female,epilbury2a@ucoz.com,490 881 0006
Mace,Tuffey,Male,mtuffey2b@cpanel.net,338 773 5092
Waylen,Duley,Male,wduley2c@list-manage.com,187 637 2859
Michal,Prium,Female,mprium2d@bing.com,386 621 8221
Henri,Benian,Male,hbenian2e@last.fm,711 693 4807
Antoni,Bassham,Male,abassham2f@amazon.co.jp,217 393 2632
Shem,Gowling,Genderfluid,sgowling2g@joomla.org,417 975 3194
Wolfy,Peery,Male,wpeery2h@narod.ru,727 435 9120
Dal,Sprules,Genderfluid,dsprules2i@networksolutions.com,553 936 9408
Danella,Ebbens,Female,debbens2j@youku.com,808 999 0314
Jasmina,Kryzhov,Female,jkryzhov2k@qq.com,769 786 5444
Aland,Sebrens,Male,asebrens2l@google.de,193 284 8420
Sigismond,Roddick,Male,sroddick2m@house.gov,767 566 8323
Martica,Punt,Female,mpunt2n@baidu.com,509 148 5395
Fielding,Ongin,Male,fongin2o@imageshack.us,862 638 5624
Olwen,Pherps,Female,opherps2p@furl.net,831 784 0899
Regen,Megson,Male,rmegson2q@archive.org,521 386 3620
Gwenette,Duffit,Female,gduffit2r@nhs.uk,824 198 5653
Jen,Scamadin,Female,jscamadin2s@abc.net.au,227 772 4771
El,Fink,Male,efink2t@thetimes.co.uk,578 754 9790
Lyell,Pepperrall,Male,lpepperrall2u@mtv.com,310 138 5970
Domingo,Siret,Male,dsiret2v@archive.org,363 908 6398
Emmye,Faunch,Female,efaunch2w@clickbank.net,324 252 5569
Chicky,Giacomasso,Male,cgiacomasso2x@yellowpages.com,277 654 5916
Nedda,Finey,Female,nfiney2y@aboutads.info,141 452 4649
Ernst,Bitterton,Bigender,ebitterton2z@nih.gov,549 595 6947
Stanfield,Hanshawe,Male,shanshawe30@technorati.com,842 913 0564
Kurt,Pietesch,Male,kpietesch31@alexa.com,922 122 5885
Madlen,Crookshanks,Female,mcrookshanks32@xinhuanet.com,175 870 8429
Penrod,Geratasch,Male,pgeratasch33@netscape.com,802 366 7762
Pate,Babar,Male,pbabar34@google.es,537 692 4019
Genni,Littlemore,Female,glittlemore35@storify.com,221 942 6442
Wilmette,Warnock,Female,wwarnock36@answers.com,175 317 6350
Gibby,Reaveley,Male,greaveley37@mysql.com,578 611 6553
Hallie,Elsdon,Female,helsdon38@mozilla.org,448 564 4384
Will,Fairbairn,Male,wfairbairn39@utexas.edu,590 185 3383
Innis,MacDowal,Male,imacdowal3a@example.com,851 214 9036
Cordelie,McIver,Female,cmciver3b@geocities.com,257 835 3826
Salli,Layne,Female,slayne3c@yellowbook.com,602 955 7039
Maggee,Mullane,Female,mmullane3d@stumbleupon.com,423 933 7501
Hana,Goomes,Female,hgoomes3e@rambler.ru,839 864 9160
Nicolas,Lathleiff,Male,nlathleiff3f@pcworld.com,714 605 1118
Susannah,Bravey,Female,sbravey3g@free.fr,574 253 5610
Annecorinne,Parchment,Female,aparchment3h@amazon.de,538 881 6280
Launce,Demead,Male,ldemead3i@newsvine.com,251 918 1649
Gladys,Stapylton,Female,gstapylton3j@tumblr.com,284 312 9638
Redford,Lowthian,Male,rlowthian3k@tiny.cc,209 563 3485
Martha,Silveston,Female,msilveston3l@apple.com,308 260 7427
Danna,Hourigan,Female,dhourigan3m@ucsd.edu,360 447 0041
Drusi,Collet,Female,dcollet3n@symantec.com,936 307 0615
Harriet,MacLleese,Female,hmaclleese3o@aboutads.info,586 888 9582
Hasheem,Spurden,Male,hspurden3p@xing.com,331 853 4138
Hortensia,Aliberti,Female,haliberti3q@boston.com,917 183 0590
Feliks,Idney,Male,fidney3r@histats.com,836 302 1721
Gerrard,Johanchon,Male,gjohanchon3s@odnoklassniki.ru,240 742 8882
Davidson,Oxnam,Male,doxnam3t@plala.or.jp,546 356 1905
Rickert,Kemell,Male,rkemell3u@umich.edu,994 431 8939
Gabey,Nicholls,Female,gnicholls3v@taobao.com,945 795 6047
Kurt,Ghidoli,Male,kghidoli3w@skyrock.com,970 152 7905
Rollin,Weakley,Male,rweakley3x@cnn.com,287 174 5258
Greg,Breffitt,Male,gbreffitt3y@chron.com,710 810 8861
Miller,Wash,Male,mwash3z@netvibes.com,860 663 2256
Bel,Arrandale,Female,barrandale40@skyrock.com,821 718 8705
Susi,Sorley,Female,ssorley41@yahoo.co.jp,639 757 5430
Lorette,O'Mahoney,Female,lomahoney42@yolasite.com,954 787 8924
Goldia,Vanichev,Female,gvanichev43@diigo.com,418 455 9324
Dolph,Asker,Male,dasker44@bloglines.com,759 984 8206
Inez,Ross,Female,iross45@sbwire.com,807 913 0750
Wernher,Peacock,Male,wpeacock46@ovh.net,480 578 9404
Ignaz,Bartosiak,Polygender,ibartosiak47@unblog.fr,799 334 4433
Iosep,Whiteman,Bigender,iwhiteman48@skype.com,782 475 7083
Antin,Godfree,Male,agodfree49@yahoo.co.jp,650 891 1127
Karlis,Clive,Male,kclive4a@sun.com,421 989 7935
Merell,Joron,Male,mjoron4b@marketwatch.com,986 657 7438
Tresa,Aberdalgy,Female,taberdalgy4c@a8.net,612 824 0378
Ralph,Portinari,Male,rportinari4d@cargocollective.com,357 885 8259
Xever,Szimoni,Male,xszimoni4e@webs.com,490 561 3177
Myron,Kivlehan,Male,mkivlehan4f@globo.com,397 962 8641
Ruby,Phoenix,Male,rphoenix4g@nba.com,903 582 8746
Richmond,Farrar,Male,rfarrar4h@netvibes.com,764 453 4677
Cy,Doxsey,Male,cdoxsey4i@cbsnews.com,672 126 2452
Sib,Tabary,Female,stabary4j@foxnews.com,513 637 3000
Morgan,Purnell,Female,mpurnell4k@fastcompany.com,935 642 3437
Zak,Stanlock,Male,zstanlock4l@dailymotion.com,940 145 3535
Amby,Snaith,Male,asnaith4m@deviantart.com,783 939 3166
Heda,Arman,Polygender,harman4n@bizjournals.com,267 993 6130
Burton,Le Marquis,Male,blemarquis4o@wp.com,654 741 2492
Davie,Pelerin,Male,dpelerin4p@cloudflare.com,863 222 1911
Izaak,Cockerell,Male,icockerell4q@webeden.co.uk,112 569 9673
Viki,Gibby,Female,vgibby4r@gov.uk,980 465 8759
Charis,Capewell,Female,ccapewell4s@japanpost.jp,507 663 5061
Ronnie,Matthews,Female,rmatthews4t@blogspot.com,559 180 4855
Jedd,Allanby,Male,jallanby4u@ocn.ne.jp,385 224 9079
Allyn,Galvan,Male,agalvan4v@phpbb.com,713 878 9441
Obie,Soreau,Male,osoreau4w@deviantart.com,538 821 7375
Roma,Cornfoot,Male,rcornfoot4x@chronoengine.com,475 180 3814
Ethan,Bradock,Male,ebradock4y@europa.eu,973 377 3069
Mirabella,Cattlow,Female,mcattlow4z@wiley.com,490 373 7330
Laurella,Dank,Agender,ldank50@nsw.gov.au,808 787 3849
Kath,Doore,Female,kdoore51@google.com.au,740 423 3863
Elsworth,Hurworth,Male,ehurworth52@nasa.gov,803 581 3282
Tonia,Anelay,Female,tanelay53@hugedomains.com,908 617 2916
Juana,Vagges,Female,jvagges54@cbslocal.com,165 555 5721
Boigie,Serris,Male,bserris55@seattletimes.com,323 453 8528
Ailey,Youster,Female,ayouster56@tiny.cc,815 916 5419
Giffard,Kennewell,Genderfluid,gkennewell57@tripod.com,211 736 5194
Clarabelle,Tredgold,Female,ctredgold58@netlog.com,553 613 1848
Ellen,Postians,Female,epostians59@moonfruit.com,337 867 9466
Sidonia,Rochester,Female,srochester5a@chronoengine.com,865 862 3247
Carly,Olivazzi,Male,colivazzi5b@sourceforge.net,305 776 7933
Tris,Skains,Male,tskains5c@imgur.com,440 869 5100
Julieta,Axe,Female,jaxe5d@mozilla.com,161 156 2074
Rozanna,Kiljan,Female,rkiljan5e@dagondesign.com,827 333 2350
Livvy,Jesse,Female,ljesse5f@uiuc.edu,819 869 2134
Berton,Leppington,Male,bleppington5g@cornell.edu,348 779 8256
Marlo,Giamuzzo,Bigender,mgiamuzzo5h@google.com.hk,527 680 6543
Fair,Skeates,Male,fskeates5i@free.fr,414 859 4803
Rosene,McAline,Female,rmcaline5j@stanford.edu,605 734 4172
Harmon,Pringer,Male,hpringer5k@illinois.edu,345 291 8117
Else,Simonato,Female,esimonato5l@unicef.org,778 585 0023
Lorettalorna,MacCrossan,Female,lmaccrossan5m@who.int,381 892 1020
Sherwood,Sprey,Male,ssprey5n@ihg.com,260 538 5922
Sharline,Bubbins,Female,sbubbins5o@yellowbook.com,750 523 6128
Quinn,Whichelow,Male,qwhichelow5p@e-recht24.de,533 940 4091
Leela,McGriffin,Female,lmcgriffin5q@yellowbook.com,211 849 1023
Joane,Wahncke,Female,jwahncke5r@tripadvisor.com,187 375 4638
Burtie,Gaitskell,Male,bgaitskell5s@naver.com,439 957 3939
Julia,Glidden,Female,jglidden5t@archive.org,279 137 8260
Reade,McKinty,Male,rmckinty5u@csmonitor.com,537 251 5028
Joice,Emanuele,Female,jemanuele5v@nps.gov,588 202 4730
Adrea,Milliere,Female,amilliere5w@washingtonpost.com,654 996 1311
Gray,McMurdo,Female,gmcmurdo5x@a8.net,995 801 0128
Jackquelin,Snyder,Female,jsnyder5y@dailymail.co.uk,396 375 2655
Brita,Tupp,Female,btupp5z@merriam-webster.com,428 123 4148
Elberta,Timbrell,Bigender,etimbrell60@geocities.jp,165 556 4666
Janene,Hellwig,Female,jhellwig61@mapy.cz,628 497 7639
Emmerich,Du Fray,Male,edufray62@zdnet.com,207 408 9404
Kessiah,Reynoollds,Female,kreynoollds63@yahoo.com,176 358 7161
Tanhya,Portwain,Female,tportwain64@answers.com,780 519 8156
Jefferson,Braitling,Male,jbraitling65@ox.ac.uk,301 322 2934
Cornela,Wooland,Female,cwooland66@tripadvisor.com,595 650 0459
Julianne,Hamman,Female,jhamman67@blog.com,547 865 2539
Clementius,Duthy,Agender,cduthy68@gizmodo.com,906 198 8789
Cosmo,Huson,Male,chuson69@infoseek.co.jp,123 780 8763
Annabelle,Elsmore,Female,aelsmore6a@go.com,929 875 7397
June,Rilings,Female,jrilings6b@wired.com,947 271 3580
Jackson,Simenon,Male,jsimenon6c@businessinsider.com,246 689 1604
Magdalen,Sommerton,Agender,msommerton6d@gravatar.com,546 931 5642
Rod,Peppard,Male,rpeppard6e@oaic.gov.au,392 983 0312
Shepherd,Ambrozik,Male,sambrozik6f@netvibes.com,856 381 5912
Salomo,Lago,Male,slago6g@china.com.cn,598 589 2434
Alain,Garvie,Male,agarvie6h@webs.com,140 534 6045
Husein,Abelevitz,Male,habelevitz6i@gnu.org,452 696 7845
Kitti,MacGeaney,Female,kmacgeaney6j@mapquest.com,984 275 5818
Emile,Getley,Male,egetley6k@networkadvertising.org,224 374 3486
Syman,Puckring,Male,spuckring6l@merriam-webster.com,691 629 3039
Andrej,Sacker,Male,asacker6m@columbia.edu,246 432 7249
Riva,Ianilli,Female,rianilli6n@japanpost.jp,668 254 9486
Drusilla,Overstone,Female,doverstone6o@jalbum.net,789 234 4740
Lynsey,Calam,Female,lcalam6p@boston.com,328 318 0157
Jae,Pleaden,Male,jpleaden6q@addthis.com,248 291 2723
Aldin,Packham,Male,apackham6r@tuttocitta.it,656 268 8125
Wye,Shieldon,Male,wshieldon6s@chicagotribune.com,914 648 9330
Abrahan,Creser,Male,acreser6t@usgs.gov,109 439 7498
Lena,Diben,Female,ldiben6u@walmart.com,267 600 7909
Fowler,Greader,Non-binary,fgreader6v@constantcontact.com,727 152 5410
Cynthia,Autry,Female,cautry6w@dion.ne.jp,524 965 4018
Edna,Olivera,Female,eolivera6x@unc.edu,331 831 9412
Dana,Fellos,Female,dfellos6y@blogger.com,923 350 0920
Ardelis,Britney,Female,abritney6z@yale.edu,203 834 6021
Neila,Mearns,Female,nmearns70@ibm.com,704 824 2769
Antoinette,Jaycock,Female,ajaycock71@free.fr,493 730 5172
Fifi,Tomney,Female,ftomney72@geocities.com,666 556 4948
Fidelio,Matteucci,Male,fmatteucci73@nsw.gov.au,423 514 9014
Rosamund,Wegman,Female,rwegman74@cam.ac.uk,787 370 1118
Chick,Rushmere,Male,crushmere75@weather.com,203 174 2669
Edithe,Routhorn,Female,erouthorn76@usgs.gov,723 636 5876
Adara,Brangan,Genderfluid,abrangan77@reference.com,769 112 5083
Glen,Fredi,Female,gfredi78@opensource.org,996 285 3314
Nester,Niche,Genderfluid,nniche79@whitehouse.gov,789 548 7019
Delcine,Laverock,Bigender,dlaverock7a@networksolutions.com,278 368 1719
Micky,Perocci,Male,mperocci7b@sphinn.com,663 935 0254
Natalina,Antuoni,Female,nantuoni7c@people.com.cn,826 637 4223
Lanni,Purple,Female,lpurple7d@webmd.com,313 773 9501
Diann,Bath,Genderqueer,dbath7e@printfriendly.com,228 390 3040
Trudie,Clementucci,Female,tclementucci7f@msu.edu,582 470 4739
Sadie,Canfield,Female,scanfield7g@washington.edu,478 358 4069
Daron,Reimer,Male,dreimer7h@pinterest.com,412 801 2687
Vanya,Dewi,Female,vdewi7i@dot.gov,664 905 0122
Deidre,Piburn,Female,dpiburn7j@imageshack.us,950 170 2987
Damiano,Allnatt,Male,dallnatt7k@auda.org.au,425 976 7593
Ogdan,Mander,Male,omander7l@theguardian.com,400 819 5542
Read,Outlaw,Male,routlaw7m@dedecms.com,373 157 8165
Crin,Mattei,Female,cmattei7n@theglobeandmail.com,277 852 3907
Rozella,Schops,Female,rschops7o@omniture.com,407 969 9815
Sashenka,Tackle,Female,stackle7p@shutterfly.com,838 675 2263
Maryellen,Spinozzi,Female,mspinozzi7q@paginegialle.it,336 631 2872
Letta,Ponton,Female,lponton7r@npr.org,877 977 4442
Dacie,Shevell,Female,dshevell7s@businessinsider.com,904 788 1505
Dulcinea,Thomel,Female,dthomel7t@goo.ne.jp,644 685 5078
Bald,Lyne,Male,blyne7u@businessinsider.com,920 404 0275
Tanitansy,Gamble,Female,tgamble7v@pbs.org,620 163 4089
Marie,Bordes,Female,mbordes7w@ucoz.ru,476 627 7823
Griswold,Robottom,Male,grobottom7x@telegraph.co.uk,109 169 0936
Langsdon,Pallesen,Male,lpallesen7y@jalbum.net,979 437 9356
Clare,Degoy,Female,cdegoy7z@soundcloud.com,836 899 1885
Bret,Heathorn,Male,bheathorn80@instagram.com,614 660 6973
Martainn,Hollyman,Male,mhollyman81@geocities.com,789 924 6156
Alick,Saphin,Male,asaphin82@weebly.com,881 895 6295
Cicily,Ganiford,Female,cganiford83@europa.eu,242 776 2360
Orton,Vicary,Male,ovicary84@msn.com,470 337 1347
Faina,Malletratt,Female,fmalletratt85@slate.com,736 251 2851
Cynthy,Rossbrook,Female,crossbrook86@disqus.com,374 116 3485
Emory,Sunter,Male,esunter87@google.co.jp,631 871 0164
Millard,Blaszkiewicz,Male,mblaszkiewicz88@cbc.ca,287 488 3099
Fredrick,Tripon,Male,ftripon89@huffingtonpost.com,730 340 6214
Orelle,Reuven,Female,oreuven8a@51.la,552 400 3504
Astrid,Claisse,Non-binary,aclaisse8b@sogou.com,263 722 0993
Joycelin,Danelet,Female,jdanelet8c@europa.eu,774 677 1796
Vanya,Coppo,Female,vcoppo8d@altervista.org,520 442 7928
Kelcy,Airton,Female,kairton8e@google.it,493 581 1149
Corabella,Cicchillo,Female,ccicchillo8f@nih.gov,809 226 0684
Wesley,Cormack,Male,wcormack8g@craigslist.org,720 114 6311
Max,Forrestill,Male,mforrestill8h@walmart.com,676 199 1865
Kali,Galer,Female,kgaler8i@gnu.org,860 800 3532
Hartley,Cavil,Male,hcavil8j@bizjournals.com,648 702 9303
Fifi,Willisch,Female,fwillisch8k@rambler.ru,297 780 1633
Shaw,Reye,Male,sreye8l@buzzfeed.com,660 558 7877
Luz,Fogarty,Female,lfogarty8m@stanford.edu,307 488 1283
Garrick,Joanaud,Male,gjoanaud8n@google.co.jp,814 755 6813
Jephthah,Legges,Male,jlegges8o@i2i.jp,257 639 9228
Joela,Drowsfield,Female,jdrowsfield8p@amazon.de,992 237 3394
Cristie,Dohrmann,Female,cdohrmann8q@yahoo.co.jp,667 561 5593
Cy,Landall,Male,clandall8r@europa.eu,341 147 6161
Gerianna,Pray,Female,gpray8s@privacy.gov.au,294 936 1124
Reina,Rizzelli,Female,rrizzelli8t@cpanel.net,128 251 8791
Dennet,Bahde,Male,dbahde8u@accuweather.com,603 438 2873
Isador,Hodges,Male,ihodges8v@twitter.com,407 528 2616
Murray,Filipowicz,Male,mfilipowicz8w@360.cn,285 760 6031
Guglielmo,Pitson,Male,gpitson8x@umn.edu,778 867 6457
Claudetta,Wolfendale,Female,cwolfendale8y@businesswire.com,402 350 5658
Valene,Thrustle,Female,vthrustle8z@lulu.com,407 491 9011
Joanna,Bickle,Female,jbickle90@ed.gov,898 178 4268
Rozamond,Maren,Female,rmaren91@163.com,314 286 0797
Giuseppe,Dewerson,Male,gdewerson92@guardian.co.uk,422 877 7673
Geoffrey,Kensall,Male,gkensall93@nationalgeographic.com,867 173 9226
Mitchel,Espy,Male,mespy94@redcross.org,150 210 4679
Dulce,Whiting,Female,dwhiting95@facebook.com,893 555 9381
Alanson,O'Flaherty,Male,aoflaherty96@businessinsider.com,806 205 9107
Hurleigh,Cavet,Male,hcavet97@paypal.com,681 960 7718
Marysa,Willmont,Female,mwillmont98@sakura.ne.jp,849 640 7909
Davine,Joris,Female,djoris99@quantcast.com,531 830 5525
Zelig,Vicioso,Male,zvicioso9a@opera.com,310 873 9355
Justin,Biggs,Male,jbiggs9b@newyorker.com,746 533 4972
Katerina,Hetterich,Female,khetterich9c@bloglines.com,648 916 3681
Fionna,Finlason,Female,ffinlason9d@zdnet.com,971 910 6924
Therine,Lashbrook,Female,tlashbrook9e@blogs.com,875 482 0479
Lolly,Knowler,Female,lknowler9f@cnn.com,367 708 0069
Melessa,Charon,Female,mcharon9g@amazon.co.jp,678 853 5651
Mame,Goldster,Female,mgoldster9h@europa.eu,279 762 8105
Frannie,Rosterne,Male,frosterne9i@wisc.edu,324 448 9253
Jamil,Golborne,Male,jgolborne9j@wikia.com,255 454 7852
Keith,de Quincey,Male,kdequincey9k@sogou.com,581 121 8620
Der,Kirckman,Male,dkirckman9l@smugmug.com,628 525 8201
Ludovico,Warcop,Male,lwarcop9m@gravatar.com,564 117 3928
Marcelle,Howle,Female,mhowle9n@hibu.com,261 403 7493
Koenraad,Paternoster,Male,kpaternoster9o@is.gd,188 759 9321
Dael,Wigginton,Male,dwigginton9p@nbcnews.com,291 598 7540
Olivie,McManamen,Polygender,omcmanamen9q@whitehouse.gov,177 262 1778
Bennie,Willmett,Male,bwillmett9r@bloglovin.com,403 125 6686
Fabian,Antill,Male,fantill9s@mlb.com,908 386 6131
Ethelbert,Taverner,Male,etaverner9t@jimdo.com,645 752 9362
Gladys,Littefair,Female,glittefair9u@sphinn.com,406 721 0628
Jilly,Petett,Female,jpetett9v@scientificamerican.com,498 775 7728
Ardyth,Copcutt,Female,acopcutt9w@army.mil,192 694 0105
Marice,Hutson,Female,mhutson9x@msn.com,700 794 9383
Winnifred,Geck,Female,wgeck9y@stumbleupon.com,580 535 0019
Tiffanie,Guppy,Female,tguppy9z@geocities.jp,336 113 4032
Analiese,O'Dennehy,Non-binary,aodennehya0@last.fm,329 452 7225
Giacinta,Spillett,Female,gspilletta1@blogtalkradio.com,892 198 5558
Lida,Slorach,Female,lsloracha2@yellowpages.com,864 306 0126
Lezlie,Hogsden,Female,lhogsdena3@usnews.com,245 530 8069
Eustacia,Oloshin,Female,eoloshina4@berkeley.edu,469 509 0008
Edithe,Heeran,Polygender,eheerana5@chicagotribune.com,982 928 4221
Lion,Fortun,Genderfluid,lfortuna6@blogtalkradio.com,877 196 8266
Roanna,Stooders,Female,rstoodersa7@imgur.com,634 613 3517
Jedd,Jzak,Male,jjzaka8@ox.ac.uk,360 897 1147
Chiquia,Markova,Female,cmarkovaa9@bbc.co.uk,115 946 4102
Nerti,Corwin,Female,ncorwinaa@technorati.com,622 188 6065
Hortensia,Venneur,Female,hvenneurab@desdev.cn,764 171 4766
Boot,Bradane,Male,bbradaneac@cmu.edu,204 853 8845
Martino,Reary,Male,mrearyad@hugedomains.com,391 168 9489
Riccardo,Daveran,Male,rdaveranae@sourceforge.net,604 662 9261
Rayshell,Danelutti,Female,rdaneluttiaf@wordpress.org,247 518 3944
Rosabel,Ridulfo,Female,rridulfoag@ucoz.ru,150 860 9131
Kellia,Postance,Female,kpostanceah@t-online.de,978 731 4993
Skipper,Loweth,Genderfluid,slowethai@ovh.net,294 475 2303
Georgi,Crosen,Male,gcrosenaj@geocities.jp,707 337 5170
Rudyard,Morrott,Male,rmorrottak@shop-pro.jp,802 397 6095
Regen,Baseggio,Male,rbaseggioal@geocities.com,959 870 6701
Beatriz,Alkin,Female,balkinam@parallels.com,724 668 3426
Truda,Nehls,Female,tnehlsan@adobe.com,212 395 3697
Karlie,Spinks,Female,kspinksao@multiply.com,899 630 7589
Nil,Berkowitz,Male,nberkowitzap@is.gd,632 448 6228
Betsy,De Domenico,Genderqueer,bdedomenicoaq@hibu.com,910 258 5171
Elyn,Bescoby,Female,ebescobyar@networkadvertising.org,801 280 7011
Roderich,Harberer,Male,rharbereras@weather.com,684 492 1629
Corette,Theurer,Female,ctheurerat@wsj.com,247 655 3654
Jodi,Dominelli,Male,jdominelliau@imdb.com,106 141 6779
Carmelita,Chomiszewski,Female,cchomiszewskiav@netscape.com,568 747 6453
Gregorio,Bannister,Male,gbannisteraw@usatoday.com,714 794 2798
Georgi,Finlan,Male,gfinlanax@nationalgeographic.com,656 217 6522
Padraig,Hollows,Male,phollowsay@microsoft.com,729 398 4154
Angelia,Brook,Female,abrookaz@google.pl,845 581 4454
Giacopo,Howlett,Male,ghowlettb0@booking.com,869 457 8042
Andriette,Boissier,Female,aboissierb1@pinterest.com,491 686 4462
Judon,Bubear,Male,jbubearb2@guardian.co.uk,804 659 0414
Barris,Taffie,Male,btaffieb3@patch.com,685 509 9659
Elena,Benit,Female,ebenitb4@samsung.com,914 824 8955
Ediva,Bahia,Female,ebahiab5@cbsnews.com,409 126 1829
Brier,Keitch,Female,bkeitchb6@goodreads.com,117 157 1321
Riccardo,Royden,Male,rroydenb7@youtube.com,968 309 3481
Emmaline,Kerton,Female,ekertonb8@wp.com,579 426 1851
Diane,De Bischof,Female,ddebischofb9@tamu.edu,787 773 8621
Eleanore,MacNeachtain,Female,emacneachtainba@craigslist.org,563 567 2655
Andros,Gurg,Male,agurgbb@ebay.co.uk,619 214 9636
Sissie,Tivnan,Female,stivnanbc@home.pl,256 581 9171
Tim,Seabrooke,Male,tseabrookebd@cbsnews.com,876 776 0497
Crysta,Growden,Bigender,cgrowdenbe@lulu.com,831 858 1328
Mariska,Antosik,Female,mantosikbf@over-blog.com,787 889 8520
Lindsy,Bernardez,Female,lbernardezbg@patch.com,482 856 0064
Lana,Wagerfield,Female,lwagerfieldbh@mtv.com,169 845 1108
Valry,Blaise,Female,vblaisebi@omniture.com,667 278 6637
Moll,Jerdan,Polygender,mjerdanbj@wikispaces.com,263 994 3800
Alvy,Bowkett,Male,abowkettbk@boston.com,206 566 2419
Onofredo,Rawles,Male,orawlesbl@yolasite.com,350 953 0905
Alexandro,Locarno,Male,alocarnobm@amazon.co.uk,649 570 0973
Anne-marie,Workman,Female,aworkmanbn@who.int,449 690 6147
Darcee,Attkins,Female,dattkinsbo@home.pl,619 378 4288
Mercy,Faro,Female,mfarobp@cdc.gov,609 375 8687
Adelina,Delaney,Female,adelaneybq@miibeian.gov.cn,190 972 3192
Talya,Hynard,Female,thynardbr@reddit.com,938 815 8483
Eugenia,Whelpdale,Female,ewhelpdalebs@pinterest.com,885 555 8187
Daphne,Menci,Female,dmencibt@feedburner.com,488 383 4161
Udell,Haszard,Male,uhaszardbu@nifty.com,914 747 9833
Adah,Oxlee,Female,aoxleebv@shinystat.com,303 632 8344
Erin,Sorrell,Female,esorrellbw@ustream.tv,232 137 0948
Adolphe,Capstick,Male,acapstickbx@lulu.com,322 820 4950
Aubine,Cammomile,Genderqueer,acammomileby@newyorker.com,855 733 4218
Claire,Chasmor,Female,cchasmorbz@ebay.com,467 861 9709
Sigvard,Tomczynski,Male,stomczynskic0@goo.gl,662 146 9070
Adena,Arnoldi,Female,aarnoldic1@loc.gov,615 792 2961
Bradley,Acreman,Male,bacremanc2@networksolutions.com,278 279 7235
Alden,Greves,Male,agrevesc3@goodreads.com,836 680 1564
Verney,McEvay,Male,vmcevayc4@tmall.com,822 302 0846
Myca,Roz,Male,mrozc5@spotify.com,529 971 4974
Bordy,Kulvear,Male,bkulvearc6@ucsd.edu,318 668 1969
Thurstan,Bowkley,Male,tbowkleyc7@aol.com,235 607 6376
Artemus,Spreckley,Male,aspreckleyc8@ca.gov,423 751 3450
Nicolette,Prigg,Female,npriggc9@icq.com,817 268 9594
Christiano,Czapla,Male,cczaplaca@hhs.gov,692 945 7155
Marketa,Mowsley,Female,mmowsleycb@networkadvertising.org,308 858 1484
Carmelle,Maruska,Polygender,cmaruskacc@blinklist.com,217 944 7625
Gordy,Brookz,Male,gbrookzcd@latimes.com,515 249 1233
Iormina,Lipsett,Polygender,ilipsettce@whitehouse.gov,588 330 7203
Tessie,Haucke,Female,thauckecf@psu.edu,231 568 5104
Ailene,Ogger,Female,aoggercg@csmonitor.com,981 218 4543
Domenic,Gregoletti,Bigender,dgregolettich@narod.ru,948 849 1513
Sigismondo,Fashion,Polygender,sfashionci@google.com,161 769 6849
Gian,Skrzynski,Male,gskrzynskicj@wikipedia.org,614 402 1395
Franchot,Ganning,Male,fganningck@reference.com,203 630 9900
Helli,Meneely,Female,hmeneelycl@wikipedia.org,199 188 1417
Jeannette,Stalman,Female,jstalmancm@chronoengine.com,198 862 2574
Maximo,Vigers,Male,mvigerscn@pagesperso-orange.fr,621 620 0912
Jeff,Budgett,Male,jbudgettco@cornell.edu,452 340 5556
Ardra,Bellini,Female,abellinicp@businessweek.com,233 742 9142
Dorree,Bentz,Female,dbentzcq@taobao.com,685 987 6197
Giulio,Notti,Male,gnotticr@google.com.br,728 951 1490
Joachim,Warricker,Male,jwarrickercs@wix.com,228 560 0748
Antonia,O'Longain,Female,aolongainct@barnesandnoble.com,966 768 6518
Engelbert,Espinel,Male,eespinelcu@mediafire.com,994 365 4038
Ali,Caudray,Male,acaudraycv@acquirethisname.com,568 310 7239
Melissa,Dinan,Polygender,mdinancw@google.com.hk,437 873 9998
Gustaf,Goghin,Agender,ggoghincx@posterous.com,986 648 0744
Rossie,Murrison,Male,rmurrisoncy@twitter.com,540 498 0955
Lawrence,Bozward,Male,lbozwardcz@drupal.org,707 657 4195
Jerrome,Domniney,Male,jdomnineyd0@dailymotion.com,307 247 5736
Lois,Dolphin,Female,ldolphind1@fema.gov,808 116 5093
Marlee,Skillanders,Female,mskillandersd2@gmpg.org,596 882 7750
Kay,Yakunikov,Female,kyakunikovd3@mashable.com,145 130 4981
Ulrick,Mortell,Male,umortelld4@mashable.com,477 123 4502
Bruce,Burtwell,Male,bburtwelld5@alexa.com,250 891 3840
Tabbi,Goody,Female,tgoodyd6@slashdot.org,237 503 9530
Ambrose,Longmaid,Male,alongmaidd7@blogspot.com,334 764 0207
Una,Pughe,Female,upughed8@irs.gov,398 855 5762
Aubrey,Gillino,Male,agillinod9@adobe.com,831 508 4361
Mateo,Ferron,Male,mferronda@oakley.com,129 410 2023
Jaine,David,Female,jdaviddb@alexa.com,551 246 9971
Indira,Wrates,Female,iwratesdc@cbslocal.com,489 777 8288
Buddy,Domegan,Male,bdomegandd@discuz.net,573 807 0992
Angela,Rumbellow,Genderfluid,arumbellowde@twitpic.com,650 765 6972
Bob,Tompkiss,Male,btompkissdf@cdc.gov,469 880 5794
Judi,Attwooll,Female,jattwoolldg@gmpg.org,184 955 5487
Kip,Polle,Female,kpolledh@cpanel.net,550 452 8057
Petey,Deakins,Male,pdeakinsdi@eventbrite.com,941 239 4430
Hadleigh,Bruinemann,Male,hbruinemanndj@google.pl,686 349 8213
Meggie,McPhee,Female,mmcpheedk@washington.edu,463 484 2708
Etta,Seak,Female,eseakdl@chicagotribune.com,464 539 1642
Rana,Pickles,Female,rpicklesdm@google.com.au,965 306 7308
Corina,Antonescu,Female,cantonescudn@businessweek.com,138 186 5277
Monro,McBoyle,Male,mmcboyledo@weather.com,796 881 9387
Elsbeth,Coryndon,Female,ecoryndondp@blogtalkradio.com,310 452 4938
Kearney,Felder,Male,kfelderdq@dropbox.com,704 489 2995
Devland,Mulvey,Male,dmulveydr@reuters.com,403 963 6253
Elwin,Chilcotte,Male,echilcotteds@eventbrite.com,180 187 1266
Brina,Kaszper,Female,bkaszperdt@indiatimes.com,758 571 0187
Gustavus,Chadwyck,Genderqueer,gchadwyckdu@ameblo.jp,172 958 1425
Elton,Barrus,Male,ebarrusdv@huffingtonpost.com,318 526 8626
Mayer,Thorsen,Male,mthorsendw@example.com,104 928 2873
Arin,Justice,Male,ajusticedx@w3.org,516 233 8606
Fayre,Jonk,Female,fjonkdy@gravatar.com,423 960 4817
Arleen,Reddihough,Female,areddihoughdz@cloudflare.com,543 960 3917
Claudetta,Ligertwood,Female,cligertwoode0@meetup.com,380 947 2629
Sherline,Wiggett,Female,swiggette1@gizmodo.com,168 651 4528
Guillemette,Davydochkin,Female,gdavydochkine2@rambler.ru,261 738 3564
Hanna,Cohani,Female,hcohanie3@mediafire.com,251 684 6440
Lynnell,Mc Menamin,Female,lmcmenamine4@google.fr,217 291 9487
Nora,Drummer,Female,ndrummere5@ning.com,867 423 9760
Stormy,Scole,Female,sscolee6@phpbb.com,857 345 3873
Hayes,Filipczynski,Male,hfilipczynskie7@google.fr,685 129 0025
Ollie,Gibling,Female,ogiblinge8@umich.edu,951 952 1513
Findley,Tremoille,Male,ftremoillee9@nih.gov,330 151 7254
Ashia,Sein,Female,aseinea@fda.gov,757 837 3014
Juanita,Blackah,Female,jblackaheb@furl.net,343 651 8812
Weston,Comport,Male,wcomportec@chronoengine.com,222 893 9139
Edlin,Jollye,Male,ejollyeed@ebay.com,426 869 1064
Darda,Gabbetis,Female,dgabbetisee@diigo.com,705 503 0559
Moselle,Adderson,Female,maddersonef@xrea.com,237 995 4412
Durward,Bruneton,Male,dbrunetoneg@weebly.com,615 623 5457
Hilton,Starr,Male,hstarreh@foxnews.com,413 871 4067
Daron,Gave,Female,dgaveei@tmall.com,587 649 7528
Inger,Jirsa,Female,ijirsaej@hubpages.com,958 200 2971
Sybilla,Kale,Female,skaleek@nyu.edu,951 696 9104
Raimondo,Brandenberg,Genderqueer,rbrandenbergel@baidu.com,524 168 3275
Priscilla,Washington,Female,pwashingtonem@e-recht24.de,560 629 8542
Kristan,Chezier,Female,kchezieren@woothemes.com,858 665 1597
Merola,Poland,Female,mpolandeo@soundcloud.com,751 882 5151
Cece,Burkitt,Male,cburkittep@sbwire.com,907 863 9768
Dylan,Bilsford,Male,dbilsfordeq@salon.com,485 436 4812
Carie,Bragge,Female,cbraggeer@hc360.com,116 501 5888
Dur,Isenor,Male,disenores@reuters.com,571 353 0152
Corly,Stanfield,Female,cstanfieldet@hc360.com,918 310 4854
Danny,Vazquez,Male,dvazquezeu@census.gov,474 819 8620
Hilly,Albon,Male,halbonev@studiopress.com,973 455 6942
Stanleigh,Banaszczyk,Male,sbanaszczykew@t.co,419 362 3078
Marika,Hall-Gough,Female,mhallgoughex@homestead.com,509 105 9447
Torrin,Silman,Male,tsilmaney@house.gov,704 215 2759
Ailis,Erwin,Female,aerwinez@army.mil,211 140 3089
Joelle,Wolters,Female,jwoltersf0@timesonline.co.uk,984 898 3559
Agace,Adair,Female,aadairf1@reference.com,690 233 8539
Babara,Gloyens,Female,bgloyensf2@mit.edu,836 878 1407
Ced,Millea,Male,cmilleaf3@hexun.com,597 527 3740
Samaria,Heakins,Female,sheakinsf4@behance.net,106 401 1440
Robyn,Worral,Female,rworralf5@amazon.de,470 516 7654
Blaine,Shouler,Male,bshoulerf6@yahoo.com,548 882 6987
Bell,Klagge,Female,bklaggef7@ibm.com,606 333 3608
Clementina,Limerick,Female,climerickf8@4shared.com,915 718 3361
Jandy,Albrook,Female,jalbrookf9@php.net,619 360 9370
Wood,Hearthfield,Male,whearthfieldfa@ebay.com,399 580 9262
Milton,Charlesworth,Male,mcharlesworthfb@theatlantic.com,450 179 6372
Kaylil,McCluney,Female,kmccluneyfc@posterous.com,130 635 4320
Dollie,Cavet,Female,dcavetfd@mac.com,664 888 5587
Rene,Dooland,Male,rdoolandfe@miitbeian.gov.cn,936 347 1661
Felisha,McGiven,Female,fmcgivenff@storify.com,378 725 4902
Brent,Junkison,Male,bjunkisonfg@rambler.ru,277 203 2123
Maddy,Woodburne,Male,mwoodburnefh@nih.gov,766 410 7023
Lucina,Calbert,Female,lcalbertfi@marketwatch.com,955 501 3632
Angelique,Pudner,Female,apudnerfj@yandex.ru,473 657 9767
Pamella,Hamber,Female,phamberfk@deliciousdays.com,642 455 9968
Hyatt,Baumadier,Male,hbaumadierfl@mapy.cz,909 182 5711
Henka,Vanichev,Female,hvanichevfm@tinypic.com,992 738 8775
Hannie,Spuffard,Female,hspuffardfn@skype.com,357 745 7336
Bree,Pennell,Female,bpennellfo@w3.org,383 442 4020
Jessi,Burchett,Female,jburchettfp@blog.com,132 230 0770
Netty,Clews,Female,nclewsfq@deviantart.com,334 260 1168
Grenville,Gordon-Giles,Male,ggordongilesfr@sina.com.cn,505 378 2787
Noble,Dellow,Male,ndellowfs@sbwire.com,756 669 3928
Kris,McArte,Male,kmcarteft@gmpg.org,800 994 3800
Celine,Needham,Female,cneedhamfu@over-blog.com,858 782 5913
Francyne,Fessler,Female,ffesslerfv@amazon.com,265 971 3465
Delphine,Langmuir,Female,dlangmuirfw@360.cn,336 149 8011
Domingo,Howsam,Male,dhowsamfx@mapy.cz,790 589 3970
Ciro,Leopard,Male,cleopardfy@hao123.com,733 632 2835
Toby,Castagnet,Male,tcastagnetfz@wix.com,710 363 1071
Brannon,Hue,Male,bhueg0@usgs.gov,336 429 0236
Nonnah,Duddan,Female,nduddang1@meetup.com,166 469 4418
Gigi,Binnes,Female,gbinnesg2@epa.gov,938 304 3376
Mathilda,Grichukhanov,Bigender,mgrichukhanovg3@state.gov,285 228 3438
Arch,Darker,Male,adarkerg4@com.com,731 849 5185
Myriam,Suter,Female,msuterg5@exblog.jp,912 984 9916
Gerrie,Beek,Male,gbeekg6@independent.co.uk,533 275 5651
Muriel,Coffelt,Female,mcoffeltg7@examiner.com,325 208 2609
Chevy,Anton,Male,cantong8@cocolog-nifty.com,551 136 4476
Ruby,McCrossan,Male,rmccrossang9@washington.edu,184 536 8000
Lewie,Whittick,Agender,lwhittickga@blogs.com,174 292 2545
Odetta,Brameld,Female,obrameldgb@exblog.jp,139 847 5704
Edgardo,Milnthorpe,Male,emilnthorpegc@eepurl.com,457 355 1181
Vania,Griffitt,Female,vgriffittgd@hud.gov,277 673 6093
Frances,Kiddye,Female,fkiddyege@chron.com,681 362 6898
Saree,Winborn,Female,swinborngf@github.com,997 488 5808
Karee,Labb,Female,klabbgg@fastcompany.com,793 927 0865
Pat,Axe,Female,paxegh@jigsy.com,644 932 4870
Fraze,McArtan,Male,fmcartangi@infoseek.co.jp,725 851 8835
Ethelin,De Lascy,Female,edelascygj@nymag.com,303 756 7391
Ahmad,Conachy,Male,aconachygk@cdc.gov,772 460 7811
Celestina,Lamplough,Bigender,clamploughgl@gravatar.com,131 218 1316
Geordie,Gamlen,Male,ggamlengm@newyorker.com,904 340 3433
Colver,Seavers,Male,cseaversgn@yandex.ru,809 114 4058
Karola,Amos,Female,kamosgo@europa.eu,707 173 9193
Leighton,Josselsohn,Male,ljosselsohngp@sina.com.cn,280 298 5518
Niki,Danielian,Female,ndanieliangq@blogtalkradio.com,780 305 9108
Fransisco,Comley,Male,fcomleygr@histats.com,698 988 8154
Brodie,Portress,Male,bportressgs@w3.org,358 111 7892
Standford,La Torre,Male,slatorregt@wufoo.com,899 906 5849
Linoel,Petrescu,Male,lpetrescugu@economist.com,556 469 7818
Amabel,Filon,Female,afilongv@uol.com.br,556 539 6698
Marchall,Paulsen,Male,mpaulsengw@reuters.com,823 988 4095
Conway,Leinster,Polygender,cleinstergx@cdbaby.com,802 495 3745
Harbert,Loxston,Male,hloxstongy@constantcontact.com,312 127 7195
Quentin,Laughren,Female,qlaughrengz@tinyurl.com,703 356 5940
Elden,Serman,Male,esermanh0@sohu.com,787 854 2580
Paula,Borrell,Polygender,pborrellh1@cdbaby.com,932 176 4792
Pearle,Houson,Female,phousonh2@spiegel.de,494 831 3425
Allister,Dana,Male,adanah3@i2i.jp,966 916 1278
Vassili,Onians,Male,voniansh4@csmonitor.com,450 613 2163
Reagen,de Voiels,Genderfluid,rdevoielsh5@macromedia.com,205 457 6603
Nye,Adamoli,Male,nadamolih6@yandex.ru,788 941 9494
Bourke,Hawkslee,Polygender,bhawksleeh7@instagram.com,215 501 0296
Turner,Felten,Bigender,tfeltenh8@barnesandnoble.com,299 551 1660
Matty,Blunsen,Male,mblunsenh9@abc.net.au,415 998 5074
Kandy,Jezzard,Female,kjezzardha@ca.gov,115 681 9994
Hamilton,Forrester,Male,hforresterhb@google.ru,740 922 9233
Case,Elmer,Polygender,celmerhc@jalbum.net,969 686 3570
Micheline,Goodwin,Female,mgoodwinhd@blinklist.com,388 860 6491
Esme,Trevear,Female,etrevearhe@mac.com,172 213 4250
Carr,Girodier,Male,cgirodierhf@skyrock.com,343 775 7084
Adelle,Ferras,Female,aferrashg@eventbrite.com,794 212 3396
Monty,Winyard,Male,mwinyardhh@alibaba.com,365 248 0808
Adrianna,Armit,Female,aarmithi@pbs.org,339 334 8416
Fredia,Mustin,Female,fmustinhj@salon.com,757 239 9529
Jeri,Howen,Female,jhowenhk@ask.com,946 188 0861
Myra,Franklyn,Genderqueer,mfranklynhl@sfgate.com,635 263 5960
Hilarius,Boult,Male,hboulthm@umich.edu,359 602 2084
Jason,Erridge,Male,jerridgehn@amazon.co.jp,754 691 1771
Naoma,Lace,Female,nlaceho@hibu.com,937 354 6994
Richart,Bangley,Male,rbangleyhp@jigsy.com,482 770 6655
Mathias,Hebard,Male,mhebardhq@acquirethisname.com,668 153 7515
Diarmid,Spivey,Male,dspiveyhr@globo.com,802 121 8251
Pippa,Smeeth,Female,psmeethhs@comcast.net,750 667 6513
Beilul,Attfield,Female,battfieldht@ycombinator.com,166 231 2425
Julieta,Bercevelo,Female,jbercevelohu@comsenz.com,384 512 3472
Gianina,Erasmus,Female,gerasmushv@sciencedirect.com,769 959 6337
Bobbe,Robert,Non-binary,broberthw@elegantthemes.com,234 127 5499
Lola,Morgon,Female,lmorgonhx@opensource.org,993 251 8870
Brice,Dressel,Polygender,bdresselhy@rediff.com,318 515 0956
Nikolos,Keyes,Male,nkeyeshz@elegantthemes.com,463 677 4459
Gabey,Ayce,Agender,gaycei0@naver.com,986 467 1310
Amandie,Patullo,Female,apatulloi1@tuttocitta.it,706 242 0916
Warden,Kiebes,Male,wkiebesi2@senate.gov,823 862 5355
Stanleigh,Emanulsson,Male,semanulssoni3@rediff.com,462 600 7932
Dorolisa,Groom,Female,dgroomi4@taobao.com,329 141 3973
Doll,Burrow,Female,dburrowi5@reference.com,254 871 2185
Monty,Jaffra,Male,mjaffrai6@scribd.com,399 751 1739
Theda,Joberne,Female,tjobernei7@newyorker.com,582 276 3907
Krisha,Ludman,Male,kludmani8@yahoo.com,919 524 4854
Hulda,Devons,Female,hdevonsi9@surveymonkey.com,813 809 6105
Anabal,McClurg,Female,amcclurgia@huffingtonpost.com,495 170 0512
Lexie,Sayce,Female,lsayceib@dailymail.co.uk,993 622 0683
Jens,Bigrigg,Male,jbigriggic@i2i.jp,854 821 5947
Bab,Simonetti,Female,bsimonettiid@loc.gov,280 977 6730
Emmit,Arnull,Male,earnullie@webnode.com,318 551 5948
Leonard,Paylor,Male,lpaylorif@t-online.de,661 171 2242
Sherwynd,Titchen,Male,stitchenig@wikimedia.org,215 962 2712
Orel,MacRedmond,Female,omacredmondih@nytimes.com,821 393 2393
Andrus,Woodes,Male,awoodesii@businessinsider.com,114 657 0308
Malissa,Chave,Bigender,mchaveij@nih.gov,964 634 7865
Wash,Langstone,Male,wlangstoneik@blogspot.com,826 716 8471
Carla,Codner,Female,ccodneril@nps.gov,575 372 5053
Malissa,Slocombe,Female,mslocombeim@sitemeter.com,126 308 5297
Sarita,Blaine,Female,sblainein@wikimedia.org,223 854 6762
Ced,Keaveney,Male,ckeaveneyio@sciencedirect.com,566 979 7313
Pattin,Strafford,Male,pstraffordip@jigsy.com,922 389 6054
Lazar,Blackstone,Polygender,lblackstoneiq@rediff.com,887 223 6243
Austin,Vaun,Agender,avaunir@blogspot.com,979 232 3563
Clio,Brugh,Female,cbrughis@123-reg.co.uk,430 229 5756
Dallas,Kleinert,Polygender,dkleinertit@va.gov,706 102 4525
Chauncey,Frayn,Male,cfrayniu@jiathis.com,739 546 0729
Agata,Ors,Female,aorsiv@sfgate.com,318 721 4498
Anderson,Paylie,Male,apaylieiw@youtube.com,424 956 9967
Jorey,Skin,Female,jskinix@netscape.com,814 669 0731
Viole,Balstone,Female,vbalstoneiy@phoca.cz,121 718 6014
Faydra,Hiers,Female,fhiersiz@newsvine.com,374 984 1733
Caressa,Cowill,Female,ccowillj0@dropbox.com,102 274 0221
Ula,Folke,Female,ufolkej1@army.mil,240 735 6742
Birch,Murricanes,Bigender,bmurricanesj2@odnoklassniki.ru,188 760 7618
Clara,Vaadeland,Female,cvaadelandj3@dailymotion.com,575 233 9556
Valene,Ingman,Female,vingmanj4@vk.com,885 913 0017
Misty,Doull,Female,mdoullj5@latimes.com,239 175 1212
Mandel,Flewitt,Male,mflewittj6@tuttocitta.it,830 636 8295
Christy,Kilcullen,Female,ckilcullenj7@tuttocitta.it,958 707 7550
Adolphus,Ortler,Male,aortlerj8@umn.edu,782 203 5118
Gayle,Matten,Non-binary,gmattenj9@state.tx.us,867 468 5825
Armstrong,Lipson,Male,alipsonja@state.tx.us,558 666 4167
Vaughn,Fyers,Male,vfyersjb@stanford.edu,753 495 2454
Brooke,Peidro,Male,bpeidrojc@cocolog-nifty.com,114 280 9723
Shurlocke,Bockman,Male,sbockmanjd@macromedia.com,790 602 3406
Deana,Sandes,Female,dsandesje@whitehouse.gov,545 998 5293
Bordie,Gilluley,Polygender,bgilluleyjf@yolasite.com,376 364 4067
Daniel,Burgot,Male,dburgotjg@wordpress.com,926 179 8302
Chucho,Pirkis,Male,cpirkisjh@shutterfly.com,808 690 2543
Ondrea,Elcocks,Female,oelcocksji@hp.com,777 478 9190
Malina,Coulthurst,Female,mcoulthurstjj@unesco.org,654 319 2116
Hewie,Amos,Male,hamosjk@devhub.com,660 999 1033
Sergeant,Streeting,Male,sstreetingjl@privacy.gov.au,485 542 2866
Leena,Drewry,Female,ldrewryjm@360.cn,686 396 3750
Tate,Blasik,Female,tblasikjn@flavors.me,118 635 9646
Edita,Brislen,Female,ebrislenjo@ycombinator.com,677 558 9707
Archaimbaud,Roderick,Male,aroderickjp@dyndns.org,787 692 5949
Erica,Dunbavin,Female,edunbavinjq@psu.edu,710 613 1017
Agathe,Kinch,Female,akinchjr@fotki.com,180 242 6583
Kele,Fenn,Male,kfennjs@army.mil,680 902 3502
Ermin,Vine,Male,evinejt@technorati.com,841 100 2879
Marylin,Fanshaw,Female,mfanshawju@acquirethisname.com,225 398 2697
Michaeline,Compfort,Female,mcompfortjv@arstechnica.com,953 800 9631
Cher,Sicily,Female,csicilyjw@usatoday.com,594 532 1911
Ermanno,Minerdo,Male,eminerdojx@sciencedirect.com,257 630 8802
Stevana,Tym,Female,stymjy@jugem.jp,667 972 9224
Irwin,Mueller,Male,imuellerjz@google.de,904 102 6065
Roobbie,Forsdyke,Female,rforsdykek0@alexa.com,815 377 7342
Jillane,Babonau,Bigender,jbabonauk1@goodreads.com,688 438 1204
Stormi,Varley,Female,svarleyk2@unesco.org,683 575 8459
Carlo,Matessian,Male,cmatessiank3@spiegel.de,178 908 1458
Retha,Konzelmann,Female,rkonzelmannk4@ibm.com,852 676 6105
Fiorenze,Sillick,Female,fsillickk5@google.co.uk,188 343 0436
Somerset,Astling,Male,sastlingk6@opensource.org,722 380 2665
Christiane,Rielly,Female,criellyk7@blogger.com,250 389 2870
Gilligan,Janczyk,Female,gjanczykk8@newsvine.com,192 603 0777
Adele,Rayburn,Female,arayburnk9@t.co,938 984 8876
Flemming,Presser,Male,fpresserka@themeforest.net,347 399 2830
Galina,Wetherill,Bigender,gwetherillkb@google.de,367 794 3357
Corbet,Keith,Male,ckeithkc@purevolume.com,472 876 6934
Dallis,Elce,Male,delcekd@unicef.org,684 878 0550
Carmen,Capener,Agender,ccapenerke@arizona.edu,421 684 5771
Arney,Solland,Male,asollandkf@noaa.gov,892 338 6711
Bondie,Semon,Male,bsemonkg@theguardian.com,268 869 4015
Margaretha,Bowshire,Female,mbowshirekh@cisco.com,420 146 0318
Dido,Lapham,Female,dlaphamki@ow.ly,434 773 5183
Mata,Lourenco,Male,mlourencokj@jimdo.com,340 976 2517
Brier,Tschirschky,Female,btschirschkykk@posterous.com,250 321 1655
Latrina,Kidby,Female,lkidbykl@latimes.com,504 103 9286
Melessa,McLewd,Polygender,mmclewdkm@ftc.gov,153 550 1291
Sigismondo,Mayers,Male,smayerskn@amazonaws.com,154 471 9438
Erek,Climance,Male,eclimanceko@free.fr,343 605 4755
Daryl,Pigney,Female,dpigneykp@odnoklassniki.ru,967 232 8853
Drugi,Marusyak,Male,dmarusyakkq@youtube.com,534 212 1216
Jerry,Ridolfo,Female,jridolfokr@networkadvertising.org,491 497 9308
Dougie,Chyuerton,Male,dchyuertonks@businessweek.com,140 393 6807
Christi,Siderfin,Non-binary,csiderfinkt@ow.ly,939 624 8913
Rosetta,Blackley,Female,rblackleyku@yellowbook.com,892 542 5995
Kendal,De Caroli,Male,kdecarolikv@amazon.co.uk,872 971 0964
Lacee,Massei,Female,lmasseikw@xrea.com,108 152 3781
Kendrick,Larmor,Non-binary,klarmorkx@columbia.edu,500 334 3926
Iseabal,Shippam,Female,ishippamky@dailymotion.com,534 910 6734
Hanan,Ambrosi,Male,hambrosikz@elegantthemes.com,101 724 2354
Burt,Harry,Male,bharryl0@wikimedia.org,865 570 5548
Murdock,Warne,Male,mwarnel1@exblog.jp,989 582 8980
Josh,Redding,Non-binary,jreddingl2@e-recht24.de,499 311 1189
Christye,Marchelli,Female,cmarchellil3@who.int,610 238 4448
Towny,Hambatch,Male,thambatchl4@printfriendly.com,834 554 6788
Cale,Spoors,Male,cspoorsl5@discovery.com,202 276 8346
Rowan,Moriarty,Male,rmoriartyl6@weather.com,313 315 2947
Gale,Gregs,Female,ggregsl7@e-recht24.de,220 526 9736
Jasmine,Osanne,Female,josannel8@patch.com,679 282 3699
Janeta,Ayres,Female,jayresl9@soup.io,806 854 7552
Cly,Glenwright,Male,cglenwrightla@technorati.com,575 928 6431
David,Bedin,Male,dbedinlb@nytimes.com,450 893 8951
Frank,Deviney,Female,fdevineylc@csmonitor.com,717 759 1042
Julee,Campanelle,Female,jcampanelleld@acquirethisname.com,585 546 3773
Janenna,Ginty,Female,jgintyle@google.ca,461 161 0368
Tomkin,Oleshunin,Male,toleshuninlf@goo.ne.jp,802 461 4859
Jeanelle,Parley,Female,jparleylg@harvard.edu,246 691 3937
Norbie,Wickie,Male,nwickielh@msn.com,540 615 2389
Rhianon,Di Nisco,Female,rdiniscoli@bloomberg.com,136 759 6802
Janean,Braundt,Female,jbraundtlj@nytimes.com,379 534 6157
Dene,Gingel,Male,dgingellk@google.co.jp,891 772 1326
Pip,Janaway,Male,pjanawayll@smh.com.au,132 744 7320
Jimmy,Boulstridge,Male,jboulstridgelm@bigcartel.com,141 977 3228
Rosalyn,Deschlein,Female,rdeschleinln@ebay.co.uk,771 849 7417
Merry,Willmer,Female,mwillmerlo@microsoft.com,713 784 0193
Celestine,Kinnaird,Female,ckinnairdlp@google.fr,830 411 1786
Alisa,Scothorn,Female,ascothornlq@behance.net,170 886 2707
Cleopatra,Leroy,Female,cleroylr@tumblr.com,293 196 5135
Ashil,Hanks,Female,ahanksls@rambler.ru,902 407 3773
Emmanuel,Heeley,Male,eheeleylt@blogger.com,452 230 8929
Toby,Rhead,Agender,trheadlu@jalbum.net,992 329 8911
Wheeler,Piffe,Male,wpiffelv@goo.gl,895 841 7492
Millard,Keesman,Male,mkeesmanlw@blogs.com,733 570 1319
Francine,Doni,Female,fdonilx@bloglines.com,119 997 4192
Jerrie,Hadcroft,Female,jhadcroftly@amazon.co.uk,294 317 0388
Cheston,Auchterlony,Male,cauchterlonylz@pagesperso-orange.fr,895 334 8411
Mercy,Etherton,Female,methertonm0@google.ru,104 475 8717
Reina,Kapelhoff,Female,rkapelhoffm1@biglobe.ne.jp,452 265 6354
Kate,McGregor,Female,kmcgregorm2@odnoklassniki.ru,119 634 9345
Celestia,McKibbin,Female,cmckibbinm3@topsy.com,847 453 2621
Wyatt,Tiffin,Male,wtiffinm4@wordpress.org,436 660 7239
Kaiser,Cattermull,Male,kcattermullm5@china.com.cn,878 428 2495
Turner,Rouch,Male,trouchm6@reference.com,377 116 1039
Giana,Huey,Female,ghueym7@paypal.com,217 633 4473
Prisca,Martinson,Non-binary,pmartinsonm8@woothemes.com,346 446 4628
Trefor,Bottrill,Male,tbottrillm9@virginia.edu,355 330 5813
Charmane,Heathcoat,Female,cheathcoatma@princeton.edu,478 444 5284
Arlyne,Carnachen,Female,acarnachenmb@tamu.edu,962 525 5894
Grant,Livett,Male,glivettmc@parallels.com,833 160 7630
Northrop,Meace,Male,nmeacemd@fda.gov,112 275 4976
Stevy,Verdon,Male,sverdonme@ed.gov,638 147 4440
Camel,Reppaport,Female,creppaportmf@psu.edu,544 465 8139
Gaby,de Tocqueville,Female,gdetocquevillemg@acquirethisname.com,513 659 8693
Moe,Dacombe,Male,mdacombemh@ox.ac.uk,332 238 3777
Thom,Gress,Male,tgressmi@ovh.net,233 121 0238
Jeannie,Reglar,Female,jreglarmj@flickr.com,828 903 2534
Holly,Mapp,Female,hmappmk@discuz.net,299 845 4756
Natty,Brennans,Female,nbrennansml@timesonline.co.uk,407 311 5032
Bernita,Lippiett,Female,blippiettmm@apache.org,225 252 7378
Aigneis,Sprague,Female,aspraguemn@ted.com,171 224 8719
Annabela,Elven,Female,aelvenmo@youtube.com,425 380 4943
Monique,Richardeau,Female,mrichardeaump@elegantthemes.com,732 834 5982
Dickie,Manuel,Male,dmanuelmq@apple.com,158 906 6369
Aaron,Gronow,Male,agronowmr@nsw.gov.au,619 828 6914
Ethelred,Stoter,Male,estoterms@networkadvertising.org,121 694 4068
Wiatt,Cust,Male,wcustmt@telegraph.co.uk,650 816 7391
Lulu,Stang-Gjertsen,Female,lstanggjertsenmu@sbwire.com,959 544 2762
Tildi,Rudledge,Female,trudledgemv@google.de,296 595 0180
Kathryn,Jennery,Female,kjennerymw@nba.com,870 971 8071
Werner,Mitkcov,Male,wmitkcovmx@angelfire.com,348 597 4575
Darnell,Aldwick,Male,daldwickmy@friendfeed.com,922 721 9425
Olva,Durn,Female,odurnmz@addthis.com,649 108 0346
Cooper,Bovey,Male,cboveyn0@latimes.com,177 253 5922
Jehu,Jurgenson,Genderqueer,jjurgensonn1@yelp.com,453 952 4001
Monti,Pilipyak,Male,mpilipyakn2@hp.com,410 788 4624
Robb,Lemon,Male,rlemonn3@i2i.jp,448 932 4682
Colan,Legh,Male,cleghn4@tinyurl.com,791 290 2125
Ange,Jovasevic,Male,ajovasevicn5@fotki.com,942 269 1234
Hinze,Plues,Male,hpluesn6@examiner.com,893 679 5435
Rafaela,Killby,Female,rkillbyn7@ihg.com,589 205 1487
Bevan,Tarbert,Male,btarbertn8@alexa.com,393 369 7298
Peta,Pougher,Female,ppoughern9@patch.com,802 435 0807
Tucky,Halford,Agender,thalfordna@google.ca,110 682 4495
Dory,Myford,Female,dmyfordnb@wisc.edu,919 728 0058
Rustie,Vauter,Male,rvauternc@wix.com,669 553 3859
Anny,Maffini,Female,amaffinind@marriott.com,624 610 7294
Quintana,Stentiford,Female,qstentifordne@bloglines.com,555 594 8060
Chester,Bacher,Male,cbachernf@comsenz.com,783 361 4231
Faun,Bemment,Female,fbemmentng@privacy.gov.au,559 196 3203
Adan,Gianolo,Male,agianolonh@tripod.com,566 915 1471
Nani,Dorsey,Female,ndorseyni@nps.gov,688 467 8687
Lawrence,Middleweek,Male,lmiddleweeknj@dailymail.co.uk,806 529 6021
Harlie,Nyssens,Female,hnyssensnk@bbc.co.uk,364 909 9130
Arlin,Cotterel,Male,acotterelnl@amazon.de,676 421 2545
Dorian,Dumphry,Male,ddumphrynm@wikia.com,689 439 6250
Ody,Rampley,Male,orampleynn@tinyurl.com,189 645 5985
Ninnette,Helks,Female,nhelksno@shinystat.com,605 727 6470
Dennison,Arkcoll,Male,darkcollnp@icq.com,767 903 4068
Patton,Montgomery,Male,pmontgomerynq@globo.com,710 690 9734
Calida,Melledy,Female,cmelledynr@slideshare.net,732 865 7119
Bertine,Danels,Female,bdanelsns@hibu.com,258 294 5506
Paulie,Tredgold,Female,ptredgoldnt@webnode.com,380 830 6045
Pierce,Lightbody,Male,plightbodynu@feedburner.com,995 757 0828
Cassy,Jenkyn,Female,cjenkynnv@netvibes.com,609 774 7786
Lydie,Gantzer,Female,lgantzernw@cpanel.net,208 442 6384
Henderson,Coxall,Male,hcoxallnx@wordpress.com,330 926 7812
Bax,Lemin,Male,bleminny@privacy.gov.au,114 794 3278
Annadiane,MacShirie,Female,amacshirienz@foxnews.com,315 124 3574
Hedvige,Monan,Female,hmonano0@com.com,907 353 3510
Cyb,Tidy,Female,ctidyo1@godaddy.com,680 614 0830
Laurent,Dyche,Male,ldycheo2@g.co,536 325 0535
Yard,Kollaschek,Genderqueer,ykollascheko3@java.com,579 879 4497
Philly,Emett,Female,pemetto4@eepurl.com,152 105 3364
Dominic,O'Hone,Male,dohoneo5@hubpages.com,290 191 8956
Domini,Bater,Female,dbatero6@wunderground.com,560 445 3901
Ginni,Eard,Female,geardo7@earthlink.net,779 192 6409
Clay,Waterdrinker,Male,cwaterdrinkero8@hatena.ne.jp,568 846 5518
Janey,Nitto,Female,jnittoo9@icq.com,474 145 5585
Ella,Harrington,Female,eharringtonoa@tinyurl.com,710 412 5659
Brier,Milne,Female,bmilneob@ihg.com,630 360 4119
Felisha,Colegate,Female,fcolegateoc@jalbum.net,367 945 3155
Jean,Wythe,Female,jwytheod@sogou.com,667 819 3392
Birgit,Gleder,Bigender,bglederoe@booking.com,954 211 2071
Roxanne,Wakerley,Female,rwakerleyof@surveymonkey.com,951 606 8303
Berny,Saurin,Male,bsaurinog@bbc.co.uk,932 355 6104
Wade,Ambrozik,Male,wambrozikoh@sbwire.com,653 867 6709
Weber,Buxsy,Male,wbuxsyoi@quantcast.com,965 541 3390
Cletis,Wolfendell,Male,cwolfendelloj@wikimedia.org,828 788 2711
Jenica,Bowdrey,Female,jbowdreyok@nifty.com,606 637 9581
Hagen,Naulty,Male,hnaultyol@theglobeandmail.com,527 316 8170
Zachery,Wiffen,Male,zwiffenom@time.com,293 600 5640
Barb,Hubbocks,Polygender,bhubbockson@usnews.com,764 379 9953
Kym,Annatt,Female,kannattoo@dyndns.org,884 579 8064
Traver,Hazelgreave,Male,thazelgreaveop@live.com,545 941 0565
Lawrence,Bertomier,Agender,lbertomieroq@cnet.com,714 357 1969
Elroy,Rubinovitch,Male,erubinovitchor@yellowpages.com,518 482 5524
Shannen,Gyurko,Female,sgyurkoos@tripadvisor.com,454 340 1231
Ira,Casali,Male,icasaliot@slideshare.net,549 922 4594
Carolynn,Poundsford,Female,cpoundsfordou@ihg.com,346 809 9714
Pierette,Andrelli,Female,pandrelliov@redcross.org,317 277 2083
Devinne,Cohrs,Female,dcohrsow@bloglines.com,603 332 2706
Sibylla,Ledford,Female,sledfordox@homestead.com,435 268 9575
Agretha,Grunson,Female,agrunsonoy@shareasale.com,262 626 0181
Cristobal,Shemwell,Male,cshemwelloz@nationalgeographic.com,227 593 3597
Butch,Ablewhite,Genderqueer,bablewhitep0@google.com.au,141 934 2788
Weylin,Messitt,Male,wmessittp1@ca.gov,147 746 3151
Forest,Phillpot,Agender,fphillpotp2@nytimes.com,157 389 2721
Spense,Sporrij,Male,ssporrijp3@sciencedirect.com,615 384 7399
Barbee,Bassick,Agender,bbassickp4@ezinearticles.com,996 187 4580
Sadella,Flaubert,Female,sflaubertp5@fc2.com,180 797 8123
Catlaina,Pilling,Female,cpillingp6@artisteer.com,209 642 7997
Eustacia,Williams,Polygender,ewilliamsp7@merriam-webster.com,457 628 0381
Alexandra,Giovani,Female,agiovanip8@feedburner.com,551 334 8984
Dorella,Comettoi,Female,dcomettoip9@youtube.com,795 292 8458
Adel,Searles,Female,asearlespa@gmpg.org,865 129 4683
Beret,Shottin,Female,bshottinpb@photobucket.com,606 833 4512
Rivkah,Garret,Female,rgarretpc@nih.gov,292 169 9839
Ab,Leif,Male,aleifpd@themeforest.net,116 891 2444
Bernetta,Carvell,Female,bcarvellpe@tuttocitta.it,432 531 6545
Peri,Ceaplen,Female,pceaplenpf@goo.ne.jp,647 710 8124
Caryn,Levesque,Female,clevesquepg@bigcartel.com,571 104 4966
Claudianus,Senyard,Male,csenyardph@xrea.com,257 121 1287
Arlen,Wren,Male,awrenpi@mozilla.org,230 532 8501
Adaline,Caine,Female,acainepj@toplist.cz,169 378 0572
Filmore,Treanor,Male,ftreanorpk@ovh.net,597 177 1071
Ave,Diche,Non-binary,adichepl@chron.com,451 964 9173
Clint,Cormode,Male,ccormodepm@mlb.com,577 375 1651
Roxy,Lafontaine,Female,rlafontainepn@miibeian.gov.cn,623 724 0855
Uriel,Fellgatt,Male,ufellgattpo@shinystat.com,127 428 1018
Bret,Selwyn,Non-binary,bselwynpp@delicious.com,759 223 4331
Lynnette,Venes,Female,lvenespq@studiopress.com,659 734 6305
Stanwood,Crinion,Male,scrinionpr@examiner.com,278 299 8005
Dorothy,Stogill,Female,dstogillps@usatoday.com,613 642 7463
Saudra,Presshaugh,Female,spresshaughpt@hibu.com,919 764 6317
Homerus,Husbands,Male,hhusbandspu@ask.com,134 910 6915
Anstice,Pigot,Female,apigotpv@com.com,602 244 2925
Margo,Rottery,Female,mrotterypw@storify.com,969 467 5675
Angie,Scriver,Male,ascriverpx@comsenz.com,548 670 1296
Nomi,Petruskevich,Agender,npetruskevichpy@linkedin.com,657 199 3881
Lyndel,Mirams,Female,lmiramspz@flickr.com,379 613 0848
Tommy,Fairney,Male,tfairneyq0@discuz.net,638 707 8407
Andree,Timmis,Female,atimmisq1@illinois.edu,605 889 1162
Byron,Garred,Bigender,bgarredq2@nyu.edu,343 778 0616
Kayne,Elintune,Male,kelintuneq3@trellian.com,537 850 4699
Laurence,Larrington,Male,llarringtonq4@hubpages.com,525 144 2509
Elliot,McCheyne,Male,emccheyneq5@pagesperso-orange.fr,872 768 3713
Birch,Szwarc,Male,bszwarcq6@icq.com,571 553 4934
Wallas,Riall,Genderfluid,wriallq7@youtube.com,148 655 4207
Mollee,Nason,Female,mnasonq8@craigslist.org,908 673 9396
Emiline,Vequaud,Genderfluid,evequaudq9@discuz.net,745 800 4921
Neale,Reven,Male,nrevenqa@unblog.fr,952 592 1967
Byran,McGinly,Male,bmcginlyqb@themeforest.net,419 918 0369
Claudius,Dilawey,Male,cdilaweyqc@networkadvertising.org,172 506 2143
Garey,Sorsby,Male,gsorsbyqd@unicef.org,407 404 7569
Flem,Gowlett,Male,fgowlettqe@sciencedirect.com,102 817 6029
Melli,Glinde,Female,mglindeqf@accuweather.com,628 317 3984
Trip,Langman,Male,tlangmanqg@yellowpages.com,209 944 8001
Mabelle,Hassey,Female,mhasseyqh@hud.gov,923 945 1922
Jeremy,Markl,Male,jmarklqi@posterous.com,855 199 3104
Barbara-anne,Cudby,Female,bcudbyqj@nba.com,812 309 5127
Thacher,Matoshin,Male,tmatoshinqk@prlog.org,655 271 4117
Oriana,O'Sheeryne,Female,oosheeryneql@acquirethisname.com,657 661 5135
Eudora,Gilogly,Female,egiloglyqm@census.gov,562 634 5173
Salomo,Hutchason,Male,shutchasonqn@a8.net,778 446 1136
Farand,Duggan,Female,fdugganqo@nymag.com,551 260 1589
Thane,Thicking,Male,tthickingqp@blog.com,994 659 3447
Fiona,Barks,Female,fbarksqq@google.cn,383 155 5019
Aurora,Inder,Non-binary,ainderqr@amazon.com,182 991 1083
Rem,Cooksey,Male,rcookseyqs@github.com,394 357 7456
Morly,Manford,Male,mmanfordqt@newyorker.com,482 812 0699
Constantino,Kimmons,Male,ckimmonsqu@home.pl,225 241 8779
Joya,Godfray,Female,jgodfrayqv@cocolog-nifty.com,341 701 4361
Kiley,Noraway,Female,knorawayqw@dailymail.co.uk,177 184 1805
Celene,Brettle,Female,cbrettleqx@wired.com,548 685 5359
Bobbi,Postance,Female,bpostanceqy@cnn.com,989 807 7374
Sonnie,Schwant,Male,sschwantqz@wisc.edu,327 263 4565
Madelle,Cordle,Female,mcordler0@usnews.com,864 995 4304
Melantha,Hercules,Female,mherculesr1@state.tx.us,275 512 0757
Lynnette,Greest,Female,lgreestr2@chicagotribune.com,997 707 1391
Jorgan,Sperski,Male,jsperskir3@nytimes.com,977 650 7626
Britt,Sarney,Agender,bsarneyr4@e-recht24.de,362 144 5156
Ophelie,Pither,Genderqueer,opitherr5@sohu.com,614 899 4992
Oliver,Wolfer,Male,owolferr6@sogou.com,318 208 3550
Jacky,Venny,Male,jvennyr7@si.edu,984 293 6605
Ado,Strivens,Male,astrivensr8@mapquest.com,675 512 9919
Rollin,Scoggan,Male,rscogganr9@phoca.cz,956 883 9815
Devonna,Brehaut,Female,dbrehautra@shareasale.com,203 928 5590
Kile,Liverock,Male,kliverockrb@cisco.com,783 300 2953
Illa,Reed,Female,ireedrc@g.co,951 926 4097
Rockie,Bech,Male,rbechrd@squidoo.com,887 810 9502
Jabez,Dunkerton,Male,jdunkertonre@desdev.cn,414 178 2850
Michale,Fieldstone,Male,mfieldstonerf@wikia.com,398 903 6843
Hilly,Jannex,Male,hjannexrg@mozilla.org,469 389 9831
Christabella,Tremolieres,Female,ctremolieresrh@linkedin.com,181 211 3519
Ogdon,Burgot,Male,oburgotri@army.mil,433 416 1749
Dinnie,McGlew,Female,dmcglewrj@japanpost.jp,270 659 0115
Walt,Mc Comb,Male,wmccombrk@theglobeandmail.com,896 780 2250
Lars,De Avenell,Male,ldeavenellrl@w3.org,726 482 7010
Dene,Chipping,Male,dchippingrm@over-blog.com,369 457 1351
Isadora,Balog,Female,ibalogrn@cbsnews.com,328 195 5425
Zola,Prendeville,Female,zprendevillero@pcworld.com,905 250 4969
Adoree,Ewing,Female,aewingrp@dropbox.com,917 261 2207
Steffen,Guillou,Male,sguillourq@drupal.org,144 482 0506
Caryn,Gwinnett,Female,cgwinnettrr@newsvine.com,609 283 9580
