first_name,last_name,gender,email,phone
Kimberly,Heintz,Female,kheintz0@jigsy.com,100 234 9019
Claudie,Fattori,Non-binary,cfattori1@delicious.com,610 745 2359
Merralee,O'Fallone,Female,mofallone2@washingtonpost.com,196 578 8416
Amalita,Spiby,Genderfluid,aspiby3@ycombinator.com,507 316 4346
Rosalyn,Stathor,Female,rstathor4@alexa.com,384 708 6965
Georgiana,Labin,Female,glabin5@berkeley.edu,966 448 2016
Barbe,Martine,Agender,bmartine6@newsvine.com,935 729 7597
Francklyn,Rudinger,Male,frudinger7@free.fr,244 780 1655
Tybalt,Willbraham,Bigender,twillbraham8@g.co,520 348 4152
Letty,Foddy,Female,lfoddy9@tamu.edu,858 742 0498
Nikolaos,Childerley,Non-binary,nchilderleya@surveymonkey.com,730 779 9583
Adriano,Hendrickx,Male,ahendrickxb@ask.com,761 811 4940
Thea,Jickells,Female,tjickellsc@xinhuanet.com,950 112 7232
Cathie,Ibbitson,Female,cibbitsond@g.co,921 914 2956
Chilton,Sprankling,Male,cspranklinge@webnode.com,772 436 2264
Collie,Deely,Female,cdeelyf@smh.com.au,490 644 4545
Matilda,Ellick,Female,mellickg@wikispaces.com,237 761 3839
Ivory,Derle,Female,iderleh@ft.com,634 152 5769
Torry,Lapere,Male,tlaperei@multiply.com,915 551 8224
Leonanie,Bassindale,Female,lbassindalej@accuweather.com,442 484 9066
Nelle,Airy,Female,nairyk@wsj.com,581 520 6806
Paige,Fuentes,Male,pfuentesl@nymag.com,707 954 0096
Jared,Tithecott,Male,jtithecottm@taobao.com,674 296 9034
Roxanna,Scad,Female,rscadn@ca.gov,943 706 6225
Jacky,Dedmam,Female,jdedmamo@posterous.com,202 442 9842
Zachariah,Steptowe,Genderfluid,zsteptowep@edublogs.org,949 510 8441
Miof mela,Pagelsen,Female,mpagelsenq@theguardian.com,163 274 9775
Reilly,Lockless,Male,rlocklessr@amazon.com,390 488 0856
Sawyer,Melonby,Male,smelonbys@cmu.edu,314 994 0505
Chauncey,Van der Brugge,Male,cvanderbrugget@live.com,773 149 7139
Royce,Arthan,Male,rarthanu@linkedin.com,643 186 1450
Janeen,MacCallester,Female,jmaccallesterv@usgs.gov,306 387 5710
Clarence,Melendez,Male,cmelendezw@vinaora.com,983 255 3040
Vitia,Peaden,Female,vpeadenx@discuz.net,211 634 9095
Myriam,Beards,Female,mbeardsy@goo.gl,403 967 2400
Burt,Custard,Male,bcustardz@discovery.com,929 895 7768
Jacenta,Crippin,Female,jcrippin10@globo.com,313 695 1094
Rivi,Cranmer,Female,rcranmer11@fema.gov,279 742 6996
Levy,Browncey,Male,lbrowncey12@apache.org,431 473 6968
Lizbeth,Bendley,Female,lbendley13@sciencedaily.com,979 146 1197
Betsey,Whalebelly,Female,bwhalebelly14@intel.com,186 595 4432
Marne,Meigh,Female,mmeigh15@samsung.com,864 741 0717
Maurizio,Kidstoun,Male,mkidstoun16@answers.com,849 962 9231
Davon,De Ath,Male,ddeath17@cpanel.net,312 551 0389
Sergei,Costelloe,Male,scostelloe18@moonfruit.com,403 204 0546
Goraud,Whatmough,Male,gwhatmough19@printfriendly.com,141 734 7742
Lia,Eassom,Female,leassom1a@cnn.com,660 140 9059
Dorine,Briggdale,Female,dbriggdale1b@eepurl.com,556 184 2927
Roma,Arnely,Male,rarnely1c@youku.com,118 480 8684
Gavin,Brissenden,Male,gbrissenden1d@simplemachines.org,722 271 3425
Roderich,Cracoe,Male,rcracoe1e@smugmug.com,784 142 5152
Morey,Windibank,Agender,mwindibank1f@merriam-webster.com,430 537 4657
Krystalle,Joselovitch,Female,kjoselovitch1g@uol.com.br,838 479 7611
Samson,Launchbury,Male,slaunchbury1h@foxnews.com,293 756 4342
Alex,Debnam,Female,adebnam1i@nba.com,238 250 1451
Lyndsay,Risom,Non-binary,lrisom1j@youku.com,155 304 3497
Bryant,Jewsbury,Male,bjewsbury1k@symantec.com,122 453 8407
Robina,Greenstock,Female,rgreenstock1l@blogspot.com,938 864 4048
Felecia,Dibbert,Female,fdibbert1m@goo.gl,388 134 9625
Torin,Blaxland,Male,tblaxland1n@odnoklassniki.ru,132 576 5902
Erv,Lesper,Male,elesper1o@livejournal.com,627 349 6996
Beverlee,Mariner,Female,bmariner1p@ning.com,386 589 7082
Noami,Ferrige,Female,nferrige1q@chron.com,930 207 0558
Gualterio,Cadwaladr,Male,gcadwaladr1r@pcworld.com,298 472 5418
Boigie,Hutcheons,Male,bhutcheons1s@nbcnews.com,982 927 9658
Mel,Pennock,Polygender,mpennock1t@geocities.com,497 882 7648
Cesaro,Drewet,Male,cdrewet1u@cpanel.net,535 986 2773
Ado,Attenborrow,Male,aattenborrow1v@wired.com,652 114 2000
Brennan,Grover,Male,bgrover1w@amazon.co.jp,733 233 9949
Petronille,Borrow,Female,pborrow1x@nba.com,479 979 4016
Carleen,Staner,Female,cstaner1y@army.mil,435 323 0265
Kimberlyn,Scargle,Female,kscargle1z@topsy.com,963 288 8316
Haze,Hastwell,Male,hhastwell20@mac.com,220 284 6781
Quinta,Pydcock,Female,qpydcock21@cargocollective.com,107 186 8401
Halsy,Zukerman,Male,hzukerman22@csmonitor.com,679 695 8416
Howey,Gellert,Male,hgellert23@hud.gov,222 246 4909
Stewart,Scotchmoor,Male,sscotchmoor24@apache.org,976 941 9333
Nelia,Rowlin,Female,nrowlin25@smugmug.com,330 529 6235
Ivar,Gerard,Male,igerard26@weather.com,874 410 4724
Orly,Haskett,Female,ohaskett27@github.com,302 705 5695
Shirley,Camois,Female,scamois28@about.me,487 349 8305
Theadora,Lappin,Female,tlappin29@ucsd.edu,810 780 2422
Hurley,Ashborne,Non-binary,hashborne2a@senate.gov,574 257 4228
Doreen,Konert,Female,dkonert2b@ovh.net,644 767 6665
Ripley,Peerman,Male,rpeerman2c@imageshack.us,662 895 7965
Berry,Groarty,Genderfluid,bgroarty2d@amazon.co.uk,298 103 0364
Mannie,Roll,Male,mroll2e@nifty.com,833 462 0497
Wendye,Bouchier,Polygender,wbouchier2f@loc.gov,993 714 8836
Kristopher,Ariss,Male,kariss2g@lycos.com,237 904 6969
Godfrey,Keller,Male,gkeller2h@wordpress.com,815 841 5230
Bunnie,Reddell,Bigender,breddell2i@1688.com,942 439 4853
Domini,Courage,Polygender,dcourage2j@examiner.com,320 681 8150
Arielle,O'Hagirtie,Female,aohagirtie2k@mozilla.com,565 288 6682
Franchot,Beedie,Male,fbeedie2l@about.com,954 348 6968
Wit,Maulkin,Male,wmaulkin2m@walmart.com,695 552 9212
Kerwinn,Scahill,Male,kscahill2n@moonfruit.com,401 111 5752
Peggi,Preble,Female,ppreble2o@fc2.com,378 529 2710
Louisa,Shackle,Female,lshackle2p@de.vu,258 354 7117
Scotty,Camilli,Male,scamilli2q@ask.com,951 909 9638
Ashlen,Perrins,Female,aperrins2r@indiatimes.com,988 769 4028
Mora,Snowsill,Female,msnowsill2s@forbes.com,402 151 5936
Annette,Ould,Female,aould2t@hhs.gov,535 330 2172
Byrle,Baythrop,Male,bbaythrop2u@va.gov,840 899 1913
Jerrold,Brend,Male,jbrend2v@harvard.edu,655 594 7773
Kariotta,Pedden,Female,kpedden2w@tinyurl.com,130 692 2175
Catherina,Sprowson,Non-binary,csprowson2x@gmpg.org,965 759 7170
Teri,Matt,Genderqueer,tmatt2y@mit.edu,425 442 0357
Lois,Readmire,Female,lreadmire2z@statcounter.com,308 678 3290
Quinta,Scarlan,Bigender,qscarlan30@opera.com,221 246 6280
Ansell,Tuvey,Male,atuvey31@nba.com,202 222 8909
Iseabal,McGowan,Female,imcgowan32@webmd.com,887 633 2358
Gae,Bere,Female,gbere33@woothemes.com,999 327 5537
Emory,Vankin,Male,evankin34@xing.com,857 948 2092
Holmes,Ducker,Male,hducker35@usa.gov,590 521 2412
Egor,Lyte,Agender,elyte36@parallels.com,950 869 8273
Shaw,Jeanes,Male,sjeanes37@sciencedaily.com,762 579 3159
Lind,Neeves,Male,lneeves38@list-manage.com,575 804 7330
Correy,Minall,Female,cminall39@cbslocal.com,288 723 1068
Adorne,Bloxland,Female,abloxland3a@psu.edu,445 729 6989
Luisa,Stickley,Female,lstickley3b@php.net,678 475 1764
Port,Comolli,Male,pcomolli3c@home.pl,765 824 5110
Cliff,Manvelle,Male,cmanvelle3d@w3.org,151 669 8851
Emmalynn,Whisson,Female,ewhisson3e@msu.edu,139 644 4351
Hinze,Romaines,Male,hromaines3f@sogou.com,260 619 2371
Dwain,Huggard,Male,dhuggard3g@mtv.com,411 201 2007
Wolf,Fleay,Male,wfleay3h@un.org,207 195 5731
Tiphany,Whitmore,Female,twhitmore3i@cyberchimps.com,494 568 2518
Corinne,Dumpleton,Female,cdumpleton3j@topsy.com,785 826 7790
Heather,Scothorne,Genderqueer,hscothorne3k@odnoklassniki.ru,643 583 9610
Tamas,Line,Male,tline3l@tinypic.com,607 451 9860
Law,Klewer,Male,lklewer3m@bigcartel.com,407 308 4831
Pearce,Broomfield,Male,pbroomfield3n@umich.edu,109 249 4602
Kareem,Wolfendale,Male,kwolfendale3o@unblog.fr,154 604 5679
Zachary,Elgram,Male,zelgram3p@kickstarter.com,217 788 7810
Orlan,Clyma,Male,oclyma3q@edublogs.org,717 768 0461
Isidora,Rittmeier,Female,irittmeier3r@upenn.edu,154 899 5412
Larisa,Ygo,Female,lygo3s@sakura.ne.jp,227 676 3095
Daryl,Bargh,Female,dbargh3t@shareasale.com,474 949 7705
Lilia,Glasser,Female,lglasser3u@craigslist.org,131 652 4165
Trace,Torres,Male,ttorres3v@ed.gov,222 572 9493
Jorry,Bucksey,Female,jbucksey3w@chronoengine.com,327 659 0233
Abbie,Doick,Male,adoick3x@i2i.jp,490 640 0267
Giovanni,Speare,Male,gspeare3y@fema.gov,437 479 6575
Jareb,Grigs,Agender,jgrigs3z@360.cn,909 919 3845
Benny,Breitler,Female,bbreitler40@etsy.com,681 598 2375
Bernardo,Perigo,Genderfluid,bperigo41@w3.org,871 415 7635
Rivalee,Tysall,Bigender,rtysall42@nsw.gov.au,919 160 3555
Devina,Crannage,Female,dcrannage43@google.com,873 171 0732
Dorotea,Aspole,Female,daspole44@xing.com,585 743 1790
Audra,Smallridge,Female,asmallridge45@hud.gov,316 642 8143
Mallorie,Klemmt,Female,mklemmt46@rambler.ru,816 893 4222
Kennie,Hallagan,Male,khallagan47@aboutads.info,916 643 8925
Judie,Gainsbury,Female,jgainsbury48@nature.com,623 857 4131
Constanta,Smalridge,Female,csmalridge49@mediafire.com,593 313 0318
Weber,Alleyn,Male,walleyn4a@woothemes.com,188 950 6018
Raleigh,Hugenin,Male,rhugenin4b@hexun.com,213 770 5754
Deane,D'Andrea,Male,ddandrea4c@wisc.edu,300 434 7526
Bride,Castletine,Genderfluid,bcastletine4d@etsy.com,353 485 5190
Ephraim,Villiers,Male,evilliers4e@last.fm,731 965 7799
Mohammed,Crowth,Male,mcrowth4f@chronoengine.com,870 204 7808
Margaret,Comolli,Female,mcomolli4g@fda.gov,774 692 0248
Marsh,Apfel,Male,mapfel4h@utexas.edu,699 450 3136
Karine,Louder,Female,klouder4i@ihg.com,489 227 3062
Rahel,Leavry,Female,rleavry4j@photobucket.com,482 778 1707
Leonardo,Klaussen,Male,lklaussen4k@globo.com,563 961 4064
Ives,Mucklestone,Male,imucklestone4l@multiply.com,639 882 3197
Letizia,Goldring,Female,lgoldring4m@wiley.com,392 737 4979
Stacey,Hazelgreave,Female,shazelgreave4n@e-recht24.de,851 379 5296
Tabbie,Tingley,Female,ttingley4o@ning.com,951 671 0286
Wilburt,Brimson,Male,wbrimson4p@zdnet.com,282 849 1780
Garnette,Yashanov,Female,gyashanov4q@phoca.cz,984 336 5734
Lucho,Cattlemull,Male,lcattlemull4r@va.gov,816 514 1418
Smitty,Carrabott,Male,scarrabott4s@abc.net.au,919 956 9702
Frazer,Giller,Male,fgiller4t@drupal.org,346 954 1807
Grannie,Geale,Male,ggeale4u@elpais.com,278 785 0065
Kort,Shortell,Male,kshortell4v@hud.gov,457 548 7718
Gilligan,Carragher,Female,gcarragher4w@disqus.com,287 352 1548
Staford,Abraham,Genderqueer,sabraham4x@ezinearticles.com,553 340 4028
Missie,Wilby,Female,mwilby4y@seattletimes.com,260 102 9295
Elberta,O'Cannovane,Female,eocannovane4z@nih.gov,571 503 5597
Baudoin,Windaybank,Male,bwindaybank50@weibo.com,956 371 7546
Titos,Dozdill,Male,tdozdill51@joomla.org,911 210 3136
Fred,Tasseler,Male,ftasseler52@kickstarter.com,114 684 6034
Caroljean,Episcopio,Female,cepiscopio53@dropbox.com,639 718 4242
Byran,Enrigo,Male,benrigo54@meetup.com,869 126 3667
Holly,Puttock,Male,hputtock55@slate.com,421 673 3799
Edythe,Collidge,Female,ecollidge56@wunderground.com,440 857 9376
Grover,Sherwin,Male,gsherwin57@goo.ne.jp,607 388 1386
Hillel,Purrington,Male,hpurrington58@blog.com,642 918 4231
Theodore,Loton,Male,tloton59@tinyurl.com,881 298 3654
Emmet,Potkins,Male,epotkins5a@unicef.org,230 225 5740
Augustina,Klauber,Female,aklauber5b@biglobe.ne.jp,127 903 8225
Kirsten,Fairbrother,Female,kfairbrother5c@disqus.com,488 907 1166
Demetre,Sorey,Genderqueer,dsorey5d@craigslist.org,478 272 8955
Keslie,Fowle,Agender,kfowle5e@naver.com,660 149 8072
Carol-jean,Hallum,Polygender,challum5f@admin.ch,275 292 3597
Reggy,Hebden,Male,rhebden5g@bbc.co.uk,183 204 9312
Alistair,Grent,Male,agrent5h@infoseek.co.jp,665 187 8411
Jojo,Jimson,Female,jjimson5i@cnet.com,365 646 9387
Saundra,O'Deoran,Male,sodeoran5j@godaddy.com,418 646 1389
Burtie,Spancock,Male,bspancock5k@nyu.edu,694 529 9394
Torry,Twiggins,Male,ttwiggins5l@economist.com,418 914 2276
Corly,Cortnay,Female,ccortnay5m@behance.net,718 629 9683
Dalt,Hunsworth,Male,dhunsworth5n@google.co.uk,248 854 0667
Gibb,Burlingham,Male,gburlingham5o@comcast.net,758 889 9587
Patton,Aylmer,Male,paylmer5p@tinypic.com,394 699 8351
Phyllis,Guitt,Female,pguitt5q@usatoday.com,867 175 3313
Andris,Gunderson,Male,agunderson5r@netvibes.com,497 466 1661
Layney,Everitt,Female,leveritt5s@marriott.com,159 277 6792
Reuben,Hamlett,Male,rhamlett5t@prlog.org,349 360 8744
Vinson,Scogings,Agender,vscogings5u@nih.gov,828 973 8091
Upton,Bartolomivis,Male,ubartolomivis5v@msu.edu,615 563 2186
Salvidor,Ouslem,Male,souslem5w@mediafire.com,432 125 3786
Laird,Parnby,Male,lparnby5x@amazon.de,638 532 6771
Missy,Maleham,Female,mmaleham5y@exblog.jp,161 359 6514
Linda,Drewitt,Female,ldrewitt5z@shinystat.com,420 872 4120
Tallia,Knowller,Female,tknowller60@clickbank.net,631 839 5862
Jordanna,Dinning,Female,jdinning61@prlog.org,676 697 9215
Ethe,Wiggall,Male,ewiggall62@comcast.net,867 133 0727
Latrina,O'Hartagan,Female,lohartagan63@house.gov,653 927 5032
Candida,Klawi,Female,cklawi64@linkedin.com,878 196 8304
Ellwood,Mitchelmore,Male,emitchelmore65@google.com,315 155 5623
Daffy,Fromant,Female,dfromant66@pcworld.com,821 983 3032
Erhart,Boig,Male,eboig67@statcounter.com,954 259 2677
Colin,Naisbitt,Male,cnaisbitt68@ftc.gov,159 764 5450
Ferrell,Brabham,Male,fbrabham69@sciencedirect.com,168 446 6124
Ethelyn,Brunner,Female,ebrunner6a@csmonitor.com,112 366 6756
Dagmar,Boynes,Female,dboynes6b@springer.com,832 996 8229
Delphine,Iacobassi,Female,diacobassi6c@csmonitor.com,566 980 4413
Blinnie,Ingarfill,Female,bingarfill6d@dailymail.co.uk,500 519 7879
Bibbie,Gosby,Female,bgosby6e@slideshare.net,751 285 6426
Engracia,Jozsef,Female,ejozsef6f@mozilla.com,891 703 3158
Brucie,Chrestien,Male,bchrestien6g@engadget.com,959 128 2394
Trey,Bathoe,Male,tbathoe6h@wikispaces.com,491 289 0357
Ardith,Vina,Female,avina6i@gov.uk,459 710 6677
Adina,Rhodes,Female,arhodes6j@tuttocitta.it,935 336 0040
Giulietta,Cornhill,Female,gcornhill6k@cbc.ca,307 941 7827
Dale,Grestie,Female,dgrestie6l@wordpress.org,657 898 1189
Alexei,Shenfish,Male,ashenfish6m@amazon.com,865 488 4911
Howard,Eve,Male,heve6n@weibo.com,561 501 6542
Claiborne,Grimditch,Male,cgrimditch6o@engadget.com,973 157 6565
Washington,Titchen,Male,wtitchen6p@gnu.org,376 942 7988
Fernande,Agronski,Female,fagronski6q@spotify.com,122 959 4883
Zed,Dyer,Male,zdyer6r@networksolutions.com,559 211 5266
Emanuele,Pellett,Male,epellett6s@vinaora.com,550 258 9605
Ari,Beak,Polygender,abeak6t@phpbb.com,426 176 7030
Taite,Simonel,Genderqueer,tsimonel6u@ask.com,310 418 1320
Doretta,Kyrkeman,Female,dkyrkeman6v@shop-pro.jp,832 678 6989
Tawsha,Olivas,Female,tolivas6w@harvard.edu,687 798 0977
Michaela,Maymand,Female,mmaymand6x@wikispaces.com,769 243 4779
Rosemary,Simms,Female,rsimms6y@europa.eu,970 927 6416
Simone,Ivens,Male,sivens6z@google.de,677 165 2682
Daloris,Edson,Female,dedson70@engadget.com,370 584 4671
Coraline,Erett,Female,cerett71@typepad.com,497 298 1998
Kelli,Stenton,Female,kstenton72@businessinsider.com,150 615 6308
Sheba,Svanetti,Female,ssvanetti73@gov.uk,118 295 0195
Axel,Shatliff,Male,ashatliff74@auda.org.au,466 791 5973
Garvey,Garken,Agender,ggarken75@creativecommons.org,243 306 3464
Nichole,Wasylkiewicz,Male,nwasylkiewicz76@istockphoto.com,618 554 3328
Jourdan,Pirazzi,Female,jpirazzi77@list-manage.com,670 408 7647
Kial,Clemoes,Female,kclemoes78@dropbox.com,704 224 7059
Janelle,Matiasek,Female,jmatiasek79@indiegogo.com,929 303 6613
Sidonnie,Brownell,Female,sbrownell7a@amazon.de,662 960 8760
Angie,Bowkley,Genderqueer,abowkley7b@amazon.co.jp,512 183 5608
Hew,Couvert,Male,hcouvert7c@ucla.edu,295 255 8044
Mortie,Mathan,Male,mmathan7d@slate.com,161 535 0081
Broddy,Follett,Male,bfollett7e@networkadvertising.org,912 644 3741
Leighton,Sarsons,Male,lsarsons7f@mit.edu,287 992 4674
Seline,Ibanez,Female,sibanez7g@amazon.de,355 293 9273
Florri,Arniz,Female,farniz7h@quantcast.com,279 263 2441
Giffard,Tebbutt,Male,gtebbutt7i@behance.net,824 108 8983
Adriaens,Hankin,Female,ahankin7j@dyndns.org,758 273 1070
Tiff,Dakin,Female,tdakin7k@instagram.com,572 956 1960
Nelli,Todd,Female,ntodd7l@bloglovin.com,655 752 4835
John,Gosker,Male,jgosker7m@ft.com,306 585 1821
Ainsley,Meynell,Female,ameynell7n@narod.ru,315 780 4486
Boony,Braunter,Male,bbraunter7o@fastcompany.com,313 561 6569
Lindsay,Perrottet,Male,lperrottet7p@youku.com,872 353 6491
Juieta,Le Jean,Female,jlejean7q@rambler.ru,463 966 4819
Ardra,Rosenblatt,Female,arosenblatt7r@omniture.com,798 150 7996
Kerr,Wasylkiewicz,Bigender,kwasylkiewicz7s@vk.com,313 346 5023
Rafael,Booley,Male,rbooley7t@toplist.cz,947 922 1211
Etta,Cawthorne,Female,ecawthorne7u@mac.com,509 914 0596
Krystal,Lude,Female,klude7v@friendfeed.com,675 448 4753
Virgil,Leftley,Male,vleftley7w@twitpic.com,402 778 4323
Carlin,Christofol,Male,cchristofol7x@gmpg.org,218 833 1782
Scottie,McQuaide,Male,smcquaide7y@facebook.com,428 415 8443
Vernen,Egel,Male,vegel7z@timesonline.co.uk,401 364 3615
Kellby,Sabban,Genderqueer,ksabban80@amazonaws.com,786 739 9944
Noelle,De Lacey,Female,ndelacey81@360.cn,287 646 5743
Currey,Tidcomb,Male,ctidcomb82@comsenz.com,516 480 0017
Moishe,Dominguez,Male,mdominguez83@redcross.org,857 452 0806
Georges,Ellice,Male,gellice84@columbia.edu,552 729 9981
Joeann,Walwood,Female,jwalwood85@google.ca,823 509 7696
Anissa,Vase,Female,avase86@java.com,319 326 0135
Frasier,Cow,Male,fcow87@hud.gov,717 450 8989
Brana,Shawl,Female,bshawl88@tripadvisor.com,328 484 5064
Zared,Monk,Male,zmonk89@dailymotion.com,599 740 7880
Ingaberg,Dowears,Female,idowears8a@china.com.cn,967 889 2475
Elfrieda,Kacheler,Genderqueer,ekacheler8b@washington.edu,174 166 3293
Alley,Scates,Male,ascates8c@unc.edu,943 872 4157
Amby,De Launde,Male,adelaunde8d@instagram.com,935 883 8895
Andromache,Hindenburg,Female,ahindenburg8e@surveymonkey.com,976 399 9989
Constantia,Cragell,Female,ccragell8f@squarespace.com,214 379 9524
Fritz,Morman,Male,fmorman8g@salon.com,560 114 6234
Fifine,MacGillivray,Female,fmacgillivray8h@woothemes.com,576 375 0649
Arabele,Dymick,Agender,adymick8i@state.gov,667 383 4343
Sidonnie,Sadgrove,Female,ssadgrove8j@fc2.com,345 967 1593
Ambrose,Colwill,Male,acolwill8k@hp.com,915 168 5350
Edwin,Thaw,Male,ethaw8l@chicagotribune.com,629 111 8047
Marietta,Halvorsen,Female,mhalvorsen8m@feedburner.com,842 981 8958
Chandra,Riatt,Female,criatt8n@fastcompany.com,943 578 0929
Loretta,Cristofor,Female,lcristofor8o@gmpg.org,501 546 8935
Roderick,McQuillin,Male,rmcquillin8p@latimes.com,525 291 1601
Wilden,McCutcheon,Male,wmccutcheon8q@theatlantic.com,764 970 8718
Anne-corinne,Quye,Female,aquye8r@wp.com,954 508 5087
Jarvis,Albany,Male,jalbany8s@amazonaws.com,355 339 4587
Kendell,Dunkerly,Male,kdunkerly8t@goo.ne.jp,701 548 5555
Ameline,De Paepe,Female,adepaepe8u@marketwatch.com,233 617 8874
Sula,Pepye,Female,spepye8v@arstechnica.com,281 606 1939
Jori,Paynton,Female,jpaynton8w@nature.com,892 548 9145
Ricky,Schooley,Male,rschooley8x@google.com.br,586 756 7323
Tatiana,Stringman,Female,tstringman8y@over-blog.com,168 171 2995
Andromache,Balasini,Female,abalasini8z@blogger.com,903 813 4091
Katlin,Wrate,Female,kwrate90@hexun.com,993 405 8407
Irvine,Baton,Male,ibaton91@github.com,119 496 9110
Samantha,Calvie,Female,scalvie92@tuttocitta.it,516 813 7364
Daryl,Bourner,Female,dbourner93@blogs.com,744 987 2401
Dyanna,Fransemai,Female,dfransemai94@microsoft.com,456 266 5785
Stephannie,Parcells,Female,sparcells95@scribd.com,732 432 0202
Curry,Wroth,Male,cwroth96@flavors.me,698 741 6235
Micky,Peake,Genderqueer,mpeake97@skyrock.com,872 909 4788
Lynett,Prigmore,Female,lprigmore98@amazon.co.jp,379 424 6938
Dacie,Brocket,Female,dbrocket99@unc.edu,316 609 1071
Obadias,Mabbe,Male,omabbe9a@imgur.com,190 942 2350
Whitaker,Itzchaki,Male,witzchaki9b@arstechnica.com,118 869 2465
Corey,Gemnett,Male,cgemnett9c@edublogs.org,196 773 0309
Laurie,Fretwell,Male,lfretwell9d@nps.gov,692 445 0827
Rosemarie,Le Batteur,Female,rlebatteur9e@cargocollective.com,674 556 6646
Cristi,Zeal,Female,czeal9f@trellian.com,231 309 3790
Paquito,Gaylord,Male,pgaylord9g@joomla.org,291 975 7832
Marybeth,Rodriguez,Female,mrodriguez9h@godaddy.com,967 353 0399
Early,Ennever,Male,eennever9i@macromedia.com,569 839 5391
Danita,Elias,Female,delias9j@ovh.net,515 759 4527
Heindrick,Pummell,Male,hpummell9k@nbcnews.com,270 719 9992
Adriena,Bottle,Female,abottle9l@nasa.gov,539 464 2611
Danila,Crichmere,Female,dcrichmere9m@blog.com,402 286 2490
Viki,Markel,Female,vmarkel9n@yellowbook.com,419 667 8362
Ashlen,Bellany,Female,abellany9o@freewebs.com,409 807 7100
Maggie,Bateman,Female,mbateman9p@mlb.com,294 859 9800
Violetta,Methven,Female,vmethven9q@linkedin.com,117 242 5299
Althea,Dingwall,Genderqueer,adingwall9r@stumbleupon.com,257 965 5123
Micki,MacAne,Female,mmacane9s@nba.com,308 181 2595
Jacquie,Needs,Female,jneeds9t@chronoengine.com,217 787 1946
Arabel,Eagling,Female,aeagling9u@cocolog-nifty.com,824 275 6370
Lin,Sabbin,Female,lsabbin9v@odnoklassniki.ru,927 197 1231
Caron,Wardesworth,Female,cwardesworth9w@meetup.com,154 447 0360
Modesta,Chazette,Female,mchazette9x@ask.com,476 369 8167
Bette,Natte,Genderfluid,bnatte9y@wikipedia.org,642 232 2574
Xymenes,Baison,Male,xbaison9z@drupal.org,490 719 6442
Thurston,Clowes,Male,tclowesa0@smugmug.com,530 587 4321
Jaynell,Petroulis,Female,jpetroulisa1@twitter.com,129 785 4618
Mimi,Clew,Female,mclewa2@typepad.com,141 904 0680
Renata,Trevillion,Female,rtrevilliona3@shop-pro.jp,558 230 3456
Chucho,Cramond,Male,ccramonda4@dedecms.com,857 225 8245
Micheil,Jeffes,Male,mjeffesa5@yolasite.com,259 321 2371
Giffer,Markwell,Male,gmarkwella6@epa.gov,272 231 2551
Aloin,Westrey,Male,awestreya7@lycos.com,314 991 2119
Isabeau,Sherwin,Female,isherwina8@cnet.com,359 867 5355
Cal,Cabrara,Female,ccabraraa9@about.com,219 955 6205
Joyan,Atwel,Female,jatwelaa@slashdot.org,654 356 4210
Bobby,Finlow,Male,bfinlowab@constantcontact.com,777 185 0914
Odessa,Armitt,Female,oarmittac@macromedia.com,221 353 1308
Ugo,Donnellan,Male,udonnellanad@nba.com,356 175 3895
Aloin,Brindley,Male,abrindleyae@fda.gov,679 807 9288
Salli,Pitone,Female,spitoneaf@symantec.com,613 883 7414
Christye,Farryan,Female,cfarryanag@sciencedaily.com,333 882 7529
Stanislaus,Shill,Non-binary,sshillah@prlog.org,996 391 1457
Evie,Rowan,Female,erowanai@chron.com,154 108 5180
Willis,Yemm,Male,wyemmaj@usda.gov,472 619 2678
Kate,Arson,Female,karsonak@hhs.gov,837 857 7771
Austin,De Biaggi,Male,adebiaggial@unc.edu,953 691 2443
Dierdre,Luety,Female,dluetyam@tiny.cc,465 169 3777
Hasty,Halvosen,Male,hhalvosenan@cisco.com,970 815 9622
Jerad,Tallboy,Male,jtallboyao@toplist.cz,855 909 1726
Riccardo,Baszkiewicz,Male,rbaszkiewiczap@networksolutions.com,385 626 6387
Aloise,Heinrich,Female,aheinrichaq@amazon.co.uk,948 933 4279
Roscoe,Peddar,Male,rpeddarar@paginegialle.it,851 696 2130
Marsh,Filoniere,Male,mfiloniereas@shutterfly.com,357 255 8462
Silvan,Perrelli,Male,sperrelliat@cnbc.com,705 747 5130
Lalo,MacCauley,Male,lmaccauleyau@mozilla.org,466 281 0658
Jerrilee,Kubalek,Female,jkubalekav@skype.com,160 179 2249
Berny,Ginni,Male,bginniaw@chronoengine.com,437 881 4811
Phoebe,Dumberell,Female,pdumberellax@china.com.cn,550 219 5243
Aleksandr,Powelee,Male,apoweleeay@unc.edu,917 799 7878
Lonee,Aughtie,Female,laughtieaz@list-manage.com,806 213 3995
Aubine,Hateley,Female,ahateleyb0@surveymonkey.com,396 648 5271
Fonsie,Peppard,Male,fpeppardb1@angelfire.com,141 139 8993
Lindsay,Banyard,Female,lbanyardb2@ovh.net,853 398 4334
Gratia,Berryman,Female,gberrymanb3@cyberchimps.com,168 647 8631
Marcellina,Salvadori,Female,msalvadorib4@sun.com,886 888 5410
Ariana,Biddlestone,Female,abiddlestoneb5@time.com,930 349 5577
Aldon,Farey,Male,afareyb6@msu.edu,210 418 5099
Bret,Andrichak,Male,bandrichakb7@mail.ru,820 393 9830
Purcell,Neligan,Male,pneliganb8@weebly.com,973 471 3271
Ben,Laughlin,Male,blaughlinb9@google.nl,575 517 7250
Ira,Grellier,Female,igrellierba@live.com,172 165 2971
Winston,Peddersen,Male,wpeddersenbb@blinklist.com,118 811 6487
Petronia,Strickland,Female,pstricklandbc@devhub.com,997 949 3437
Bronny,Eacott,Genderqueer,beacottbd@multiply.com,978 705 8193
Sharron,Elwood,Genderfluid,selwoodbe@ftc.gov,651 429 3800
Eduardo,Rucklidge,Male,erucklidgebf@deliciousdays.com,143 508 3061
Christyna,Gonzalvo,Female,cgonzalvobg@bbc.co.uk,810 145 9572
Lucie,Dives,Female,ldivesbh@cocolog-nifty.com,418 684 6496
Thom,Gyenes,Male,tgyenesbi@auda.org.au,504 481 9409
Teddie,Kerfoot,Female,tkerfootbj@dell.com,661 422 5502
Pat,Hallick,Male,phallickbk@ow.ly,237 926 2287
Dre,Figgins,Female,dfigginsbl@unc.edu,248 339 5846
Roze,Wickrath,Female,rwickrathbm@g.co,219 309 2526
Kathryne,Jakuszewski,Genderqueer,kjakuszewskibn@oaic.gov.au,624 608 1529
Justin,Garmey,Male,jgarmeybo@youtu.be,153 230 9068
Filberte,Normanvill,Male,fnormanvillbp@feedburner.com,783 833 9054
Meridel,De Vaan,Female,mdevaanbq@cisco.com,866 200 5662
Tabb,Ebbett,Male,tebbettbr@discuz.net,573 979 3215
Aldon,Mickleburgh,Male,amickleburghbs@ucla.edu,227 130 8612
Nollie,Warrender,Male,nwarrenderbt@friendfeed.com,680 751 4997
Jaynell,Langworthy,Female,jlangworthybu@digg.com,123 604 9335
Shauna,Ponter,Female,sponterbv@earthlink.net,162 527 8975
Ambrosius,Howgate,Genderqueer,ahowgatebw@sphinn.com,725 250 8594
Kahaleel,Yearron,Male,kyearronbx@xinhuanet.com,603 683 1075
Man,Eunson,Male,meunsonby@prlog.org,978 990 5209
Thayne,McGlue,Male,tmcgluebz@linkedin.com,960 262 4444
Modestia,Halbord,Female,mhalbordc0@businesswire.com,582 412 5424
Robinson,Knobell,Polygender,rknobellc1@dagondesign.com,170 763 6933
Kincaid,Gaine,Male,kgainec2@europa.eu,368 988 8914
Puff,Elam,Male,pelamc3@hatena.ne.jp,124 825 8494
Jemima,Aylward,Female,jaylwardc4@mlb.com,725 474 4406
Hammad,Patershall,Male,hpatershallc5@netvibes.com,739 556 6429
Nicholas,Trulock,Male,ntrulockc6@mapy.cz,658 441 3557
Jenni,Stoite,Female,jstoitec7@cdc.gov,925 497 2015
Jud,Teaze,Male,jteazec8@mapquest.com,387 306 9871
Mitch,Rippin,Male,mrippinc9@phoca.cz,357 367 7991
Toma,Smyth,Female,tsmythca@elegantthemes.com,322 819 0724
Angel,Chason,Female,achasoncb@uiuc.edu,393 572 8094
Yardley,Downey,Male,ydowneycc@networksolutions.com,244 296 8935
Hamnet,Trayhorn,Male,htrayhorncd@google.com,755 477 4361
Kathryn,Goggen,Female,kgoggence@time.com,664 570 5935
Eldridge,Camblin,Male,ecamblincf@ehow.com,333 686 9228
Dionysus,Le Brum,Male,dlebrumcg@usa.gov,459 162 2119
Ketty,Lear,Female,klearch@earthlink.net,199 371 4930
Anjanette,Mapston,Female,amapstonci@artisteer.com,482 135 9639
Devin,Kerley,Male,dkerleycj@csmonitor.com,507 283 8970
Cosette,Halpeine,Female,chalpeineck@wufoo.com,549 266 4288
Dana,Wilprecht,Female,dwilprechtcl@e-recht24.de,800 656 9142
Winfield,Galletley,Male,wgalletleycm@addthis.com,383 475 0011
Wolfy,Wallbutton,Male,wwallbuttoncn@nymag.com,816 824 0361
Melita,O'Geneay,Female,mogeneayco@weibo.com,780 243 0210
Naomi,Faughnan,Genderfluid,nfaughnancp@rambler.ru,817 920 9242
Kaiser,Slocket,Genderqueer,kslocketcq@devhub.com,374 160 5906
Carly,Dutton,Female,cduttoncr@ocn.ne.jp,123 365 2630
Mona,Domenget,Female,mdomengetcs@over-blog.com,382 295 6117
Kelcy,Pickring,Female,kpickringct@about.me,359 145 7868
Gearard,Martins,Male,gmartinscu@tuttocitta.it,886 483 7386
Alastair,Glennon,Male,aglennoncv@indiegogo.com,146 276 7410
Davy,Haps,Male,dhapscw@theatlantic.com,786 292 4195
Ody,Kirrens,Male,okirrenscx@ifeng.com,687 966 9347
Kingsly,Bernardy,Bigender,kbernardycy@apache.org,253 259 5589
Ellwood,Elliff,Male,eelliffcz@liveinternet.ru,204 568 1469
Kelly,Forber,Male,kforberd0@addtoany.com,761 371 4334
Steve,Measey,Male,smeaseyd1@yellowbook.com,904 781 8009
Clevey,Insoll,Male,cinsolld2@merriam-webster.com,816 308 6839
Charla,Hammarberg,Female,chammarbergd3@netvibes.com,232 220 8509
Barthel,Belford,Male,bbelfordd4@go.com,385 461 7694
Yorke,Pirrey,Male,ypirreyd5@jalbum.net,473 136 2153
Bevvy,Caldayrou,Genderfluid,bcaldayroud6@ebay.co.uk,386 741 2939
Rivy,Inchbald,Female,rinchbaldd7@unicef.org,181 442 7825
Ranique,Celiz,Female,rcelizd8@chron.com,756 285 3345
Sholom,Paintain,Male,spaintaind9@bing.com,303 618 6417
Uta,Entwisle,Female,uentwisleda@google.de,700 302 8093
Boyce,Janeway,Male,bjanewaydb@bluehost.com,802 387 5172
Owen,MacCaull,Male,omaccaulldc@mac.com,498 668 2280
Carline,Caddies,Female,ccaddiesdd@berkeley.edu,460 413 1809
Dallis,Derr,Male,dderrde@cnbc.com,668 392 4068
Lavina,Penney,Female,lpenneydf@ocn.ne.jp,475 721 5699
Jake,Tunder,Male,jtunderdg@edublogs.org,629 760 0301
Carmina,Lackington,Female,clackingtondh@de.vu,617 691 9976
Mirna,Byass,Female,mbyassdi@whitehouse.gov,877 223 0175
Angelico,Hackly,Male,ahacklydj@smugmug.com,419 930 9697
Ashbey,Ferreira,Male,aferreiradk@ft.com,301 893 4224
Anallise,Scotford,Female,ascotforddl@cafepress.com,676 661 5093
Haydon,Alenichev,Male,halenichevdm@ameblo.jp,287 271 0594
Norrie,Broomhead,Male,nbroomheaddn@netscape.com,963 922 5657
Flemming,Grute,Male,fgrutedo@discuz.net,227 713 8499
Randi,Jeffray,Female,rjeffraydp@si.edu,358 508 9784
Shae,Whitnell,Male,swhitnelldq@springer.com,228 204 6663
Gaile,Ashbridge,Male,gashbridgedr@blog.com,149 473 3859
Harmony,Gogay,Female,hgogayds@google.com.au,608 815 2139
Steffane,Crielly,Female,scriellydt@eventbrite.com,935 999 1981
Gerardo,Morad,Male,gmoraddu@ted.com,308 174 2120
Hilda,Vasyukhichev,Female,hvasyukhichevdv@unc.edu,707 929 4133
Glynis,Cowterd,Female,gcowterddw@ucla.edu,666 339 8817
Uta,Godain,Female,ugodaindx@networksolutions.com,118 135 3225
Enrico,Lampel,Male,elampeldy@unc.edu,161 683 7853
Salmon,Callingham,Male,scallinghamdz@moonfruit.com,419 213 3816
Lydie,Whistance,Female,lwhistancee0@yolasite.com,442 792 6742
Jaime,Georgi,Female,jgeorgie1@surveymonkey.com,427 982 6308
Teresita,Hartup,Female,thartupe2@moonfruit.com,529 644 1092
Lynnell,Tupling,Female,ltuplinge3@mapy.cz,835 910 5853
Bertha,Mummery,Female,bmummerye4@imgur.com,282 847 0287
Fitzgerald,Sim,Non-binary,fsime5@theglobeandmail.com,743 629 0791
Nelia,Thomson,Female,nthomsone6@4shared.com,766 342 8323
Sacha,Dawkes,Female,sdawkese7@comcast.net,906 829 9727
Rebekah,Marskell,Female,rmarskelle8@php.net,801 677 6185
Ives,Parfett,Male,iparfette9@zimbio.com,361 876 9116
Sarette,Sly,Female,sslyea@addthis.com,286 419 4029
Chalmers,Mugford,Male,cmugfordeb@imgur.com,988 739 1072
Amandy,Cowpland,Female,acowplandec@zimbio.com,703 697 0250
Lynde,Goggins,Female,lgogginsed@msn.com,303 866 5205
Tressa,Gyurkovics,Female,tgyurkovicsee@instagram.com,478 737 4574
Nadeen,Moff,Female,nmoffef@stumbleupon.com,344 996 0961
Kara-lynn,Pendlington,Female,kpendlingtoneg@cdbaby.com,720 200 0326
Lusa,Dunnaway,Female,ldunnawayeh@cnet.com,373 753 1863
Ford,Feilden,Male,ffeildenei@nymag.com,420 219 3291
Bryanty,Paulus,Non-binary,bpaulusej@tripod.com,892 575 5223
Jo-ann,Measor,Female,jmeasorek@jalbum.net,423 987 1960
Aimil,Devitt,Agender,adevittel@zimbio.com,769 257 9773
Ginger,Mc Caughen,Male,gmccaughenem@japanpost.jp,758 916 1493
Lazaro,Szwandt,Male,lszwandten@un.org,412 618 2632
Jewell,Souness,Female,jsounesseo@java.com,862 165 2024
Perrine,Suffield,Female,psuffieldep@fema.gov,728 856 5289
Ingunna,Harbertson,Polygender,iharbertsoneq@wordpress.com,420 724 9410
Hank,De'Vere - Hunt,Male,hdeverehunter@blogs.com,177 448 1560
Alistair,Backhouse,Male,abackhousees@usatoday.com,998 247 4589
Celie,Sextone,Female,csextoneet@tinyurl.com,228 802 2304
Burnaby,Bachshell,Male,bbachshelleu@wired.com,130 759 8385
Gustaf,Kingzet,Male,gkingzetev@nbcnews.com,554 207 6365
Kingsly,Dulieu,Male,kdulieuew@free.fr,859 652 3548
Ware,Penchen,Male,wpenchenex@example.com,913 430 0715
Cassi,Cassella,Female,ccassellaey@ucoz.com,536 862 8366
Gaultiero,Vyvyan,Male,gvyvyanez@e-recht24.de,821 341 0171
Leilah,Wetwood,Female,lwetwoodf0@furl.net,324 528 1256
Ase,Moncrefe,Genderqueer,amoncrefef1@walmart.com,707 368 7614
Kynthia,Matisoff,Female,kmatisofff2@deliciousdays.com,423 943 6530
Bethanne,Scyner,Female,bscynerf3@google.com,490 870 2472
Tarrah,Burnhams,Female,tburnhamsf4@deviantart.com,895 698 9170
Ganny,Meneely,Male,gmeneelyf5@bandcamp.com,623 293 6588
Anthony,Mingasson,Male,amingassonf6@simplemachines.org,859 359 1666
Lynnelle,Rock,Female,lrockf7@mapquest.com,607 804 2033
Marcellus,Trouel,Male,mtrouelf8@goo.gl,117 527 7805
Chic,Sisland,Male,csislandf9@rediff.com,868 797 4916
Rutledge,Milburn,Male,rmilburnfa@example.com,783 873 0060
Jay,Olczyk,Male,jolczykfb@meetup.com,817 962 3524
Buddie,Lantiffe,Male,blantiffefc@utexas.edu,477 212 0043
Reed,Parks,Male,rparksfd@webs.com,157 926 8160
Sibylla,Sapey,Female,ssapeyfe@discovery.com,300 311 2284
Keefer,Pavis,Male,kpavisff@issuu.com,158 297 2780
Remington,MacRannell,Male,rmacrannellfg@reddit.com,440 403 8178
Sandro,Wilks,Male,swilksfh@ebay.co.uk,226 192 0483
Moishe,Hinze,Polygender,mhinzefi@1688.com,122 339 5682
Wilfred,Guyton,Male,wguytonfj@lulu.com,732 409 8792
Susanne,Keelinge,Female,skeelingefk@fema.gov,755 723 3620
Waldemar,Shickle,Male,wshicklefl@creativecommons.org,173 476 1871
Wilburt,Tewes,Male,wtewesfm@discuz.net,328 198 9043
Rollie,Lenahan,Male,rlenahanfn@xing.com,241 926 0999
Kelwin,Reggio,Male,kreggiofo@wix.com,211 396 7003
Cindi,Thor,Agender,cthorfp@1688.com,295 293 1270
Marve,Kuhle,Male,mkuhlefq@themeforest.net,165 749 1064
Emmet,Manon,Male,emanonfr@surveymonkey.com,143 109 7739
Corey,MacNalley,Male,cmacnalleyfs@salon.com,544 683 4289
Frasier,Lavallie,Male,flavallieft@alibaba.com,276 486 4025
Matty,McCalister,Male,mmccalisterfu@liveinternet.ru,613 921 0837
Rick,Palliser,Male,rpalliserfv@photobucket.com,814 622 7088
Eric,Undrell,Male,eundrellfw@apple.com,908 203 1130
Kim,Masters,Female,kmastersfx@aboutads.info,877 205 9552
Vlad,Brogiotti,Male,vbrogiottify@networksolutions.com,169 648 2314
Thadeus,Motto,Male,tmottofz@pcworld.com,376 610 5362
Prentice,Fipp,Agender,pfippg0@naver.com,582 716 4469
Grover,Tourne,Male,gtourneg1@amazon.co.jp,270 399 2028
Elna,Dockrell,Female,edockrellg2@w3.org,596 515 9741
Margarita,Strudwick,Female,mstrudwickg3@comcast.net,450 954 2002
Bettina,Jilkes,Female,bjilkesg4@storify.com,824 396 8598
Ogdon,Burn,Male,oburng5@flickr.com,998 170 9639
Emelita,Fell,Female,efellg6@newyorker.com,502 746 2285
Cher,Stede,Female,cstedeg7@tripadvisor.com,884 877 8675
Gerhard,Middiff,Male,gmiddiffg8@wordpress.com,529 340 5114
Athene,Bitchener,Female,abitchenerg9@istockphoto.com,564 119 6074
Marco,Margerrison,Male,mmargerrisonga@squidoo.com,737 734 7867
Christal,McTeague,Female,cmcteaguegb@mashable.com,821 845 4764
Mickey,Pickworth,Male,mpickworthgc@behance.net,716 355 2143
Cirilo,Cord,Male,ccordgd@usa.gov,311 109 3316
Phylis,Houndesome,Female,phoundesomege@rambler.ru,773 547 1389
Marie,Canfield,Female,mcanfieldgf@myspace.com,932 647 6482
Arabel,Dillintone,Female,adillintonegg@webnode.com,622 617 1528
Jayme,Mandy,Male,jmandygh@nymag.com,735 233 3642
Torey,Macklin,Female,tmacklingi@diigo.com,127 681 3353
Dom,McCrone,Male,dmccronegj@topsy.com,644 451 7736
Jillie,Farnall,Female,jfarnallgk@flickr.com,401 185 9979
Deanna,Wolvey,Female,dwolveygl@chron.com,194 808 9676
Julie,Reah,Agender,jreahgm@yahoo.co.jp,101 619 7202
Barde,Stonebanks,Male,bstonebanksgn@bloglovin.com,427 179 3407
Marga,Bentzen,Female,mbentzengo@wikia.com,747 705 5702
Daryn,Tembey,Female,dtembeygp@issuu.com,434 902 5196
Cristabel,Penreth,Female,cpenrethgq@ucla.edu,242 848 3737
Huntley,Albertson,Male,halbertsongr@patch.com,913 709 0155
Donni,Kobpac,Female,dkobpacgs@baidu.com,887 637 4071
Weston,Stede,Bigender,wstedegt@live.com,612 755 6804
Fairleigh,Verchambre,Male,fverchambregu@who.int,141 830 1844
Selby,LeEstut,Male,sleestutgv@independent.co.uk,806 760 9871
Torin,Spence,Male,tspencegw@stanford.edu,452 338 0005
Mata,Somerset,Male,msomersetgx@ycombinator.com,265 866 3264
Huntlee,Darragon,Male,hdarragongy@is.gd,893 224 2517
Anabal,Carbett,Female,acarbettgz@google.ca,682 175 3774
Zeb,Harwin,Male,zharwinh0@tmall.com,907 392 1855
Florette,Persicke,Female,fpersickeh1@amazon.co.jp,813 940 6933
Carlynn,Klimt,Female,cklimth2@taobao.com,586 108 9272
Erroll,Wastall,Male,ewastallh3@privacy.gov.au,740 802 5700
Charin,Blastock,Female,cblastockh4@bigcartel.com,657 989 3313
Philbert,Skeeles,Male,pskeelesh5@vk.com,902 155 2512
Ronny,Tweddell,Female,rtweddellh6@gmpg.org,296 459 7978
Caryl,Esh,Male,ceshh7@businesswire.com,164 709 6373
Kariotta,Udie,Female,kudieh8@xrea.com,202 939 7101
Woodie,Sutherington,Bigender,wsutheringtonh9@house.gov,662 267 5450
Abrahan,Rodda,Male,aroddaha@purevolume.com,219 483 2959
Othella,Botterman,Female,obottermanhb@hibu.com,580 746 4133
Tyrone,Hanby,Male,thanbyhc@taobao.com,915 379 8517
Ronica,Plackstone,Female,rplackstonehd@xing.com,445 705 7666
Giraud,Bown,Male,gbownhe@sogou.com,829 352 2574
Merci,Frankis,Female,mfrankishf@soup.io,431 662 2515
Phelia,Anselmi,Female,panselmihg@tiny.cc,781 599 0928
Sephira,Filipson,Female,sfilipsonhh@businesswire.com,585 206 0924
Melloney,Marflitt,Agender,mmarflitthi@com.com,762 435 5387
Maximilien,Rosenboim,Male,mrosenboimhj@illinois.edu,644 483 6143
Nessa,McLemon,Female,nmclemonhk@auda.org.au,398 494 4568
Flo,Lindfors,Female,flindforshl@dmoz.org,561 429 8355
Hadria,McKevitt,Female,hmckevitthm@imgur.com,918 403 0365
Amalita,Davys,Female,adavyshn@google.fr,740 449 3978
Erminie,Mudge,Agender,emudgeho@latimes.com,498 688 4578
Culver,Brixey,Male,cbrixeyhp@qq.com,794 768 6118
Adoree,Raspin,Female,araspinhq@discovery.com,316 186 1379
Cchaddie,Reily,Male,creilyhr@bloglovin.com,339 419 8774
Cheryl,Frankum,Polygender,cfrankumhs@washington.edu,317 793 1981
Elysia,McMurtyr,Polygender,emcmurtyrht@live.com,380 830 5372
Way,Leat,Male,wleathu@japanpost.jp,560 630 4833
Timofei,Everson,Male,teversonhv@google.pl,974 842 3063
Tommi,Munsey,Female,tmunseyhw@homestead.com,833 325 2762
Winnah,Lyptrade,Female,wlyptradehx@vimeo.com,564 249 1000
Farrah,Longcaster,Female,flongcasterhy@friendfeed.com,795 862 7131
Ana,Guillard,Female,aguillardhz@yellowpages.com,974 839 2257
Enoch,Moscon,Male,emosconi0@phpbb.com,183 166 1700
Sonny,Hammant,Female,shammanti1@imdb.com,666 853 6454
Jilli,Redshaw,Agender,jredshawi2@phoca.cz,425 624 8787
Richmound,Dudbridge,Male,rdudbridgei3@mayoclinic.com,105 165 6868
Aime,Nayer,Female,anayeri4@usnews.com,891 838 8604
Filip,Osselton,Genderfluid,fosseltoni5@gmpg.org,493 936 1985
Tammie,Rowlinson,Male,trowlinsoni6@reference.com,497 496 2049
Cristabel,Attyeo,Female,cattyeoi7@joomla.org,356 715 8298
Nickolaus,Oglesbee,Agender,noglesbeei8@addthis.com,310 281 1610
Krishnah,Brittain,Non-binary,kbrittaini9@fema.gov,981 599 0386
Farra,Shaylor,Female,fshayloria@biglobe.ne.jp,725 541 6379
Jessee,Mutimer,Male,jmutimerib@tiny.cc,941 860 8198
Ely,Mulliner,Male,emullineric@nytimes.com,554 248 4691
Roley,Pattle,Male,rpattleid@angelfire.com,770 392 4197
Maryanne,Phalp,Female,mphalpie@cargocollective.com,251 538 4669
Maggi,Waudby,Female,mwaudbyif@who.int,987 736 6595
Rubin,Walczak,Genderfluid,rwalczakig@amazon.de,342 835 6097
Hirsch,Showl,Male,hshowlih@cloudflare.com,863 639 4373
Corliss,Kubala,Non-binary,ckubalaii@liveinternet.ru,610 253 7405
Mair,Simnel,Female,msimnelij@zdnet.com,913 693 4908
Efren,Berget,Male,ebergetik@google.es,337 209 9413
Sargent,Marham,Male,smarhamil@github.com,520 135 9249
Verla,Keddie,Female,vkeddieim@gravatar.com,360 770 5370
Rianon,Brindle,Agender,rbrindlein@nasa.gov,372 520 1945
Jemmy,Kitchenman,Female,jkitchenmanio@wikipedia.org,630 498 4226
Donny,Tabbernor,Male,dtabbernorip@japanpost.jp,396 662 3326
Rahel,Rames,Female,rramesiq@elpais.com,726 282 8775
Gail,Shalcros,Male,gshalcrosir@technorati.com,331 212 8235
Abby,Frazer,Male,afrazeris@behance.net,740 886 6248
Min,Loncaster,Female,mloncasterit@go.com,182 926 9226
James,Dobing,Male,jdobingiu@mapy.cz,989 946 6762
Buckie,Domeny,Male,bdomenyiv@japanpost.jp,686 828 2326
Ilyssa,Dmitrienko,Bigender,idmitrienkoiw@wisc.edu,141 167 2014
Riannon,Matthewman,Female,rmatthewmanix@blogspot.com,396 862 4402
Ortensia,Defont,Female,odefontiy@cmu.edu,327 484 2788
Euell,Hadwick,Male,ehadwickiz@ehow.com,239 853 9521
Manny,Isack,Male,misackj0@ihg.com,919 746 1211
Zollie,Praton,Male,zpratonj1@issuu.com,919 195 6724
Pamela,Wheble,Female,pwheblej2@weibo.com,757 300 8329
Giustina,Swanborrow,Female,gswanborrowj3@homestead.com,516 851 5413
Quintin,Keasy,Male,qkeasyj4@pbs.org,378 705 1401
Decca,McLleese,Male,dmclleesej5@usa.gov,430 685 5163
Winslow,Tether,Male,wtetherj6@gov.uk,573 148 0072
Richie,Leving,Male,rlevingj7@over-blog.com,297 408 3631
Kesley,Eliaz,Female,keliazj8@digg.com,901 886 3652
Editha,Sleaford,Female,esleafordj9@seattletimes.com,234 171 1696
Merrielle,Ennever,Female,menneverja@skyrock.com,797 119 2351
Fara,Yeabsley,Female,fyeabsleyjb@printfriendly.com,224 285 3405
Carmine,Topling,Male,ctoplingjc@yellowpages.com,686 899 6039
Vallie,Nias,Female,vniasjd@gizmodo.com,660 555 9295
Jim,Kemble,Male,jkembleje@alibaba.com,747 753 8929
Glad,Sell,Female,gselljf@dagondesign.com,545 203 2379
Rainer,Pattison,Male,rpattisonjg@foxnews.com,211 387 2138
Gayla,Gadney,Genderfluid,ggadneyjh@woothemes.com,263 606 0993
Salim,Kastel,Male,skastelji@webmd.com,604 839 7332
Juan,Underwood,Male,junderwoodjj@gnu.org,486 613 9441
Roanna,Faley,Female,rfaleyjk@opensource.org,125 416 2146
Allis,Klimes,Female,aklimesjl@imgur.com,602 336 0521
Shanta,Gimblett,Female,sgimblettjm@columbia.edu,449 888 2032
Emilia,Daunay,Female,edaunayjn@opensource.org,550 602 4077
Karel,Steers,Female,ksteersjo@techcrunch.com,899 434 2784
Judye,Macek,Female,jmacekjp@sbwire.com,389 570 3995
Raynell,Welburn,Female,rwelburnjq@newsvine.com,404 801 5035
Lucila,Legh,Female,lleghjr@ft.com,133 159 8316
Hayley,Valentine,Female,hvalentinejs@yahoo.com,973 317 1081
Rodolfo,Krysztowczyk,Male,rkrysztowczykjt@sourceforge.net,251 648 5575
Claire,Juarez,Female,cjuarezju@goo.ne.jp,838 184 4129
Cassie,Le Noir,Male,clenoirjv@ebay.com,587 621 6293
Skylar,Colson,Male,scolsonjw@google.com.hk,370 513 2823
Daphne,Dallosso,Female,ddallossojx@harvard.edu,540 431 6445
Freddi,Stenning,Female,fstenningjy@dell.com,409 869 1498
Jim,Congrave,Male,jcongravejz@google.com.br,135 897 0739
Hermon,Chown,Male,hchownk0@senate.gov,986 713 7339
Valenka,Dullard,Female,vdullardk1@blog.com,381 235 1021
Prisca,Alltimes,Female,palltimesk2@gravatar.com,239 966 4923
Haven,Fronsek,Genderfluid,hfronsekk3@drupal.org,678 618 0627
Kala,Kilmurray,Female,kkilmurrayk4@w3.org,301 191 2424
Bernie,Jeannon,Male,bjeannonk5@vistaprint.com,723 375 6544
Lindsy,Ehlerding,Female,lehlerdingk6@gov.uk,808 128 1255
Gawain,Everiss,Male,geverissk7@sitemeter.com,502 817 5134
Aurelie,Winscum,Female,awinscumk8@mit.edu,705 166 1441
Alwin,Manuelli,Male,amanuellik9@sciencedaily.com,933 216 2375
Becka,Hinchshaw,Female,bhinchshawka@gnu.org,106 168 6202
Beniamino,Testin,Male,btestinkb@boston.com,595 828 4923
Dorelle,Champerlen,Female,dchamperlenkc@discovery.com,148 568 3602
Sapphira,Kinson,Bigender,skinsonkd@yandex.ru,215 177 8231
Garvey,Conti,Male,gcontike@wikispaces.com,731 933 1633
Fannie,Siebert,Female,fsiebertkf@dmoz.org,235 182 0241
Mada,Collacombe,Female,mcollacombekg@cafepress.com,157 924 4350
Josias,Storre,Male,jstorrekh@theguardian.com,654 792 3689
Gare,Whisby,Male,gwhisbyki@mtv.com,240 642 2505
Maxie,Brady,Genderqueer,mbradykj@lulu.com,453 731 8845
Rodolph,Bresnahan,Male,rbresnahankk@msn.com,152 272 1058
Walden,Lemonby,Male,wlemonbykl@delicious.com,372 532 6539
Jayme,Kiebes,Male,jkiebeskm@example.com,153 198 9113
Thurston,Baumadier,Male,tbaumadierkn@weibo.com,576 815 3127
Maryanne,Vannini,Female,mvanniniko@skyrock.com,916 998 4065
Kenneth,Kopta,Male,kkoptakp@wisc.edu,640 120 5074
Minda,Natwick,Female,mnatwickkq@zdnet.com,417 195 1601
Hadlee,Bridgens,Male,hbridgenskr@wikimedia.org,476 624 3603
Roch,Nowill,Female,rnowillks@pbs.org,950 610 3757
Nickie,Leftridge,Male,nleftridgekt@msn.com,472 416 9501
Giselbert,Shreenan,Male,gshreenanku@sina.com.cn,339 976 6807
Gray,Chittie,Male,gchittiekv@gravatar.com,347 581 3859
Joanie,Bedminster,Female,jbedminsterkw@huffingtonpost.com,307 824 9844
Con,Neely,Female,cneelykx@home.pl,573 664 1928
Tadeas,Haw,Male,thawky@reddit.com,252 717 1236
Melicent,McKinlay,Female,mmckinlaykz@1688.com,334 807 1708
Heddi,Kingzett,Female,hkingzettl0@blogtalkradio.com,836 226 1210
Heddie,Ballard,Female,hballardl1@naver.com,398 317 3715
Conny,Lesser,Genderqueer,clesserl2@reference.com,461 121 7026
Beatrice,Piercey,Non-binary,bpierceyl3@umn.edu,239 377 5522
Dedra,Potbury,Female,dpotburyl4@list-manage.com,830 294 6607
Luciana,Barkus,Female,lbarkusl5@apache.org,858 823 6239
Davine,Kobiera,Female,dkobieral6@xing.com,683 286 6012
Marjory,Castiglioni,Female,mcastiglionil7@techcrunch.com,681 371 3815
Earlie,Chattey,Male,echatteyl8@w3.org,364 248 6396
Skippie,Masden,Male,smasdenl9@alexa.com,833 126 4899
Arlie,Yuryaev,Female,ayuryaevla@plala.or.jp,522 261 7674
Virgilio,Gurden,Male,vgurdenlb@opensource.org,256 616 7305
Sonni,Meaddowcroft,Female,smeaddowcroftlc@cnet.com,408 702 4341
Ulberto,Sawter,Male,usawterld@dropbox.com,756 174 2165
Wilfrid,Danaher,Male,wdanaherle@seesaa.net,439 172 1394
Joyan,Coltman,Female,jcoltmanlf@mlb.com,729 995 8664
Berni,Quilkin,Female,bquilkinlg@cbc.ca,893 269 7933
Jordanna,Byllam,Non-binary,jbyllamlh@meetup.com,502 923 1206
Teirtza,McBrearty,Female,tmcbreartyli@chron.com,942 483 4116
Denna,Schonfelder,Female,dschonfelderlj@walmart.com,831 329 4333
Emerson,Kilty,Male,ekiltylk@state.tx.us,928 166 3060
Brook,Yvon,Male,byvonll@pcworld.com,252 268 8136
Sheri,Lelievre,Female,slelievrelm@t-online.de,481 658 5214
Nelson,Slight,Male,nslightln@chicagotribune.com,851 947 6527
Lon,Yosifov,Male,lyosifovlo@dailymail.co.uk,977 723 2163
Iago,Spybey,Male,ispybeylp@icq.com,288 623 8866
Sharleen,Sixsmith,Female,ssixsmithlq@macromedia.com,134 662 3628
Mamie,Lemmanbie,Non-binary,mlemmanbielr@apple.com,994 771 9483
Glyn,Lias,Female,gliasls@odnoklassniki.ru,636 700 3982
Raymond,Beldum,Male,rbeldumlt@joomla.org,231 101 9811
Killian,Tomkies,Male,ktomkieslu@huffingtonpost.com,728 496 6645
Fan,Welman,Female,fwelmanlv@bravesites.com,426 109 9749
Estelle,Champniss,Genderqueer,echampnisslw@eventbrite.com,595 180 5552
Silvanus,Doodson,Male,sdoodsonlx@springer.com,562 757 7572
Reese,Pringle,Male,rpringlely@economist.com,358 586 5631
Haley,Markham,Female,hmarkhamlz@timesonline.co.uk,351 339 8153
Aluino,Gillicuddy,Male,agillicuddym0@seattletimes.com,827 494 8712
Carmel,Yeoman,Female,cyeomanm1@telegraph.co.uk,639 584 5976
Felicle,Jane,Female,fjanem2@narod.ru,149 606 4739
Chryste,Domenget,Female,cdomengetm3@wp.com,649 216 2587
Nobe,Uvedale,Male,nuvedalem4@nasa.gov,225 637 0828
Nowell,Rundall,Male,nrundallm5@cafepress.com,229 731 5160
Ellery,Stearn,Male,estearnm6@booking.com,142 650 7408
Aldric,Spyby,Male,aspybym7@feedburner.com,270 659 6664
Abbott,Heyball,Male,aheyballm8@soundcloud.com,889 478 5139
Moyra,Sproson,Female,msprosonm9@pcworld.com,896 950 6641
Alysa,Lackey,Female,alackeyma@infoseek.co.jp,427 347 7932
Ianthe,Spencers,Female,ispencersmb@blogs.com,548 147 0400
Nicolai,Helsby,Male,nhelsbymc@chronoengine.com,773 306 6037
Sianna,Camings,Agender,scamingsmd@blogger.com,154 795 1098
Archer,Kennford,Male,akennfordme@jiathis.com,210 315 2874
Gwen,Corbyn,Female,gcorbynmf@foxnews.com,610 265 2031
Callean,Eldershaw,Male,celdershawmg@twitpic.com,263 759 4769
Rutledge,Riggott,Male,rriggottmh@weebly.com,232 744 6676
Rubetta,Houchin,Female,rhouchinmi@usnews.com,193 884 6754
Stillman,Mollatt,Male,smollattmj@arizona.edu,219 332 1111
Jarred,Fargher,Male,jfarghermk@qq.com,189 815 8399
Fawnia,Bromet,Female,fbrometml@pinterest.com,876 904 1674
Chantalle,Lettley,Female,clettleymm@histats.com,497 836 6544
Elka,Sego,Female,esegomn@cloudflare.com,254 301 6038
Orv,Plett,Male,oplettmo@usa.gov,527 173 4398
Margarethe,Feitosa,Female,mfeitosamp@rediff.com,503 957 1653
Augustin,Lehrian,Male,alehrianmq@nbcnews.com,801 598 9722
Griff,Haswall,Male,ghaswallmr@fema.gov,332 160 5517
Shurwood,Circuitt,Male,scircuittms@patch.com,183 887 5094
Filbert,Goldspink,Male,fgoldspinkmt@e-recht24.de,915 969 6562
Hedvig,Corwin,Female,hcorwinmu@dailymail.co.uk,997 481 4177
Colby,Brewster,Male,cbrewstermv@shinystat.com,644 511 4529
Rachele,Kondrachenko,Female,rkondrachenkomw@imdb.com,418 787 7279
Dan,O'Fogerty,Male,dofogertymx@phpbb.com,885 572 4538
Lesly,Mullally,Female,lmullallymy@yahoo.com,907 346 6227
Bonni,Tomisch,Female,btomischmz@oracle.com,663 465 3179
Gaylor,Franzonetti,Male,gfranzonettin0@harvard.edu,816 633 4748
Jessey,Gaunson,Male,jgaunsonn1@nbcnews.com,939 328 9979
Percy,Haestier,Male,phaestiern2@abc.net.au,879 258 6872
Murdoch,Woltman,Male,mwoltmann3@wordpress.org,178 520 2376
Therine,Worrall,Female,tworralln4@sogou.com,877 520 2885
Omar,Cathenod,Male,ocathenodn5@ameblo.jp,375 497 3947
Herc,Litchmore,Male,hlitchmoren6@meetup.com,897 966 2656
Hansiain,Handrek,Male,hhandrekn7@eventbrite.com,427 235 5636
Sergei,Hucklesby,Male,shucklesbyn8@instagram.com,855 730 7749
Lisbeth,Slorance,Female,lslorancen9@alexa.com,316 472 1797
Alfie,Thomke,Male,athomkena@newsvine.com,971 845 8933
Kalvin,Coppock.,Bigender,kcoppocknb@nasa.gov,486 383 6806
Kelwin,Sotheron,Male,ksotheronnc@who.int,435 192 2922
Anne-marie,Prate,Female,apratend@wired.com,893 811 4571
Albert,Eke,Male,aekene@nba.com,212 590 5691
Liam,Harnes,Bigender,lharnesnf@bloglines.com,845 929 8252
Jaimie,Millar,Female,jmillarng@wordpress.org,481 443 1112
Eziechiele,Lampitt,Male,elampittnh@dmoz.org,769 728 1255
Trixy,Whiston,Female,twhistonni@jugem.jp,533 383 8635
Brinna,Cadogan,Female,bcadogannj@ucla.edu,240 707 2621
Rosemarie,Walton,Female,rwaltonnk@sciencedirect.com,345 521 8030
Tyne,Tures,Female,tturesnl@ezinearticles.com,508 437 4380
Jodie,Bamlett,Male,jbamlettnm@baidu.com,581 823 8472
Elbertine,Ainslie,Female,eainslienn@freewebs.com,216 137 4198
Ursula,Swalwel,Female,uswalwelno@cnbc.com,729 787 0447
Donnie,Boobyer,Male,dboobyernp@admin.ch,631 577 8788
Odette,Durden,Female,odurdennq@a8.net,352 405 2343
Herc,Parfitt,Male,hparfittnr@guardian.co.uk,302 192 5370
Kori,Gooms,Female,kgoomsns@phoca.cz,925 250 4651
Hakeem,Tuite,Male,htuitent@irs.gov,310 428 3388
Alric,Dallaway,Male,adallawaynu@forbes.com,781 577 0620
Melodie,Caygill,Female,mcaygillnv@github.io,169 334 1758
Martelle,Dominec,Female,mdominecnw@geocities.jp,977 901 6202
Giraldo,Penn,Male,gpennnx@chicagotribune.com,486 559 4497
Ronnie,Sine,Female,rsineny@google.cn,756 123 2869
Basia,Tommei,Female,btommeinz@feedburner.com,297 823 6240
Nichole,Cheyney,Male,ncheyneyo0@ebay.co.uk,193 642 7515
Laurel,Courtois,Polygender,lcourtoiso1@theglobeandmail.com,150 842 9179
Austin,Coster,Male,acostero2@techcrunch.com,733 716 6514
Aleksandr,Zorro,Male,azorroo3@ihg.com,419 570 6355
Waylen,Shaudfurth,Male,wshaudfurtho4@springer.com,786 540 1446
Lodovico,Fourmy,Male,lfourmyo5@yelp.com,882 515 6618
Christi,Attfield,Female,cattfieldo6@dailymail.co.uk,658 342 1459
Raffaello,Axup,Genderfluid,raxupo7@youtu.be,588 966 7001
Drona,Akhurst,Female,dakhursto8@opera.com,573 489 0339
Gabbi,Bloomer,Female,gbloomero9@mit.edu,952 109 7485
Crissy,Eringey,Female,ceringeyoa@twitpic.com,112 300 6283
Zola,Avann,Female,zavannob@google.co.uk,369 103 3273
Row,Bercher,Female,rbercheroc@mediafire.com,889 121 3215
Zacharia,McKim,Male,zmckimod@symantec.com,497 105 0284
Gradeigh,Thoma,Male,gthomaoe@youtu.be,293 557 5330
Piggy,Maudson,Male,pmaudsonof@soup.io,151 415 5785
Camey,Dohms,Male,cdohmsog@un.org,561 929 0496
Bartolemo,Northwood,Male,bnorthwoodoh@pagesperso-orange.fr,935 661 2310
Cosimo,Elders,Male,celdersoi@netlog.com,275 797 6691
Ibrahim,Jearum,Male,ijearumoj@wunderground.com,431 502 1451
Maximilianus,Di Biasio,Male,mdibiasiook@cnet.com,191 618 8872
Lucilia,Gouldbourn,Female,lgouldbournol@bluehost.com,584 504 6118
Edithe,Denyakin,Female,edenyakinom@hhs.gov,567 498 5750
Virginia,Meese,Genderqueer,vmeeseon@constantcontact.com,677 583 2348
Heath,Kembrey,Female,hkembreyoo@state.gov,501 449 1343
Isadora,Fincher,Female,ifincherop@topsy.com,732 517 0470
Gabriel,Andrzej,Female,gandrzejoq@g.co,307 925 2648
Hall,Gyrgorcewicx,Male,hgyrgorcewicxor@yelp.com,873 928 5922
Kearney,Cotherill,Male,kcotherillos@cmu.edu,338 290 8415
Selma,Phillot,Female,sphillotot@goo.ne.jp,683 901 9150
Ibby,Lukins,Female,ilukinsou@taobao.com,844 503 0387
Wilburt,Mille,Bigender,wmilleov@apple.com,995 618 9275
Cairistiona,Stitcher,Female,cstitcherow@jimdo.com,789 594 2862
Kermie,Grzeszczyk,Male,kgrzeszczykox@nationalgeographic.com,725 263 3416
Vin,Wilse,Non-binary,vwilseoy@networkadvertising.org,397 804 4436
Alphard,Kauffman,Male,akauffmanoz@mlb.com,844 479 6571
Toiboid,Delap,Male,tdelapp0@networkadvertising.org,553 666 9386
Carney,MacCheyne,Male,cmaccheynep1@deviantart.com,151 566 8996
Charline,Cannam,Genderfluid,ccannamp2@list-manage.com,925 155 1405
Harley,Seagrave,Male,hseagravep3@businessweek.com,525 877 5032
Vernor,Paylie,Male,vpayliep4@timesonline.co.uk,904 873 2526
Oona,Poltun,Female,opoltunp5@economist.com,789 542 8283
Georges,Mitchall,Male,gmitchallp6@soundcloud.com,746 934 0635
Gussy,Dunstone,Female,gdunstonep7@cnet.com,633 608 5256
Camellia,Kinsley,Female,ckinsleyp8@instagram.com,403 193 4947
Gregorio,Stanbra,Male,gstanbrap9@si.edu,733 867 1748
Gustav,Cham,Non-binary,gchampa@nasa.gov,795 612 7547
Carey,McHale,Male,cmchalepb@bandcamp.com,457 357 8638
Kerry,Sawden,Female,ksawdenpc@mayoclinic.com,413 360 2809
Frederik,Week,Male,fweekpd@forbes.com,382 274 3044
Florinda,Pigny,Female,fpignype@google.fr,207 579 1355
Sidonia,Shillom,Female,sshillompf@pagesperso-orange.fr,500 599 6957
Ernie,Dalgardno,Male,edalgardnopg@adobe.com,971 579 8100
Alasteir,Kneebone,Male,akneeboneph@printfriendly.com,599 505 1331
Winn,Darque,Male,wdarquepi@desdev.cn,548 837 9044
Mychal,Blowne,Male,mblownepj@mtv.com,592 282 6893
Emelina,Greenard,Female,egreenardpk@ebay.com,395 480 8982
Doloritas,Rilings,Female,drilingspl@angelfire.com,209 604 9066
Bruno,Janicki,Male,bjanickipm@cmu.edu,686 662 6269
Gwynne,Colaton,Female,gcolatonpn@wordpress.org,896 392 4799
Stanton,Dulieu,Male,sdulieupo@fema.gov,545 286 6078
Kitti,Krelle,Female,kkrellepp@apple.com,908 291 5054
Rodd,Priel,Male,rprielpq@webmd.com,750 770 0080
Zeb,Driscoll,Male,zdriscollpr@reuters.com,817 950 4609
Joshuah,Bodemeaid,Male,jbodemeaidps@desdev.cn,528 300 2118
Dyann,Clancey,Female,dclanceypt@naver.com,894 783 7755
Rosaleen,Lumsden,Female,rlumsdenpu@mapquest.com,327 168 1878
Rock,Rubberts,Male,rrubbertspv@uol.com.br,631 319 3724
Pip,Sheddan,Polygender,psheddanpw@noaa.gov,774 505 7266
Ermengarde,Willmont,Non-binary,ewillmontpx@diigo.com,237 327 0912
Rochelle,Dunston,Female,rdunstonpy@feedburner.com,687 568 9837
Allys,Tompkins,Polygender,atompkinspz@usda.gov,409 998 6475
Bernadene,Stair,Female,bstairq0@free.fr,327 606 9586
Feodora,Eilhermann,Female,feilhermannq1@lulu.com,657 704 3467
Reyna,Rohlfing,Female,rrohlfingq2@cargocollective.com,367 626 9417
Elysha,Chicchelli,Female,echicchelliq3@slate.com,265 906 0210
Hanna,Mc Coughan,Female,hmccoughanq4@blogs.com,600 560 2644
Lanie,Taudevin,Female,ltaudevinq5@senate.gov,126 820 1639
Reidar,Jaffra,Male,rjaffraq6@blogtalkradio.com,365 955 5271
Hughie,Coulman,Male,hcoulmanq7@elpais.com,972 662 4318
Giovanni,Mish,Male,gmishq8@parallels.com,315 107 0227
Lindy,Kirstein,Male,lkirsteinq9@about.me,288 919 1224
Ladonna,Durker,Female,ldurkerqa@ovh.net,694 873 8686
Hermione,Vanyard,Female,hvanyardqb@redcross.org,910 446 8613
Ruttger,Fallis,Male,rfallisqc@live.com,737 646 8563
Milly,Crimes,Female,mcrimesqd@unc.edu,805 521 2469
Janeva,Scotchmor,Non-binary,jscotchmorqe@hatena.ne.jp,433 705 8864
Benoite,Stelfox,Female,bstelfoxqf@weebly.com,110 287 6182
Perceval,Hlavac,Male,phlavacqg@telegraph.co.uk,243 700 8496
Gaynor,Bullant,Female,gbullantqh@blogs.com,932 598 9528
Lon,Aries,Male,lariesqi@latimes.com,772 108 3564
Lila,Crome,Female,lcromeqj@blogspot.com,516 239 2770
Tiffi,Moultrie,Female,tmoultrieqk@prlog.org,188 761 3669
Keven,Crim,Male,kcrimql@disqus.com,341 619 8059
Libbie,Coggon,Female,lcoggonqm@wikia.com,885 813 1141
Talya,Janny,Female,tjannyqn@weibo.com,337 216 0746
Bella,Jarrard,Female,bjarrardqo@4shared.com,501 789 8423
Dalston,Sijmons,Male,dsijmonsqp@newsvine.com,806 903 1986
Anitra,Selliman,Female,asellimanqq@sina.com.cn,629 404 7784
Gerek,Hobbema,Male,ghobbemaqr@admin.ch,835 824 3556
Miguelita,Millimoe,Female,mmillimoeqs@loc.gov,176 298 3426
Stefania,Pannett,Female,spannettqt@spiegel.de,479 816 2834
Hazlett,Smallpiece,Male,hsmallpiecequ@booking.com,812 977 3559
Brice,Josefowicz,Male,bjosefowiczqv@narod.ru,396 555 4116
Redd,Kaliszewski,Male,rkaliszewskiqw@flavors.me,530 944 8526
Marion,Colegrove,Male,mcolegroveqx@weibo.com,289 313 2666
Edin,Carmo,Female,ecarmoqy@webs.com,197 228 9140
Ennis,Valentino,Male,evalentinoqz@usa.gov,618 356 8444
Lurette,Wilshaw,Genderfluid,lwilshawr0@gmpg.org,449 171 8526
Hobey,Habberjam,Male,hhabberjamr1@google.de,447 576 5758
Ali,Blazej,Female,ablazejr2@themeforest.net,581 190 6074
Dene,Bagnall,Male,dbagnallr3@omniture.com,856 832 6488
Ermin,Varndall,Male,evarndallr4@reddit.com,480 788 8996
Morgun,Harrowsmith,Male,mharrowsmithr5@goodreads.com,454 299 7987
Lorine,Huncote,Female,lhuncoter6@walmart.com,873 936 1611
Ives,Heatly,Male,iheatlyr7@clickbank.net,354 427 2612
Jarib,Colgan,Male,jcolganr8@ed.gov,353 104 4333
Germaine,Mayho,Female,gmayhor9@e-recht24.de,884 481 4954
Cleve,Hars,Male,charsra@linkedin.com,751 629 7889
Tait,Aartsen,Male,taartsenrb@networkadvertising.org,820 507 2887
Jackqueline,Hardy,Female,jhardyrc@is.gd,468 200 3909
Kipper,Trusler,Male,ktruslerrd@live.com,989 588 5931
Alric,Buckam,Male,abuckamre@list-manage.com,779 694 7708
Evangelina,Cornilleau,Female,ecornilleaurf@abc.net.au,480 419 7935
Chloette,Borley,Female,cborleyrg@google.com.br,661 436 0288
Koren,Pitfield,Female,kpitfieldrh@pagesperso-orange.fr,206 710 0406
Brigitte,Hovee,Female,bhoveeri@wunderground.com,476 283 5975
Bab,Pettiward,Female,bpettiwardrj@etsy.com,247 813 5939
Norine,Lindblad,Genderfluid,nlindbladrk@seesaa.net,902 557 5242
Curran,Pullar,Male,cpullarrl@technorati.com,573 561 2340
Stephana,Rowan,Female,srowanrm@noaa.gov,634 670 7807
Dur,Hatz,Male,dhatzrn@is.gd,657 561 4625
Nicoline,Blitzer,Female,nblitzerro@g.co,919 775 7520
Adah,Gubbins,Female,agubbinsrp@etsy.com,660 413 5433
Justen,Hector,Male,jhectorrq@com.com,814 416 2805
Cord,Wabe,Male,cwaberr@creativecommons.org,797 495 8294
