first_name,last_name,gender,email,phone
Alwyn,Decort,Male,adecort0@trellian.com,915 293 4381
Bee,D'eathe,Female,bdeathe1@google.com,295 402 1068
Annabella,Blunsum,Female,ablunsum2@wikimedia.org,151 478 2534
Elvina,Maris,Female,emaris3@fda.gov,274 801 6813
Carlie,Schoenfisch,Female,cschoenfisch4@github.com,139 279 8157
Kerrie,Tack,Female,ktack5@storify.com,851 869 2803
Renata,Bownas,Female,rbownas6@craigslist.org,481 541 4133
Missie,Crooks,Female,mcrooks7@walmart.com,934 190 6783
Benedick,Feldstern,Male,bfeldstern8@ustream.tv,946 663 9518
Christan,Lill,Female,clill9@google.com.au,235 131 0171
Enrichetta,Outhwaite,Female,eouthwaitea@weebly.com,531 521 7756
Jeannie,Postgate,Female,jpostgateb@msn.com,371 455 5130
Gib,Chene,Male,gchenec@ucla.edu,834 740 4723
Wallie,Fullwood,Female,wfullwoodd@indiegogo.com,739 634 3717
Willie,Louisot,Female,wlouisote@google.es,984 432 5385
Svend,Alessandrucci,Male,salessandruccif@slashdot.org,817 198 2895
Tremayne,Alf,Male,talfg@nifty.com,273 324 6628
Merv,Denslow,Male,mdenslowh@china.com.cn,627 676 5435
Inness,Schimon,Male,ischimoni@slate.com,684 973 4999
Erica,Cakebread,Female,ecakebreadj@springer.com,317 838 5170
Jamesy,Cheke,Male,jchekek@guardian.co.uk,842 910 7562
Stillman,Bauldry,Male,sbauldryl@gmpg.org,258 420 7002
Vita,Still,Female,vstillm@smh.com.au,407 149 6735
Jasper,Lockhart,Male,jlockhartn@so-net.ne.jp,525 489 8794
Zonnya,Furnell,Female,zfurnello@bigcartel.com,177 736 9443
Amalie,Urien,Female,aurienp@51.la,212 640 7994
Veronika,Picker,Female,vpickerq@apache.org,455 548 9767
Fionnula,Volante,Genderfluid,fvolanter@networkadvertising.org,799 179 6915
Marv,Spenton,Male,mspentons@uiuc.edu,869 595 3798
Pablo,Fateley,Bigender,pfateleyt@hhs.gov,766 770 9194
Nicol,Parmley,Male,nparmleyu@facebook.com,162 584 9941
Quentin,Siverns,Male,qsivernsv@economist.com,410 867 3865
Thorndike,Desvignes,Male,tdesvignesw@yahoo.co.jp,782 942 6473
Bertie,Rickesies,Male,brickesiesx@bloglovin.com,590 996 3265
Saul,Keddie,Male,skeddiey@comcast.net,352 772 3233
Samuele,Brearton,Male,sbreartonz@narod.ru,347 151 2775
Adler,Elby,Male,aelby10@sohu.com,758 542 5515
Nicko,Linde,Male,nlinde11@whitehouse.gov,690 990 2515
Bartholomew,Geffen,Male,bgeffen12@geocities.jp,934 818 4254
Perrine,Crockatt,Female,pcrockatt13@desdev.cn,285 268 4974
Devon,Hartfield,Female,dhartfield14@un.org,697 115 7040
Minnaminnie,O' Brian,Female,mobrian15@imgur.com,532 788 1635
Freemon,Metrick,Genderqueer,fmetrick16@prnewswire.com,132 907 7828
Letisha,Featherston,Female,lfeatherston17@phoca.cz,893 598 4706
Kelli,Longhorne,Female,klonghorne18@reuters.com,711 759 4459
Eolande,Stead,Female,estead19@newsvine.com,263 664 4649
Dalli,Robet,Male,drobet1a@sciencedaily.com,935 717 0008
Rana,Wytchard,Female,rwytchard1b@ted.com,647 983 7860
Holly-anne,Jahnisch,Female,hjahnisch1c@si.edu,515 642 0298
Shena,Snowdon,Female,ssnowdon1d@columbia.edu,405 317 6009
Karina,Ewan,Female,kewan1e@gizmodo.com,109 480 1086
Cass,Sibthorpe,Male,csibthorpe1f@networkadvertising.org,176 591 0444
Elna,Napoleon,Non-binary,enapoleon1g@bbb.org,850 745 0830
Alissa,Klein,Female,aklein1h@slideshare.net,406 465 3681
Isabel,Elphick,Female,ielphick1i@usgs.gov,685 233 9891
Nicholle,Veldens,Female,nveldens1j@pbs.org,334 602 5623
Ruperto,Tudhope,Male,rtudhope1k@cmu.edu,574 668 4379
Merrielle,Cubin,Female,mcubin1l@usnews.com,307 467 5102
Denny,Proctor,Genderfluid,dproctor1m@meetup.com,558 391 4496
Sasha,Pulster,Agender,spulster1n@va.gov,597 432 8156
Arthur,Gallon,Male,agallon1o@foxnews.com,534 847 0132
Shirlee,MacKibbon,Female,smackibbon1p@t.co,520 466 9740
Cristal,Turnock,Female,cturnock1q@pagesperso-orange.fr,789 584 9668
Lin,Riggert,Female,lriggert1r@twitter.com,919 875 7061
Henrik,Weed,Male,hweed1s@tmall.com,113 778 8920
Forrester,Cumberpatch,Male,fcumberpatch1t@nbcnews.com,513 656 2872
Xenia,Pindell,Female,xpindell1u@independent.co.uk,295 808 2425
Jackelyn,Spires,Female,jspires1v@networksolutions.com,573 782 4600
Lorne,Henken,Male,lhenken1w@csmonitor.com,423 182 9004
Veronike,Force,Female,vforce1x@printfriendly.com,585 296 4602
Sherrie,O'Lunney,Female,solunney1y@epa.gov,955 335 1975
Broddy,Dimitrijevic,Male,bdimitrijevic1z@about.me,628 813 2647
Mandy,O'Loughnan,Female,moloughnan20@nifty.com,389 223 8463
Jule,Simanek,Male,jsimanek21@merriam-webster.com,660 219 6394
Sally,Maffioletti,Female,smaffioletti22@pinterest.com,361 789 6393
Shae,Tidman,Male,stidman23@nymag.com,315 155 2332
Georg,O' Faherty,Male,gofaherty24@webmd.com,415 542 7380
Sisely,Hort,Female,short25@youtu.be,522 835 0489
Blaine,Walak,Male,bwalak26@illinois.edu,527 320 2077
Lida,Maasz,Female,lmaasz27@umich.edu,629 647 6989
Jessamyn,Scowen,Female,jscowen28@omniture.com,514 974 9209
Ulrika,Dilston,Non-binary,udilston29@discuz.net,180 899 4510
Bride,Cayzer,Female,bcayzer2a@globo.com,356 677 8934
Cheslie,Worsalls,Female,cworsalls2b@miitbeian.gov.cn,940 507 1660
Terrence,Blowin,Male,tblowin2c@skyrock.com,666 186 4473
Freda,Church,Female,fchurch2d@youtu.be,149 590 4162
Jeri,Brusin,Female,jbrusin2e@cpanel.net,324 985 7928
Stevy,Trundle,Male,strundle2f@spotify.com,796 813 2719
Culver,Crouch,Male,ccrouch2g@webmd.com,512 314 9075
Nichols,Jeynes,Male,njeynes2h@businessweek.com,341 439 5138
Patrizio,Filon,Male,pfilon2i@nba.com,971 880 2502
My,Beasleigh,Male,mbeasleigh2j@nyu.edu,100 712 8461
Sonni,Stribling,Female,sstribling2k@artisteer.com,128 268 3190
Marie,Conkling,Genderfluid,mconkling2l@privacy.gov.au,993 298 7293
Judith,Cayton,Female,jcayton2m@qq.com,914 869 9409
Nathanial,Fossick,Male,nfossick2n@xing.com,156 647 5061
Sabine,Pochon,Female,spochon2o@diigo.com,411 436 7871
Tremain,Guinnane,Male,tguinnane2p@smugmug.com,706 572 7782
Warde,Shackleton,Male,wshackleton2q@gov.uk,627 182 1412
Maxy,Bonelle,Male,mbonelle2r@amazon.de,670 340 3285
Napoleon,Lethibridge,Male,nlethibridge2s@nytimes.com,635 420 6092
Enid,Cardenas,Female,ecardenas2t@twitter.com,653 939 2177
Augy,Calkin,Male,acalkin2u@sun.com,226 836 6185
Mathias,Gregor,Male,mgregor2v@fda.gov,894 432 8384
Yule,Bestwick,Male,ybestwick2w@pinterest.com,366 335 3606
Cherianne,Allans,Female,callans2x@behance.net,320 567 7113
Dorrie,Twycross,Female,dtwycross2y@blinklist.com,225 884 8826
Cal,Donner,Female,cdonner2z@pinterest.com,699 503 4778
Tuckie,Heritege,Genderqueer,theritege30@uol.com.br,405 201 4081
Amabelle,O'Giany,Female,aogiany31@weibo.com,958 266 1595
Stavros,Applin,Male,sapplin32@webmd.com,605 152 4277
Cecilio,Pogosian,Male,cpogosian33@bloglovin.com,703 528 2119
Roi,Trenaman,Male,rtrenaman34@whitehouse.gov,189 900 1156
Archambault,Wilkin,Male,awilkin35@cnet.com,798 458 0536
Tannie,Bouzek,Male,tbouzek36@twitter.com,976 919 5110
Lester,Duffield,Male,lduffield37@scribd.com,835 679 8007
Rubetta,Blose,Female,rblose38@google.es,504 350 8426
Ferdinand,Thome,Male,fthome39@friendfeed.com,371 590 8959
Joey,Jordi,Female,jjordi3a@oracle.com,681 327 0907
Mirilla,Coviello,Female,mcoviello3b@symantec.com,297 544 2691
Tatiana,Tatchell,Female,ttatchell3c@vistaprint.com,865 908 0695
Newton,Harriskine,Male,nharriskine3d@domainmarket.com,737 332 6924
Dur,Skeeles,Male,dskeeles3e@usatoday.com,955 548 5284
Wilie,Hitter,Female,whitter3f@mit.edu,656 926 5240
Gael,Fermin,Male,gfermin3g@plala.or.jp,219 680 6305
Lauren,Tapton,Genderfluid,ltapton3h@51.la,223 212 1508
Llywellyn,Rhule,Male,lrhule3i@usda.gov,816 158 5373
Suzie,Brunicke,Female,sbrunicke3j@people.com.cn,705 998 8546
Jammal,Galloway,Agender,jgalloway3k@163.com,259 974 1620
Marten,Mcettrick,Male,mmcettrick3l@cdbaby.com,671 961 7858
Mersey,Pyer,Female,mpyer3m@timesonline.co.uk,835 613 5549
Felice,Markham,Male,fmarkham3n@tamu.edu,104 643 3070
Alexandros,Verrills,Male,averrills3o@kickstarter.com,880 101 1689
Reeva,Lowth,Female,rlowth3p@joomla.org,231 501 3831
Debee,Bisset,Female,dbisset3q@eepurl.com,174 926 3139
Merle,Warboys,Bigender,mwarboys3r@unc.edu,921 470 1484
Jaquelyn,Godrich,Female,jgodrich3s@mapy.cz,634 573 4493
Zack,Bernard,Male,zbernard3t@cmu.edu,430 921 8129
Durant,Haywood,Male,dhaywood3u@oaic.gov.au,963 522 8499
Jodie,Wixey,Female,jwixey3v@jiathis.com,377 249 4815
Raoul,Rubinow,Male,rrubinow3w@about.me,347 920 7457
Ely,Nestor,Male,enestor3x@imgur.com,171 814 9938
Josselyn,Tomczykowski,Female,jtomczykowski3y@narod.ru,358 461 2031
Vivian,Futter,Female,vfutter3z@php.net,357 347 1363
Hendrik,Mudge,Male,hmudge40@va.gov,770 161 4246
Katalin,Salter,Genderfluid,ksalter41@hibu.com,250 780 8340
Bonita,Spurrier,Female,bspurrier42@nba.com,315 250 7855
Theda,Martinon,Female,tmartinon43@kickstarter.com,413 933 3337
Janeta,Springer,Female,jspringer44@moonfruit.com,482 486 1419
Bard,Gillise,Male,bgillise45@aboutads.info,760 893 9643
Asa,Grugerr,Male,agrugerr46@umich.edu,659 619 1843
Odey,Dunham,Male,odunham47@yelp.com,485 680 8608
Libby,Assur,Female,lassur48@gnu.org,151 904 6257
Bobbie,Canet,Male,bcanet49@fema.gov,673 930 6591
De witt,Tritten,Male,dtritten4a@census.gov,498 605 4870
Winston,Kissock,Male,wkissock4b@delicious.com,325 226 1756
Vin,Carrigan,Female,vcarrigan4c@statcounter.com,246 489 6649
Muhammad,Schohier,Male,mschohier4d@freewebs.com,937 110 1152
Kimberley,Dagg,Female,kdagg4e@sphinn.com,527 692 4970
Constantine,Storrs,Female,cstorrs4f@icq.com,774 599 8804
Matthaeus,Grogan,Male,mgrogan4g@spotify.com,844 742 4074
Mathew,Nuscha,Male,mnuscha4h@odnoklassniki.ru,880 691 9619
Kelcie,Wasmuth,Female,kwasmuth4i@dyndns.org,691 394 4888
Corby,Padden,Male,cpadden4j@photobucket.com,784 790 9027
Juli,Curedale,Female,jcuredale4k@t-online.de,891 573 2752
Tadd,Erickson,Male,terickson4l@google.pl,837 341 3541
Stacy,Chicco,Male,schicco4m@flickr.com,567 671 7555
Reamonn,Curson,Male,rcurson4n@comcast.net,330 538 0026
Beryle,Fullagar,Female,bfullagar4o@europa.eu,785 613 0998
Baxter,Machans,Bigender,bmachans4p@economist.com,972 115 0304
Sheila-kathryn,Plowes,Female,splowes4q@sitemeter.com,288 917 6497
Vitoria,Glasser,Non-binary,vglasser4r@about.com,568 902 1327
Filmer,Dinnington,Male,fdinnington4s@eepurl.com,311 179 9450
Grethel,Whall,Female,gwhall4t@ovh.net,466 384 0089
Chen,Eccleshall,Genderqueer,ceccleshall4u@techcrunch.com,981 430 2439
Sheryl,Edgecombe,Female,sedgecombe4v@whitehouse.gov,929 925 9286
Basil,Ingerith,Male,bingerith4w@java.com,532 741 8216
Natalee,Fryatt,Female,nfryatt4x@jigsy.com,276 429 4001
Chrisy,Dradey,Male,cdradey4y@umn.edu,917 840 9208
Rees,Benes,Genderfluid,rbenes4z@dedecms.com,936 267 2681
Coleman,Pedrocco,Male,cpedrocco50@nationalgeographic.com,290 614 4294
Yoko,Lutwyche,Female,ylutwyche51@uol.com.br,314 190 3478
Lynda,Tockell,Female,ltockell52@google.co.jp,402 876 4584
Gustie,Sollowaye,Female,gsollowaye53@spiegel.de,735 985 6319
Myrwyn,Knath,Male,mknath54@privacy.gov.au,360 431 7190
Yorgo,Morriarty,Male,ymorriarty55@t-online.de,840 825 2843
Vachel,Havers,Male,vhavers56@ed.gov,765 249 1762
Farra,Shercliff,Female,fshercliff57@pen.io,389 376 7994
Ainslie,Pindar,Non-binary,apindar58@nasa.gov,944 385 1381
Merilyn,Enterle,Female,menterle59@ezinearticles.com,579 533 9285
Alexio,Lowes,Male,alowes5a@mashable.com,367 204 7824
Katha,Yewdale,Female,kyewdale5b@npr.org,833 426 8906
Jeniece,Korda,Female,jkorda5c@auda.org.au,916 776 9673
Rikki,Crips,Male,rcrips5d@reddit.com,923 641 0133
Tedmund,Pulbrook,Male,tpulbrook5e@devhub.com,888 769 7221
Chane,Sivier,Male,csivier5f@indiegogo.com,804 820 3952
Naomi,Gieves,Female,ngieves5g@gizmodo.com,494 802 8319
Fonsie,Moreno,Male,fmoreno5h@altervista.org,176 938 4346
Glenine,Letts,Bigender,gletts5i@sphinn.com,590 603 2902
Madeline,Lenton,Female,mlenton5j@de.vu,658 828 7540
Roberto,Zanazzi,Male,rzanazzi5k@biblegateway.com,329 734 3221
Hattie,Heeps,Female,hheeps5l@bloglines.com,960 357 2891
Kikelia,Inett,Female,kinett5m@ucsd.edu,953 790 7527
Wit,Bicheno,Male,wbicheno5n@army.mil,535 831 8621
Maggee,Minty,Agender,mminty5o@epa.gov,290 294 6412
Roxane,McMahon,Female,rmcmahon5p@biglobe.ne.jp,855 297 5134
Maddy,Rilston,Female,mrilston5q@over-blog.com,385 681 2701
Robers,Gotobed,Male,rgotobed5r@economist.com,250 404 0125
Roanna,Cotsford,Female,rcotsford5s@parallels.com,560 853 1486
Georgina,Deadman,Female,gdeadman5t@google.co.jp,160 987 3353
Cameron,Switland,Male,cswitland5u@de.vu,318 638 2096
Eleni,Cinavas,Female,ecinavas5v@drupal.org,530 275 2764
Ives,Havenhand,Male,ihavenhand5w@miitbeian.gov.cn,654 660 4133
Guthry,Agnew,Male,gagnew5x@epa.gov,377 744 3219
Joleen,Braidman,Female,jbraidman5y@issuu.com,767 358 9744
Kelvin,Bradane,Non-binary,kbradane5z@gizmodo.com,730 697 5139
Lory,Clarkson,Female,lclarkson60@vinaora.com,438 340 5250
Rance,Curnnokk,Male,rcurnnokk61@is.gd,565 502 1920
Josepha,Cubbino,Female,jcubbino62@soup.io,949 597 9349
Felecia,Dudek,Female,fdudek63@mashable.com,871 494 7447
Fitz,Campo,Genderfluid,fcampo64@arstechnica.com,976 208 3245
Brent,German,Male,bgerman65@nsw.gov.au,706 979 4606
Mandie,Leftridge,Female,mleftridge66@toplist.cz,904 820 4865
Olympie,Morsey,Female,omorsey67@chronoengine.com,347 514 1426
Aileen,Cogdell,Female,acogdell68@vimeo.com,389 458 5296
Constantia,Graveney,Female,cgraveney69@rakuten.co.jp,818 839 5787
Harp,Hadgkiss,Male,hhadgkiss6a@auda.org.au,188 238 0147
Hannie,Monte,Female,hmonte6b@gov.uk,672 769 2467
Bert,Kydde,Female,bkydde6c@de.vu,627 518 9589
Rafe,Layzell,Male,rlayzell6d@i2i.jp,622 797 8531
Fredrick,Kordas,Male,fkordas6e@163.com,752 571 7328
Alethea,Dredge,Female,adredge6f@cnet.com,849 114 4971
Ester,Panner,Female,epanner6g@google.com.au,504 495 3006
Gunner,Deverell,Male,gdeverell6h@mac.com,919 353 1222
Ravid,Lanigan,Male,rlanigan6i@phpbb.com,813 608 3287
Brunhilde,Andriolli,Female,bandriolli6j@scientificamerican.com,368 851 6612
Ade,Bridgwater,Male,abridgwater6k@nih.gov,191 782 5567
Jarrad,Bossingham,Male,jbossingham6l@wisc.edu,729 274 5542
Neal,Gonnard,Genderfluid,ngonnard6m@shareasale.com,494 342 3152
Edithe,Arens,Female,earens6n@chron.com,450 665 0375
Roderigo,Gabby,Male,rgabby6o@economist.com,468 449 7059
Vince,Bastiman,Male,vbastiman6p@woothemes.com,528 484 4117
Carolina,Indgs,Female,cindgs6q@so-net.ne.jp,742 397 8168
Verge,Ivanenkov,Male,vivanenkov6r@engadget.com,786 628 7728
Nobie,Hemphall,Male,nhemphall6s@stumbleupon.com,754 633 6672
Caressa,Brimicombe,Female,cbrimicombe6t@theglobeandmail.com,681 206 7751
Aimil,Littler,Agender,alittler6u@tripadvisor.com,599 411 6055
Brear,Copcutt,Female,bcopcutt6v@trellian.com,596 569 5936
Pail,Rysom,Bigender,prysom6w@oakley.com,343 672 3697
Hillard,Griffitts,Male,hgriffitts6x@weebly.com,564 680 9687
Aili,Peers,Female,apeers6y@netvibes.com,625 817 7943
Morgen,Cesco,Female,mcesco6z@networkadvertising.org,251 470 6342
Franny,Zanutti,Male,fzanutti70@marketwatch.com,913 272 2320
Judon,Anfosso,Male,janfosso71@virginia.edu,884 909 1577
Gerik,Fawdrie,Male,gfawdrie72@yellowbook.com,290 301 4290
Vladamir,Aleveque,Male,valeveque73@psu.edu,279 257 4378
Rance,Jossel,Male,rjossel74@liveinternet.ru,510 999 3555
Carmelita,Thiolier,Polygender,cthiolier75@newsvine.com,832 151 0933
Markos,Sictornes,Bigender,msictornes76@umn.edu,598 154 3343
Gregorio,Longden,Male,glongden77@umn.edu,681 577 7133
Rab,Girardey,Male,rgirardey78@pen.io,724 740 2870
Jeromy,Blum,Male,jblum79@pcworld.com,196 491 9976
Derril,Cartman,Male,dcartman7a@bluehost.com,526 370 3904
Balduin,Absolem,Male,babsolem7b@usnews.com,898 427 4192
Marie,Cregin,Female,mcregin7c@prlog.org,785 365 5413
Tonya,Volker,Female,tvolker7d@cnet.com,778 317 3150
Babita,Keefe,Female,bkeefe7e@gnu.org,760 891 3391
Daniela,Baxstar,Female,dbaxstar7f@twitpic.com,578 780 8613
Ferrel,Hadwen,Male,fhadwen7g@statcounter.com,106 873 2240
Elie,Blankau,Female,eblankau7h@squidoo.com,701 755 0407
Burg,Littrik,Male,blittrik7i@jigsy.com,308 872 7623
Maisie,Kleinhausen,Female,mkleinhausen7j@ox.ac.uk,200 997 9963
Crichton,Wichard,Male,cwichard7k@dot.gov,623 929 8065
Nye,Bostick,Male,nbostick7l@wp.com,199 598 2884
Valentijn,Pool,Male,vpool7m@whitehouse.gov,998 227 9129
Iorgos,Dakhov,Genderfluid,idakhov7n@digg.com,725 123 6249
Jeannie,Bowden,Female,jbowden7o@51.la,408 155 2284
Irvine,Conneau,Male,iconneau7p@ihg.com,420 263 3110
Forbes,Lerigo,Male,flerigo7q@indiegogo.com,287 934 2313
Antonie,Huetson,Female,ahuetson7r@rediff.com,972 812 4329
Mano,Pope,Male,mpope7s@amazon.co.uk,667 890 9942
Petrina,Dahmke,Female,pdahmke7t@opensource.org,842 405 6292
Rudiger,Rossiter,Male,rrossiter7u@mac.com,448 197 1715
Nickola,Wakley,Male,nwakley7v@nbcnews.com,818 331 1659
Lucila,Brundle,Female,lbrundle7w@comcast.net,272 621 2230
Binni,Tesh,Female,btesh7x@marketwatch.com,847 432 7239
Adore,Grzelewski,Female,agrzelewski7y@prweb.com,376 897 9266
Myrtle,Frie,Female,mfrie7z@newyorker.com,535 964 5858
Penny,Travers,Female,ptravers80@prnewswire.com,650 250 2211
Chastity,Dupree,Female,cdupree81@photobucket.com,564 443 1639
Chelsea,Colcomb,Female,ccolcomb82@google.de,263 433 0810
Sheffy,Alison,Bigender,salison83@nba.com,321 697 8104
Rowney,Baldrick,Male,rbaldrick84@delicious.com,171 356 3864
Riane,Jerrams,Female,rjerrams85@wikimedia.org,586 101 1911
Lynde,Boraston,Female,lboraston86@wikia.com,375 675 8033
Rafaello,Pinhorn,Male,rpinhorn87@topsy.com,133 703 2262
Lynett,Clampton,Female,lclampton88@engadget.com,131 371 9415
Blythe,Benardette,Female,bbenardette89@sun.com,863 909 2182
Uriel,Bernakiewicz,Male,ubernakiewicz8a@desdev.cn,451 786 9355
Corine,Pinwell,Female,cpinwell8b@sphinn.com,762 503 4588
Ainslee,Adolfson,Female,aadolfson8c@ezinearticles.com,717 780 4820
Caril,Jaye,Female,cjaye8d@digg.com,986 223 2554
Nydia,Dawley,Female,ndawley8e@reddit.com,903 939 5013
Sonnie,Shafier,Male,sshafier8f@gravatar.com,574 388 5611
Bearnard,Cruttenden,Male,bcruttenden8g@sina.com.cn,716 479 1139
Ana,Curson,Female,acurson8h@list-manage.com,451 970 0197
Thomasa,Tewnion,Female,ttewnion8i@upenn.edu,726 908 9806
Gregoor,Raffels,Male,graffels8j@facebook.com,749 374 6218
Arabel,Pipkin,Female,apipkin8k@cdbaby.com,650 334 4294
Rutherford,Skitt,Male,rskitt8l@uiuc.edu,899 383 2011
Rainer,Castella,Male,rcastella8m@vk.com,312 495 9530
Wendell,Dellatorre,Male,wdellatorre8n@dyndns.org,712 677 6007
Claybourne,Grancher,Male,cgrancher8o@google.it,527 988 8837
Warden,McMurraya,Male,wmcmurraya8p@barnesandnoble.com,227 254 5366
Maritsa,McCaffery,Female,mmccaffery8q@businessinsider.com,107 336 6755
Chrystel,Dollar,Female,cdollar8r@fema.gov,292 728 7536
Aprilette,Leatham,Agender,aleatham8s@jigsy.com,930 566 9353
Ginnie,Aronovich,Female,garonovich8t@bigcartel.com,644 897 6920
Merell,Mattussevich,Male,mmattussevich8u@theglobeandmail.com,318 944 5125
Terrel,Threadgall,Male,tthreadgall8v@storify.com,993 338 4200
Thom,Gebb,Male,tgebb8w@tinypic.com,164 164 9206
Gannon,Juleff,Male,gjuleff8x@soup.io,222 454 6730
Fay,Orgee,Female,forgee8y@disqus.com,842 677 0499
Barnard,Siburn,Male,bsiburn8z@foxnews.com,201 159 6561
Henrieta,Kingaby,Bigender,hkingaby90@behance.net,531 816 4184
Myrilla,Mollitt,Female,mmollitt91@last.fm,653 150 6371
Sanford,Tunn,Male,stunn92@hibu.com,881 792 0533
April,Milward,Female,amilward93@craigslist.org,421 912 6567
Thomasine,Penton,Female,tpenton94@auda.org.au,542 325 6436
Sim,Darragon,Male,sdarragon95@1688.com,661 755 6809
Bary,De Angelis,Male,bdeangelis96@weibo.com,210 294 9797
Corenda,Chapling,Female,cchapling97@ihg.com,241 587 3125
Jeramey,Thorburn,Male,jthorburn98@yahoo.com,443 775 1088
Nobie,Blackboro,Male,nblackboro99@ftc.gov,380 948 4510
Kirstyn,Soar,Female,ksoar9a@blogspot.com,498 396 6177
Glory,Ysson,Female,gysson9b@unicef.org,214 203 8641
Sheree,Mohammad,Genderqueer,smohammad9c@flickr.com,917 681 3820
Karen,Broszkiewicz,Female,kbroszkiewicz9d@businessweek.com,988 998 1962
Carlene,Monnelly,Agender,cmonnelly9e@va.gov,719 466 3403
Orly,Girth,Female,ogirth9f@vk.com,949 138 2951
Sarette,People,Agender,speople9g@chronoengine.com,788 287 9977
Margalit,Pringour,Female,mpringour9h@blogs.com,807 652 5585
Karoly,Dudden,Male,kdudden9i@foxnews.com,938 892 9361
Dominique,Bastick,Female,dbastick9j@nba.com,877 207 6878
Merry,Beckham,Female,mbeckham9k@last.fm,216 595 3835
Dame,Concklin,Male,dconcklin9l@topsy.com,851 971 6680
Ethelin,Whanstall,Female,ewhanstall9m@admin.ch,206 779 5427
Kelcey,Herrero,Female,kherrero9n@squarespace.com,903 245 4079
Brandon,McReynolds,Male,bmcreynolds9o@yahoo.com,646 946 3721
Corinne,Lesley,Female,clesley9p@blogtalkradio.com,378 444 6369
Trent,Doutch,Male,tdoutch9q@simplemachines.org,444 282 2790
Guntar,Witty,Male,gwitty9r@time.com,801 946 7725
Aloisia,Poynton,Female,apoynton9s@google.co.uk,302 762 5308
Aguste,Soppett,Male,asoppett9t@unc.edu,542 435 0097
Herc,Dudden,Male,hdudden9u@opensource.org,312 204 1320
Jake,Linge,Male,jlinge9v@blogs.com,994 613 4541
Catriona,Rampage,Female,crampage9w@4shared.com,712 100 1868
Sean,Hussell,Female,shussell9x@rambler.ru,474 846 3799
Gaile,Keating,Male,gkeating9y@behance.net,205 325 7957
Marcile,Ashlee,Female,mashlee9z@zdnet.com,885 786 0054
Berty,Tottem,Male,btottema0@scribd.com,818 210 0350
Jordon,Finker,Male,jfinkera1@yandex.ru,148 805 5491
Jacobo,Oattes,Agender,joattesa2@unicef.org,586 512 3691
Mada,Deppen,Female,mdeppena3@kickstarter.com,216 325 1141
Dante,De Malchar,Male,ddemalchara4@opensource.org,591 802 1426
Blondie,Cagan,Genderqueer,bcagana5@deliciousdays.com,991 268 5996
Bonnee,Giff,Female,bgiffa6@csmonitor.com,726 327 9222
Elvyn,Glyn,Male,eglyna7@macromedia.com,797 486 0516
Pail,Guiton,Male,pguitona8@mit.edu,519 175 8154
Ernest,Beer,Male,ebeera9@auda.org.au,913 110 9638
Kimberlyn,Girardoni,Female,kgirardoniaa@prlog.org,351 222 6082
Wernher,Buddles,Male,wbuddlesab@marriott.com,242 373 5727
Tannie,Yerrill,Male,tyerrillac@stanford.edu,261 449 1280
Jaclyn,Izon,Female,jizonad@furl.net,447 677 7162
Carey,Cockton,Female,ccocktonae@w3.org,699 131 6282
Camila,Longhorne,Female,clonghorneaf@pcworld.com,272 298 0058
Braden,Law,Male,blawag@livejournal.com,354 274 7035
Winston,Gullifant,Male,wgullifantah@google.com.au,688 975 4750
Leeann,Saer,Female,lsaerai@engadget.com,235 840 1315
Orv,Gaythwaite,Male,ogaythwaiteaj@npr.org,253 717 0840
Gram,Cardenas,Male,gcardenasak@friendfeed.com,122 812 9096
Quintus,Mollon,Male,qmollonal@51.la,831 858 8972
Jonie,Secombe,Female,jsecombeam@tumblr.com,359 191 5561
Edlin,Floyde,Agender,efloydean@illinois.edu,820 897 6994
Lorianna,Elnough,Agender,lelnoughao@networkadvertising.org,881 348 7774
Danie,de Broke,Male,ddebrokeap@abc.net.au,561 413 0673
Zonda,Irce,Female,zirceaq@google.com.au,917 734 8599
Forster,Bedinham,Male,fbedinhamar@pen.io,135 118 1179
Caren,Carling,Female,ccarlingas@harvard.edu,966 165 3566
Jacky,Vautrey,Male,jvautreyat@bbb.org,426 758 7574
Estele,Webland,Female,eweblandau@barnesandnoble.com,242 841 2498
Stella,Chasson,Female,schassonav@usatoday.com,753 210 9680
Cob,Krabbe,Male,ckrabbeaw@examiner.com,361 354 2233
Colin,Lesper,Male,clesperax@reuters.com,733 435 3194
Cicily,McFfaden,Female,cmcffadenay@nsw.gov.au,716 751 3801
Dacy,Hurles,Female,dhurlesaz@tuttocitta.it,986 729 6398
Adorne,Duxbarry,Agender,aduxbarryb0@discuz.net,101 866 0374
Caldwell,McMeekin,Male,cmcmeekinb1@infoseek.co.jp,960 561 8539
Lynnett,O'Sharkey,Female,losharkeyb2@dyndns.org,763 815 7402
Glad,Barnhart,Female,gbarnhartb3@blogspot.com,750 128 1247
Virginia,Menci,Female,vmencib4@wiley.com,264 982 3617
Bengt,Loweth,Male,blowethb5@homestead.com,993 444 1019
Ursola,Seals,Female,usealsb6@naver.com,489 380 8341
Bar,Sells,Male,bsellsb7@networkadvertising.org,832 530 2752
Ruthi,Attlee,Female,rattleeb8@cloudflare.com,580 496 6610
Morton,Bloxland,Male,mbloxlandb9@newsvine.com,934 986 2317
Gary,Eadmeades,Male,geadmeadesba@china.com.cn,466 380 8558
Welby,Doe,Male,wdoebb@pinterest.com,270 169 2121
Cliff,Proschke,Male,cproschkebc@desdev.cn,866 755 5296
Ricard,Salliere,Male,rsallierebd@friendfeed.com,947 664 3175
Karoly,Willbourne,Female,kwillbournebe@constantcontact.com,558 847 9591
Louisa,Stranieri,Female,lstranieribf@yelp.com,861 694 6521
Truda,Linnit,Female,tlinnitbg@aboutads.info,941 801 6527
Tierney,Harbach,Female,tharbachbh@ibm.com,493 502 4978
Chauncey,Stepney,Male,cstepneybi@is.gd,286 661 7212
Leoine,Espinheira,Female,lespinheirabj@pinterest.com,182 194 8405
Perl,Chettle,Female,pchettlebk@addtoany.com,301 705 0989
Hubie,Corless,Male,hcorlessbl@github.com,134 236 9451
Ephrayim,Oglevie,Male,eogleviebm@a8.net,757 141 1942
Fidelia,Rubanenko,Female,frubanenkobn@cloudflare.com,660 959 8985
Bennie,Archanbault,Female,barchanbaultbo@technorati.com,185 343 9899
Nathanael,Inseal,Male,ninsealbp@furl.net,451 537 6012
Reina,Anning,Female,ranningbq@skype.com,638 235 5777
Megen,Load,Female,mloadbr@archive.org,570 964 0436
Ronnie,Gremain,Female,rgremainbs@loc.gov,299 444 0926
Shem,Prettyman,Male,sprettymanbt@123-reg.co.uk,386 445 3088
Averil,Dyson,Male,adysonbu@csmonitor.com,915 897 4689
Tabbie,Sebrens,Male,tsebrensbv@macromedia.com,344 259 4526
Oby,Quirk,Male,oquirkbw@godaddy.com,574 718 7057
Sigismondo,Ugo,Male,sugobx@jimdo.com,823 511 1271
Kirsten,Maryska,Female,kmaryskaby@godaddy.com,915 323 3197
Gabrila,Toner,Female,gtonerbz@nature.com,656 597 4853
Guillaume,Falconer,Polygender,gfalconerc0@1und1.de,241 193 3936
Nikita,Vouls,Bigender,nvoulsc1@berkeley.edu,128 618 9609
Eduino,Fogel,Male,efogelc2@dot.gov,732 373 3458
Rice,Durtnall,Male,rdurtnallc3@nba.com,131 263 1996
Kate,Karus,Female,kkarusc4@desdev.cn,605 402 9764
Tiebold,Maudlin,Male,tmaudlinc5@tripod.com,807 828 5784
Towny,Starling,Non-binary,tstarlingc6@marketwatch.com,668 507 7665
Katleen,Bonnesen,Non-binary,kbonnesenc7@over-blog.com,755 238 2737
Lane,Carluccio,Male,lcarluccioc8@tiny.cc,705 107 7988
Niccolo,Paddick,Male,npaddickc9@amazon.com,535 649 0635
Candie,Girardengo,Female,cgirardengoca@mediafire.com,452 917 2831
Melessa,Sayers,Female,msayerscb@fotki.com,350 469 9156
Deirdre,Abarough,Genderqueer,dabaroughcc@pen.io,838 844 3939
Fidole,Christer,Male,fchristercd@wp.com,832 328 9058
Crissy,Duffell,Female,cduffellce@walmart.com,928 967 2819
Veriee,Toby,Female,vtobycf@time.com,257 464 2597
Muhammad,Digby,Male,mdigbycg@ask.com,651 196 2864
Evelyn,Skyppe,Male,eskyppech@sbwire.com,321 774 2347
Dallas,Cumberlidge,Male,dcumberlidgeci@google.nl,547 223 8823
Natasha,Prydden,Female,npryddencj@dell.com,992 721 0215
Tilda,Newens,Female,tnewensck@boston.com,545 837 5727
Colan,Leigh,Male,cleighcl@odnoklassniki.ru,878 807 3098
Myrtia,Ablitt,Female,mablittcm@barnesandnoble.com,319 838 9170
Grady,Galletley,Bigender,ggalletleycn@w3.org,972 128 1055
Skye,Shire,Male,sshireco@github.com,580 847 5554
Tatum,Bishop,Female,tbishopcp@desdev.cn,738 302 3273
Bobbi,Francais,Female,bfrancaiscq@vistaprint.com,639 205 7167
Dunn,Donegan,Male,ddonegancr@pbs.org,149 372 0381
Dane,Kesley,Male,dkesleycs@infoseek.co.jp,473 832 4415
Alphonse,Balcon,Male,abalconct@accuweather.com,585 561 7406
Riley,Solway,Genderqueer,rsolwaycu@senate.gov,281 793 2632
Cameron,Wake,Male,cwakecv@slashdot.org,778 954 8717
Blithe,Castan,Female,bcastancw@freewebs.com,364 763 0654
Cordelia,Sapseed,Female,csapseedcx@scientificamerican.com,498 261 7797
Constancia,Tanner,Female,ctannercy@elpais.com,816 588 2014
Beverlie,Matyugin,Female,bmatyugincz@shareasale.com,988 542 4555
Catrina,Leavy,Bigender,cleavyd0@elegantthemes.com,137 601 9132
Claudie,Boldra,Female,cboldrad1@yale.edu,685 795 6435
Alejandro,Stonier,Male,astonierd2@etsy.com,139 731 5098
Eberhard,Winfindine,Male,ewinfindined3@reddit.com,322 693 9555
Kerk,Bust,Male,kbustd4@miibeian.gov.cn,537 852 0222
Janith,Carvilla,Female,jcarvillad5@1688.com,904 781 1004
Carmen,Braybrookes,Female,cbraybrookesd6@jigsy.com,300 120 4164
Ertha,Broddle,Female,ebroddled7@umich.edu,108 181 4790
Emmy,Dennert,Female,edennertd8@1und1.de,556 506 5607
Rudd,De La Cote,Male,rdelacoted9@tuttocitta.it,435 611 6993
Latia,Oriel,Female,lorielda@parallels.com,588 305 2285
Odell,Knappett,Male,oknappettdb@networksolutions.com,827 124 2880
Darnell,Matthai,Male,dmatthaidc@pbs.org,535 508 1550
Ceil,Peppard,Female,cpepparddd@photobucket.com,578 767 0043
Farley,Leeman,Male,fleemande@youtu.be,916 336 8699
Kalle,Neilus,Male,kneilusdf@networksolutions.com,151 364 7004
Silvano,Patridge,Male,spatridgedg@tamu.edu,166 189 7095
Elaine,Sprankling,Female,espranklingdh@dailymail.co.uk,765 598 6187
Mace,Ochiltree,Male,mochiltreedi@howstuffworks.com,222 548 0024
Rosalinde,Kroin,Female,rkroindj@google.com.au,233 915 2337
Melodie,Joselin,Female,mjoselindk@storify.com,800 193 3163
Leeland,Otto,Male,lottodl@drupal.org,337 637 0940
Laughton,Rudkin,Male,lrudkindm@indiatimes.com,400 235 5268
Karel,Ralfe,Male,kralfedn@dot.gov,660 951 5445
Roseanna,Largent,Female,rlargentdo@constantcontact.com,414 851 9866
Calv,Sparey,Male,cspareydp@amazon.co.jp,595 319 6967
Dougy,Pagden,Male,dpagdendq@yellowbook.com,105 982 3087
Tove,Bastard,Female,tbastarddr@walmart.com,386 865 5296
Sophey,Itzig,Female,sitzigds@ovh.net,577 775 1600
Adelina,Impy,Female,aimpydt@slashdot.org,766 793 5784
Loren,Berry,Female,lberrydu@census.gov,944 123 5414
Crosby,Achrameev,Male,cachrameevdv@spiegel.de,441 239 5909
Matty,Audry,Female,maudrydw@soup.io,351 943 9119
Andres,Barthelmes,Male,abarthelmesdx@istockphoto.com,974 913 5932
Estella,Brekonridge,Female,ebrekonridgedy@fc2.com,343 841 4555
Nancie,Kraut,Genderqueer,nkrautdz@issuu.com,960 443 8642
Lainey,Hatchette,Female,lhatchettee0@chicagotribune.com,379 631 1314
Iain,Gillford,Male,igillforde1@amazonaws.com,806 590 0836
Beatriz,Milam,Female,bmilame2@cbsnews.com,371 977 5047
Fayre,Sleeny,Female,fsleenye3@indiegogo.com,475 656 6040
Dot,Milsap,Female,dmilsape4@cocolog-nifty.com,824 271 1344
Bunnie,Haeslier,Female,bhaesliere5@boston.com,734 893 9102
Osgood,Cumbers,Polygender,ocumberse6@themeforest.net,242 597 7311
Ardella,Kettlesing,Female,akettlesinge7@arizona.edu,323 847 3535
Cherrita,Montgomery,Female,cmontgomerye8@webnode.com,819 456 9223
Paolo,Gossop,Male,pgossope9@zimbio.com,477 512 0871
Jedidiah,MacDowal,Male,jmacdowalea@myspace.com,258 605 7167
Ulric,Jenk,Male,ujenkeb@jiathis.com,122 478 4377
Franni,Olive,Female,foliveec@archive.org,184 900 3690
Tuckie,Lorenzetti,Male,tlorenzettied@microsoft.com,129 967 8087
Bertrand,Bilston,Genderfluid,bbilstonee@forbes.com,492 706 3747
Happy,Liddon,Agender,hliddonef@mapquest.com,718 681 1391
Cobby,McComas,Male,cmccomaseg@businessweek.com,228 258 1138
George,Dreinan,Polygender,gdreinaneh@independent.co.uk,605 923 9858
Joella,Strutton,Female,jstruttonei@360.cn,574 939 9551
Imogene,O'Mullally,Female,iomullallyej@usda.gov,577 567 2390
Isaiah,Adamowitz,Agender,iadamowitzek@furl.net,368 327 2135
Arlen,de Pinna,Female,adepinnael@businessinsider.com,803 350 6553
Lanita,Ferenczi,Female,lferencziem@mashable.com,408 239 9938
Cally,O'Dreain,Female,codreainen@sphinn.com,165 493 5894
Meade,Romain,Female,mromaineo@webmd.com,533 143 8600
Kendell,Rigney,Male,krigneyep@nyu.edu,134 694 0257
Josselyn,Chaudhry,Female,jchaudhryeq@theglobeandmail.com,134 727 6570
Lianne,Ashwell,Female,lashweller@baidu.com,711 718 7650
Clarita,Loft,Female,cloftes@springer.com,572 354 7173
Nert,Hearons,Female,nhearonset@amazon.com,540 351 7072
Hewe,Picopp,Male,hpicoppeu@nytimes.com,585 354 5212
Jasun,Freezer,Male,jfreezerev@umich.edu,954 175 1285
Maudie,Dance,Female,mdanceew@oracle.com,664 412 1645
Ryann,Bizley,Female,rbizleyex@bravesites.com,414 438 2766
Opaline,Mathivet,Female,omathivetey@delicious.com,704 174 2397
Alisha,Purselow,Female,apurselowez@wunderground.com,457 674 2586
Jilli,Mathevet,Female,jmathevetf0@e-recht24.de,500 396 1159
Gustaf,Barns,Male,gbarnsf1@virginia.edu,501 215 4394
Ikey,Grealy,Polygender,igrealyf2@angelfire.com,752 597 9824
Christopher,Handmore,Male,chandmoref3@unesco.org,581 532 2234
Arny,Paoletti,Male,apaolettif4@fastcompany.com,924 502 7399
Edithe,Rallin,Female,erallinf5@illinois.edu,679 287 2182
Elston,Tebboth,Genderfluid,etebbothf6@ihg.com,882 989 1332
Alexandro,Oxtoby,Male,aoxtobyf7@parallels.com,189 908 2649
Jacob,Keeney,Male,jkeeneyf8@slashdot.org,738 844 9563
Floris,Iwanczyk,Female,fiwanczykf9@patch.com,819 758 5021
Brandais,Blase,Female,bblasefa@nsw.gov.au,879 185 8091
Lockwood,Luckham,Male,lluckhamfb@twitpic.com,333 417 0750
Aloise,Saffen,Female,asaffenfc@odnoklassniki.ru,671 529 2599
Tamera,Revan,Female,trevanfd@domainmarket.com,183 646 8207
Esma,Father,Female,efatherfe@diigo.com,872 455 8309
Briana,Musso,Female,bmussoff@bravesites.com,931 482 1512
Ingrid,Fredson,Female,ifredsonfg@time.com,379 242 4162
Natty,Cancellor,Male,ncancellorfh@icq.com,198 220 2859
Nertie,Futcher,Female,nfutcherfi@amazon.com,951 195 6237
Jessalin,Panchen,Female,jpanchenfj@eventbrite.com,295 880 0503
Hadley,Gosby,Male,hgosbyfk@cafepress.com,677 303 8408
Byrom,Beyn,Male,bbeynfl@yellowbook.com,817 980 1092
Murdoch,Corriea,Male,mcorrieafm@cam.ac.uk,143 153 5585
Odie,Linham,Male,olinhamfn@walmart.com,648 765 0453
Jeanne,Jaffra,Female,jjaffrafo@weather.com,174 767 4474
Merilee,Dedham,Female,mdedhamfp@dyndns.org,570 316 7126
Paulita,Paddick,Female,ppaddickfq@kickstarter.com,310 606 7719
Urbano,Maillard,Non-binary,umaillardfr@devhub.com,863 311 7829
Rad,Lunk,Male,rlunkfs@taobao.com,930 179 0647
Viviana,Metschke,Female,vmetschkeft@mozilla.org,363 799 7892
Helyn,Bartlett,Female,hbartlettfu@about.com,149 221 1733
Ellwood,Wallwood,Male,ewallwoodfv@google.ru,950 715 8859
Tiebold,Simenot,Male,tsimenotfw@aboutads.info,916 539 0232
Chaunce,Bellino,Bigender,cbellinofx@fastcompany.com,792 457 3214
Rozamond,Hubane,Female,rhubanefy@plala.or.jp,342 249 9638
Fran,Teenan,Male,fteenanfz@geocities.com,183 264 7795
Denys,Eingerfield,Female,deingerfieldg0@tripod.com,803 786 2713
Donnie,Purdey,Male,dpurdeyg1@ebay.com,652 374 7659
Tony,Philippon,Non-binary,tphilippong2@sitemeter.com,425 188 0808
Papagena,Lilliman,Female,plillimang3@china.com.cn,950 132 3766
Ardith,Gleed,Female,agleedg4@mlb.com,691 416 1004
Fabian,Catto,Male,fcattog5@github.com,678 557 4473
Leo,Paulat,Male,lpaulatg6@google.ru,911 467 2811
Vic,Wyllt,Male,vwylltg7@rediff.com,914 693 5607
Lothario,Minall,Male,lminallg8@php.net,566 439 0615
Gretna,Whybrow,Female,gwhybrowg9@phpbb.com,827 276 3271
Mead,Impy,Male,mimpyga@elpais.com,947 541 3976
Adamo,Dreye,Male,adreyegb@tripod.com,830 146 1777
Pamelina,Karolovsky,Female,pkarolovskygc@163.com,796 870 0888
Esme,Pover,Female,epovergd@gnu.org,853 425 3383
Morris,Pardy,Male,mpardyge@hubpages.com,790 866 2677
Edy,Issard,Female,eissardgf@dmoz.org,914 656 5497
Roxanna,Kingswood,Female,rkingswoodgg@edublogs.org,743 331 5364
Tommy,Panner,Female,tpannergh@xrea.com,913 584 3389
Tabbatha,Dymond,Female,tdymondgi@ucoz.ru,746 170 5481
Guenevere,Staziker,Female,gstazikergj@wix.com,255 734 6019
Dur,Kelwaybamber,Male,dkelwaybambergk@geocities.jp,830 255 2081
Garret,Northam,Male,gnorthamgl@wikipedia.org,310 297 7434
Berky,Thompson,Male,bthompsongm@ebay.com,174 134 4693
Anders,McCahill,Male,amccahillgn@purevolume.com,647 543 6508
Elysia,Skirlin,Bigender,eskirlingo@bluehost.com,324 721 7380
Janaye,Fairhead,Agender,jfairheadgp@weebly.com,899 285 0065
Rhys,Wilcockes,Male,rwilcockesgq@google.co.uk,345 606 1043
Katleen,Haywood,Female,khaywoodgr@qq.com,444 602 1764
Kessia,Pritchard,Female,kpritchardgs@mozilla.com,510 566 1504
Harwell,Clynman,Male,hclynmangt@acquirethisname.com,136 292 7026
Boycey,Mityushkin,Male,bmityushkingu@weather.com,613 606 8806
Terza,Keener,Female,tkeenergv@hatena.ne.jp,594 167 0076
Ally,Ellam,Female,aellamgw@arizona.edu,846 710 1397
Tiffy,Cheine,Female,tcheinegx@liveinternet.ru,493 276 1008
Pammie,Dockreay,Female,pdockreaygy@deliciousdays.com,734 883 0375
Husain,Gottelier,Male,hgotteliergz@indiegogo.com,519 396 2860
Astrid,Nozzolii,Female,anozzoliih0@addthis.com,497 897 3593
Adrian,Tiebe,Female,atiebeh1@thetimes.co.uk,804 749 7560
Zelda,Enderby,Female,zenderbyh2@timesonline.co.uk,801 676 1667
Zahara,Cough,Female,zcoughh3@ning.com,196 738 6360
Martguerita,Catley,Female,mcatleyh4@cafepress.com,721 107 8993
Pierette,Riatt,Genderfluid,priatth5@smh.com.au,258 797 4483
Leroy,Woodger,Male,lwoodgerh6@lycos.com,348 555 2623
Waverly,Sherburn,Male,wsherburnh7@opera.com,845 139 2298
Sidonnie,Izkoveski,Female,sizkoveskih8@histats.com,796 989 8210
Dominique,Kose,Agender,dkoseh9@springer.com,710 950 7005
Morrie,Gasticke,Male,mgastickeha@sitemeter.com,986 573 0858
Gene,Attril,Male,gattrilhb@bigcartel.com,103 378 3340
Town,Golds,Male,tgoldshc@arstechnica.com,983 498 3880
Shea,Binks,Female,sbinkshd@wikispaces.com,379 887 6551
Aviva,Dinwoodie,Female,adinwoodiehe@t-online.de,798 997 6194
Aubrey,Pilley,Male,apilleyhf@istockphoto.com,735 118 8120
Donni,Sprackling,Female,dspracklinghg@smh.com.au,384 407 0734
Kerianne,Vasilyevski,Female,kvasilyevskihh@comcast.net,646 653 3850
Hillery,Reichert,Male,hreicherthi@marriott.com,435 182 5669
Dasie,Beal,Female,dbealhj@printfriendly.com,707 743 6981
Frank,Okenfold,Female,fokenfoldhk@independent.co.uk,185 651 9620
Easter,Fruchter,Female,efruchterhl@marketwatch.com,801 381 6754
Carlota,Baldrick,Female,cbaldrickhm@aol.com,797 441 5427
Leland,Eagling,Male,leaglinghn@exblog.jp,650 372 0134
Madalyn,Rosenberg,Female,mrosenbergho@163.com,472 782 9850
Neron,Britch,Male,nbritchhp@psu.edu,275 356 2717
Tabby,McQuillen,Male,tmcquillenhq@issuu.com,855 503 6455
Petronella,Balmer,Bigender,pbalmerhr@quantcast.com,479 417 6126
Kerstin,Dealy,Female,kdealyhs@amazonaws.com,409 958 4443
Pammi,Mullan,Female,pmullanht@behance.net,992 895 5006
Anatola,Athow,Female,aathowhu@w3.org,657 455 4626
Antons,Rounce,Male,arouncehv@scribd.com,749 475 2980
Nicolai,Cridlon,Male,ncridlonhw@craigslist.org,997 668 3636
Hammad,Jervis,Male,hjervishx@t-online.de,740 860 3604
Eimile,Hannay,Female,ehannayhy@latimes.com,930 482 4361
Glynn,Yea,Male,gyeahz@mozilla.org,236 217 4806
Kaitlyn,Whiley,Female,kwhileyi0@mapquest.com,425 957 0416
Patin,Scapelhorn,Male,pscapelhorni1@bloglines.com,958 894 6095
Yorgo,Tute,Male,ytutei2@yolasite.com,279 953 6380
Ingmar,Doyland,Male,idoylandi3@google.ru,739 414 7470
Ralf,Gutherson,Male,rguthersoni4@oaic.gov.au,464 965 3349
Tailor,Brobyn,Male,tbrobyni5@oaic.gov.au,120 695 1632
Damien,Grummitt,Male,dgrummitti6@edublogs.org,769 658 5141
Raphaela,McIntosh,Female,rmcintoshi7@wix.com,631 707 2031
Simmonds,Georgeot,Male,sgeorgeoti8@quantcast.com,188 242 6511
Daryl,MacAlaster,Female,dmacalasteri9@answers.com,676 193 2284
Kyle,Kittman,Male,kkittmania@myspace.com,359 105 1209
Tommy,Basten,Female,tbastenib@zimbio.com,552 625 7898
Dominique,Kilmister,Male,dkilmisteric@reverbnation.com,780 897 7737
Norbert,Ranklin,Male,nranklinid@comsenz.com,298 887 3801
Carola,Loffill,Female,cloffillie@bigcartel.com,882 518 6200
Cordell,Schukert,Agender,cschukertif@cnn.com,977 301 1332
Matias,Martello,Male,mmartelloig@nymag.com,685 986 0335
Francesco,Lillicrap,Male,flillicrapih@t.co,339 339 9245
Sandy,Robjents,Female,srobjentsii@vistaprint.com,340 877 6074
Lyon,Danielczyk,Non-binary,ldanielczykij@hatena.ne.jp,341 761 2784
Codi,Ciccotti,Male,cciccottiik@qq.com,955 141 1673
Leighton,Gissop,Male,lgissopil@virginia.edu,502 162 5759
Lanie,Lamasna,Female,llamasnaim@cmu.edu,790 378 8572
Adelle,Gothrup,Female,agothrupin@wikipedia.org,494 207 1409
Sal,O'Glassane,Bigender,soglassaneio@rakuten.co.jp,906 822 0475
Murvyn,Barns,Male,mbarnsip@gmpg.org,856 645 5577
Sebastian,Ecob,Male,secobiq@cnet.com,101 977 8239
Nahum,Weddell,Male,nweddellir@cdc.gov,860 643 1207
Cassie,Mee,Female,cmeeis@uiuc.edu,324 721 9469
Giordano,Tethacot,Male,gtethacotit@mapquest.com,628 514 4023
Katya,Dodge,Female,kdodgeiu@bbc.co.uk,594 611 7109
Lazarus,Ribou,Male,lribouiv@google.ru,898 978 4281
Caron,Bremeyer,Female,cbremeyeriw@edublogs.org,134 801 2575
Ame,Pedgrift,Female,apedgriftix@google.cn,962 941 7245
Laurena,Mottershead,Non-binary,lmottersheadiy@ted.com,190 712 7623
Revkah,Comellini,Female,rcomelliniiz@exblog.jp,613 466 2432
Reinald,Gantz,Male,rgantzj0@geocities.jp,423 940 7301
Angeli,Lincey,Male,alinceyj1@php.net,872 702 4995
Khalil,Brambill,Male,kbrambillj2@topsy.com,228 468 7965
Lanny,Tromans,Female,ltromansj3@kickstarter.com,718 518 4096
Giorgi,Morrant,Male,gmorrantj4@europa.eu,658 544 5863
Gerek,McManus,Male,gmcmanusj5@github.com,935 291 3794
Griffin,Ovell,Male,govellj6@dailymail.co.uk,887 664 8354
Esme,Kensington,Male,ekensingtonj7@state.tx.us,219 641 8096
Frederich,Webber,Male,fwebberj8@va.gov,984 881 1002
Hayley,Pentecost,Female,hpentecostj9@facebook.com,756 473 0316
Osbert,Loraine,Polygender,oloraineja@shareasale.com,343 273 7616
Elisabetta,Drake,Female,edrakejb@parallels.com,383 685 9624
Xaviera,Eckford,Genderqueer,xeckfordjc@uiuc.edu,329 221 2664
Ive,Iacobacci,Agender,iiacobaccijd@xing.com,385 812 1994
Stefano,Rands,Male,srandsje@digg.com,265 945 2968
Greer,O'Dunniom,Female,godunniomjf@berkeley.edu,445 114 4503
Katerina,Hayball,Female,khayballjg@lulu.com,571 771 5758
Pattie,St Leger,Male,pstlegerjh@kickstarter.com,637 406 4082
Larisa,Baddow,Female,lbaddowji@linkedin.com,196 135 6720
Yul,Althrope,Male,yalthropejj@patch.com,952 469 6292
Trenton,Collop,Male,tcollopjk@stumbleupon.com,546 318 6022
Griffy,Cahani,Male,gcahanijl@craigslist.org,905 331 5181
Bibi,Weatherburn,Female,bweatherburnjm@tuttocitta.it,181 172 2250
Melina,Marchington,Female,mmarchingtonjn@bing.com,334 640 5649
Anders,Skipsea,Male,askipseajo@goo.ne.jp,758 367 2034
Patricia,Sevitt,Female,psevittjp@patch.com,294 200 7606
Liz,Schiersch,Female,lschierschjq@cam.ac.uk,572 381 9965
Berget,Braidley,Female,bbraidleyjr@cisco.com,804 102 6236
Lucho,Drexel,Male,ldrexeljs@github.io,262 745 9928
Bartholomeo,Schubart,Male,bschubartjt@people.com.cn,812 193 4751
Amory,Tavinor,Male,atavinorju@sciencedaily.com,895 330 9640
Sheena,Will,Female,swilljv@wiley.com,337 673 5432
Meriel,Gotecliffe,Female,mgotecliffejw@bbb.org,876 563 2602
Ferdinande,Tunnicliffe,Female,ftunnicliffejx@globo.com,600 938 5222
Clay,Dockerty,Agender,cdockertyjy@wiley.com,162 736 2611
Garrot,Briscoe,Male,gbriscoejz@chron.com,159 147 0688
Pinchas,Kidby,Male,pkidbyk0@yellowbook.com,856 506 7773
Ivar,Piddick,Male,ipiddickk1@blogtalkradio.com,448 311 9118
Marcelia,Smetoun,Female,msmetounk2@eventbrite.com,653 259 3675
Emili,Kinglake,Genderfluid,ekinglakek3@answers.com,991 134 1506
Nicola,Cheney,Female,ncheneyk4@elegantthemes.com,956 993 7817
Kimmie,Avramov,Female,kavramovk5@domainmarket.com,461 797 4796
Farley,Bohills,Male,fbohillsk6@slideshare.net,810 666 5124
Oates,Polglase,Male,opolglasek7@topsy.com,709 872 2559
Bartholomeus,Saggers,Male,bsaggersk8@phpbb.com,122 889 2540
Austin,De Giorgio,Female,adegiorgiok9@mtv.com,939 218 2161
Christos,Sheffield,Male,csheffieldka@apple.com,197 594 9881
Tomaso,Burleton,Male,tburletonkb@prnewswire.com,849 173 8811
Xena,Oldis,Female,xoldiskc@histats.com,769 109 5154
Hoebart,Fryett,Male,hfryettkd@forbes.com,463 828 5666
Karlan,Haskayne,Male,khaskayneke@netscape.com,715 357 7396
Sebastiano,Hallworth,Male,shallworthkf@bbb.org,429 526 4603
Garik,Kmietsch,Male,gkmietschkg@independent.co.uk,776 596 9105
Baird,Paddell,Male,bpaddellkh@livejournal.com,549 140 4552
Danya,Casaccia,Female,dcasacciaki@rakuten.co.jp,698 986 6609
Dian,Branchett,Female,dbranchettkj@wordpress.com,154 323 2089
Ania,Roxburch,Female,aroxburchkk@cisco.com,975 231 6030
Carling,Strethill,Male,cstrethillkl@springer.com,912 976 5540
Nance,O'Lehane,Non-binary,nolehanekm@twitter.com,201 350 7195
Papagena,Tippin,Female,ptippinkn@taobao.com,461 890 0433
Marius,McDowell,Male,mmcdowellko@mozilla.org,331 779 6218
Faydra,Finnigan,Female,ffinnigankp@myspace.com,284 125 5306
Martie,Ipwell,Male,mipwellkq@printfriendly.com,640 771 6881
Ambrose,Harrinson,Male,aharrinsonkr@rediff.com,818 302 1596
Pancho,Stonary,Male,pstonaryks@hostgator.com,478 645 8266
Carly,Lethcoe,Female,clethcoekt@java.com,558 469 4119
Deloria,Sinfield,Female,dsinfieldku@nyu.edu,673 194 1367
Ravid,Wragge,Male,rwraggekv@youtube.com,247 359 5545
Benedetta,Bridges,Female,bbridgeskw@bbc.co.uk,686 878 7610
Garrard,Cardiff,Male,gcardiffkx@mail.ru,340 552 6228
Petronilla,Salvidge,Polygender,psalvidgeky@dmoz.org,691 636 9886
Ardella,Wetheril,Female,awetherilkz@amazon.com,320 292 1457
Jermayne,Scourfield,Male,jscourfieldl0@redcross.org,712 999 9998
Edeline,Furze,Female,efurzel1@usgs.gov,726 229 7462
Bancroft,O'Neil,Male,boneill2@ocn.ne.jp,938 977 4949
Barry,Garrat,Female,bgarratl3@webeden.co.uk,851 245 1264
Lorena,Van der Baaren,Female,lvanderbaarenl4@google.ca,395 817 0744
Daniele,Gwilliams,Non-binary,dgwilliamsl5@seattletimes.com,957 648 3235
Lissy,Schwieso,Female,lschwiesol6@unc.edu,254 107 1354
Ashlee,Ramsdale,Female,aramsdalel7@ustream.tv,323 589 2667
Brantley,Leonarde,Male,bleonardel8@biblegateway.com,731 617 8574
Nathanael,Steel,Male,nsteell9@digg.com,607 180 8540
Rania,Carrel,Female,rcarrella@redcross.org,591 744 1817
Yetty,Du Hamel,Female,yduhamellb@miitbeian.gov.cn,630 321 6060
Helene,Calltone,Female,hcalltonelc@creativecommons.org,770 482 7683
Marlow,Mardlin,Male,mmardlinld@nsw.gov.au,181 479 9177
Isis,Gonzalvo,Bigender,igonzalvole@sciencedaily.com,393 328 4707
Courtenay,Chopy,Genderqueer,cchopylf@japanpost.jp,157 193 6344
Nevins,Champ,Male,nchamplg@cafepress.com,345 560 6595
Nevin,MacMurray,Male,nmacmurraylh@ft.com,831 751 7521
Winfred,Cleall,Male,wcleallli@bizjournals.com,570 772 9618
Darill,Moralas,Male,dmoralaslj@ning.com,521 711 9796
Silvanus,Ciccotto,Genderfluid,sciccottolk@gov.uk,822 439 2399
Garrick,Hibbart,Male,ghibbartll@yahoo.com,692 428 2611
Godfrey,Reboulet,Male,grebouletlm@goodreads.com,671 524 3297
Darcee,Achromov,Female,dachromovln@naver.com,709 838 3335
Adara,Lempel,Female,alempello@odnoklassniki.ru,596 601 7556
Averill,Sharram,Male,asharramlp@shop-pro.jp,493 592 2637
Ryan,Shalloo,Bigender,rshalloolq@storify.com,510 653 7443
Jaime,Foston,Female,jfostonlr@pbs.org,315 825 8929
Onfre,Lequeux,Male,olequeuxls@instagram.com,226 765 7416
Kelcey,Giottini,Female,kgiottinilt@dmoz.org,994 289 9766
Philip,Penquet,Male,ppenquetlu@yolasite.com,675 987 7091
Laurent,Eddicott,Male,leddicottlv@theguardian.com,544 905 3789
Bordie,Vanin,Non-binary,bvaninlw@youku.com,313 374 5833
Sherwin,Smitton,Male,ssmittonlx@amazon.co.uk,257 126 8264
Kirbie,Bartoszewicz,Female,kbartoszewiczly@wisc.edu,398 928 1418
Cairistiona,Cunliffe,Female,ccunliffelz@cyberchimps.com,390 424 9366
Vincenz,Criag,Male,vcriagm0@plala.or.jp,612 308 4765
Jeanna,Gebhardt,Female,jgebhardtm1@virginia.edu,830 548 7774
Benni,Bradock,Female,bbradockm2@smugmug.com,978 263 2835
Bertha,Learoyde,Female,blearoydem3@dmoz.org,919 468 5993
Hamish,Wreakes,Agender,hwreakesm4@wikimedia.org,856 411 9929
Juan,Gegay,Male,jgegaym5@redcross.org,604 160 4471
Papagena,McIlhatton,Female,pmcilhattonm6@t.co,919 470 5417
Karlyn,Giblin,Female,kgiblinm7@umn.edu,652 162 9484
Eldin,Buggs,Male,ebuggsm8@bluehost.com,275 388 6750
Alex,Tomkin,Female,atomkinm9@furl.net,852 643 5071
Jethro,Oakes,Male,joakesma@samsung.com,541 731 1430
Golda,Lonnon,Female,glonnonmb@simplemachines.org,325 261 6924
Andrey,Semorad,Male,asemoradmc@mit.edu,680 770 8430
Veronike,Pengelly,Female,vpengellymd@mashable.com,194 305 1158
Jens,Bazek,Male,jbazekme@accuweather.com,646 699 6455
Dorisa,Giacomoni,Female,dgiacomonimf@drupal.org,662 454 3951
Sisely,Van Arsdalen,Female,svanarsdalenmg@vinaora.com,188 592 2958
Maggi,Leopold,Female,mleopoldmh@cdbaby.com,968 808 2968
Morna,Alkin,Female,malkinmi@sogou.com,147 616 8436
Dniren,Enders,Female,dendersmj@infoseek.co.jp,379 809 8036
Vale,Rowland,Non-binary,vrowlandmk@opera.com,495 750 1018
Grazia,Savidge,Female,gsavidgeml@soup.io,634 944 1759
Noll,Tuftin,Male,ntuftinmm@marriott.com,561 831 5574
Neile,MacMeekan,Female,nmacmeekanmn@nationalgeographic.com,486 385 6636
Florry,Auty,Female,fautymo@shinystat.com,208 157 2992
Brockie,Buney,Male,bbuneymp@google.ru,741 608 3963
Roch,Morfett,Female,rmorfettmq@slashdot.org,196 408 3941
Vanna,Buckbee,Female,vbuckbeemr@psu.edu,921 594 1412
Cathrin,Spreckley,Female,cspreckleyms@weibo.com,994 304 7823
Gauthier,Kennedy,Male,gkennedymt@wikia.com,137 413 9810
Tybi,Kinchin,Female,tkinchinmu@github.io,422 826 4425
Fredia,Trewhitt,Female,ftrewhittmv@cpanel.net,760 346 7962
Andrus,Martinson,Male,amartinsonmw@kickstarter.com,119 131 2812
Mariel,Simnel,Female,msimnelmx@ihg.com,163 161 5749
Pennie,Ambridge,Male,pambridgemy@hatena.ne.jp,376 987 1421
Alphard,Arkow,Male,aarkowmz@acquirethisname.com,120 846 0875
Rock,Dampney,Male,rdampneyn0@bandcamp.com,339 122 9063
Kania,Thirwell,Female,kthirwelln1@irs.gov,807 354 8502
Heidie,Kuhnt,Female,hkuhntn2@seattletimes.com,618 959 3232
Meade,Murkitt,Male,mmurkittn3@linkedin.com,562 251 6321
Jan,Jackman,Female,jjackmann4@oracle.com,496 614 9279
Lamond,Febvre,Male,lfebvren5@auda.org.au,773 183 9529
Arluene,Spacy,Female,aspacyn6@slashdot.org,154 608 8643
Cahra,Newcomen,Female,cnewcomenn7@discuz.net,362 743 1287
Emanuele,Mariotte,Male,emariotten8@sitemeter.com,722 476 2015
Godwin,Sanderson,Male,gsandersonn9@bbc.co.uk,944 484 5639
Austina,Gilardoni,Female,agilardonina@chronoengine.com,933 699 7735
Mateo,Ales0,Male,malesnb@cmu.edu,246 283 2753
Missie,Vickress,Female,mvickressnc@gizmodo.com,307 915 4237
Sidoney,Maryan,Female,smaryannd@themeforest.net,633 457 4721
Sissy,Coathup,Female,scoathupne@telegraph.co.uk,135 689 6168
Wyatan,Chessill,Male,wchessillnf@mac.com,208 712 8219
Becky,Hughes,Female,bhughesng@exblog.jp,344 536 1199
Gus,Kingsnod,Male,gkingsnodnh@angelfire.com,272 126 4488
Aldis,Gamlen,Male,agamlenni@ted.com,839 375 4423
Ally,Costa,Female,acostanj@mac.com,146 379 4166
Dana,Burgoine,Female,dburgoinenk@jigsy.com,620 609 6902
Jessie,Silbermann,Genderfluid,jsilbermannnl@amazonaws.com,146 552 2142
Charmane,Coole,Female,ccoolenm@berkeley.edu,210 310 9497
Cecilio,Alexsandrov,Male,calexsandrovnn@newyorker.com,541 666 4900
Anetta,Baroc,Agender,abarocno@icio.us,242 369 7998
Nat,Burgane,Female,nburganenp@pcworld.com,521 158 1197
Bourke,Aitchison,Male,baitchisonnq@businessinsider.com,533 914 5910
Maude,Rehor,Female,mrehornr@dailymail.co.uk,612 579 2183
Luelle,Reace,Female,lreacens@answers.com,679 622 0121
Pedro,Abbe,Male,pabbent@list-manage.com,934 932 9742
Nadine,Cottem,Female,ncottemnu@economist.com,593 591 8867
Forster,Chalke,Male,fchalkenv@ifeng.com,755 863 5969
Andrei,Eliassen,Female,aeliassennw@google.it,276 803 0567
Sidoney,Fenemore,Female,sfenemorenx@wiley.com,926 185 7226
Derk,MacKaile,Male,dmackaileny@ucsd.edu,530 640 7580
Benny,Arnott,Female,barnottnz@facebook.com,464 581 5478
Griffie,Mateus,Male,gmateuso0@elegantthemes.com,122 640 9282
Noemi,Quiddihy,Female,nquiddihyo1@cyberchimps.com,399 442 2766
Selie,Vannoni,Female,svannonio2@google.fr,275 955 0804
Suzann,Quilkin,Female,squilkino3@t.co,498 377 4331
Zorana,Fawke,Female,zfawkeo4@unblog.fr,972 836 6557
Venus,Wederell,Female,vwederello5@howstuffworks.com,727 924 0608
Teodoor,Windrum,Male,twindrumo6@mlb.com,777 425 2678
Maddie,Gillease,Male,mgilleaseo7@tumblr.com,737 979 3114
Haze,Vellacott,Male,hvellacotto8@accuweather.com,984 265 6415
Winnie,Barrus,Male,wbarruso9@ning.com,362 627 9376
Benjamen,Bartolomieu,Male,bbartolomieuoa@unesco.org,751 502 5840
Clywd,Ca,Male,ccaob@oracle.com,146 564 2372
Harvey,Sterre,Male,hsterreoc@cbc.ca,731 328 8034
Zak,Banton,Male,zbantonod@chicagotribune.com,210 416 7679
Timmi,Suddell,Female,tsuddelloe@woothemes.com,902 169 6171
Geoffry,Rickesies,Male,grickesiesof@ning.com,995 751 0625
Lettie,Showalter,Female,lshowalterog@vkontakte.ru,530 422 9612
Catriona,Pavia,Agender,cpaviaoh@usatoday.com,547 380 3998
Sigrid,Vidler,Female,svidleroi@ameblo.jp,730 153 6744
Aloysius,Gilkison,Male,agilkisonoj@narod.ru,565 696 0444
Gordan,Vye,Male,gvyeok@reuters.com,799 615 6430
Leese,McArthur,Female,lmcarthurol@skyrock.com,762 732 5807
Sallee,McCrostie,Female,smccrostieom@addthis.com,816 147 7166
Agathe,Lysaght,Female,alysaghton@noaa.gov,368 930 5231
Tailor,Kevane,Male,tkevaneoo@engadget.com,117 296 6382
Gabriel,Lytell,Male,glytellop@scientificamerican.com,728 468 2478
Ricardo,Vlasenkov,Male,rvlasenkovoq@google.com,447 313 8592
Tyson,Earley,Male,tearleyor@sphinn.com,174 288 2494
Jayson,Sever,Male,jseveros@booking.com,988 203 5048
Swen,Voller,Male,svollerot@taobao.com,485 719 7934
Emylee,Naire,Female,enaireou@admin.ch,359 989 0844
Steffi,Standon,Female,sstandonov@oaic.gov.au,863 518 4199
Liane,Fabler,Female,lfablerow@mail.ru,474 670 9682
Dorie,Sawley,Female,dsawleyox@over-blog.com,713 835 9863
Paul,Heeron,Male,pheeronoy@hhs.gov,170 489 4071
Ozzy,Fenich,Male,ofenichoz@upenn.edu,257 286 0344
Manny,Roath,Male,mroathp0@upenn.edu,416 385 8516
Sibilla,Yankin,Genderqueer,syankinp1@spiegel.de,656 344 0748
Mitchell,Mundie,Male,mmundiep2@bloglovin.com,256 570 4784
Shari,Shackleton,Agender,sshackletonp3@java.com,407 880 8901
Arlee,Janiak,Female,ajaniakp4@tumblr.com,704 329 0429
Pietro,Shippam,Male,pshippamp5@dailymotion.com,867 619 1552
Alisha,Wilstead,Female,awilsteadp6@csmonitor.com,230 798 2664
Hamel,Gibbetts,Male,hgibbettsp7@marriott.com,755 665 7401
Antoine,Cordero,Male,acorderop8@thetimes.co.uk,718 171 6956
Deeanne,Coling,Female,dcolingp9@fastcompany.com,158 629 3259
Davine,Twelve,Female,dtwelvepa@linkedin.com,834 105 0111
Jessi,Cave,Agender,jcavepb@mozilla.com,764 694 0594
Jade,Bereford,Female,jberefordpc@nsw.gov.au,957 791 5541
Karlens,Goodfellowe,Male,kgoodfellowepd@toplist.cz,254 875 9397
Barby,Braisted,Genderqueer,bbraistedpe@fc2.com,229 136 4080
Reynard,Gutridge,Male,rgutridgepf@narod.ru,180 201 6927
Verene,Spurret,Female,vspurretpg@ca.gov,396 881 0510
Jannel,Yannoni,Female,jyannoniph@printfriendly.com,835 338 2450
Griffin,Bambrough,Male,gbambroughpi@wp.com,526 962 7853
Marius,Schwartz,Male,mschwartzpj@google.nl,408 545 7103
Blondell,Van Oord,Female,bvanoordpk@china.com.cn,779 108 3077
Worden,Slatford,Male,wslatfordpl@i2i.jp,678 478 6396
Arlan,Villaret,Male,avillaretpm@blogger.com,165 917 9323
Wendeline,McCullouch,Female,wmccullouchpn@dedecms.com,752 810 1283
Camile,Monaghan,Female,cmonaghanpo@google.es,940 705 7822
Dudley,Pickersgill,Male,dpickersgillpp@acquirethisname.com,625 396 6759
Lenard,Shields,Male,lshieldspq@squarespace.com,102 162 2128
Hermione,Corke,Female,hcorkepr@whitehouse.gov,605 875 4037
Abie,Hilary,Male,ahilaryps@tuttocitta.it,255 752 7736
Rahel,Abrahamoff,Female,rabrahamoffpt@blogs.com,204 340 3605
Adele,Bockin,Genderqueer,abockinpu@answers.com,544 589 2810
Morgan,McLarnon,Female,mmclarnonpv@npr.org,640 549 5171
Kerr,Stockoe,Male,kstockoepw@ted.com,204 523 8894
Giffer,Ickov,Male,gickovpx@bloomberg.com,176 893 0706
Harald,Holsall,Male,hholsallpy@earthlink.net,441 254 5989
Averil,Kubat,Male,akubatpz@va.gov,804 415 4058
Yurik,Sodor,Male,ysodorq0@dropbox.com,574 250 4242
Pate,Ruff,Male,pruffq1@opera.com,719 162 1835
Raf,Mila,Female,rmilaq2@cnbc.com,860 251 3277
Norrie,Jaxon,Male,njaxonq3@nps.gov,969 172 9558
Laurel,Stiggers,Female,lstiggersq4@jugem.jp,109 778 2576
Fidelity,Gonsalo,Female,fgonsaloq5@hugedomains.com,805 389 6175
Vaclav,Dust,Male,vdustq6@smugmug.com,248 222 8172
Roxine,Blackly,Female,rblacklyq7@techcrunch.com,428 396 7741
Zia,Kyttor,Female,zkyttorq8@vinaora.com,350 519 9600
Marysa,Ratazzi,Female,mratazziq9@qq.com,770 876 5130
Susann,Kunzler,Genderqueer,skunzlerqa@dailymotion.com,955 951 0485
Shela,Arnaudon,Female,sarnaudonqb@cdbaby.com,970 176 1176
Osbourne,Bernetti,Male,obernettiqc@yandex.ru,554 477 7494
Son,Alvis,Male,salvisqd@e-recht24.de,245 258 8746
Franz,Libbe,Male,flibbeqe@intel.com,244 906 3709
Fulton,Tart,Male,ftartqf@spiegel.de,406 648 6520
Constanta,Ansteys,Female,cansteysqg@csmonitor.com,324 284 0215
Felecia,Maultby,Female,fmaultbyqh@weather.com,670 731 1441
Winnah,Sayles,Female,wsaylesqi@delicious.com,587 443 8991
Pierrette,Ashmore,Female,pashmoreqj@state.tx.us,727 925 2870
Obadiah,Osband,Male,oosbandqk@nba.com,608 400 1388
Tilly,Stuer,Female,tstuerql@facebook.com,493 588 6401
Joleen,Dunne,Female,jdunneqm@amazon.co.uk,483 335 3169
Angelle,Haxley,Female,ahaxleyqn@example.com,570 559 4082
Corbet,McPartlin,Male,cmcpartlinqo@goodreads.com,693 780 1076
Rachel,Posvner,Female,rposvnerqp@webs.com,333 579 8820
Bordie,Pfeuffer,Male,bpfeufferqq@springer.com,485 729 4948
Jerrilee,Craufurd,Female,jcraufurdqr@youtu.be,112 737 7562
Abigael,Sheehy,Female,asheehyqs@mozilla.org,995 828 3794
Halimeda,Kollasch,Female,hkollaschqt@mtv.com,592 501 1292
Micky,Ding,Female,mdingqu@salon.com,989 424 7077
Claudie,Westwood,Female,cwestwoodqv@issuu.com,188 170 4408
Deane,Warry,Male,dwarryqw@mozilla.org,521 950 6289
Sibel,Bursnall,Female,sbursnallqx@weebly.com,875 831 3315
Constanta,Vogt,Female,cvogtqy@bravesites.com,277 484 6284
Philippe,Seyffert,Female,pseyffertqz@stumbleupon.com,318 234 6272
Poppy,Jovis,Female,pjovisr0@umn.edu,170 574 2429
Wenonah,Stickins,Female,wstickinsr1@latimes.com,743 513 3994
Zacharias,Frith,Male,zfrithr2@aol.com,877 906 3291
Tann,Sawood,Male,tsawoodr3@1688.com,436 916 5335
Peirce,Wulfinger,Male,pwulfingerr4@dailymail.co.uk,202 566 1869
Cobb,Dawtre,Male,cdawtrer5@usgs.gov,701 605 6911
Dela,Igounet,Bigender,digounetr6@eventbrite.com,699 144 2240
Talbert,McCafferky,Male,tmccafferkyr7@hostgator.com,489 548 6213
Prescott,Kimbley,Male,pkimbleyr8@yahoo.com,153 423 4363
Leeann,Brussell,Female,lbrussellr9@cdbaby.com,573 269 4888
Aubrey,Monkman,Male,amonkmanra@surveymonkey.com,360 606 9718
Dolores,MacCafferty,Female,dmaccaffertyrb@squarespace.com,528 103 1970
Laney,Pietruszka,Male,lpietruszkarc@dagondesign.com,452 672 6852
Vanna,Snowball,Female,vsnowballrd@flavors.me,712 870 9026
Basile,Cheater,Male,bcheaterre@chronoengine.com,642 817 3425
Casar,Quimby,Male,cquimbyrf@cornell.edu,696 701 4394
Brit,Ruppel,Female,bruppelrg@sakura.ne.jp,387 766 1083
Jilleen,Thorndale,Non-binary,jthorndalerh@unc.edu,410 746 8684
Elisha,Doul,Female,edoulri@cargocollective.com,566 413 8965
Shelden,Cundict,Male,scundictrj@altervista.org,139 898 3026
Jacques,Remirez,Male,jremirezrk@yale.edu,760 351 2773
Levey,Bowery,Male,lboweryrl@blogs.com,913 271 2009
Paolo,Henriet,Male,phenrietrm@bloglovin.com,447 791 1266
Lauretta,Bygrove,Genderqueer,lbygrovern@sina.com.cn,411 483 5426
Flynn,Sixsmith,Male,fsixsmithro@mtv.com,669 432 4497
Pandora,Ferfulle,Polygender,pferfullerp@mozilla.org,879 682 1482
Waylan,Cockerell,Male,wcockerellrq@typepad.com,364 885 6702
Jody,Orrett,Male,jorrettrr@arstechnica.com,262 457 4981
