first_name,last_name,gender,email,phone
Hersch,Bow,Male,hbow0@cdc.gov,441 722 1311
Ingar,Grishkov,Male,igrishkov1@cdbaby.com,246 358 6613
Edythe,Farquarson,Genderfluid,efarquarson2@cnn.com,699 786 0478
Fredia,MacGeaney,Female,fmacgeaney3@comsenz.com,424 304 2015
Ellyn,Apfel,Female,eapfel4@topsy.com,210 394 6420
Guy,Baggally,Male,gbaggally5@deliciousdays.com,186 666 2558
Kort,Swettenham,Male,kswettenham6@merriam-webster.com,726 469 6455
Nickie,Carradice,Non-binary,ncarradice7@goo.ne.jp,182 733 8614
Lancelot,Barrington,Male,lbarrington8@google.pl,367 344 2098
Brodie,Catmull,Male,bcatmull9@wired.com,231 805 2752
Bekki,Meacher,Female,bmeachera@cisco.com,784 459 4501
Krystyna,Khomich,Female,kkhomichb@wired.com,989 973 2391
Marla,Biswell,Female,mbiswellc@php.net,398 249 6646
Guntar,Knight,Male,gknightd@live.com,490 919 2288
Emilie,MacInerney,Female,emacinerneye@weather.com,238 327 0502
Eileen,Raycroft,Female,eraycroftf@scientificamerican.com,499 935 2570
Ole,Stammirs,Male,ostammirsg@umn.edu,615 666 9096
Hartley,Preble,Male,hprebleh@jalbum.net,626 648 3575
Jerry,William,Female,jwilliami@goodreads.com,590 332 0667
Rodge,Kimble,Male,rkimblej@jimdo.com,779 105 4463
Lida,Grichukhanov,Female,lgrichukhanovk@bandcamp.com,588 226 5374
Sapphire,Huddle,Female,shuddlel@harvard.edu,458 445 3726
Reube,Geale,Male,rgealem@senate.gov,247 301 4054
Salaidh,Holleworth,Female,sholleworthn@delicious.com,498 368 0940
Garey,Cawthorne,Male,gcawthorneo@loc.gov,739 562 1067
Winn,Brasner,Male,wbrasnerp@slashdot.org,823 765 6187
Zacherie,Thal,Male,zthalq@imageshack.us,428 440 7000
Genevieve,Leber,Female,gleberr@blogger.com,188 818 4928
Alayne,Ornils,Female,aornilss@arizona.edu,166 622 8023
Neala,Tipper,Female,ntippert@bigcartel.com,478 730 5564
Stacy,Govett,Genderqueer,sgovettu@bluehost.com,133 175 5993
Darby,Bradtke,Male,dbradtkev@jugem.jp,294 573 6518
Moina,Mulvin,Female,mmulvinw@google.cn,323 796 0459
Hamlin,Milthorpe,Male,hmilthorpex@sitemeter.com,844 712 0835
Giffie,Brentnall,Male,gbrentnally@theglobeandmail.com,295 433 9151
Finn,Timby,Male,ftimbyz@cloudflare.com,552 988 0846
Lorilee,Burel,Female,lburel10@rakuten.co.jp,813 694 3494
Ginger,Aldis,Male,galdis11@slate.com,840 573 4899
Marlie,McVie,Agender,mmcvie12@blogs.com,495 165 4462
Giacobo,Timbrell,Male,gtimbrell13@wunderground.com,357 966 7863
Murvyn,Sandercock,Polygender,msandercock14@biglobe.ne.jp,730 774 5317
Karoly,Rappaport,Female,krappaport15@delicious.com,349 828 4930
Barnabe,Sircombe,Male,bsircombe16@com.com,532 664 6709
Valene,Abry,Female,vabry17@unblog.fr,620 475 8673
Alla,Redholls,Female,aredholls18@twitpic.com,494 822 5498
Lorne,Baumann,Agender,lbaumann19@google.com.au,487 788 1000
Jillian,Tarbet,Female,jtarbet1a@ibm.com,309 268 2466
Rabbi,Moline,Male,rmoline1b@abc.net.au,855 992 2001
Edwin,Domerq,Genderfluid,edomerq1c@nymag.com,769 788 5776
Cathi,Lydiate,Female,clydiate1d@disqus.com,186 398 3709
Hendrik,Hughill,Male,hhughill1e@discovery.com,567 188 6216
Terrye,Coulston,Female,tcoulston1f@ask.com,508 183 1818
Leigha,Scarman,Non-binary,lscarman1g@moonfruit.com,298 508 8371
Carri,Petricek,Female,cpetricek1h@mtv.com,318 634 7609
Smith,Bootes,Male,sbootes1i@princeton.edu,296 474 8483
Sax,Weatherill,Male,sweatherill1j@wired.com,502 623 1422
Imelda,Codling,Female,icodling1k@gizmodo.com,902 938 7733
Markos,Matthieson,Male,mmatthieson1l@jiathis.com,795 608 9170
Amandi,Trowel,Female,atrowel1m@php.net,331 630 6951
Melvyn,Knightsbridge,Male,mknightsbridge1n@samsung.com,475 416 9698
Zita,Gunton,Female,zgunton1o@quantcast.com,206 586 0535
Rory,Walbrook,Female,rwalbrook1p@php.net,495 103 3696
Kailey,Gurry,Female,kgurry1q@wisc.edu,371 951 9442
Millisent,Reaveley,Female,mreaveley1r@dmoz.org,970 596 4578
Colby,Cleary,Male,ccleary1s@bloglines.com,592 874 1218
Reynard,Bleesing,Male,rbleesing1t@icio.us,659 994 0658
Kailey,Milton,Female,kmilton1u@ifeng.com,221 252 5016
Ike,Kelbie,Male,ikelbie1v@goo.ne.jp,170 639 8415
Brigitte,Tippler,Female,btippler1w@bbc.co.uk,154 361 5413
Freeland,Clampe,Male,fclampe1x@omniture.com,510 820 4776
Merell,Dittson,Male,mdittson1y@toplist.cz,355 464 7277
Sandy,Isacke,Female,sisacke1z@google.fr,971 296 1875
Charline,Learmount,Female,clearmount20@elpais.com,787 859 7712
Eldredge,Spurr,Male,espurr21@arizona.edu,945 868 7270
Gregorius,Orum,Male,gorum22@marketwatch.com,653 315 5233
Laurette,Dillicate,Female,ldillicate23@wunderground.com,543 520 7285
Burton,Manifield,Male,bmanifield24@webeden.co.uk,636 218 3979
Weston,Bordman,Male,wbordman25@devhub.com,551 456 2213
Dareen,Syplus,Female,dsyplus26@dropbox.com,624 453 5886
Sam,Tulley,Female,stulley27@bravesites.com,385 862 7982
Gelya,Lambard,Female,glambard28@sfgate.com,140 758 9133
Ian,Parcells,Male,iparcells29@seattletimes.com,101 219 2491
Berty,Bennion,Male,bbennion2a@engadget.com,106 234 2502
Cordie,Walton,Female,cwalton2b@elpais.com,182 773 5381
Felita,Dahlgren,Female,fdahlgren2c@npr.org,592 226 3241
Jemie,Shotbolt,Female,jshotbolt2d@alexa.com,948 725 5013
Lucia,Langridge,Female,llangridge2e@privacy.gov.au,714 869 3678
Monah,Charlewood,Female,mcharlewood2f@harvard.edu,122 277 9587
Charleen,Fiske,Female,cfiske2g@sbwire.com,441 102 4321
Elyse,Bedells,Female,ebedells2h@imdb.com,172 325 7295
Kit,Bleackley,Male,kbleackley2i@51.la,186 469 1166
Dru,Stollery,Female,dstollery2j@cornell.edu,359 266 9776
Rudolph,Lewington,Male,rlewington2k@histats.com,792 439 7709
Onofredo,Cattrall,Male,ocattrall2l@vinaora.com,273 743 9323
Alyssa,Kyles,Non-binary,akyles2m@mozilla.com,291 843 1104
Massimo,Stemson,Male,mstemson2n@godaddy.com,116 830 4122
Nolie,Hindshaw,Female,nhindshaw2o@istockphoto.com,154 738 4029
Mag,Devitt,Female,mdevitt2p@last.fm,288 669 5460
Tiler,Westcar,Bigender,twestcar2q@zimbio.com,365 303 6122
Kerk,Fidilis,Male,kfidilis2r@zimbio.com,530 794 3090
Tobi,Santer,Female,tsanter2s@google.pl,252 436 8133
Adelbert,Rides,Male,arides2t@creativecommons.org,173 795 1511
Quinton,Dannel,Male,qdannel2u@gizmodo.com,341 786 2344
Thorny,Penchen,Genderfluid,tpenchen2v@woothemes.com,167 401 9455
Ajay,Inchcomb,Female,ainchcomb2w@amazon.co.uk,407 260 2927
Gawen,Eggar,Male,geggar2x@jigsy.com,670 440 5208
Cello,Camoys,Male,ccamoys2y@dedecms.com,316 981 5990
Abeu,Christal,Bigender,achristal2z@homestead.com,810 687 0698
Kimberley,Feldbau,Female,kfeldbau30@devhub.com,146 458 3082
Grissel,Kelf,Female,gkelf31@squarespace.com,961 876 1218
Jerri,Haw,Male,jhaw32@blogs.com,867 784 3863
Willie,Dabels,Female,wdabels33@sfgate.com,639 520 2733
Lance,Jaffrey,Male,ljaffrey34@sciencedaily.com,938 161 7869
Millisent,Diloway,Female,mdiloway35@google.com.br,758 470 9637
Bronnie,Kurten,Male,bkurten36@yellowbook.com,794 923 9706
Minetta,Scroggins,Female,mscroggins37@archive.org,708 847 3374
Simon,Hubner,Male,shubner38@trellian.com,175 429 0824
Jordain,Thornber,Female,jthornber39@tinyurl.com,684 995 6130
Lyndy,Gomar,Female,lgomar3a@tripadvisor.com,968 246 5302
Lauralee,Skase,Female,lskase3b@google.co.jp,336 703 5321
Edik,Orts,Male,eorts3c@newyorker.com,476 738 4523
Albert,Unsworth,Male,aunsworth3d@google.com.au,958 993 0819
Murray,Tethacot,Male,mtethacot3e@gravatar.com,722 200 3432
Penelope,Marcum,Female,pmarcum3f@unc.edu,569 137 9216
Fowler,Manwaring,Male,fmanwaring3g@desdev.cn,505 909 6020
L;urette,Gosnoll,Female,lgosnoll3h@domainmarket.com,794 421 1127
Jeramie,MacShirie,Male,jmacshirie3i@ebay.com,429 272 6958
Eddy,Lucks,Female,elucks3j@google.es,397 297 6927
Eward,Matic,Male,ematic3k@ucoz.com,527 611 6907
Pamelina,Carayol,Agender,pcarayol3l@themeforest.net,245 180 9616
Devin,Martinuzzi,Female,dmartinuzzi3m@tuttocitta.it,959 571 5797
Rasia,Liquorish,Female,rliquorish3n@technorati.com,789 944 8546
Fenelia,Gabbatt,Female,fgabbatt3o@printfriendly.com,346 840 5182
Merwyn,O'Cullen,Male,mocullen3p@uol.com.br,239 396 5284
Freemon,Woolley,Male,fwoolley3q@illinois.edu,632 812 5534
Trisha,Flute,Female,tflute3r@nhs.uk,579 796 9444
Boyce,Gomby,Male,bgomby3s@unblog.fr,978 369 8597
Tobi,Reedick,Female,treedick3t@paypal.com,134 163 7629
Meade,Exrol,Female,mexrol3u@ted.com,270 128 3199
Daron,Kitchen,Male,dkitchen3v@unc.edu,125 251 7383
Teresina,Stern,Female,tstern3w@booking.com,302 223 4399
Darla,Alekseev,Female,dalekseev3x@opensource.org,104 644 1810
Nicko,Shrimpton,Male,nshrimpton3y@vkontakte.ru,515 248 6455
Anabel,Toxell,Female,atoxell3z@arizona.edu,126 906 7800
Waverley,Kirrage,Male,wkirrage40@huffingtonpost.com,384 997 7913
Ogden,Tinsley,Polygender,otinsley41@is.gd,743 629 0675
Grier,Botright,Female,gbotright42@qq.com,134 816 6484
Collin,Cunniffe,Male,ccunniffe43@geocities.jp,432 111 3091
Sue,Cockshott,Female,scockshott44@marriott.com,688 631 7046
Angelika,Giddings,Female,agiddings45@nature.com,646 721 1645
Gilda,Husher,Non-binary,ghusher46@plala.or.jp,953 361 1994
Bowie,Jesteco,Male,bjesteco47@harvard.edu,107 935 5662
Raquela,Langland,Polygender,rlangland48@unicef.org,991 638 5400
Bail,Farquar,Male,bfarquar49@yellowbook.com,694 618 6025
Blanca,Trippitt,Female,btrippitt4a@creativecommons.org,974 262 7922
Janeta,Crassweller,Female,jcrassweller4b@timesonline.co.uk,835 175 4648
Robenia,Davidman,Female,rdavidman4c@huffingtonpost.com,907 662 4776
Guilbert,Firman,Male,gfirman4d@netscape.com,868 256 3359
Jo-ann,Yellep,Female,jyellep4e@intel.com,786 687 0280
Tailor,Matuszyk,Male,tmatuszyk4f@cnet.com,953 993 0233
Redford,Daniele,Male,rdaniele4g@soup.io,560 787 0970
Angelle,Garahan,Female,agarahan4h@miibeian.gov.cn,275 153 6984
Adrea,Brouwer,Female,abrouwer4i@issuu.com,412 235 6439
Donna,Atthow,Female,datthow4j@behance.net,552 420 3655
Archy,Jiricka,Male,ajiricka4k@flavors.me,551 723 6379
Claudianus,Leathe,Male,cleathe4l@constantcontact.com,617 757 6703
Joye,Bruyett,Female,jbruyett4m@vkontakte.ru,392 585 2125
Sascha,Clowley,Male,sclowley4n@europa.eu,351 614 4628
Tobiah,Janoschek,Male,tjanoschek4o@geocities.jp,536 713 5845
Wiatt,Housego,Male,whousego4p@multiply.com,767 674 6916
Grant,Duffet,Male,gduffet4q@mac.com,626 419 5451
Justino,Bennedsen,Male,jbennedsen4r@printfriendly.com,925 413 2665
Jemmie,Prest,Female,jprest4s@hc360.com,458 237 0495
Klemens,Saylor,Non-binary,ksaylor4t@comsenz.com,836 547 9546
Winnifred,Mustoe,Female,wmustoe4u@lycos.com,887 355 1701
Carmela,Glenfield,Female,cglenfield4v@nsw.gov.au,666 462 3410
Wynn,Siemens,Genderfluid,wsiemens4w@live.com,171 768 3461
Genevra,Skate,Female,gskate4x@usnews.com,677 133 6358
Bonnee,Freake,Female,bfreake4y@weibo.com,156 787 3920
Ancell,Gould,Male,agould4z@etsy.com,145 250 7062
Kali,Kennerknecht,Female,kkennerknecht50@wufoo.com,753 322 8180
Tannie,L'argent,Male,tlargent51@google.es,704 834 4251
Lexy,Lorenz,Female,llorenz52@pinterest.com,187 623 7497
Maurice,Aslen,Male,maslen53@bing.com,919 836 3995
Hogan,Greatrakes,Male,hgreatrakes54@bandcamp.com,243 458 9664
Tristam,Firebrace,Non-binary,tfirebrace55@patch.com,983 749 9090
Aurora,Berks,Female,aberks56@ning.com,553 398 3914
Margaux,Faulks,Female,mfaulks57@wordpress.org,857 341 2980
Caril,Hearthfield,Female,chearthfield58@uiuc.edu,802 550 3597
Gene,Sauniere,Male,gsauniere59@php.net,187 544 3650
Correy,Bargh,Male,cbargh5a@irs.gov,782 443 0933
Barry,Lyne,Female,blyne5b@goo.gl,653 467 1366
Wiley,Pering,Male,wpering5c@jalbum.net,256 413 3722
Cordie,Hulbert,Genderfluid,chulbert5d@economist.com,924 853 7067
Mata,Gutridge,Male,mgutridge5e@mysql.com,347 384 9232
Goddart,Anstice,Male,ganstice5f@sina.com.cn,366 234 5615
Alaric,Fall,Non-binary,afall5g@salon.com,842 686 9492
Christina,O'Mullally,Female,comullally5h@businessinsider.com,823 935 4109
Gwenni,Drewet,Bigender,gdrewet5i@auda.org.au,755 159 6042
Shelton,Cheeney,Non-binary,scheeney5j@shareasale.com,653 667 1288
Prentice,Worstall,Genderqueer,pworstall5k@lulu.com,505 870 2873
Nels,Farnell,Male,nfarnell5l@plala.or.jp,860 838 6227
Barbara,Klemps,Female,bklemps5m@behance.net,156 875 5795
Mavra,Campaigne,Female,mcampaigne5n@mediafire.com,520 845 0583
Stanford,Ackroyd,Male,sackroyd5o@elegantthemes.com,962 579 4455
Misty,Tunniclisse,Female,mtunniclisse5p@reuters.com,314 794 3799
Maxy,Lohrensen,Female,mlohrensen5q@va.gov,277 472 4660
Cam,Baudi,Female,cbaudi5r@1und1.de,218 492 2686
Susan,Von Oertzen,Female,svonoertzen5s@salon.com,537 147 3854
Zachery,Khristoforov,Male,zkhristoforov5t@ocn.ne.jp,139 382 0464
Whitney,Swanger,Female,wswanger5u@yelp.com,698 430 5636
Niall,Coughtrey,Male,ncoughtrey5v@sun.com,967 792 6050
Effie,Peffer,Female,epeffer5w@auda.org.au,168 190 0981
Therine,Scrivinor,Female,tscrivinor5x@usgs.gov,327 428 0503
Bertine,Thynn,Female,bthynn5y@ovh.net,208 564 4799
Sampson,Trenam,Male,strenam5z@twitter.com,114 802 8435
Crichton,Anersen,Male,canersen60@imgur.com,263 215 5786
Delano,Daintree,Male,ddaintree61@sitemeter.com,277 315 5947
Shanda,Comazzo,Female,scomazzo62@istockphoto.com,178 276 0630
Wilbur,Filyashin,Male,wfilyashin63@upenn.edu,841 240 3752
Shana,Shyres,Female,sshyres64@bigcartel.com,362 791 0978
Legra,Armfirld,Female,larmfirld65@mashable.com,431 753 0287
Ynez,Chellenham,Female,ychellenham66@csmonitor.com,990 944 0012
Elton,Peace,Male,epeace67@facebook.com,196 843 9949
Tarah,MacAless,Female,tmacaless68@wix.com,363 602 6214
Templeton,Cluderay,Male,tcluderay69@techcrunch.com,212 965 1252
Portie,Jenne,Male,pjenne6a@tmall.com,159 945 2458
Silvano,Lidgerton,Male,slidgerton6b@yahoo.co.jp,646 751 2310
Eugene,Jobern,Male,ejobern6c@wired.com,705 463 4833
Dillon,Wayt,Male,dwayt6d@admin.ch,263 218 8722
Enos,MacTrustram,Male,emactrustram6e@meetup.com,503 174 1889
Torrence,Quye,Male,tquye6f@soup.io,158 471 0513
Lottie,Jickells,Female,ljickells6g@facebook.com,535 644 4090
Chase,Van der Mark,Male,cvandermark6h@go.com,323 537 4376
Leora,Dallimore,Female,ldallimore6i@webs.com,466 130 2612
Norry,Askam,Male,naskam6j@admin.ch,338 140 6131
Amber,Finlan,Female,afinlan6k@naver.com,610 452 8486
Katey,Joscelyn,Female,kjoscelyn6l@washington.edu,470 411 2801
Bethena,McLay,Female,bmclay6m@whitehouse.gov,505 305 6745
Skipp,Tzar,Male,stzar6n@dyndns.org,897 532 3691
Lorine,Wimmer,Polygender,lwimmer6o@oaic.gov.au,374 506 8312
Ailina,Ayris,Female,aayris6p@answers.com,856 619 5494
Joell,Ghidotti,Female,jghidotti6q@mysql.com,135 236 7990
Fanny,Loweth,Female,floweth6r@mac.com,234 922 4470
Broderick,Hammell,Male,bhammell6s@g.co,415 650 5744
Tori,Bazley,Female,tbazley6t@skype.com,223 701 0012
Brion,Boother,Male,bboother6u@a8.net,810 480 9365
Marc,Causey,Male,mcausey6v@earthlink.net,265 772 3753
Jesse,Loeber,Male,jloeber6w@house.gov,126 117 8739
Yelena,Lovegrove,Female,ylovegrove6x@ftc.gov,149 971 1008
Giorgia,Attlee,Female,gattlee6y@fastcompany.com,361 359 3554
Corine,Looby,Female,clooby6z@geocities.jp,843 887 9102
Archy,Scraney,Male,ascraney70@auda.org.au,659 570 9403
Harold,Hassewell,Male,hhassewell71@cyberchimps.com,918 260 8706
Frederich,McCulley,Male,fmcculley72@va.gov,839 786 3075
Travis,Mickelwright,Male,tmickelwright73@netvibes.com,182 878 5790
Trefor,Ebhardt,Male,tebhardt74@nhs.uk,851 732 6131
Shayne,Dunlap,Male,sdunlap75@marketwatch.com,482 618 1361
Raffaello,Dome,Male,rdome76@hc360.com,284 589 6308
Pierre,Matitiaho,Male,pmatitiaho77@edublogs.org,365 305 3820
Rollo,Bennitt,Male,rbennitt78@vkontakte.ru,338 785 1088
Garnette,Dimitrov,Female,gdimitrov79@npr.org,610 453 6882
Ailyn,Dymick,Female,adymick7a@vk.com,869 969 0422
Kennan,Gaucher,Male,kgaucher7b@is.gd,245 386 9389
Emilie,Morad,Female,emorad7c@nifty.com,606 104 0235
Jacinda,Bushnell,Bigender,jbushnell7d@webeden.co.uk,536 836 0256
Brent,Fitchett,Male,bfitchett7e@icq.com,901 806 4367
Lucille,Chelsom,Female,lchelsom7f@t-online.de,309 119 6667
Bliss,Deppen,Female,bdeppen7g@vkontakte.ru,167 759 1803
Ula,Maton,Female,umaton7h@hugedomains.com,308 325 0769
Wendell,Cabedo,Male,wcabedo7i@github.com,790 548 3484
Chester,Burrells,Male,cburrells7j@ftc.gov,757 918 4596
Lewes,Staner,Male,lstaner7k@imgur.com,882 207 0487
Dulcea,Bruhnke,Female,dbruhnke7l@timesonline.co.uk,921 516 8114
Ynes,Filpo,Female,yfilpo7m@sciencedaily.com,401 470 2296
Valeria,Ackroyd,Bigender,vackroyd7n@discuz.net,286 306 4099
Kerry,Kermode,Female,kkermode7o@msu.edu,520 508 6392
Brose,Ellam,Male,bellam7p@typepad.com,991 590 6227
Melonie,Mackley,Female,mmackley7q@indiegogo.com,200 436 0374
Mattias,Grosvenor,Male,mgrosvenor7r@blogtalkradio.com,248 631 1812
Care,Pettersen,Male,cpettersen7s@psu.edu,905 349 4824
Aubrey,Hambers,Male,ahambers7t@thetimes.co.uk,583 251 5660
Sadye,Cossor,Female,scossor7u@baidu.com,973 503 8246
Kippy,Woolsey,Genderfluid,kwoolsey7v@google.nl,509 520 2545
Guillemette,Valerius,Female,gvalerius7w@miitbeian.gov.cn,105 286 4053
Clarie,Riche,Agender,criche7x@gmpg.org,490 706 1641
Denis,Hall,Male,dhall7y@nationalgeographic.com,878 546 2256
Tiebold,Millis,Male,tmillis7z@123-reg.co.uk,845 162 3136
Yuri,Stell,Male,ystell80@netlog.com,716 923 6513
Vasili,Hackelton,Male,vhackelton81@com.com,464 209 8993
Mahmud,Uridge,Male,muridge82@hud.gov,146 877 8719
Elsa,Peatheyjohns,Female,epeatheyjohns83@uol.com.br,736 507 9903
Ken,Peacop,Male,kpeacop84@amazonaws.com,858 158 7449
Dermot,Fransseni,Male,dfransseni85@ow.ly,971 364 6081
Fabiano,Growcock,Genderqueer,fgrowcock86@marketwatch.com,315 212 8964
Rice,McCaghan,Male,rmccaghan87@booking.com,223 376 0591
Tobi,Bowe,Female,tbowe88@twitter.com,491 132 0670
Lainey,Wickey,Genderfluid,lwickey89@soundcloud.com,228 168 2454
Brittney,Rantoul,Female,brantoul8a@biblegateway.com,657 468 2136
Haleigh,Caunce,Bigender,hcaunce8b@admin.ch,970 847 3756
Boonie,Plummer,Male,bplummer8c@paypal.com,261 952 9752
Steward,Pelcheur,Male,spelcheur8d@salon.com,514 383 7221
Elicia,Howgill,Female,ehowgill8e@bloglines.com,580 258 5407
Blaine,Liepmann,Agender,bliepmann8f@github.com,168 492 2490
Sebastian,Phillis,Male,sphillis8g@nyu.edu,916 291 1209
Alica,Haston,Female,ahaston8h@msu.edu,390 374 6334
Harlen,Passmore,Male,hpassmore8i@vk.com,507 627 7726
Chandler,Jeanel,Male,cjeanel8j@oaic.gov.au,106 501 1481
Almeda,Trenear,Female,atrenear8k@github.com,102 615 3994
Joycelin,Bampkin,Agender,jbampkin8l@discuz.net,662 789 2109
Paulina,Baiden,Agender,pbaiden8m@ycombinator.com,856 650 5391
Carmelia,Hardwicke,Female,chardwicke8n@spotify.com,480 791 7544
Adda,Sive,Female,asive8o@skype.com,996 754 0614
Mignonne,Cowe,Female,mcowe8p@google.co.jp,214 365 9437
Loutitia,Martell,Female,lmartell8q@nyu.edu,990 434 2296
Delly,Lovering,Female,dlovering8r@yellowpages.com,358 710 7206
Lynnette,Vogel,Female,lvogel8s@symantec.com,417 380 9732
Rosamond,Kobpa,Female,rkobpa8t@scribd.com,951 321 4463
Ortensia,McCord,Female,omccord8u@icq.com,100 510 2519
Judi,Greetland,Genderqueer,jgreetland8v@chronoengine.com,206 947 6814
Philippine,Collingham,Genderqueer,pcollingham8w@1und1.de,901 109 0234
Terese,Airey,Female,tairey8x@hp.com,834 329 1392
Lemar,Icke,Male,licke8y@hhs.gov,154 127 6759
Raimund,Drummond,Male,rdrummond8z@people.com.cn,453 604 7052
Inna,Desforges,Female,idesforges90@home.pl,617 352 7029
Tremaine,Northidge,Male,tnorthidge91@creativecommons.org,449 411 2175
Wallis,Orrill,Female,worrill92@youtu.be,730 242 9281
Danella,Kubu,Female,dkubu93@livejournal.com,813 403 6030
Lesley,Bootland,Female,lbootland94@printfriendly.com,590 630 8064
Duffie,Durgan,Male,ddurgan95@usgs.gov,975 105 3771
Mayne,Fideler,Male,mfideler96@latimes.com,670 983 2616
Harlene,Clemits,Female,hclemits97@rediff.com,897 563 2740
Mady,Kennsley,Female,mkennsley98@vkontakte.ru,226 671 9301
Wenda,Rudyard,Female,wrudyard99@dmoz.org,420 717 8263
Moshe,Du Fray,Male,mdufray9a@unesco.org,245 648 1253
Riley,Thredder,Male,rthredder9b@twitpic.com,970 679 3411
Paulo,Skittrall,Male,pskittrall9c@house.gov,581 107 6987
Stephi,McQuade,Female,smcquade9d@miitbeian.gov.cn,540 426 8673
Dione,Bedenham,Polygender,dbedenham9e@jugem.jp,791 732 3994
Chelsey,Ashleigh,Female,cashleigh9f@devhub.com,247 289 5265
Osmund,Littlecote,Male,olittlecote9g@t-online.de,805 195 2028
Sheree,Feeny,Female,sfeeny9h@newsvine.com,526 533 2062
Barn,Allbones,Male,ballbones9i@census.gov,465 894 5073
Dun,MacGarrity,Male,dmacgarrity9j@alibaba.com,312 176 8626
Avril,Blasetti,Polygender,ablasetti9k@google.cn,300 958 7218
Sollie,Empringham,Male,sempringham9l@telegraph.co.uk,323 348 5483
Aluino,Ransley,Male,aransley9m@163.com,176 192 2960
Chance,O'Loughnan,Male,coloughnan9n@purevolume.com,522 300 9532
Isobel,MacKenny,Female,imackenny9o@exblog.jp,520 203 3104
Currey,Lacoste,Male,clacoste9p@berkeley.edu,268 887 5483
Agosto,Bearsmore,Male,abearsmore9q@lycos.com,508 281 6880
Karlan,Ticic,Male,kticic9r@wikia.com,915 956 1204
Nobe,Aleevy,Male,naleevy9s@senate.gov,763 519 7113
Giselle,Hilley,Female,ghilley9t@sina.com.cn,635 870 7556
Jerrine,Chesnut,Female,jchesnut9u@ft.com,793 964 3809
Delmore,Dudleston,Polygender,ddudleston9v@ow.ly,593 882 6442
Danila,Beeck,Female,dbeeck9w@google.com.br,352 768 2354
Claudetta,Grisard,Female,cgrisard9x@constantcontact.com,419 500 0199
Melli,Manilo,Female,mmanilo9y@ca.gov,900 332 2449
Mora,Joule,Female,mjoule9z@github.com,647 249 1241
Annaliese,Goudie,Female,agoudiea0@so-net.ne.jp,197 551 5604
Taddeusz,Melvin,Male,tmelvina1@github.io,757 833 9586
Tammie,Danev,Male,tdaneva2@bandcamp.com,352 492 6197
Nikaniki,Restieaux,Female,nrestieauxa3@nasa.gov,633 330 1214
Gilberto,Pandya,Male,gpandyaa4@hp.com,518 714 3533
Vinnie,Cullington,Female,vcullingtona5@creativecommons.org,781 499 7633
Rebeka,Filasov,Female,rfilasova6@scientificamerican.com,414 603 7574
Barnabas,Figliovanni,Male,bfigliovannia7@plala.or.jp,981 758 9646
Deana,Conaboy,Female,dconaboya8@jiathis.com,449 620 6475
Egor,Kaasmann,Male,ekaasmanna9@nhs.uk,548 431 7660
Bendite,Grayne,Female,bgrayneaa@pen.io,245 489 7461
Colline,Smeuin,Female,csmeuinab@woothemes.com,583 596 6696
Lu,McPhilemy,Female,lmcphilemyac@goodreads.com,597 635 8927
Galvan,Lazenby,Male,glazenbyad@livejournal.com,139 564 8419
Bartel,Niemetz,Male,bniemetzae@last.fm,968 173 0476
Orson,Leckenby,Male,oleckenbyaf@aol.com,161 463 7292
Ainsley,Albarez,Female,aalbarezag@comsenz.com,406 261 0320
Regan,Harvatt,Female,rharvattah@123-reg.co.uk,798 110 4257
Annecorinne,Gribbins,Female,agribbinsai@barnesandnoble.com,756 543 2208
Elfreda,Chettle,Female,echettleaj@wix.com,729 955 9695
Henderson,Voff,Male,hvoffak@nba.com,137 408 1304
Rolland,Colisbe,Male,rcolisbeal@theatlantic.com,574 694 7985
Eva,Brunning,Female,ebrunningam@t.co,780 901 3532
Jere,Hardwidge,Male,jhardwidgean@moonfruit.com,894 332 7493
Charmian,Jaouen,Female,cjaouenao@gmpg.org,992 410 2634
Nevins,Zettoi,Male,nzettoiap@squarespace.com,181 203 7481
Randie,Marcroft,Male,rmarcroftaq@washingtonpost.com,939 904 6030
Crosby,Heaven,Male,cheavenar@google.fr,628 982 7508
Fraze,Kimblen,Male,fkimblenas@wikispaces.com,993 641 4012
Stevena,Davy,Female,sdavyat@csmonitor.com,510 598 5927
Gayler,Morlon,Male,gmorlonau@alexa.com,799 745 6891
Jessey,Betjeman,Male,jbetjemanav@indiegogo.com,265 363 6123
Janna,Guillond,Female,jguillondaw@umich.edu,482 118 5471
Anders,Storkes,Male,astorkesax@sina.com.cn,960 544 3763
Jessie,Mushet,Male,jmushetay@cornell.edu,129 423 0607
Rois,Potteril,Female,rpotterilaz@newsvine.com,621 827 0217
Sandye,Ianilli,Female,sianillib0@wisc.edu,387 946 8929
Ruperta,Eastwell,Female,reastwellb1@state.gov,327 166 3281
Fanechka,Bigg,Female,fbiggb2@yelp.com,474 541 0129
Bogey,Byrde,Male,bbyrdeb3@dot.gov,742 278 9437
Brande,Redhills,Female,bredhillsb4@wsj.com,523 198 8405
Kiley,Gatlin,Male,kgatlinb5@bandcamp.com,144 989 2715
Israel,Copelli,Male,icopellib6@hao123.com,164 801 4138
Demetra,Durrad,Female,ddurradb7@nationalgeographic.com,429 575 2875
Gray,Kestian,Female,gkestianb8@nature.com,627 693 3126
Jewelle,Daniells,Female,jdaniellsb9@timesonline.co.uk,583 918 1830
Farrell,Lammerts,Male,flammertsba@geocities.jp,289 770 7469
Juliane,Lunney,Female,jlunneybb@desdev.cn,629 117 0348
Zachariah,Grestie,Male,zgrestiebc@taobao.com,800 377 9540
Jule,Cordingly,Male,jcordinglybd@phoca.cz,825 538 9021
Archer,Penman,Male,apenmanbe@bizjournals.com,172 110 5461
Wyatan,Engeham,Male,wengehambf@toplist.cz,928 430 6010
Arlen,Popescu,Male,apopescubg@noaa.gov,898 642 2445
Sharleen,Kingsford,Agender,skingsfordbh@sourceforge.net,290 157 3501
Bearnard,Karleman,Male,bkarlemanbi@cisco.com,938 205 3760
Solly,Adolf,Male,sadolfbj@squidoo.com,551 757 6560
Antonino,Tilney,Male,atilneybk@nymag.com,376 147 8128
Padraig,Pryor,Male,ppryorbl@japanpost.jp,842 331 0476
Grete,Sayles,Female,gsaylesbm@virginia.edu,393 919 8951
Elene,Weale,Female,ewealebn@chronoengine.com,850 600 8660
Binky,Junkinson,Male,bjunkinsonbo@imgur.com,591 547 6651
Wood,Lait,Male,wlaitbp@usa.gov,386 412 3821
Sindee,D'Angeli,Female,sdangelibq@liveinternet.ru,160 761 0320
Rey,Balk,Male,rbalkbr@list-manage.com,892 657 4635
Tarrah,Feaks,Female,tfeaksbs@intel.com,245 864 4200
Uta,Titchard,Female,utitchardbt@boston.com,526 907 8412
Otis,Keep,Male,okeepbu@moonfruit.com,359 980 1567
Boigie,Haggarth,Male,bhaggarthbv@ow.ly,206 768 1219
Denni,Adrain,Female,dadrainbw@domainmarket.com,665 640 1767
Maurie,Beniesh,Genderfluid,mbenieshbx@princeton.edu,617 668 3316
Cash,Corbyn,Male,ccorbynby@devhub.com,973 858 6890
Flory,Figger,Male,ffiggerbz@walmart.com,757 205 7495
Nefen,Garnam,Male,ngarnamc0@aol.com,583 140 8804
Somerset,Vicent,Male,svicentc1@clickbank.net,738 118 8595
Lanny,Hitter,Female,lhitterc2@sitemeter.com,428 871 0674
Piotr,Boatswain,Male,pboatswainc3@mysql.com,147 608 9638
Warner,Miles,Male,wmilesc4@blogger.com,251 790 3774
Stearn,Ewens,Male,sewensc5@mlb.com,150 841 9712
Isahella,Bodimeade,Female,ibodimeadec6@ox.ac.uk,222 335 8654
Jacinda,Ringer,Female,jringerc7@amazonaws.com,976 519 9511
Agace,Drinkhill,Polygender,adrinkhillc8@walmart.com,104 276 0750
Foss,Gemlett,Male,fgemlettc9@networksolutions.com,763 845 5288
Ricky,Atcock,Female,ratcockca@studiopress.com,137 563 0250
Brig,Sloyan,Male,bsloyancb@mayoclinic.com,464 355 0182
Tomaso,Calleja,Bigender,tcallejacc@geocities.jp,483 198 2020
Ida,Geere,Female,igeerecd@zdnet.com,382 233 2810
Zita,Becconsall,Female,zbecconsallce@reverbnation.com,728 164 9463
Betsey,Indruch,Female,bindruchcf@moonfruit.com,919 114 8009
Jeramie,Bonin,Male,jbonincg@booking.com,588 400 7841
Marcelline,Paulusch,Female,mpauluschch@addthis.com,739 683 1035
Gaspard,Kaaskooper,Male,gkaaskooperci@trellian.com,634 643 5731
Wittie,Domelow,Male,wdomelowcj@oaic.gov.au,799 837 2525
Wit,Roset,Male,wrosetck@omniture.com,868 879 6397
Nicky,Soar,Male,nsoarcl@umich.edu,692 249 7884
Smitty,O'Heaney,Male,soheaneycm@redcross.org,415 310 2151
Delilah,Hemms,Female,dhemmscn@nymag.com,638 194 6094
Janeva,Ghidoli,Polygender,jghidolico@discovery.com,737 947 2064
Zed,McGillicuddy,Male,zmcgillicuddycp@slate.com,134 418 5200
Ciro,Balharry,Male,cbalharrycq@marriott.com,617 503 7417
Phaedra,Van Vuuren,Female,pvanvuurencr@themeforest.net,790 650 4182
Dav,Face,Male,dfacecs@ted.com,792 209 9177
Sandro,Claybourne,Male,sclaybournect@symantec.com,839 520 8772
Hayward,Knevet,Male,hknevetcu@cdc.gov,806 667 3370
Constantine,Middlemass,Female,cmiddlemasscv@princeton.edu,230 645 8442
Krishna,Dyer,Male,kdyercw@businessinsider.com,660 325 0302
Biddie,Leggis,Female,bleggiscx@nytimes.com,643 562 1217
Ingram,Cancelier,Male,icanceliercy@goodreads.com,601 777 7342
Martica,Guerreru,Genderqueer,mguerrerucz@comsenz.com,773 701 7167
Gloriana,Doveston,Female,gdovestond0@fastcompany.com,881 662 7096
Prissie,Francesconi,Female,pfrancesconid1@foxnews.com,829 700 7105
Gisella,Nasi,Female,gnasid2@mozilla.com,776 463 9430
Faythe,Raymont,Female,fraymontd3@last.fm,798 943 0932
Truman,Conahy,Male,tconahyd4@sina.com.cn,801 350 1874
Angel,Trevarthen,Male,atrevarthend5@gravatar.com,715 169 4536
Gerik,Giacubo,Male,ggiacubod6@omniture.com,200 974 8810
Marlin,Rixon,Non-binary,mrixond7@nhs.uk,677 143 8367
Mae,Tippetts,Female,mtippettsd8@whitehouse.gov,760 407 6423
Laetitia,Myall,Female,lmyalld9@jimdo.com,240 471 6499
Stefan,Prevost,Male,sprevostda@opensource.org,677 397 2507
Jayne,Fall,Female,jfalldb@163.com,378 387 5988
Dwayne,Maxwaile,Male,dmaxwailedc@forbes.com,527 667 1641
Lurleen,Greg,Female,lgregdd@elegantthemes.com,552 897 9704
Anna-diane,Thams,Female,athamsde@google.com.au,223 539 2213
Raffarty,Cashen,Male,rcashendf@shop-pro.jp,767 202 7516
Lora,Robinet,Female,lrobinetdg@sohu.com,168 774 0367
Jasen,Waterfield,Male,jwaterfielddh@nationalgeographic.com,187 578 8592
Amity,Heavy,Agender,aheavydi@nymag.com,175 976 4166
Lia,Lovick,Female,llovickdj@mail.ru,466 685 3954
Eugene,Cowin,Male,ecowindk@cam.ac.uk,769 796 3015
Lloyd,Morrish,Male,lmorrishdl@scribd.com,191 892 2908
Kristal,Dallicoat,Bigender,kdallicoatdm@webeden.co.uk,819 941 3729
Thorndike,Pingstone,Male,tpingstonedn@usnews.com,605 292 9414
Michaelina,McAnellye,Female,mmcanellyedo@fotki.com,346 778 2658
Stillman,Marflitt,Male,smarflittdp@reverbnation.com,977 544 6056
Emylee,Connor,Female,econnordq@kickstarter.com,590 601 6581
Inez,Barens,Genderqueer,ibarensdr@hubpages.com,187 484 1257
Biddy,Aisman,Non-binary,baismands@yahoo.com,851 219 1279
Cecilia,Zohrer,Female,czohrerdt@cbslocal.com,309 418 0356
Mattias,Makin,Male,mmakindu@webmd.com,832 472 1350
Paula,Clissold,Female,pclissolddv@fc2.com,492 585 8454
Delmor,Calderon,Male,dcalderondw@fotki.com,553 716 2014
Dedra,Sharrard,Female,dsharrarddx@gov.uk,292 357 5066
Angie,Screach,Genderqueer,ascreachdy@independent.co.uk,950 312 0368
Tonya,Gierardi,Female,tgierardidz@squidoo.com,905 719 8663
Bradley,Deakins,Male,bdeakinse0@is.gd,828 109 2137
June,Touson,Female,jtousone1@eepurl.com,820 181 9169
Butch,McCurtain,Male,bmccurtaine2@arstechnica.com,659 708 9761
Roth,Tidgewell,Male,rtidgewelle3@businessinsider.com,796 852 3945
Base,Emloch,Male,bemloche4@reddit.com,116 910 8244
Purcell,Ties,Male,ptiese5@nifty.com,702 243 3241
Harmonia,Davitashvili,Female,hdavitashvilie6@mtv.com,764 936 8201
Sabra,Skellion,Female,sskellione7@quantcast.com,204 279 8709
Alexandra,Shayler,Genderfluid,ashaylere8@squidoo.com,829 743 7117
Forrester,Ervine,Genderqueer,fervinee9@bizjournals.com,136 825 4133
Illa,Fri,Female,ifriea@about.com,856 332 1049
Gwynne,Tyndall,Female,gtyndalleb@multiply.com,518 579 3903
Ardelle,Tobias,Female,atobiasec@utexas.edu,634 649 0985
Penny,Bowell,Male,pbowelled@soundcloud.com,229 282 8707
Tymon,Seekings,Male,tseekingsee@wikipedia.org,944 162 3878
Craggy,Caves,Male,ccavesef@google.es,784 188 2813
Finn,Mirfin,Male,fmirfineg@dailymail.co.uk,216 161 3514
Genevra,Darracott,Female,gdarracotteh@phoca.cz,111 325 8573
Bonnie,Gutcher,Female,bgutcherei@bizjournals.com,199 341 0707
Kendrick,Pitcher,Male,kpitcherej@infoseek.co.jp,155 526 7623
Stesha,Shoreson,Female,sshoresonek@archive.org,449 393 9310
Christal,Genicke,Female,cgenickeel@imdb.com,834 188 6499
Wernher,Shirley,Male,wshirleyem@eventbrite.com,744 296 0901
Palmer,Marshall,Genderqueer,pmarshallen@freewebs.com,980 385 4751
Vaughan,Broomfield,Male,vbroomfieldeo@berkeley.edu,579 964 0718
Myrtia,Mecozzi,Female,mmecozziep@weather.com,910 103 3075
Madlin,Bake,Female,mbakeeq@google.com.hk,595 747 5558
Rriocard,Jaquest,Male,rjaquester@loc.gov,583 710 8353
Sophie,Thorrold,Female,sthorroldes@japanpost.jp,580 913 9206
Tamar,Blazi,Genderqueer,tblaziet@deliciousdays.com,434 856 6362
Karlan,Valerius,Male,kvaleriuseu@tinyurl.com,358 144 1089
Flin,Quan,Male,fquanev@icio.us,377 329 4722
Georgie,Quilty,Male,gquiltyew@phoca.cz,573 185 9579
Else,Harrington,Female,eharringtonex@elegantthemes.com,944 155 9574
Marthena,McCoy,Female,mmccoyey@i2i.jp,494 238 0562
Gabriel,Barosch,Male,gbaroschez@reuters.com,582 497 5521
Alvera,Lukianov,Female,alukianovf0@cnbc.com,625 329 5074
Linet,Bulfield,Female,lbulfieldf1@sogou.com,693 371 0453
Arley,Neiland,Male,aneilandf2@alexa.com,417 928 4646
Quent,Gisborne,Male,qgisbornef3@printfriendly.com,490 328 2692
Dosi,De Vaux,Female,ddevauxf4@multiply.com,831 141 2997
Jaime,Bradbeer,Female,jbradbeerf5@wunderground.com,644 745 9304
Mirabella,Coonan,Female,mcoonanf6@ask.com,610 150 9315
Allie,Menel,Male,amenelf7@tmall.com,630 585 7051
Rand,Goldsack,Male,rgoldsackf8@usda.gov,757 428 0586
Alleen,O'Kenny,Female,aokennyf9@soup.io,140 397 5562
Mavis,La Grange,Female,mlagrangefa@freewebs.com,705 389 0565
Jeannie,Sukbhans,Female,jsukbhansfb@sun.com,716 128 6102
Bernice,Richie,Female,brichiefc@deviantart.com,324 267 2260
Harlie,Bortoluzzi,Female,hbortoluzzifd@toplist.cz,867 428 9774
Rayna,Smith,Female,rsmithfe@prnewswire.com,749 918 2729
Rubi,Martynikhin,Bigender,rmartynikhinff@narod.ru,883 948 8141
Edee,Habben,Female,ehabbenfg@mail.ru,667 805 4370
Northrup,Middiff,Genderfluid,nmiddifffh@booking.com,834 929 6758
Nara,Waddoups,Female,nwaddoupsfi@google.com.br,591 972 3700
Ashien,De Biasio,Female,adebiasiofj@deviantart.com,868 874 2927
Cindra,Kobiela,Female,ckobielafk@jimdo.com,395 258 1631
Boigie,Minards,Male,bminardsfl@toplist.cz,268 977 4688
Jeremie,Greeson,Non-binary,jgreesonfm@google.com.br,143 489 0157
Westbrook,Chessun,Agender,wchessunfn@wiley.com,852 188 9876
Kessia,Kornel,Female,kkornelfo@livejournal.com,857 627 6105
Jonell,Dober,Female,jdoberfp@gnu.org,541 574 0964
Madonna,Costelloe,Female,mcostelloefq@dot.gov,148 254 6885
Bernadene,Bownass,Female,bbownassfr@chicagotribune.com,644 760 5007
Erminie,Evins,Female,eevinsfs@wikipedia.org,273 441 9999
Brendon,Born,Male,bbornft@latimes.com,860 411 4091
Raynor,Saker,Male,rsakerfu@vkontakte.ru,449 941 0663
Hillel,Daintith,Male,hdaintithfv@deliciousdays.com,260 298 4550
Rodrick,Olliff,Male,rollifffw@histats.com,904 785 6592
Lucais,Oswell,Male,loswellfx@opera.com,301 961 7237
Vivienne,Van Halen,Female,vvanhalenfy@imageshack.us,565 668 7535
Regan,Arnott,Bigender,rarnottfz@samsung.com,942 956 6260
Doralynn,Scotchbrook,Female,dscotchbrookg0@163.com,386 148 8639
Jania,Cumberlidge,Female,jcumberlidgeg1@state.tx.us,119 246 2079
Goldina,Cullingford,Non-binary,gcullingfordg2@noaa.gov,598 588 9694
Caria,Carlisso,Female,ccarlissog3@wordpress.com,415 330 0857
Rudie,Pretley,Male,rpretleyg4@archive.org,884 218 7144
Damiano,MacClay,Male,dmacclayg5@dailymail.co.uk,714 261 6160
Andi,Kofax,Female,akofaxg6@umich.edu,515 266 9804
Amanda,Zanetti,Female,azanettig7@wsj.com,479 970 3458
Nolan,Kirley,Male,nkirleyg8@go.com,763 116 3459
Tiphany,Mabley,Female,tmableyg9@weibo.com,241 401 8830
Jacquelynn,Calderon,Female,jcalderonga@sciencedaily.com,720 543 8972
Kassandra,Cowdry,Female,kcowdrygb@dailymail.co.uk,461 671 5139
Sawyere,McGiff,Male,smcgiffgc@discuz.net,838 185 5215
Jozef,Nisbith,Male,jnisbithgd@tiny.cc,492 696 4085
Roseanna,Walch,Female,rwalchge@opera.com,138 314 6225
Ulrich,Goldby,Male,ugoldbygf@canalblog.com,966 686 2142
Ardine,Fassman,Female,afassmangg@ebay.co.uk,472 350 0930
Flo,Rossant,Female,frossantgh@miitbeian.gov.cn,548 944 7321
Fawne,Innman,Female,finnmangi@blogs.com,288 253 1727
Mile,Louden,Male,mloudengj@a8.net,806 558 4842
Bogey,Duncan,Male,bduncangk@purevolume.com,111 588 9569
Bartel,Carous,Male,bcarousgl@phoca.cz,779 921 7925
Doralyn,Withringten,Female,dwithringtengm@mit.edu,953 573 0330
Gardie,Whickman,Male,gwhickmangn@comcast.net,398 674 3537
Jilli,Tomkys,Female,jtomkysgo@boston.com,459 458 4149
Aland,Gabe,Male,agabegp@google.co.uk,549 410 2110
Adele,Cuseck,Female,acuseckgq@shareasale.com,977 549 2802
Judas,Brounsell,Male,jbrounsellgr@goo.ne.jp,327 353 6379
Estevan,Gritskov,Male,egritskovgs@upenn.edu,466 975 4051
Demetria,Daile,Female,ddailegt@soundcloud.com,742 671 0228
Siffre,Spellessy,Male,sspellessygu@admin.ch,310 490 9231
Owen,Edmed,Genderfluid,oedmedgv@tinypic.com,264 775 4784
Yancey,Lugg,Male,ylugggw@google.co.uk,139 498 3586
Patin,Gaffer,Male,pgaffergx@eventbrite.com,498 484 0813
Norah,Parcell,Female,nparcellgy@cam.ac.uk,958 677 1596
Carolynn,Andrat,Female,candratgz@ebay.co.uk,593 178 3437
Robinet,Janek,Male,rjanekh0@moonfruit.com,225 243 1840
Lavina,Orford,Female,lorfordh1@sitemeter.com,283 862 7741
Quent,Nettleship,Male,qnettleshiph2@jimdo.com,425 354 2099
Rooney,Ellicock,Male,rellicockh3@virginia.edu,467 622 1685
Fonz,Adamik,Male,fadamikh4@youku.com,554 772 4906
Minnnie,Spino,Female,mspinoh5@salon.com,685 435 3808
Eunice,Bresnahan,Female,ebresnahanh6@ucoz.ru,391 368 3346
Tuck,McIllroy,Male,tmcillroyh7@scientificamerican.com,125 557 4779
Kimbell,Geldert,Polygender,kgelderth8@infoseek.co.jp,755 530 6716
Catarina,Collar,Female,ccollarh9@phoca.cz,281 748 8657
Latisha,Sponton,Female,lspontonha@livejournal.com,683 743 7343
Mickey,Farnish,Male,mfarnishhb@washington.edu,453 531 2860
Sibelle,Yoslowitz,Female,syoslowitzhc@lulu.com,155 811 5414
Afton,Bilbery,Genderqueer,abilberyhd@prnewswire.com,578 727 2759
Bryana,Montford,Polygender,bmontfordhe@salon.com,112 849 4174
Lovell,Lehenmann,Male,llehenmannhf@techcrunch.com,714 208 4293
Farly,MacNeil,Male,fmacneilhg@is.gd,301 298 9083
Fred,Connor,Female,fconnorhh@quantcast.com,888 829 7670
Alessandro,Carwithim,Male,acarwithimhi@purevolume.com,291 931 6976
Morganica,Harnes,Female,mharneshj@sphinn.com,306 359 2015
Rriocard,Hearns,Male,rhearnshk@usnews.com,181 202 9819
Fleming,de la Valette Parisot,Male,fdelavaletteparisothl@taobao.com,676 795 4582
Raina,Mellor,Female,rmellorhm@jalbum.net,550 677 9501
Mano,Orfeur,Male,morfeurhn@rakuten.co.jp,351 736 0802
Saxe,O' Faherty,Male,sofahertyho@wordpress.org,342 984 6102
Martha,Speer,Female,mspeerhp@shop-pro.jp,721 667 7173
Kirbie,Hakonsen,Female,khakonsenhq@cargocollective.com,252 874 0396
Pembroke,Crier,Male,pcrierhr@kickstarter.com,401 825 2813
Correy,Rumke,Bigender,crumkehs@fda.gov,355 970 8688
Truman,Broomer,Male,tbroomerht@weibo.com,824 948 5094
Gwyneth,Kenwrick,Female,gkenwrickhu@yahoo.com,411 677 5284
Ivonne,Swinglehurst,Female,iswinglehursthv@google.cn,728 578 0567
Roscoe,Lowden,Male,rlowdenhw@myspace.com,425 841 4485
Al,Fairn,Male,afairnhx@upenn.edu,514 246 2702
Hailey,Rawle,Male,hrawlehy@squarespace.com,270 162 7874
Gwen,Dusting,Female,gdustinghz@hao123.com,289 875 2321
Kailey,Scully,Female,kscullyi0@nba.com,100 393 7046
Kaycee,McCorrie,Female,kmccorriei1@soup.io,223 815 4928
Kleon,Hogsden,Male,khogsdeni2@exblog.jp,487 821 0604
Carrol,Bousler,Male,cbousleri3@squidoo.com,867 603 5822
Auberon,Trodden,Male,atroddeni4@clickbank.net,139 630 1758
Alisander,Pikhno,Male,apikhnoi5@bloglines.com,499 185 0935
Sophronia,Hart,Female,sharti6@unicef.org,897 235 3393
Zacharia,Ioselev,Male,zioselevi7@reference.com,515 792 9701
Claudetta,Erat,Female,cerati8@cnbc.com,840 483 0958
Tobe,Shakesby,Female,tshakesbyi9@google.cn,688 356 0149
Garv,Kirkness,Male,gkirknessia@gov.uk,999 749 9819
Abby,Goldster,Male,agoldsterib@accuweather.com,267 661 9485
Heywood,Madgewick,Male,hmadgewickic@gmpg.org,522 271 6556
Milli,Scading,Female,mscadingid@webmd.com,656 337 5524
Alonzo,Caraher,Male,acaraherie@livejournal.com,681 834 5477
Balduin,Cisec,Male,bcisecif@hostgator.com,177 985 2955
Koressa,Minors,Female,kminorsig@fda.gov,214 669 6378
Grenville,Hutchins,Male,ghutchinsih@usa.gov,480 917 2953
Dimitry,Crathern,Male,dcrathernii@miitbeian.gov.cn,806 861 3834
Tomkin,Diggins,Male,tdigginsij@gravatar.com,247 952 6440
Maddalena,Shovelton,Female,mshoveltonik@sogou.com,416 411 6073
Zarla,Ranger,Polygender,zrangeril@wikimedia.org,508 128 6637
Foster,Tidridge,Male,ftidridgeim@flickr.com,544 963 0965
Stevana,Eul,Female,seulin@nhs.uk,474 688 9562
Sayer,McGinn,Male,smcginnio@tamu.edu,133 483 1228
Alyss,Bungey,Female,abungeyip@sakura.ne.jp,628 513 5853
Ravi,Attrie,Male,rattrieiq@imdb.com,397 285 5217
Kizzie,Heppner,Female,kheppnerir@jalbum.net,645 711 2136
Celestina,Lyes,Female,clyesis@admin.ch,817 267 0097
Romain,Skeleton,Male,rskeletonit@nyu.edu,968 403 6759
Ellissa,Custed,Female,ecustediu@diigo.com,379 550 1429
Toma,Hurdis,Female,thurdisiv@dot.gov,659 592 3835
Falkner,Doale,Male,fdoaleiw@indiegogo.com,335 299 1409
Morris,Cheeke,Male,mcheekeix@unblog.fr,808 518 6449
Rooney,Melbourne,Genderfluid,rmelbourneiy@imageshack.us,532 612 8948
Edan,Wynrehame,Male,ewynrehameiz@shinystat.com,928 424 4764
Patsy,Wittman,Male,pwittmanj0@sogou.com,122 666 7962
Ursula,Vlasyuk,Female,uvlasyukj1@hao123.com,638 846 0270
Ashlen,Andrzejczak,Female,aandrzejczakj2@nih.gov,429 630 1830
Guillemette,Flattman,Female,gflattmanj3@digg.com,359 944 1298
Theresina,Dangerfield,Female,tdangerfieldj4@umn.edu,810 921 4079
Jania,Schiefersten,Female,jschieferstenj5@sitemeter.com,200 362 6048
Terence,Vogelein,Male,tvogeleinj6@fastcompany.com,578 439 5756
Brewer,Devinn,Male,bdevinnj7@blogspot.com,600 448 4353
Toddie,Lucian,Male,tlucianj8@blogtalkradio.com,224 301 7737
Lilli,Eagles,Female,leaglesj9@dot.gov,831 924 4960
Abbi,Eckery,Female,aeckeryja@amazon.com,929 674 9975
Ebba,Kaines,Female,ekainesjb@nydailynews.com,348 801 9557
Cornelius,Pickworth,Male,cpickworthjc@pcworld.com,317 608 8610
Karil,Marton,Female,kmartonjd@bravesites.com,215 379 7733
Torin,Duthie,Non-binary,tduthieje@vkontakte.ru,250 761 3895
Sophronia,Aloshikin,Female,saloshikinjf@bigcartel.com,368 704 2893
Hewett,Ysson,Male,hyssonjg@google.com.au,330 944 4065
Charil,Franchi,Female,cfranchijh@google.co.uk,325 197 9550
Amity,McCay,Female,amccayji@bigcartel.com,300 239 0735
Maybelle,Cattenach,Female,mcattenachjj@wikimedia.org,200 158 1048
Brietta,Culley,Female,bculleyjk@washingtonpost.com,712 762 8092
Mariette,Bethel,Female,mbetheljl@youtube.com,282 545 0918
Edith,Ewenson,Female,eewensonjm@instagram.com,205 496 2560
Marius,Edwicker,Male,medwickerjn@who.int,480 276 0240
Annabell,Perkins,Female,aperkinsjo@engadget.com,692 305 5019
Elena,Hedman,Female,ehedmanjp@ifeng.com,915 234 1152
Othilie,Dran,Female,odranjq@yahoo.co.jp,795 473 4488
Ulrick,Bazely,Male,ubazelyjr@wunderground.com,206 200 0746
Fanchon,Cannell,Female,fcannelljs@jigsy.com,900 904 3278
Lee,Styant,Male,lstyantjt@ucoz.ru,461 768 0782
Baxy,Heffernan,Male,bheffernanju@wix.com,734 533 7109
Mischa,Kellen,Male,mkellenjv@reddit.com,937 393 9627
Ailbert,Gauge,Male,agaugejw@oracle.com,816 970 2185
Wolfy,Shadfourth,Male,wshadfourthjx@census.gov,840 574 6494
Augustina,Vanne,Female,avannejy@businessweek.com,898 412 9138
Revkah,Ommundsen,Female,rommundsenjz@tumblr.com,908 577 9283
Rayna,Boerder,Female,rboerderk0@privacy.gov.au,824 587 5488
Blanca,Vynall,Female,bvynallk1@flavors.me,661 896 0069
Joaquin,Mapstone,Male,jmapstonek2@cdbaby.com,361 632 1761
Moses,Simnor,Male,msimnork3@wp.com,846 144 7502
Jeremy,Kelner,Male,jkelnerk4@github.io,771 421 9956
Robbie,Hethron,Polygender,rhethronk5@vinaora.com,912 651 2072
Meagan,Gosnay,Female,mgosnayk6@hhs.gov,665 618 2219
Tuck,Cosgrove,Male,tcosgrovek7@mit.edu,485 891 1377
Akim,Frear,Male,afreark8@csmonitor.com,763 509 8855
Farlee,Jzhakov,Male,fjzhakovk9@kickstarter.com,403 916 9931
Sheena,Agney,Female,sagneyka@spotify.com,215 611 2478
Ambrose,McCarter,Male,amccarterkb@wordpress.com,389 940 7148
Christie,Jacomb,Female,cjacombkc@posterous.com,746 925 9907
Tildy,De Gowe,Female,tdegowekd@instagram.com,983 377 3186
Abey,Allsop,Male,aallsopke@gov.uk,377 243 3182
Koo,Spadotto,Female,kspadottokf@psu.edu,814 416 7953
Dolorita,Colthard,Female,dcolthardkg@icio.us,487 518 2787
Lillis,Coxhell,Female,lcoxhellkh@tripod.com,678 420 0456
Celie,Jacqueme,Female,cjacquemeki@smugmug.com,578 449 9976
Quinn,Fulloway,Female,qfullowaykj@ow.ly,558 170 6831
Mauricio,Rotter,Male,mrotterkk@cmu.edu,316 644 1284
Sergio,Rainton,Male,sraintonkl@naver.com,198 694 7371
Torrence,Domm,Male,tdommkm@oakley.com,901 655 7598
Jeri,Kardos,Female,jkardoskn@reuters.com,107 675 4914
Blithe,Secrett,Female,bsecrettko@sogou.com,706 334 3355
Tomasina,Dyhouse,Female,tdyhousekp@multiply.com,516 997 9169
Othilia,Mapson,Female,omapsonkq@marketwatch.com,561 475 1028
Merrie,Monkman,Female,mmonkmankr@eventbrite.com,840 904 3144
Reinold,Exell,Male,rexellks@delicious.com,628 612 8132
Farleigh,Barajaz,Male,fbarajazkt@xing.com,584 204 6874
Jaime,Rosenhaus,Female,jrosenhausku@ocn.ne.jp,703 712 9320
Brenda,Ellison,Female,bellisonkv@furl.net,114 470 1662
Freemon,Bence,Genderqueer,fbencekw@java.com,473 721 3555
Gerald,Brake,Male,gbrakekx@virginia.edu,939 306 3942
Sylvester,Lightbourn,Male,slightbournky@smh.com.au,601 879 7775
Virginie,McMorran,Bigender,vmcmorrankz@ow.ly,945 802 7489
Rennie,Featherstone,Female,rfeatherstonel0@tinypic.com,677 709 1355
Lenora,Farady,Female,lfaradyl1@spiegel.de,190 368 8072
Cassondra,Matterson,Female,cmattersonl2@china.com.cn,490 647 0996
Myrta,Hansell,Female,mhanselll3@newyorker.com,448 406 7403
Sarajane,Nials,Non-binary,snialsl4@bbb.org,913 830 8711
Zena,Gillicuddy,Female,zgillicuddyl5@liveinternet.ru,164 471 5439
Alford,Bortolozzi,Male,abortolozzil6@hibu.com,292 254 3457
Halsy,Clarage,Male,hclaragel7@alibaba.com,683 466 4377
Wileen,Ferrier,Female,wferrierl8@slashdot.org,496 515 0656
Dirk,Riseborough,Male,driseboroughl9@free.fr,524 513 2693
Murielle,Moloney,Female,mmoloneyla@stanford.edu,108 809 8807
Merill,Michie,Male,mmichielb@newsvine.com,781 111 5396
Hussein,Lipp,Male,hlipplc@ucla.edu,331 900 2509
Rhodia,Tschersich,Agender,rtschersichld@topsy.com,346 180 8980
Ingeborg,Gorke,Bigender,igorkele@typepad.com,733 296 9971
Christophorus,Yorston,Male,cyorstonlf@usda.gov,720 417 4539
Johannes,Dunmore,Male,jdunmorelg@squidoo.com,472 963 4309
Adelina,Cattermole,Female,acattermolelh@army.mil,324 350 5171
Dexter,Betun,Male,dbetunli@t-online.de,579 207 6523
Dusty,Beri,Female,dberilj@wikia.com,484 608 3850
Noel,Cordle,Male,ncordlelk@pcworld.com,179 407 4860
Vi,Assender,Female,vassenderll@pbs.org,299 630 6513
Chaim,Eddicott,Male,ceddicottlm@forbes.com,151 694 5446
Jamesy,Monnery,Male,jmonneryln@salon.com,894 905 9633
Joellen,Minifie,Female,jminifielo@imageshack.us,828 961 7016
Jory,Ganley,Male,jganleylp@theatlantic.com,700 132 8628
Shaun,Penrith,Bigender,spenrithlq@amazon.de,827 771 3851
Cristian,Thackham,Male,cthackhamlr@cyberchimps.com,354 671 7720
Bryant,Adnam,Male,badnamls@mediafire.com,814 560 5638
Delcine,Owens,Female,dowenslt@berkeley.edu,185 438 9703
Tristam,Brandsma,Polygender,tbrandsmalu@digg.com,479 818 3712
Ebonee,Crole,Female,ecrolelv@meetup.com,467 259 6580
Meir,Le Blanc,Male,mleblanclw@wikipedia.org,704 492 0211
Ken,Asling,Male,kaslinglx@bbb.org,708 942 5342
Irving,Juszczyk,Male,ijuszczykly@mtv.com,356 258 5701
Say,Gerriessen,Male,sgerriessenlz@nih.gov,335 921 0607
Caryn,Styche,Female,cstychem0@ycombinator.com,318 638 5996
Tore,Toolin,Male,ttoolinm1@japanpost.jp,858 802 5366
Sully,Shrubb,Male,sshrubbm2@weather.com,896 895 2424
Kai,Chaplin,Female,kchaplinm3@livejournal.com,338 141 7566
Drusi,Ridett,Female,dridettm4@google.com.hk,741 392 1836
Meade,Zamorrano,Female,mzamorranom5@naver.com,566 143 3048
Beth,Edelmann,Female,bedelmannm6@usgs.gov,403 175 1567
Hi,Cherrie,Male,hcherriem7@fastcompany.com,804 815 9065
Harland,Van der Brugge,Male,hvanderbruggem8@forbes.com,265 867 9104
Brocky,MacKimmie,Genderfluid,bmackimmiem9@whitehouse.gov,937 205 3627
Sarita,Ingledew,Non-binary,singledewma@tumblr.com,201 494 5665
Audra,Tours,Female,atoursmb@cpanel.net,277 184 4788
Lacy,Crichmere,Female,lcrichmeremc@psu.edu,614 772 8371
Anabelle,Bowlas,Female,abowlasmd@4shared.com,687 305 2793
Elwira,Guyers,Female,eguyersme@ucoz.com,618 712 8106
Janeczka,Benini,Female,jbeninimf@yandex.ru,459 811 4496
Fanchette,Peert,Female,fpeertmg@youtube.com,104 977 3837
Ella,Pratte,Female,eprattemh@nature.com,807 231 6785
Chrissy,Renwick,Male,crenwickmi@ucoz.com,957 595 9609
Ronni,Tourne,Female,rtournemj@feedburner.com,350 252 9594
Elinore,Gynne,Female,egynnemk@intel.com,390 277 8973
Rock,Mournian,Male,rmournianml@bing.com,515 916 9721
Linda,MacGoun,Female,lmacgounmm@meetup.com,492 550 2310
Aigneis,Jaskowicz,Female,ajaskowiczmn@i2i.jp,920 135 9950
Alisander,McCullen,Male,amccullenmo@barnesandnoble.com,261 747 8245
Jehanna,Lander,Female,jlandermp@google.com,603 966 0000
Yule,O'Keeffe,Male,yokeeffemq@woothemes.com,913 244 5922
Natalie,Attac,Female,nattacmr@aboutads.info,138 813 4389
Rice,Waldren,Male,rwaldrenms@whitehouse.gov,485 208 9544
Janeta,Elmar,Female,jelmarmt@irs.gov,910 915 0279
Aymer,Twinberrow,Male,atwinberrowmu@posterous.com,792 562 8952
Merwin,Stirrup,Male,mstirrupmv@hatena.ne.jp,695 117 9237
Almeria,Keaveny,Female,akeavenymw@ted.com,909 640 1315
Cornie,Ramelot,Female,cramelotmx@usgs.gov,606 375 7116
Alethea,Tue,Female,atuemy@weather.com,871 261 5484
Dylan,Coppard,Male,dcoppardmz@cam.ac.uk,659 384 5169
Charleen,Chinge de Hals,Female,cchingedehalsn0@uol.com.br,297 235 3488
Herminia,Vigrass,Female,hvigrassn1@51.la,509 842 7495
Nydia,Shulver,Female,nshulvern2@com.com,654 487 6634
Hewett,Orable,Male,horablen3@oracle.com,861 857 3608
Ivette,Feasby,Female,ifeasbyn4@vinaora.com,798 415 1475
Iorgos,Woods,Male,iwoodsn5@soup.io,778 755 9408
Brigid,Benjamin,Female,bbenjaminn6@furl.net,226 553 3078
Ashlen,De la Eglise,Female,adelaeglisen7@google.de,617 652 3335
Adella,Grave,Female,agraven8@quantcast.com,624 655 9301
Jojo,Chastelain,Female,jchastelainn9@europa.eu,175 592 1137
Barnett,Walaron,Male,bwalaronna@canalblog.com,701 136 2709
Kim,Bennen,Female,kbennennb@cnbc.com,249 322 0480
Myrle,Fosdyke,Female,mfosdykenc@rakuten.co.jp,128 678 9152
Claudie,Dearnaley,Female,cdearnaleynd@blogs.com,381 672 6254
Cthrine,Edrich,Female,cedrichne@about.me,345 921 2891
Alley,Barthrop,Male,abarthropnf@deviantart.com,271 392 9977
Zacharia,Sainte Paul,Agender,zsaintepaulng@github.com,121 542 1374
Karleen,Patershall,Female,kpatershallnh@nps.gov,220 502 7491
Bran,Igounet,Male,bigounetni@china.com.cn,206 546 4235
Clayton,Ubach,Male,cubachnj@addthis.com,657 116 9477
Drugi,Rowthorne,Bigender,drowthornenk@dmoz.org,466 678 6438
Deanna,Hallex,Genderqueer,dhallexnl@fema.gov,817 157 5349
Lea,Catherick,Female,lcathericknm@wunderground.com,410 204 5598
Nanice,Nunson,Female,nnunsonnn@163.com,820 661 2129
Jodee,Anselm,Female,janselmno@hexun.com,248 413 9020
Isiahi,Bullent,Male,ibullentnp@aboutads.info,622 518 0886
Drake,Chin,Male,dchinnq@arstechnica.com,444 833 5693
Ivor,Monument,Male,imonumentnr@imgur.com,213 313 0853
Mahmud,Maasze,Male,mmaaszens@google.pl,845 615 1533
Melva,France,Genderfluid,mfrancent@admin.ch,547 971 4572
Purcell,Lewing,Genderfluid,plewingnu@meetup.com,196 602 9517
Port,Crate,Male,pcratenv@diigo.com,386 384 2203
Nickey,Kobel,Male,nkobelnw@pinterest.com,957 672 3695
Gibbie,Dyhouse,Male,gdyhousenx@yahoo.co.jp,248 689 1084
Tova,Shackelton,Female,tshackeltonny@skype.com,588 884 9605
Lowell,Tomaselli,Male,ltomasellinz@huffingtonpost.com,911 608 5006
Brandise,Kelloch,Female,bkellocho0@fc2.com,210 319 7032
Abagael,Truscott,Female,atruscotto1@walmart.com,625 206 4006
Andrea,Kapiloff,Female,akapiloffo2@msu.edu,525 830 3630
Judon,Minot,Male,jminoto3@angelfire.com,288 413 2344
Jany,Lauga,Female,jlaugao4@netvibes.com,390 782 5538
Herminia,McGucken,Female,hmcguckeno5@utexas.edu,828 301 2021
Veronika,D'Errico,Female,vderricoo6@java.com,313 523 7922
Ailina,Stockill,Female,astockillo7@seattletimes.com,918 946 9131
Adel,Lightowlers,Female,alightowlerso8@wikimedia.org,685 864 6319
Danyette,Southcomb,Female,dsouthcombo9@sciencedaily.com,130 777 6709
Sarina,Woolhouse,Female,swoolhouseoa@mail.ru,293 123 1001
Leontine,Parmer,Female,lparmerob@google.com.au,553 260 3990
Jennifer,Wicher,Female,jwicheroc@gizmodo.com,700 547 1411
Rochette,Ruffler,Female,rrufflerod@state.tx.us,193 649 7023
Mahmoud,Cornewall,Male,mcornewalloe@alexa.com,471 297 7744
Evelina,Rosell,Female,erosellof@zimbio.com,975 375 8893
Domenic,McCarlie,Male,dmccarlieog@symantec.com,816 806 7649
Rina,McCuthais,Female,rmccuthaisoh@marketwatch.com,245 200 8134
Janine,Foulkes,Genderqueer,jfoulkesoi@qq.com,733 763 9959
Ned,Mountford,Male,nmountfordoj@bloglovin.com,997 731 4819
Jerad,Cambridge,Male,jcambridgeok@economist.com,702 157 9946
Valencia,Greenrod,Female,vgreenrodol@newyorker.com,588 213 6595
Maxy,Rawlinson,Bigender,mrawlinsonom@wired.com,650 230 8085
Darlleen,Largent,Female,dlargenton@lulu.com,721 792 2589
Sheffy,Pierri,Male,spierrioo@hp.com,574 198 7455
Lammond,Abramzon,Male,labramzonop@miitbeian.gov.cn,682 670 5602
Kate,Clendinning,Female,kclendinningoq@live.com,267 857 9590
Frederico,Cheal,Male,fchealor@mozilla.org,350 933 7918
Courtnay,Hamley,Male,chamleyos@theguardian.com,617 631 6569
Roderigo,Wiggins,Male,rwigginsot@umn.edu,492 300 4170
Desmond,Di Domenico,Male,ddidomenicoou@gravatar.com,829 587 5992
Trudie,Yoell,Female,tyoellov@ning.com,437 829 0956
Eric,Galbreth,Male,egalbrethow@php.net,253 812 8305
Maren,Brass,Female,mbrassox@marketwatch.com,847 527 7965
Debbie,Jakoub,Female,djakouboy@ning.com,581 479 6778
Laurel,McIlwreath,Female,lmcilwreathoz@alibaba.com,377 889 4004
Wallache,Duffet,Male,wduffetp0@paginegialle.it,411 251 7805
Brantley,Aggs,Male,baggsp1@msu.edu,807 460 3564
Mona,Bayldon,Female,mbayldonp2@wiley.com,763 663 5033
Kelley,Wassell,Male,kwassellp3@umn.edu,749 998 2660
Aubrette,Garnett,Female,agarnettp4@wikia.com,895 400 4303
Elysia,Copyn,Female,ecopynp5@weibo.com,844 423 0817
Emery,Bichard,Male,ebichardp6@ucoz.com,512 540 6758
Hurley,Aizikowitz,Male,haizikowitzp7@independent.co.uk,933 981 6064
Jessamyn,Twitching,Female,jtwitchingp8@ovh.net,658 955 7595
Bella,Geering,Female,bgeeringp9@pbs.org,333 139 8799
Woodie,Bon,Male,wbonpa@exblog.jp,839 677 6702
Dru,Geoghegan,Male,dgeogheganpb@geocities.com,516 934 3482
Elton,Ebbitt,Male,eebbittpc@xing.com,552 336 6176
Fenelia,Bisterfeld,Female,fbisterfeldpd@weather.com,406 159 0937
Georgia,Hanniger,Female,ghannigerpe@about.com,156 911 0094
Greg,Simko,Male,gsimkopf@dyndns.org,895 261 5311
Ravid,Binton,Male,rbintonpg@weebly.com,131 726 6503
Sebastian,Weinberg,Male,sweinbergph@dmoz.org,850 113 1552
Tabatha,Easton,Female,teastonpi@nasa.gov,174 918 1715
Reuben,Seville,Male,rsevillepj@nih.gov,716 714 9386
Joya,Grubbe,Female,jgrubbepk@skype.com,951 576 4651
Duncan,Paget,Male,dpagetpl@wiley.com,280 214 1400
Esmaria,Nizard,Female,enizardpm@constantcontact.com,349 654 7289
Ive,Tadgell,Male,itadgellpn@nsw.gov.au,680 656 6332
Gregoor,Minihan,Male,gminihanpo@hhs.gov,742 549 9837
Farra,Axworthy,Non-binary,faxworthypp@google.com.au,326 488 5451
Salmon,Wherrit,Male,swherritpq@disqus.com,388 453 8596
Sarina,McCullum,Female,smccullumpr@washington.edu,627 313 5944
Kelsi,Pankethman,Female,kpankethmanps@sogou.com,738 615 5218
Ardine,Trussell,Polygender,atrussellpt@wisc.edu,803 704 7275
Neil,Penhaligon,Male,npenhaligonpu@angelfire.com,646 348 0124
Saidee,Furzer,Female,sfurzerpv@infoseek.co.jp,449 931 9224
Phyllida,MacCarlich,Female,pmaccarlichpw@ask.com,935 618 1978
Carissa,Zealander,Female,czealanderpx@vistaprint.com,138 155 2148
Maurise,Stolberger,Male,mstolbergerpy@bigcartel.com,514 623 0364
Alon,Arnaut,Male,aarnautpz@cbc.ca,632 809 6240
Hillyer,Hucker,Genderqueer,hhuckerq0@angelfire.com,243 633 8428
Elliott,McJerrow,Male,emcjerrowq1@uol.com.br,959 725 4717
Shandeigh,O'Dooghaine,Genderfluid,sodooghaineq2@jugem.jp,980 466 2343
Marilee,MacGoun,Genderqueer,mmacgounq3@gmpg.org,150 256 5169
Jacqui,Bickardike,Female,jbickardikeq4@weibo.com,183 916 3733
Ansley,Rodgerson,Female,arodgersonq5@freewebs.com,259 498 3131
Wyatt,Matantsev,Male,wmatantsevq6@devhub.com,672 665 5542
Gaven,Fearey,Male,gfeareyq7@1und1.de,853 987 3702
Saunderson,Lidgate,Male,slidgateq8@squidoo.com,445 275 8444
Ricard,Novill,Male,rnovillq9@apache.org,325 186 4338
Terrye,Klimsch,Agender,tklimschqa@51.la,495 948 7245
Taylor,Topper,Male,ttopperqb@wordpress.org,631 839 0728
Basilio,Bladge,Male,bbladgeqc@arstechnica.com,781 778 4627
Nicki,Germain,Female,ngermainqd@sitemeter.com,927 623 5862
Felike,Berrill,Male,fberrillqe@wired.com,485 129 7082
Nellie,Jakobssen,Female,njakobssenqf@reference.com,378 689 4232
Amelie,Maciejak,Female,amaciejakqg@storify.com,731 614 6193
Filia,Keaveny,Female,fkeavenyqh@ebay.co.uk,482 216 3913
Delora,Bownas,Female,dbownasqi@123-reg.co.uk,779 202 7362
Skip,Yaneev,Male,syaneevqj@rediff.com,589 461 7054
Gavan,Houlahan,Male,ghoulahanqk@techcrunch.com,341 670 8154
Brade,Edgecumbe,Male,bedgecumbeql@chron.com,522 367 1981
Urbano,Beardow,Male,ubeardowqm@scribd.com,231 561 1577
Morena,Lidyard,Female,mlidyardqn@webeden.co.uk,518 633 9881
Malvin,Vennings,Male,mvenningsqo@zimbio.com,633 305 3226
Leeann,Yitshak,Female,lyitshakqp@facebook.com,488 249 9522
Donnell,Tunnock,Male,dtunnockqq@reference.com,787 896 9687
Marylin,Rappa,Female,mrappaqr@tripod.com,956 622 5741
Romola,Worswick,Female,rworswickqs@aol.com,595 497 2512
Amalie,Van Arsdale,Female,avanarsdaleqt@opensource.org,377 395 2429
Verla,Ovill,Female,vovillqu@amazon.co.uk,468 223 1054
Holden,Reford,Male,hrefordqv@twitter.com,375 981 0455
Zed,Screach,Male,zscreachqw@nasa.gov,370 603 2688
Bettine,Puffett,Female,bpuffettqx@eepurl.com,923 781 2768
Wildon,Keysall,Male,wkeysallqy@edublogs.org,226 729 7176
Nariko,Castellone,Female,ncastelloneqz@cornell.edu,925 195 5193
Owen,Oxby,Male,ooxbyr0@rakuten.co.jp,569 676 5721
Colan,Parmby,Male,cparmbyr1@state.tx.us,803 397 2937
Lelah,Spanton,Female,lspantonr2@ihg.com,917 892 1433
Eugenio,Hoff,Male,ehoffr3@cdbaby.com,432 452 0491
Leia,Deverill,Female,ldeverillr4@tamu.edu,889 207 5306
Monika,Mucklow,Female,mmucklowr5@mail.ru,605 238 5404
Ashlie,Joney,Female,ajoneyr6@so-net.ne.jp,474 800 5307
Pren,Pladen,Male,ppladenr7@instagram.com,750 489 3522
Dietrich,Shegog,Male,dshegogr8@noaa.gov,270 250 8660
Bunny,Bathurst,Genderqueer,bbathurstr9@amazon.co.uk,233 391 6680
Ellswerth,Munden,Male,emundenra@flickr.com,190 667 2289
Christabella,Vasnetsov,Female,cvasnetsovrb@tumblr.com,954 266 5675
Donny,Kershaw,Male,dkershawrc@forbes.com,208 535 4975
Alfons,Scurrer,Male,ascurrerrd@linkedin.com,342 896 9006
Trefor,Playden,Male,tplaydenre@drupal.org,405 371 0016
Galvin,Badrock,Male,gbadrockrf@cbslocal.com,264 967 1613
Morlee,Borges,Male,mborgesrg@ca.gov,818 413 4903
Bevon,Guntrip,Male,bguntriprh@symantec.com,524 714 1222
Amalia,Dumbarton,Female,adumbartonri@theglobeandmail.com,822 485 8155
Seka,Chase,Female,schaserj@exblog.jp,610 177 6421
Constanta,Itchingham,Female,citchinghamrk@ustream.tv,225 405 8534
Mignon,Francescuccio,Female,mfrancescucciorl@msu.edu,583 332 6171
Fredericka,Muat,Female,fmuatrm@digg.com,768 850 1465
Janice,Woolgar,Female,jwoolgarrn@netlog.com,181 906 9033
Cosetta,Heam,Female,cheamro@seattletimes.com,747 963 7903
Inness,Peeter,Male,ipeeterrp@google.ru,820 961 6744
Sayers,Gotecliffe,Male,sgoteclifferq@etsy.com,369 354 5008
Edouard,Leve,Male,eleverr@intel.com,795 368 1278
