first_name,last_name,gender,email,phone
Siegfried,Ricket,Male,sricket0@prlog.org,945 273 6797
Tadio,Van Oort,Male,tvanoort1@whitehouse.gov,231 928 5476
Mendy,Sales,Male,msales2@github.io,755 983 2091
Findlay,Molan,Male,fmolan3@umn.edu,232 295 5661
Killie,Carnelley,Bigender,kcarnelley4@themeforest.net,476 844 0363
Swen,Barthelet,Male,sbarthelet5@mac.com,379 844 4923
Davidson,Hodges,Non-binary,dhodges6@sina.com.cn,267 318 2578
Clareta,Vellacott,Female,cvellacott7@mayoclinic.com,255 446 2642
Irv,Lavies,Male,ilavies8@wikipedia.org,100 821 8220
Tom,Pudner,Male,tpudner9@cbsnews.com,478 905 2869
Flemming,Lorentzen,Male,florentzena@delicious.com,159 987 2176
Issie,Stanbury,Female,istanburyb@kickstarter.com,807 193 9195
Reg,Swinburn,Genderfluid,rswinburnc@about.me,477 831 2544
Eddie,Delgardillo,Male,edelgardillod@cyberchimps.com,388 789 2026
Davidson,Gerrard,Male,dgerrarde@cocolog-nifty.com,189 382 7617
Roxanne,McQuaid,Female,rmcquaidf@oakley.com,745 857 6849
Titus,Heathfield,Male,theathfieldg@weather.com,745 549 2100
Madlen,Samwayes,Female,msamwayesh@theguardian.com,584 882 2950
Earle,Forsaith,Genderfluid,eforsaithi@admin.ch,929 220 4616
Simonette,Minkin,Non-binary,sminkinj@csmonitor.com,120 101 3343
Gabriela,Hutfield,Female,ghutfieldk@boston.com,583 698 7338
Rene,Reavey,Female,rreaveyl@cocolog-nifty.com,812 672 1435
Susan,Greson,Agender,sgresonm@163.com,316 731 9388
Sigismundo,Boothman,Male,sboothmann@hibu.com,485 354 7547
Emilie,Westmoreland,Female,ewestmorelando@tumblr.com,192 771 7758
Caresse,Orwell,Female,corwellp@google.ru,465 106 2011
Kinnie,Kops,Male,kkopsq@abc.net.au,952 788 8016
Roderick,Weine,Male,rweiner@studiopress.com,307 434 6491
Alfons,Poxson,Agender,apoxsons@privacy.gov.au,917 984 0359
Shanon,Kensy,Female,skensyt@wikispaces.com,253 458 4825
Nils,Wellbeloved,Male,nwellbelovedu@pagesperso-orange.fr,606 734 6471
Gasper,Jirousek,Male,gjirousekv@alibaba.com,297 232 5755
Marjy,Pender,Female,mpenderw@nhs.uk,992 863 0148
Reggy,Adamo,Male,radamox@fc2.com,482 788 8203
Roddy,Pettican,Male,rpetticany@wikia.com,646 251 8876
Dar,Ibbitson,Male,dibbitsonz@dropbox.com,243 533 3981
Clotilda,Turgoose,Agender,cturgoose10@opera.com,702 977 4349
Kimball,Hardington,Male,khardington11@mediafire.com,336 879 6729
Carlita,Aylett,Female,caylett12@altervista.org,543 562 2217
Edlin,Beggin,Male,ebeggin13@cbsnews.com,449 538 3058
Pyotr,Lagen,Male,plagen14@bloglines.com,470 307 4558
Gerik,Petrosian,Male,gpetrosian15@google.ca,977 618 2418
Lizzy,Meeny,Female,lmeeny16@i2i.jp,583 174 7985
Sheena,Moran,Female,smoran17@yellowpages.com,188 678 2430
Emerson,O'Dogherty,Agender,eodogherty18@addthis.com,962 686 7870
Hughie,Foucher,Male,hfoucher19@spiegel.de,214 678 4991
Myrlene,Brecher,Female,mbrecher1a@clickbank.net,221 238 9212
Titos,Syder,Genderqueer,tsyder1b@usnews.com,429 756 2091
Gaye,Reeson,Agender,greeson1c@hud.gov,621 106 5585
Kamillah,Schlagtmans,Genderfluid,kschlagtmans1d@epa.gov,323 866 1439
Ann,Huggen,Female,ahuggen1e@salon.com,551 562 3331
Charlotta,Rowdell,Female,crowdell1f@cyberchimps.com,860 477 5836
Alexia,Robertshaw,Female,arobertshaw1g@wufoo.com,331 467 4479
Shaw,Whatman,Genderqueer,swhatman1h@google.ru,722 303 4358
Adriana,Haliburn,Female,ahaliburn1i@artisteer.com,770 365 4585
Abe,Terrey,Male,aterrey1j@buzzfeed.com,112 392 5785
Hieronymus,Wolton,Polygender,hwolton1k@dion.ne.jp,310 876 3576
Jobye,Staveley,Female,jstaveley1l@ovh.net,784 281 6022
Christiano,Dunkley,Male,cdunkley1m@dailymotion.com,277 172 6692
Darbee,Featherstone,Male,dfeatherstone1n@newyorker.com,638 276 1884
Candice,Tincknell,Female,ctincknell1o@mapquest.com,654 530 0100
Uta,McNiven,Female,umcniven1p@networkadvertising.org,707 511 3592
Meris,Rosenau,Female,mrosenau1q@deliciousdays.com,932 397 7668
Betty,Castillo,Female,bcastillo1r@mashable.com,330 662 7467
Kellby,Stubbings,Male,kstubbings1s@ifeng.com,973 914 3141
Felizio,Trengrouse,Male,ftrengrouse1t@unesco.org,282 604 8471
Dick,Lewington,Male,dlewington1u@xinhuanet.com,168 667 5321
Lenette,Minnis,Polygender,lminnis1v@ca.gov,757 342 4678
Fax,Sackur,Male,fsackur1w@shop-pro.jp,567 331 7140
Thedric,Alison,Male,talison1x@hubpages.com,563 511 1980
Pierrette,MacFadden,Female,pmacfadden1y@elpais.com,737 755 2659
Zachariah,Chesley,Male,zchesley1z@bbc.co.uk,366 531 8366
Langsdon,Gyurkovics,Male,lgyurkovics20@youku.com,413 236 1426
Pincas,Redmond,Male,predmond21@jalbum.net,585 436 7152
Shirleen,Kunzler,Female,skunzler22@washingtonpost.com,486 928 0406
Catrina,Cragell,Female,ccragell23@example.com,393 438 9406
Herby,Woodroofe,Male,hwoodroofe24@phoca.cz,663 535 5799
Crystal,Esslement,Female,cesslement25@delicious.com,927 897 0495
Gradeigh,Adamczewski,Male,gadamczewski26@slideshare.net,397 874 1511
Willette,Fenck,Female,wfenck27@cornell.edu,818 933 6615
Ettore,Thunnercliff,Male,ethunnercliff28@reuters.com,166 636 3411
Sandro,Pietrusiak,Male,spietrusiak29@tinypic.com,827 477 1539
Heath,Leare,Male,hleare2a@ustream.tv,772 765 0462
Oralia,Dobbinson,Female,odobbinson2b@amazon.com,560 729 5333
Evan,Brisland,Male,ebrisland2c@typepad.com,429 586 4249
Ignaz,Hamsley,Male,ihamsley2d@ed.gov,469 992 5769
Theressa,Addams,Female,taddams2e@economist.com,549 701 2986
Niko,Clemas,Male,nclemas2f@cornell.edu,248 673 2049
Blanch,Agirre,Female,bagirre2g@51.la,798 921 9468
Jemmy,Rathbourne,Female,jrathbourne2h@cornell.edu,967 555 7932
Nicolle,Alans,Female,nalans2i@t-online.de,775 375 6026
Sayers,Pulteneye,Genderqueer,spulteneye2j@youku.com,923 107 1904
Luis,Stell,Male,lstell2k@amazon.de,375 747 0890
Fred,Skeech,Male,fskeech2l@ucoz.ru,123 746 3550
Ivett,Bugs,Female,ibugs2m@technorati.com,640 389 0273
Birdie,Dennant,Female,bdennant2n@google.com.hk,311 817 2453
Miquela,Helwig,Female,mhelwig2o@mac.com,357 514 3139
Gan,Pinilla,Male,gpinilla2p@google.es,946 127 8466
Jason,Pesselt,Male,jpesselt2q@nyu.edu,535 641 9334
Iris,Klasing,Female,iklasing2r@ocn.ne.jp,472 279 7902
Nedi,Zaczek,Female,nzaczek2s@state.tx.us,936 386 0464
Ebony,Middlemist,Female,emiddlemist2t@hatena.ne.jp,360 258 8514
Terri-jo,Parlour,Female,tparlour2u@odnoklassniki.ru,567 113 2387
Aubrie,Oleksiak,Bigender,aoleksiak2v@cam.ac.uk,679 352 3890
Cybil,Jillitt,Female,cjillitt2w@booking.com,807 755 4115
Baxy,Somersett,Male,bsomersett2x@army.mil,989 800 3020
Bonny,Nolte,Female,bnolte2y@dell.com,651 946 5670
Lev,Tunno,Male,ltunno2z@hud.gov,848 727 8932
Isidro,Greig,Male,igreig30@princeton.edu,616 862 8256
Teddy,Ludman,Male,tludman31@simplemachines.org,236 434 4021
Ezra,Bampkin,Male,ebampkin32@prweb.com,547 205 4293
Correy,Le - Count,Non-binary,clecount33@latimes.com,137 663 5992
Kain,Denson,Male,kdenson34@wsj.com,611 600 2769
Beatriz,Gariff,Female,bgariff35@ed.gov,256 257 0928
Brodie,Tickner,Genderfluid,btickner36@tinyurl.com,779 720 5475
Silvanus,Ridout,Male,sridout37@wikipedia.org,416 513 6125
Mordy,Jackman,Male,mjackman38@squidoo.com,302 643 0596
Tris,Barthorpe,Male,tbarthorpe39@jiathis.com,480 535 2626
Abdel,Geany,Male,ageany3a@blog.com,457 288 8204
Bryana,Overpool,Female,boverpool3b@goodreads.com,134 553 3282
Gabriel,Hackworth,Female,ghackworth3c@narod.ru,472 273 6374
Ulric,Tye,Male,utye3d@ustream.tv,309 625 6282
Wain,Ralfe,Male,wralfe3e@eepurl.com,745 500 8357
Nikola,Batstone,Male,nbatstone3f@scientificamerican.com,673 363 2351
Barde,MacKellen,Male,bmackellen3g@friendfeed.com,982 269 3431
Elvin,Eyles,Male,eeyles3h@businessinsider.com,572 192 3406
Myron,Osborne,Male,mosborne3i@who.int,724 999 7011
Aryn,Lowing,Female,alowing3j@si.edu,194 856 3595
Jarrad,Jubb,Male,jjubb3k@ed.gov,500 188 6961
Nadine,MacFall,Female,nmacfall3l@umn.edu,932 237 6601
Westbrooke,Baudin,Male,wbaudin3m@springer.com,507 844 1713
Willa,Capinetti,Female,wcapinetti3n@shareasale.com,591 138 9884
Normand,Worviell,Male,nworviell3o@go.com,643 280 4224
Tadio,Heynel,Male,theynel3p@sbwire.com,440 771 2827
Camey,Daysh,Male,cdaysh3q@vimeo.com,130 402 5853
Joanie,Rayson,Female,jrayson3r@wikia.com,800 103 4711
Illa,Calyton,Female,icalyton3s@ask.com,660 305 4999
Fifi,Dries,Female,fdries3t@ycombinator.com,914 382 1067
Cozmo,Morecomb,Male,cmorecomb3u@clickbank.net,851 457 6588
Coriss,Picard,Genderqueer,cpicard3v@ca.gov,727 489 1558
Christel,Faull,Polygender,cfaull3w@gnu.org,165 346 0161
Kevina,Shale,Non-binary,kshale3x@senate.gov,230 255 9304
Zondra,Dosdell,Female,zdosdell3y@fda.gov,952 297 0444
Vickie,Grushin,Female,vgrushin3z@boston.com,749 217 7710
Lombard,Ballance,Bigender,lballance40@yahoo.co.jp,545 798 4564
Orlando,Rudolfer,Male,orudolfer41@myspace.com,586 594 7012
Salomone,Boards,Male,sboards42@prweb.com,455 430 0771
Leyla,Bunch,Female,lbunch43@studiopress.com,735 533 2508
Jobie,Woodward,Non-binary,jwoodward44@va.gov,461 916 9466
Zelig,Spivie,Male,zspivie45@symantec.com,241 428 1813
Faustina,Stoggell,Female,fstoggell46@paginegialle.it,444 241 0844
Woodman,Egar,Male,wegar47@go.com,509 355 7019
Tara,Kirkland,Female,tkirkland48@example.com,655 740 0272
Sheppard,Fitchell,Male,sfitchell49@aboutads.info,701 171 5146
Ezri,Calabry,Polygender,ecalabry4a@nhs.uk,450 192 4406
Humbert,Demsey,Male,hdemsey4b@nifty.com,867 806 4747
Rena,Aiton,Female,raiton4c@surveymonkey.com,791 654 6591
Ashbey,Jephcote,Male,ajephcote4d@npr.org,537 701 8746
Fredrick,Griffiths,Male,fgriffiths4e@alexa.com,825 293 5344
Bjorn,Mutlow,Male,bmutlow4f@omniture.com,793 582 2657
Pen,Steade,Female,psteade4g@guardian.co.uk,322 592 4759
Herb,Beller,Male,hbeller4h@ed.gov,980 326 3877
Nolana,Gobeaux,Female,ngobeaux4i@yandex.ru,640 932 9670
Freedman,O'Docherty,Male,fodocherty4j@360.cn,924 310 9647
Justis,Cunah,Male,jcunah4k@intel.com,994 750 7303
Lorie,Kobera,Female,lkobera4l@t.co,856 927 3630
Ferd,Cristofanini,Male,fcristofanini4m@reference.com,973 817 4709
Brigid,Leffek,Female,bleffek4n@mtv.com,650 707 1136
Aristotle,Buckthorp,Male,abuckthorp4o@fc2.com,792 866 5918
Perry,Braunter,Male,pbraunter4p@tumblr.com,632 994 9573
Casey,Parlott,Female,cparlott4q@eepurl.com,225 450 3399
Maxim,Bagger,Male,mbagger4r@mapquest.com,308 227 7918
Jorry,Leadbeatter,Female,jleadbeatter4s@prlog.org,670 730 2354
Ally,Stuke,Female,astuke4t@ezinearticles.com,345 528 0278
Carita,Scuffham,Female,cscuffham4u@aol.com,512 546 5123
Vinny,Sauvage,Female,vsauvage4v@constantcontact.com,503 822 2671
Jack,Merriton,Non-binary,jmerriton4w@4shared.com,281 810 3085
Fransisco,Renfree,Male,frenfree4x@printfriendly.com,327 194 9107
Fenelia,Sneller,Female,fsneller4y@yelp.com,707 346 1842
Annis,Dikelin,Female,adikelin4z@biglobe.ne.jp,642 982 6652
Decca,Loeber,Male,dloeber50@xing.com,770 424 8873
Janice,Castel,Female,jcastel51@diigo.com,102 553 8813
Bibbie,Cattach,Female,bcattach52@wisc.edu,310 701 4467
Batholomew,Quiddihy,Male,bquiddihy53@phpbb.com,373 105 8054
Albertina,Booley,Female,abooley54@github.io,237 214 7235
Mack,Blakeden,Male,mblakeden55@fema.gov,492 184 9123
Dorie,Laying,Female,dlaying56@intel.com,290 162 8012
Carissa,Bein,Female,cbein57@google.pl,832 272 7672
Sydelle,Woolaghan,Female,swoolaghan58@friendfeed.com,743 491 1532
Kathy,Buckam,Female,kbuckam59@google.com,465 771 4117
Tybi,Sangwin,Female,tsangwin5a@gnu.org,377 288 3626
Hildy,Cudmore,Female,hcudmore5b@wp.com,771 631 2545
Cleve,Kurth,Male,ckurth5c@pinterest.com,122 354 5776
Darrick,Whitnall,Genderfluid,dwhitnall5d@merriam-webster.com,247 115 3503
Delmer,Olennikov,Male,dolennikov5e@123-reg.co.uk,449 451 9070
Izzy,Le Estut,Male,ileestut5f@netvibes.com,269 702 2967
Rivi,Dioniso,Female,rdioniso5g@merriam-webster.com,204 802 1862
Gusta,Playfoot,Female,gplayfoot5h@goo.gl,807 769 4073
Emylee,Barensky,Female,ebarensky5i@squidoo.com,479 200 9147
Alane,O'Keevan,Female,aokeevan5j@oakley.com,941 255 7455
Eldridge,Cheney,Male,echeney5k@mozilla.com,158 791 9875
Alastair,Saveall,Male,asaveall5l@woothemes.com,824 922 3656
Michael,Vamplers,Male,mvamplers5m@printfriendly.com,230 803 6649
Ree,Causer,Female,rcauser5n@smh.com.au,956 598 3618
Hertha,Dobing,Female,hdobing5o@infoseek.co.jp,193 227 5896
Nady,Harce,Female,nharce5p@icio.us,744 928 0885
Annetta,Darbon,Female,adarbon5q@senate.gov,684 226 0765
Boony,Dawbury,Male,bdawbury5r@acquirethisname.com,350 966 0551
Fernande,Ledbetter,Female,fledbetter5s@usatoday.com,816 977 2198
Siusan,Basilone,Female,sbasilone5t@dedecms.com,523 696 3989
Corrina,Dayton,Female,cdayton5u@apple.com,275 590 5961
Harwell,Vasyushkhin,Male,hvasyushkhin5v@merriam-webster.com,266 440 5220
Gayler,Aspland,Male,gaspland5w@omniture.com,585 406 4809
Chlo,Wingate,Agender,cwingate5x@jimdo.com,991 294 5396
Alverta,Ferenczi,Female,aferenczi5y@gov.uk,455 362 4545
Killie,Lyddyard,Male,klyddyard5z@imdb.com,714 775 9816
Nollie,Somerville,Female,nsomerville60@elegantthemes.com,255 507 6270
Sallyann,Capon,Female,scapon61@free.fr,561 122 3450
Kermie,Kedslie,Non-binary,kkedslie62@e-recht24.de,802 759 7168
Federico,Paske,Male,fpaske63@tumblr.com,637 667 1004
Fan,Antognozzii,Female,fantognozzii64@shareasale.com,293 584 6761
Earlie,Melsome,Male,emelsome65@php.net,191 441 8906
Thane,Jedrzejewsky,Male,tjedrzejewsky66@dailymotion.com,822 271 5685
Darren,Coarser,Male,dcoarser67@w3.org,166 641 4401
Maxy,Kingswold,Male,mkingswold68@webeden.co.uk,496 105 3370
Bat,Lavens,Male,blavens69@chronoengine.com,194 749 2386
Renado,Rakes,Male,rrakes6a@census.gov,258 314 4029
Jeri,Harriot,Female,jharriot6b@microsoft.com,409 215 7080
Leona,Slatten,Female,lslatten6c@addtoany.com,271 766 0719
Vaughan,Reeman,Male,vreeman6d@surveymonkey.com,723 398 8482
Cosette,Andraud,Female,candraud6e@arizona.edu,804 240 1347
Spense,Benech,Male,sbenech6f@adobe.com,837 299 7579
Kyrstin,Tiddy,Genderqueer,ktiddy6g@paypal.com,472 677 7596
Forrester,Caseley,Male,fcaseley6h@hostgator.com,416 561 3458
Evaleen,Wordsley,Female,ewordsley6i@unblog.fr,806 353 5079
Arturo,Norsister,Non-binary,anorsister6j@posterous.com,194 940 9332
Augy,Tuther,Male,atuther6k@usnews.com,476 712 2747
Cam,Drinkale,Female,cdrinkale6l@reuters.com,663 968 7583
Arty,Dennington,Male,adennington6m@altervista.org,194 270 6880
Ferdinande,Whitsey,Female,fwhitsey6n@google.ru,837 831 9501
Susette,Kemsley,Bigender,skemsley6o@archive.org,537 523 4646
Angy,MacFayden,Female,amacfayden6p@altervista.org,342 473 8930
Susi,Feasey,Female,sfeasey6q@g.co,925 206 9245
Lemmie,Haresign,Male,lharesign6r@cargocollective.com,525 256 1029
Reinaldo,Shaxby,Male,rshaxby6s@comcast.net,300 420 7262
Chaddy,Regelous,Male,cregelous6t@nba.com,251 488 1372
Isak,Baurerich,Male,ibaurerich6u@canalblog.com,673 617 7289
Enoch,Belbin,Male,ebelbin6v@bandcamp.com,210 993 1749
Daisie,Rounsefell,Female,drounsefell6w@indiegogo.com,491 767 1171
Charley,Girodin,Genderfluid,cgirodin6x@google.com.hk,409 139 4180
Mario,Olifaunt,Male,molifaunt6y@phpbb.com,984 420 5119
Abdel,Erbain,Male,aerbain6z@msu.edu,918 475 3783
Sasha,Billyard,Male,sbillyard70@usatoday.com,387 203 5430
Cher,MacCaughan,Female,cmaccaughan71@wunderground.com,126 820 8217
Sancho,Cayley,Genderfluid,scayley72@hhs.gov,312 734 2991
Gayler,Firebrace,Male,gfirebrace73@huffingtonpost.com,921 283 4058
Con,Garralts,Female,cgarralts74@boston.com,193 698 1141
Eyde,Ramsbotham,Female,eramsbotham75@wix.com,350 501 0503
Jeannette,Farquhar,Female,jfarquhar76@sohu.com,423 239 2699
Lisa,Kilday,Female,lkilday77@hp.com,816 885 7296
Anthia,Koenraad,Polygender,akoenraad78@weibo.com,700 789 5072
Mic,Tinsey,Male,mtinsey79@domainmarket.com,484 130 7210
Jelene,Blincow,Female,jblincow7a@google.ru,883 820 1500
Janel,Ogglebie,Female,jogglebie7b@seattletimes.com,485 302 3391
Prinz,Douglass,Non-binary,pdouglass7c@a8.net,397 895 5989
Johnny,Trowell,Male,jtrowell7d@nbcnews.com,297 385 3516
Der,Corssen,Male,dcorssen7e@amazon.de,185 986 4530
Dirk,Byer,Male,dbyer7f@altervista.org,140 426 5291
Isidore,Naughton,Male,inaughton7g@fda.gov,507 312 1418
Normie,Beernaert,Male,nbeernaert7h@patch.com,778 306 4591
Weston,Itzkin,Male,witzkin7i@bbc.co.uk,822 483 4580
Tracy,Bowmer,Female,tbowmer7j@wsj.com,667 181 6303
Jacquette,Heater,Female,jheater7k@xrea.com,549 899 6733
Gery,Izachik,Male,gizachik7l@prlog.org,329 214 6848
Silvana,Aslen,Female,saslen7m@myspace.com,705 672 0227
Sondra,Fayter,Female,sfayter7n@bravesites.com,747 655 2610
Maribeth,Pankethman,Female,mpankethman7o@hostgator.com,146 438 2998
Fran,Lovewell,Female,flovewell7p@unicef.org,157 221 3611
Maritsa,Exeter,Female,mexeter7q@ca.gov,707 528 2508
Missie,Jacobowits,Female,mjacobowits7r@amazon.co.jp,148 392 9193
Lothaire,O Sullivan,Genderqueer,losullivan7s@baidu.com,466 531 2385
Abraham,Greenlees,Male,agreenlees7t@liveinternet.ru,130 348 3928
Natty,Dincke,Male,ndincke7u@mlb.com,318 264 5146
Elvyn,Kenaway,Male,ekenaway7v@mayoclinic.com,301 976 5878
Verina,Rodrig,Female,vrodrig7w@qq.com,565 766 2863
Jacenta,Birth,Female,jbirth7x@rakuten.co.jp,708 916 8872
Ann,Baily,Female,abaily7y@aboutads.info,188 880 7314
Gloriana,Mennell,Female,gmennell7z@youtube.com,447 582 2784
Olympe,Goodlake,Female,ogoodlake80@ihg.com,315 845 8051
Trumann,Ryton,Male,tryton81@comcast.net,795 529 6160
Sella,Plaschke,Female,splaschke82@bandcamp.com,189 231 9954
Dianemarie,Gerty,Female,dgerty83@google.it,806 700 7477
Costa,Schnitter,Male,cschnitter84@nbcnews.com,813 327 2321
Bertie,Stanistreet,Female,bstanistreet85@weather.com,413 479 7752
Currey,Brisland,Male,cbrisland86@ebay.com,536 822 7345
Zena,Quincey,Female,zquincey87@dot.gov,801 186 4960
Pete,Kernoghan,Male,pkernoghan88@naver.com,562 764 9403
Karleen,Norcutt,Female,knorcutt89@vimeo.com,715 366 1099
Pepi,Greenway,Bigender,pgreenway8a@google.pl,831 811 3411
Ricki,Shaddock,Male,rshaddock8b@dmoz.org,821 968 8426
Massimiliano,Townrow,Male,mtownrow8c@cbc.ca,139 911 1661
Oliviero,Massingberd,Male,omassingberd8d@wsj.com,319 614 7620
Timmie,Arkin,Male,tarkin8e@newyorker.com,967 107 2256
Carrie,Skone,Genderfluid,cskone8f@github.io,503 399 4924
Cary,Tapley,Male,ctapley8g@dailymotion.com,803 737 7974
Simmonds,Clubley,Male,sclubley8h@sourceforge.net,873 714 7928
Joannes,Scyner,Female,jscyner8i@auda.org.au,631 566 5604
Jase,Balsellie,Male,jbalsellie8j@arstechnica.com,781 312 5335
Derby,Ind,Male,dind8k@jalbum.net,732 477 6253
Cordula,Bezant,Female,cbezant8l@paypal.com,596 990 2925
Delano,McKerlie,Male,dmckerlie8m@example.com,236 515 9664
Spence,Camoys,Male,scamoys8n@archive.org,836 670 6995
Drugi,Deschlein,Male,ddeschlein8o@instagram.com,589 864 1511
Marci,Boutwell,Genderfluid,mboutwell8p@clickbank.net,685 539 0078
Mort,Marsh,Male,mmarsh8q@omniture.com,943 599 0653
Loni,Piffe,Female,lpiffe8r@patch.com,916 301 4557
Tory,Croney,Female,tcroney8s@slideshare.net,581 563 5694
Lorettalorna,Marushak,Female,lmarushak8t@addtoany.com,216 702 6418
Shanda,Fairlamb,Female,sfairlamb8u@techcrunch.com,859 539 1814
Sheena,Butters,Female,sbutters8v@cdbaby.com,343 630 2714
Elfie,Creyke,Female,ecreyke8w@cpanel.net,724 694 5284
Bron,Ennever,Male,bennever8x@stumbleupon.com,512 927 1382
Lanie,Brewse,Male,lbrewse8y@ebay.co.uk,616 848 0757
Katrina,McCready,Female,kmccready8z@upenn.edu,897 830 2527
Constantin,Stuart,Male,cstuart90@usatoday.com,318 254 0145
Gibbie,Bruni,Male,gbruni91@census.gov,210 197 6112
Aylmer,Guys,Male,aguys92@ebay.co.uk,986 534 6832
Barrie,Tyne,Male,btyne93@bizjournals.com,118 132 4174
Curtice,O'Hear,Male,cohear94@sourceforge.net,125 762 0160
Philippe,Cathenod,Female,pcathenod95@typepad.com,204 698 4668
Marigold,Tweddle,Female,mtweddle96@google.com,640 199 8568
Nolana,Sappell,Female,nsappell97@arizona.edu,991 757 9552
Scot,Easman,Genderqueer,seasman98@desdev.cn,861 857 3189
Odey,Petcher,Male,opetcher99@cbc.ca,835 640 7701
Marjory,Kimbell,Female,mkimbell9a@parallels.com,902 118 7513
Joshua,Spire,Male,jspire9b@scribd.com,950 816 7618
Kirbie,Foxley,Female,kfoxley9c@tamu.edu,771 630 5049
Amalia,Rolph,Polygender,arolph9d@state.tx.us,484 719 1871
Nari,Illes,Female,nilles9e@irs.gov,234 889 9866
Fair,Smees,Male,fsmees9f@blogger.com,287 266 3431
Taylor,Fursland,Male,tfursland9g@sohu.com,589 409 6763
Anthony,Kliner,Male,akliner9h@lycos.com,751 226 0764
Dukey,Arnauduc,Male,darnauduc9i@hatena.ne.jp,925 306 1900
Sharity,Rupp,Female,srupp9j@tamu.edu,121 681 7240
Henrie,Couch,Polygender,hcouch9k@usnews.com,121 274 1057
Ralph,Barthropp,Non-binary,rbarthropp9l@dailymotion.com,370 741 9644
Chilton,Titlow,Male,ctitlow9m@xing.com,511 900 0632
Dukie,Crispin,Male,dcrispin9n@taobao.com,691 584 4891
Wilie,Misselbrook,Female,wmisselbrook9o@ocn.ne.jp,368 933 4999
Kristoforo,Carmen,Male,kcarmen9p@pbs.org,678 830 6580
Brennen,Fidal,Male,bfidal9q@irs.gov,957 870 8597
Darlleen,Gregon,Female,dgregon9r@cdbaby.com,353 277 1008
Pace,Ipsgrave,Male,pipsgrave9s@ted.com,490 557 8442
Khalil,Polendine,Male,kpolendine9t@sohu.com,302 305 7048
June,Ruddom,Female,jruddom9u@loc.gov,897 255 7278
Pattie,Dawes,Female,pdawes9v@census.gov,588 535 7258
Alejoa,Sandes,Male,asandes9w@amazon.de,890 831 5387
Latisha,Aberdalgy,Female,laberdalgy9x@ebay.co.uk,742 234 4754
Hillyer,Jordan,Male,hjordan9y@xrea.com,205 104 3531
Barbabra,Cox,Female,bcox9z@java.com,467 280 2989
Dionysus,Gianinotti,Non-binary,dgianinottia0@ca.gov,308 956 4917
Lilian,Hatton,Female,lhattona1@google.cn,728 886 1561
Clarie,Barthropp,Female,cbarthroppa2@constantcontact.com,979 316 1089
Nina,Bowell,Female,nbowella3@prlog.org,658 840 5294
Torin,Butcher,Male,tbutchera4@de.vu,181 844 4336
Ali,Killik,Female,akillika5@miibeian.gov.cn,990 234 7046
Joe,Seamons,Male,jseamonsa6@studiopress.com,786 225 5822
Care,De Biasio,Male,cdebiasioa7@tinypic.com,123 440 7862
Ginny,Biasio,Female,gbiasioa8@miitbeian.gov.cn,268 174 0477
Evaleen,Mapam,Female,emapama9@e-recht24.de,416 108 0520
Taylor,Spargo,Male,tspargoaa@constantcontact.com,279 871 8276
Law,Extance,Male,lextanceab@friendfeed.com,299 170 2113
Elmer,Fieldhouse,Male,efieldhouseac@tinypic.com,303 167 9530
Antonina,Limon,Female,alimonad@adobe.com,924 834 3296
Tyler,Arrell,Male,tarrellae@ask.com,681 556 7043
Michell,Lorenzo,Female,mlorenzoaf@answers.com,113 288 2976
Pat,Bulch,Genderqueer,pbulchag@geocities.com,734 479 8722
Bernice,Duddy,Female,bduddyah@admin.ch,826 349 4085
Phip,Shrimptone,Male,pshrimptoneai@trellian.com,500 622 6688
Richmound,Arndt,Male,rarndtaj@opensource.org,929 615 9635
Court,Yeld,Male,cyeldak@weather.com,191 461 0735
Dionne,Cranham,Genderfluid,dcranhamal@shop-pro.jp,506 229 4001
Judye,Czajkowski,Agender,jczajkowskiam@netlog.com,220 349 8888
Beniamino,Roset,Male,brosetan@java.com,496 676 4119
Jenni,Boatman,Non-binary,jboatmanao@home.pl,821 720 9174
Sky,Ghiriardelli,Male,sghiriardelliap@nps.gov,642 924 6528
Carmelita,Lythgoe,Female,clythgoeaq@toplist.cz,882 109 1013
Ruttger,Monkman,Male,rmonkmanar@reddit.com,305 246 2472
Alexine,Folliott,Non-binary,afolliottas@topsy.com,398 590 3072
Gale,Vaudin,Male,gvaudinat@google.co.uk,738 299 5044
Sisely,Buddles,Female,sbuddlesau@elpais.com,216 799 0335
Isidro,Faas,Male,ifaasav@t.co,611 881 4852
Templeton,Pudsey,Male,tpudseyaw@omniture.com,688 130 3579
Hamish,Summersett,Male,hsummersettax@oaic.gov.au,991 341 8382
Jobey,Dorr,Agender,jdorray@mapy.cz,955 409 9172
Amandy,Grigg,Bigender,agriggaz@usa.gov,126 925 2667
Nikolos,Arro,Male,narrob0@intel.com,196 398 1449
Tedi,Hamil,Female,thamilb1@imageshack.us,168 183 0689
Jacquetta,Haney`,Female,jhaneyb2@jugem.jp,454 696 9290
Valdemar,Royste,Male,vroysteb3@de.vu,281 950 2721
Carlita,Balnaves,Female,cbalnavesb4@amazon.com,616 315 7349
Roze,Gyde,Female,rgydeb5@hud.gov,494 643 8871
Gwenni,Crummey,Female,gcrummeyb6@networkadvertising.org,390 201 6365
Rodrick,Sizey,Male,rsizeyb7@illinois.edu,518 843 7505
Annalee,Blakely,Female,ablakelyb8@about.me,287 695 5865
Hyacintha,Varnam,Female,hvarnamb9@msn.com,410 925 6996
Wittie,Abelwhite,Male,wabelwhiteba@php.net,521 286 1215
Tab,Stack,Male,tstackbb@boston.com,510 571 6599
Judith,Seymour,Female,jseymourbc@booking.com,500 968 0144
Marillin,Petrulis,Female,mpetrulisbd@stanford.edu,382 575 2618
Kellen,Rosnau,Male,krosnaube@reference.com,634 667 4004
Orland,Tilt,Genderfluid,otiltbf@linkedin.com,352 811 6766
Jyoti,Endrighi,Polygender,jendrighibg@reverbnation.com,882 602 2656
Nils,Lum,Male,nlumbh@upenn.edu,325 591 5918
Efren,Ferronier,Male,eferronierbi@t.co,195 529 9033
Sayres,Shortall,Male,sshortallbj@pagesperso-orange.fr,212 307 7073
Pammi,Bruyet,Female,pbruyetbk@altervista.org,416 500 8858
Albina,Peteri,Female,apeteribl@deviantart.com,817 377 5991
Kathie,Giacomelli,Agender,kgiacomellibm@wsj.com,715 434 8737
Julianne,Hambright,Female,jhambrightbn@tuttocitta.it,450 883 4700
Gibbie,Callington,Male,gcallingtonbo@scientificamerican.com,742 691 5521
Nell,McNysche,Female,nmcnyschebp@tinypic.com,581 183 4964
Winthrop,Guisler,Male,wguislerbq@shareasale.com,378 106 7327
Gerhard,Karslake,Male,gkarslakebr@delicious.com,677 534 3299
Adiana,Cansdill,Female,acansdillbs@hubpages.com,268 178 5400
Matthaeus,MacGilmartin,Male,mmacgilmartinbt@usgs.gov,839 323 3448
Charlena,Simon,Female,csimonbu@gnu.org,296 468 9540
Alanna,Rogans,Female,arogansbv@springer.com,345 829 4617
Klarrisa,Flude,Female,kfludebw@dell.com,629 395 6738
Aylmer,Gerardet,Male,agerardetbx@mozilla.com,805 195 8416
Pierson,Stanbrooke,Genderfluid,pstanbrookeby@ucsd.edu,358 360 5710
Tarra,Burgwyn,Female,tburgwynbz@whitehouse.gov,702 395 4486
Meredithe,Rodolphe,Female,mrodolphec0@meetup.com,943 575 6145
Jacklyn,Heddan,Female,jheddanc1@goodreads.com,891 420 7797
Basilio,Sisselot,Male,bsisselotc2@si.edu,176 443 6171
Roi,Vaissiere,Male,rvaissierec3@harvard.edu,688 924 5498
Star,Bow,Female,sbowc4@tumblr.com,868 739 4242
Janeczka,Allanson,Female,jallansonc5@marriott.com,403 768 7469
Kelwin,Peaurt,Male,kpeaurtc6@typepad.com,123 253 9391
Lazaro,Roffe,Male,lroffec7@naver.com,225 669 7011
Derick,Elford,Male,delfordc8@sogou.com,905 929 7212
Fredric,Grollmann,Male,fgrollmannc9@webs.com,948 106 3379
Rozamond,Wimmers,Polygender,rwimmersca@ihg.com,988 945 2163
Otes,Toma,Male,otomacb@vimeo.com,248 197 4712
Skipp,Legges,Male,sleggescc@so-net.ne.jp,510 671 5678
Wendy,Spolton,Female,wspoltoncd@last.fm,467 557 4323
Alis,Oriel,Female,aorielce@zimbio.com,800 875 7096
Aurelia,Simkovitz,Female,asimkovitzcf@taobao.com,205 965 2009
Rennie,Waddam,Female,rwaddamcg@mail.ru,705 994 4819
Annetta,Udell,Female,audellch@paginegialle.it,357 508 3926
Stanfield,Snedker,Male,ssnedkerci@reuters.com,892 537 8868
Winonah,Elbourne,Female,welbournecj@com.com,168 431 9125
Adelaide,Simla,Female,asimlack@soundcloud.com,894 347 1659
Bethina,Atton,Female,battoncl@pinterest.com,231 610 2687
Bren,Litterick,Male,blitterickcm@senate.gov,410 824 9019
Lynnet,Merrigans,Female,lmerriganscn@tumblr.com,892 212 2794
Gennifer,Kemmish,Female,gkemmishco@engadget.com,320 409 6024
Olivette,Beevor,Female,obeevorcp@tinyurl.com,475 571 5451
Jasmin,Rihanek,Female,jrihanekcq@ustream.tv,520 165 9917
Jerald,Bess,Male,jbesscr@smh.com.au,930 160 2496
Geraldine,Richens,Female,grichenscs@ca.gov,651 487 5360
Hilliary,McGriffin,Female,hmcgriffinct@cpanel.net,655 278 8718
Karleen,Goult,Female,kgoultcu@1688.com,757 877 5261
Randell,Szymonwicz,Male,rszymonwiczcv@themeforest.net,618 894 0522
Maiga,Sabattier,Female,msabattiercw@list-manage.com,726 544 9568
Karla,Shapero,Female,kshaperocx@tinypic.com,726 728 9275
Roscoe,Pimbley,Male,rpimbleycy@meetup.com,801 444 9051
Loralyn,Wehden,Female,lwehdencz@aboutads.info,198 120 0834
Alexander,Sacaze,Male,asacazed0@bloomberg.com,350 577 2735
Clementia,Pirelli,Female,cpirellid1@dedecms.com,722 359 5785
Imojean,Sunman,Genderfluid,isunmand2@freewebs.com,293 245 3706
Linus,Sigfrid,Male,lsigfridd3@drupal.org,123 357 4926
Isidore,Hellis,Male,ihellisd4@cisco.com,571 480 7988
Garey,Mallord,Male,gmallordd5@quantcast.com,351 106 3324
Tanney,Shitliffe,Male,tshitliffed6@dyndns.org,278 687 4413
Dynah,Hayman,Female,dhaymand7@istockphoto.com,802 222 0992
Vilma,Kubicka,Female,vkubickad8@ca.gov,363 660 6185
Tabina,Rosenschein,Female,trosenscheind9@webeden.co.uk,430 869 9104
Heddi,Drain,Female,hdrainda@kickstarter.com,616 449 4904
Antoine,O' Donohue,Male,aodonohuedb@sakura.ne.jp,223 540 7349
Giacobo,Stamper,Bigender,gstamperdc@cbsnews.com,119 767 3529
Shanon,Haydon,Agender,shaydondd@businessinsider.com,105 393 7937
Bonny,Lowcock,Female,blowcockde@bbc.co.uk,352 882 8632
Edin,Buscombe,Female,ebuscombedf@sina.com.cn,339 369 7305
Thalia,Anespie,Female,tanespiedg@pinterest.com,472 232 7663
Cami,Thripp,Female,cthrippdh@salon.com,613 451 1918
Jsandye,Mattin,Female,jmattindi@dion.ne.jp,142 755 2735
Norry,Ralls,Male,nrallsdj@baidu.com,293 979 2190
Maurita,Worvell,Female,mworvelldk@google.ru,226 672 4092
Hebert,Tebbit,Male,htebbitdl@businessinsider.com,865 956 4759
Fleming,See,Male,fseedm@fema.gov,421 753 5201
Richardo,Sammons,Male,rsammonsdn@cdc.gov,118 459 2108
Timoteo,Lentsch,Male,tlentschdo@blogtalkradio.com,297 356 3237
Gabi,Frotton,Male,gfrottondp@theguardian.com,691 643 4051
Brooks,Auchinleck,Female,bauchinleckdq@exblog.jp,690 876 1041
Paulita,Whittlesea,Female,pwhittleseadr@eepurl.com,730 156 5743
Fallon,Gotmann,Polygender,fgotmannds@imageshack.us,696 724 2811
Kaylyn,Newbold,Female,knewbolddt@chronoengine.com,920 299 7981
Rockey,Tomblett,Male,rtomblettdu@soup.io,753 968 2505
Rustin,Ellesworthe,Male,rellesworthedv@businessweek.com,893 407 2590
Yuma,Kelberer,Male,ykelbererdw@dyndns.org,696 976 3270
Keelia,Behneke,Female,kbehnekedx@histats.com,956 760 0182
Di,Siege,Female,dsiegedy@si.edu,304 877 9661
Keefer,Diwell,Male,kdiwelldz@php.net,331 211 3113
Tully,Nellis,Male,tnellise0@wiley.com,629 216 0703
Hamlen,Philimore,Male,hphilimoree1@google.co.uk,528 602 2985
Nev,Dahmke,Male,ndahmkee2@typepad.com,529 571 5714
Ase,Purches,Male,apurchese3@bluehost.com,207 371 1803
Lauritz,Marquez,Male,lmarqueze4@meetup.com,102 515 6236
Jaymie,Seakin,Male,jseakine5@tripod.com,655 323 7864
Berton,Gredden,Male,bgreddene6@shinystat.com,865 485 5265
Moe,Menear,Male,mmeneare7@discuz.net,287 166 5597
Sylvester,Kennan,Male,skennane8@google.com.br,775 646 3111
Elka,Bucktharp,Female,ebucktharpe9@nydailynews.com,834 801 5159
Laureen,Zanetello,Female,lzanetelloea@flickr.com,572 475 3961
Janeta,Bernardeschi,Female,jbernardeschieb@w3.org,360 708 5153
Dilan,Wallage,Male,dwallageec@ycombinator.com,142 825 3820
Rosanna,Kehoe,Female,rkehoeed@clickbank.net,109 641 3942
Marta,Eck,Female,meckee@youku.com,123 329 3728
Xymenes,Pettyfar,Male,xpettyfaref@live.com,295 259 1549
Talbot,Cinelli,Male,tcinellieg@microsoft.com,485 270 4497
Lalo,Ferrick,Male,lferrickeh@eventbrite.com,390 150 6854
Germana,Giroldo,Female,ggiroldoei@mediafire.com,434 849 9286
Sherry,Ledrane,Female,sledraneej@dot.gov,155 154 9411
Zara,Renn,Female,zrennek@rakuten.co.jp,849 303 8982
Fonsie,Terbeck,Male,fterbeckel@mapy.cz,320 742 9279
Mario,Tuberfield,Male,mtuberfieldem@blogger.com,464 525 3832
Dorie,Sheather,Female,dsheatheren@technorati.com,828 780 7928
Kelsey,Thornton-Dewhirst,Male,kthorntondewhirsteo@indiegogo.com,561 354 4437
Leanora,Cow,Female,lcowep@rakuten.co.jp,741 162 4712
Katerine,Merington,Female,kmeringtoneq@usatoday.com,635 386 4293
Kirsten,Cooney,Female,kcooneyer@phoca.cz,152 666 5174
Wilone,Pasek,Female,wpasekes@pen.io,374 207 7035
Paddie,Jacquemet,Male,pjacquemetet@reference.com,355 818 8251
Drugi,Basterfield,Male,dbasterfieldeu@jiathis.com,730 875 2976
Phylis,Luther,Female,plutherev@arizona.edu,510 862 2609
Ailbert,Ishaki,Male,aishakiew@mapquest.com,415 836 6384
Gypsy,Jeenes,Female,gjeenesex@aol.com,142 502 2932
Claudia,Feander,Female,cfeanderey@ucoz.ru,574 882 2308
Emili,Keeting,Female,ekeetingez@cbslocal.com,979 800 7611
Finley,Abdy,Male,fabdyf0@illinois.edu,823 364 7786
Molli,Huntingdon,Female,mhuntingdonf1@t-online.de,182 591 4098
Zilvia,Whellams,Female,zwhellamsf2@privacy.gov.au,575 393 1259
Rozanna,Michel,Female,rmichelf3@microsoft.com,258 457 0056
Mel,Laurenceau,Male,mlaurenceauf4@geocities.jp,372 669 4833
Rollie,Yemm,Male,ryemmf5@spotify.com,676 810 3366
Ervin,Sushams,Male,esushamsf6@slashdot.org,575 485 0744
Renae,Josephs,Non-binary,rjosephsf7@marriott.com,239 822 7661
Jimmy,Sumbler,Male,jsumblerf8@answers.com,411 344 7474
Taffy,Bodleigh,Bigender,tbodleighf9@pen.io,436 527 5266
Fernando,Reubbens,Male,freubbensfa@ebay.com,965 986 8743
Pieter,Hlavecek,Male,phlavecekfb@wunderground.com,652 338 3666
Ellary,Carlton,Male,ecarltonfc@tinyurl.com,928 182 6551
Phylis,Algy,Female,palgyfd@blogtalkradio.com,907 204 2556
Vally,Chicotti,Female,vchicottife@linkedin.com,129 816 4348
Arlan,McKleod,Male,amckleodff@vimeo.com,960 654 2375
Wilie,Sears,Female,wsearsfg@shareasale.com,931 453 7290
Kaiser,Blaase,Male,kblaasefh@blogspot.com,314 883 1802
Brandyn,Doldon,Bigender,bdoldonfi@drupal.org,621 908 6888
Caddric,Setchell,Male,csetchellfj@infoseek.co.jp,604 502 4691
Irina,Martyn,Female,imartynfk@tripod.com,183 276 2416
Cindee,Occleshaw,Female,coccleshawfl@dedecms.com,291 669 5130
Clio,Cotterrill,Agender,ccotterrillfm@zdnet.com,925 756 8940
Mordy,Hookes,Male,mhookesfn@devhub.com,370 399 0680
Niven,Colcutt,Male,ncolcuttfo@gnu.org,996 927 5408
Nickolas,Blueman,Male,nbluemanfp@un.org,266 356 2124
Gregorius,Batchley,Male,gbatchleyfq@nationalgeographic.com,403 837 7789
Correy,Oliva,Female,colivafr@technorati.com,108 201 0437
Monro,Coo,Male,mcoofs@newyorker.com,754 157 9239
Lewes,Ruperto,Male,lrupertoft@zdnet.com,664 725 2865
Ernestus,Gowthorpe,Male,egowthorpefu@g.co,390 425 1743
Lurette,Garrand,Female,lgarrandfv@ibm.com,394 145 5449
Adelbert,Wilkisson,Male,awilkissonfw@ftc.gov,127 373 4003
Elise,Messruther,Female,emessrutherfx@printfriendly.com,365 291 3520
Dianna,Boylan,Female,dboylanfy@godaddy.com,687 796 5823
Neely,Cargen,Female,ncargenfz@ebay.co.uk,166 379 4806
Ole,Coil,Male,ocoilg0@sakura.ne.jp,218 215 5106
Cedric,Colleton,Male,ccolletong1@ask.com,919 115 4684
Erik,Fraine,Male,efraineg2@huffingtonpost.com,440 482 8260
Tanney,Gaukrodge,Male,tgaukrodgeg3@pbs.org,654 524 9744
Sigrid,Sivell,Female,ssivellg4@java.com,708 271 5536
Joshua,Giottoi,Male,jgiottoig5@mayoclinic.com,111 814 8302
Powell,Dowley,Agender,pdowleyg6@theglobeandmail.com,571 754 6982
Conney,Keme,Male,ckemeg7@storify.com,995 956 9875
Quinlan,Hablot,Male,qhablotg8@51.la,368 996 6880
Rockey,Chaters,Male,rchatersg9@slate.com,769 632 2585
Ware,Beetles,Male,wbeetlesga@sohu.com,734 232 2198
Fabe,Harnetty,Male,fharnettygb@e-recht24.de,109 714 7481
Judas,Mulbery,Male,jmulberygc@mit.edu,478 739 1115
Leodora,Mushett,Female,lmushettgd@army.mil,516 837 2151
Max,Gudeman,Male,mgudemange@gnu.org,895 268 5032
Linet,Skillings,Female,lskillingsgf@friendfeed.com,202 679 0718
Holly-anne,Tiffin,Female,htiffingg@reddit.com,753 822 5521
Humfrid,Simonsen,Male,hsimonsengh@unicef.org,564 768 8376
Charity,Hosten,Female,chostengi@census.gov,822 218 7266
Anet,Westrope,Female,awestropegj@sfgate.com,457 300 2860
Moira,Arrighi,Female,marrighigk@bloglovin.com,492 165 7813
Prince,Sabathier,Male,psabathiergl@ezinearticles.com,678 143 4624
Enrica,Dimmer,Female,edimmergm@webs.com,113 488 5755
Hewe,Woodward,Male,hwoodwardgn@ftc.gov,439 773 6226
Oralla,Raleston,Non-binary,oralestongo@arstechnica.com,840 851 4443
Durante,Extil,Bigender,dextilgp@unblog.fr,584 196 1468
Hillyer,De Avenell,Male,hdeavenellgq@jalbum.net,943 171 4377
Milli,Boreham,Female,mborehamgr@cloudflare.com,182 364 3281
Ynes,Arkin,Female,yarkings@jimdo.com,284 400 3203
Kirsten,Jaggs,Female,kjaggsgt@etsy.com,713 761 3691
Haleigh,Frankling,Male,hfranklinggu@jalbum.net,585 586 3537
Teodoor,Hawkeswood,Male,thawkeswoodgv@microsoft.com,328 935 1991
Laurent,Koschke,Male,lkoschkegw@rambler.ru,780 211 6269
Brittany,McElrath,Female,bmcelrathgx@gravatar.com,352 441 0302
Audre,Keegan,Female,akeegangy@github.com,182 768 1194
Hubey,Truscott,Male,htruscottgz@vistaprint.com,384 376 1855
Nettle,Kinglesyd,Female,nkinglesydh0@yandex.ru,531 507 1104
Bess,Marcham,Female,bmarchamh1@icq.com,228 922 9493
Danika,Maultby,Female,dmaultbyh2@globo.com,507 944 5848
Hercule,Ingerson,Male,hingersonh3@oaic.gov.au,641 405 0478
Costanza,Huckster,Female,chucksterh4@nymag.com,139 536 0670
Shir,Mullett,Female,smulletth5@goo.gl,143 196 1122
Lelah,Lydall,Female,llydallh6@booking.com,465 799 3676
Mable,Scrancher,Female,mscrancherh7@unblog.fr,393 487 2547
Agace,O' Mara,Female,aomarah8@163.com,619 483 6923
Cassaundra,Tonnesen,Female,ctonnesenh9@w3.org,222 423 8656
Juline,Eversley,Female,jeversleyha@ning.com,557 959 7707
Graeme,Mathet,Male,gmathethb@squarespace.com,688 886 8596
Rasia,Chestle,Female,rchestlehc@homestead.com,526 109 2473
Sawyere,Georger,Male,sgeorgerhd@msn.com,972 892 6878
Boonie,Giblett,Male,bgibletthe@altervista.org,831 522 7790
Gustav,Elloway,Male,gellowayhf@dyndns.org,272 269 4648
Lib,Bouts,Female,lboutshg@cornell.edu,773 908 3001
Cora,Minshull,Female,cminshullhh@deliciousdays.com,336 478 2890
Alyson,Shotton,Female,ashottonhi@odnoklassniki.ru,145 328 0685
Beatrice,Karlolak,Female,bkarlolakhj@google.es,631 323 2587
Keene,Piesing,Male,kpiesinghk@phoca.cz,575 657 7512
Ryley,O'Shiel,Male,roshielhl@redcross.org,758 260 9300
Abran,Minihane,Genderqueer,aminihanehm@baidu.com,828 148 5765
Giraldo,Ellett,Male,gelletthn@bbb.org,355 478 9233
Lolly,Abriani,Female,labrianiho@examiner.com,860 229 6983
Brok,Breagan,Male,bbreaganhp@issuu.com,216 601 8551
Nels,Haworth,Male,nhaworthhq@discovery.com,520 438 8748
Joy,Bilson,Female,jbilsonhr@amazonaws.com,406 626 5081
Loraine,Knowlman,Female,lknowlmanhs@acquirethisname.com,432 618 6827
Ernesto,Astman,Polygender,eastmanht@irs.gov,151 225 7579
Chilton,Bentame,Male,cbentamehu@abc.net.au,307 580 0723
Jehu,McGarvie,Male,jmcgarviehv@techcrunch.com,120 219 6758
Cindi,Puttick,Female,cputtickhw@scribd.com,702 502 9250
Siegfried,Papes,Male,spapeshx@51.la,482 555 4253
Luis,Moxham,Male,lmoxhamhy@google.pl,602 119 7844
Celesta,Exall,Female,cexallhz@usatoday.com,372 234 9845
Wilfrid,Emanuelli,Male,wemanuellii0@indiegogo.com,962 266 6210
Ronni,Peake,Female,rpeakei1@timesonline.co.uk,216 463 9582
Roarke,Pietersma,Male,rpietersmai2@storify.com,912 434 9576
Garvy,Robardet,Male,grobardeti3@google.ca,113 916 3646
Rolf,De Pietri,Male,rdepietrii4@blog.com,207 855 3600
Archaimbaud,Goodison,Bigender,agoodisoni5@amazon.de,274 597 9444
Aryn,Sigert,Female,asigerti6@umn.edu,521 188 4244
Nelson,Crowcum,Male,ncrowcumi7@cmu.edu,277 435 9307
Carrol,Saill,Male,csailli8@histats.com,797 361 5630
Aleece,Tulloch,Female,atullochi9@naver.com,234 744 9090
Conrade,Grissett,Male,cgrissettia@dyndns.org,779 610 6809
Nikolaus,MacMychem,Male,nmacmychemib@gnu.org,892 800 4589
Arlyn,Celloni,Female,acelloniic@blinklist.com,518 845 8093
Ruddie,Crocetti,Male,rcrocettiid@eventbrite.com,415 126 4242
Niki,Tremathack,Male,ntremathackie@prlog.org,262 962 1379
Arielle,Blomefield,Female,ablomefieldif@nifty.com,932 206 3293
Teador,Probate,Male,tprobateig@samsung.com,267 752 1002
Joe,Wildbore,Male,jwildboreih@phoca.cz,947 585 5105
Hamil,Calabry,Male,hcalabryii@mlb.com,942 733 7376
Gustavo,Crollman,Non-binary,gcrollmanij@mtv.com,184 162 8794
Kathrine,Muldowney,Female,kmuldowneyik@berkeley.edu,784 395 5701
Deborah,Beek,Female,dbeekil@bbc.co.uk,854 342 0404
Ava,Paffett,Female,apaffettim@163.com,539 517 5599
Bryon,Wethered,Agender,bwetheredin@e-recht24.de,809 402 5874
Humphrey,Vittery,Male,hvitteryio@devhub.com,368 985 5979
Essa,Beentjes,Female,ebeentjesip@odnoklassniki.ru,809 583 3380
Christoforo,Matresse,Male,cmatresseiq@usda.gov,766 703 0653
Adelbert,Drackford,Male,adrackfordir@amazon.co.uk,881 721 9892
Maddalena,Horrell,Female,mhorrellis@timesonline.co.uk,678 172 4978
Natalie,Baptist,Agender,nbaptistit@instagram.com,426 791 7365
Gusta,Cuss,Female,gcussiu@friendfeed.com,637 696 9863
Sydney,Parradye,Male,sparradyeiv@pen.io,158 438 1720
Aurelea,Piotrowski,Female,apiotrowskiiw@sbwire.com,832 786 8537
Sigismundo,De Laci,Agender,sdelaciix@symantec.com,120 539 4918
Laura,MacAlpyne,Female,lmacalpyneiy@guardian.co.uk,307 826 9886
Delmar,Breawood,Male,dbreawoodiz@tinyurl.com,518 989 2728
Amos,Oherlihy,Male,aoherlihyj0@ibm.com,928 783 0216
Lyon,Tench,Male,ltenchj1@nhs.uk,540 532 4739
Darsie,Lewsley,Female,dlewsleyj2@cam.ac.uk,214 955 5469
Althea,Trevaskiss,Female,atrevaskissj3@deviantart.com,335 178 3602
Caprice,Shevlan,Female,cshevlanj4@angelfire.com,499 908 7057
Shaylyn,Gunson,Female,sgunsonj5@booking.com,771 813 2804
Lynna,Tangye,Female,ltangyej6@tmall.com,979 503 1358
Joseito,Wisker,Male,jwiskerj7@tumblr.com,930 372 7148
Harold,Laxe,Male,hlaxej8@rakuten.co.jp,706 995 6645
Ev,Nelissen,Male,enelissenj9@t.co,143 190 1317
Madlen,Laverick,Female,mlaverickja@discovery.com,552 597 9095
Lia,Lillgard,Female,llillgardjb@oracle.com,235 897 9545
Maighdiln,Bedow,Bigender,mbedowjc@themeforest.net,493 275 3911
Wayland,Durran,Male,wdurranjd@google.de,403 483 8871
Torey,Harflete,Male,tharfleteje@paginegialle.it,931 326 7433
Lucila,Drawmer,Female,ldrawmerjf@latimes.com,279 567 3121
Konstantin,Bissell,Male,kbisselljg@wikispaces.com,219 868 9484
Carroll,Yersin,Genderqueer,cyersinjh@smugmug.com,851 812 4460
Blinni,Chamley,Female,bchamleyji@miibeian.gov.cn,629 456 2126
Sloane,Silverthorne,Male,ssilverthornejj@samsung.com,382 745 9327
Pinchas,Biset,Male,pbisetjk@cyberchimps.com,771 629 4820
Leanna,Kinghorn,Female,lkinghornjl@state.tx.us,658 665 1563
Bank,Paynter,Male,bpaynterjm@ca.gov,316 295 1972
Gloria,Mattholie,Female,gmattholiejn@mayoclinic.com,797 504 2770
Stephana,Bromage,Female,sbromagejo@irs.gov,461 840 2077
Galina,Josling,Agender,gjoslingjp@facebook.com,713 755 4629
Nickolai,Fulks,Male,nfulksjq@chronoengine.com,132 469 9150
Templeton,Duplock,Male,tduplockjr@seattletimes.com,994 628 0942
Beryle,Woodnutt,Female,bwoodnuttjs@desdev.cn,554 214 8760
Patten,Kale,Male,pkalejt@ning.com,657 126 7617
Thorstein,Jerdan,Male,tjerdanju@blogtalkradio.com,205 923 4340
Jasen,Hannum,Male,jhannumjv@mapquest.com,589 637 4189
Mari,Pavie,Female,mpaviejw@spiegel.de,980 655 0858
Gloria,Portam,Female,gportamjx@netvibes.com,126 183 6773
Eugine,Baynam,Female,ebaynamjy@eepurl.com,371 900 0367
Peggie,Gladdin,Non-binary,pgladdinjz@skyrock.com,492 337 8932
Carmina,Bogace,Female,cbogacek0@bloomberg.com,281 200 7158
Rubetta,Boik,Female,rboikk1@ft.com,247 287 5338
Karlan,Cawdron,Male,kcawdronk2@dell.com,967 573 7316
Sibyl,Aldiss,Male,saldissk3@artisteer.com,459 948 8399
Margery,Basillon,Female,mbasillonk4@indiatimes.com,288 526 9976
Enrica,Muzzall,Female,emuzzallk5@japanpost.jp,434 352 8119
Donavon,Barnaclough,Male,dbarnacloughk6@archive.org,241 633 6324
Leon,Janusz,Genderfluid,ljanuszk7@theglobeandmail.com,392 493 0266
Marie-jeanne,Perdue,Female,mperduek8@census.gov,659 220 1424
Pepi,Colbertson,Female,pcolbertsonk9@squarespace.com,791 245 9225
Raine,Kinnane,Female,rkinnaneka@opensource.org,438 446 1906
Tremaine,Andrasch,Polygender,tandraschkb@github.com,560 925 2910
Gearard,Screeton,Genderfluid,gscreetonkc@scientificamerican.com,222 467 9528
Averil,Airey,Male,aaireykd@slate.com,878 866 8686
Eli,Saffill,Male,esaffillke@imageshack.us,638 551 9052
Clarinda,Corbridge,Female,ccorbridgekf@berkeley.edu,541 958 1429
Chevy,Dreger,Male,cdregerkg@woothemes.com,973 492 7236
Bart,Blenkin,Male,bblenkinkh@woothemes.com,448 498 7775
Velvet,Strattan,Female,vstrattanki@blinklist.com,846 385 9231
Roselia,Vinau,Female,rvinaukj@latimes.com,544 332 3336
Cami,Daltry,Female,cdaltrykk@tinypic.com,518 365 6456
Kerk,Dowden,Male,kdowdenkl@cyberchimps.com,902 773 0414
Esmaria,Tuiller,Female,etuillerkm@usnews.com,214 472 7740
Carmine,Deniso,Male,cdenisokn@quantcast.com,101 137 5937
Barth,Bone,Male,bboneko@cam.ac.uk,509 136 1430
Sayers,Milmith,Male,smilmithkp@vistaprint.com,631 771 3132
Kristi,Cottesford,Female,kcottesfordkq@usatoday.com,429 266 1988
Ondrea,Cometson,Female,ocometsonkr@t.co,517 705 5322
Flin,Eckery,Male,feckeryks@microsoft.com,991 389 8593
Neale,Flisher,Male,nflisherkt@skype.com,337 360 5582
Orton,Gosnall,Male,ogosnallku@feedburner.com,838 475 2165
Winnie,Goulder,Male,wgoulderkv@ox.ac.uk,942 466 4100
Nessy,Strongitharm,Female,nstrongitharmkw@aboutads.info,818 364 3875
Gertie,Faire,Female,gfairekx@yelp.com,541 332 2503
Lonna,Shepherdson,Female,lshepherdsonky@artisteer.com,522 789 8810
Jeanna,Loxdale,Female,jloxdalekz@yellowbook.com,789 975 4684
Darcee,Dog,Female,ddogl0@twitpic.com,424 905 8194
Corney,Leglise,Male,cleglisel1@shutterfly.com,504 170 4692
Tilda,McFarlan,Female,tmcfarlanl2@ibm.com,325 736 4535
Valeda,Blake,Female,vblakel3@admin.ch,936 478 9746
Luce,Flintoffe,Male,lflintoffel4@pen.io,675 321 6387
Grantley,Doding,Male,gdodingl5@weibo.com,406 560 6884
Tierney,Callway,Female,tcallwayl6@sphinn.com,600 967 2690
Paige,Poker,Female,ppokerl7@cyberchimps.com,271 545 0422
Vergil,Stearley,Male,vstearleyl8@fc2.com,553 484 3830
Lorrie,Lapides,Male,llapidesl9@msu.edu,572 694 5239
Vally,Shearston,Female,vshearstonla@furl.net,639 965 3409
Dwayne,Gudge,Male,dgudgelb@biblegateway.com,220 670 6021
Alick,Langley,Male,alangleylc@amazon.com,917 874 4120
Bonnie,Donisthorpe,Female,bdonisthorpeld@diigo.com,673 622 2581
Silvana,Brigham,Female,sbrighamle@cafepress.com,487 649 8504
Nicola,Ridsdale,Male,nridsdalelf@privacy.gov.au,382 909 7453
Correy,Ridgers,Male,cridgerslg@naver.com,239 782 1603
Ag,Milsap,Female,amilsaplh@squarespace.com,828 936 7217
Morton,Kesten,Male,mkestenli@nih.gov,572 592 1201
Editha,Mandy,Female,emandylj@un.org,198 847 6996
Sissy,Vonasek,Female,svonaseklk@ebay.com,186 316 4696
Kinsley,Caustick,Male,kcaustickll@deliciousdays.com,985 876 0902
Thornton,Longthorn,Male,tlongthornlm@csmonitor.com,799 231 9314
Neille,Sirey,Polygender,nsireyln@whitehouse.gov,718 728 3578
Norbert,Beauchamp,Male,nbeauchamplo@home.pl,312 605 8606
Eyde,Scheffel,Female,escheffellp@ca.gov,727 562 5998
Cassy,Laughren,Female,claughrenlq@is.gd,899 972 8343
Ingra,Greenhaugh,Male,igreenhaughlr@vkontakte.ru,238 335 1484
Randall,MacGovern,Male,rmacgovernls@exblog.jp,459 177 4777
Nicholas,Merveille,Male,nmerveillelt@dagondesign.com,410 729 3498
Timoteo,Kochel,Male,tkochellu@qq.com,520 762 7880
Myrle,Southwick,Polygender,msouthwicklv@yellowpages.com,853 177 7838
Daffi,Fullylove,Female,dfullylovelw@prweb.com,917 764 9271
Sayre,Ablewhite,Female,sablewhitelx@yahoo.com,410 193 0015
Beulah,Raggatt,Non-binary,braggattly@arstechnica.com,682 646 2905
Jeremias,Linge,Male,jlingelz@ca.gov,983 235 7879
Hortense,Frantzen,Female,hfrantzenm0@unblog.fr,472 753 7161
Pauly,Bernadot,Male,pbernadotm1@nymag.com,894 494 3109
Mariele,Walbrun,Female,mwalbrunm2@wired.com,707 954 6537
Alasdair,Cutmore,Male,acutmorem3@booking.com,552 659 0549
Caitrin,Keig,Female,ckeigm4@facebook.com,673 464 6681
Tony,Mabe,Female,tmabem5@sfgate.com,319 846 0722
Devonne,Salerno,Female,dsalernom6@bluehost.com,209 299 7466
Garvin,Driver,Male,gdriverm7@canalblog.com,577 381 2559
Jedd,MacFarlan,Male,jmacfarlanm8@ask.com,947 174 3344
Karlan,Lowdyane,Male,klowdyanem9@berkeley.edu,391 595 4448
Fran,Ganter,Polygender,fganterma@cnbc.com,797 240 2619
Lou,Foxall,Female,lfoxallmb@cbsnews.com,696 196 8077
Tobiah,Saynor,Male,tsaynormc@toplist.cz,139 965 6703
Jerrome,McInulty,Bigender,jmcinultymd@g.co,603 151 6059
Lind,Collings,Male,lcollingsme@barnesandnoble.com,953 486 5558
Jessa,Callaby,Female,jcallabymf@usatoday.com,608 652 0959
Natalie,Gibling,Female,ngiblingmg@xinhuanet.com,307 712 8578
Ravid,Biset,Male,rbisetmh@blogspot.com,636 235 2309
Clyve,Goward,Male,cgowardmi@smh.com.au,164 646 1817
Aubry,O'Grogane,Female,aogroganemj@1und1.de,104 314 8679
Gardie,Spleving,Male,gsplevingmk@pen.io,650 747 9090
Sofie,Affleck,Female,saffleckml@blogs.com,481 691 3421
Colas,McDermott,Agender,cmcdermottmm@infoseek.co.jp,129 247 4968
Aurelie,O'Dougherty,Female,aodoughertymn@nytimes.com,314 939 9290
Damita,Golland,Female,dgollandmo@g.co,370 163 9259
Trisha,Baudrey,Female,tbaudreymp@dedecms.com,990 964 9956
Brendon,Rosewall,Male,brosewallmq@unesco.org,109 118 0561
Yolanthe,Paprotny,Female,ypaprotnymr@mlb.com,456 910 3235
Van,Giovannacci,Female,vgiovannaccims@blogspot.com,122 530 0081
Alford,Fogden,Male,afogdenmt@boston.com,376 471 4507
Stanley,Katz,Male,skatzmu@cisco.com,202 537 6506
Georgetta,Mountney,Female,gmountneymv@cdc.gov,334 245 1295
Orsa,Pfeffel,Female,opfeffelmw@umn.edu,864 711 5358
Ignazio,Northeast,Male,inortheastmx@wisc.edu,912 766 1105
Laurent,Dunmuir,Genderfluid,ldunmuirmy@java.com,196 398 3816
Kirbie,Drissell,Female,kdrissellmz@admin.ch,926 304 5404
Robinett,Rimes,Female,rrimesn0@trellian.com,847 235 8145
Trent,Grastye,Male,tgrastyen1@walmart.com,542 431 2444
Dagny,Woodruffe,Male,dwoodruffen2@guardian.co.uk,551 572 5917
Kai,Tucknott,Female,ktucknottn3@gmpg.org,890 179 6661
Byrle,Cumberlidge,Male,bcumberlidgen4@sogou.com,885 108 8386
Stanislaw,Fellona,Male,sfellonan5@tinyurl.com,417 731 8293
Hernando,Shale,Male,hshalen6@scribd.com,614 378 8051
Sig,De Courtney,Male,sdecourtneyn7@ifeng.com,229 639 6110
Ricca,Baunton,Female,rbauntonn8@comsenz.com,258 748 4786
Robb,Sparwell,Male,rsparwelln9@google.fr,767 695 1457
Coraline,Tzar,Bigender,ctzarna@a8.net,644 115 3277
Amalia,McKeighan,Genderqueer,amckeighannb@chicagotribune.com,669 588 2123
Johny,Kinsella,Genderqueer,jkinsellanc@admin.ch,720 769 5159
Normie,Rulten,Male,nrultennd@berkeley.edu,706 620 0068
Elladine,Gammons,Female,egammonsne@mayoclinic.com,979 825 2756
Coretta,Timny,Female,ctimnynf@google.com,736 573 5186
Milt,Seamer,Male,mseamerng@jalbum.net,739 674 3341
Wendie,Slidders,Female,wsliddersnh@creativecommons.org,313 225 7488
Gretal,Pridding,Female,gpriddingni@arizona.edu,865 204 9866
Catharine,Mitchelhill,Female,cmitchelhillnj@lulu.com,814 194 1876
Poul,Banes,Male,pbanesnk@umich.edu,182 891 1833
Osgood,Ozanne,Male,oozannenl@columbia.edu,397 666 8841
Sax,O'Donovan,Male,sodonovannm@com.com,302 514 1511
Reeva,Crowcum,Female,rcrowcumnn@smh.com.au,309 956 3913
Shoshanna,Flaunier,Female,sflaunierno@webnode.com,614 420 0325
Charity,Sedgeworth,Genderqueer,csedgeworthnp@1und1.de,262 822 9518
Beltran,McCartney,Male,bmccartneynq@usa.gov,677 198 8950
Fara,Caddies,Female,fcaddiesnr@cisco.com,756 366 4403
Linnell,Trembath,Female,ltrembathns@mit.edu,642 495 7704
Julieta,Wilkins,Female,jwilkinsnt@dropbox.com,101 896 9674
Caz,Eadon,Male,ceadonnu@mozilla.org,335 178 3935
Gretel,Almond,Female,galmondnv@unesco.org,372 879 8036
Moise,Le Estut,Male,mleestutnw@scribd.com,769 208 0290
Cathee,Tuckey,Female,ctuckeynx@xing.com,927 621 2069
Neila,Bole,Female,nboleny@tuttocitta.it,979 214 6703
Danny,Gelderd,Female,dgelderdnz@tripadvisor.com,187 277 0345
Magdalena,Deverille,Agender,mdeverilleo0@geocities.jp,110 588 9659
Anica,Chominski,Female,achominskio1@purevolume.com,612 486 6702
Curr,Malan,Male,cmalano2@samsung.com,272 835 1888
Dalston,Hadkins,Male,dhadkinso3@google.com.br,210 703 4333
Israel,Crispin,Male,icrispino4@intel.com,973 228 8345
Luciana,Yaxley,Bigender,lyaxleyo5@fema.gov,142 225 7439
Verile,Crampsy,Female,vcrampsyo6@wired.com,555 542 2056
Dela,Catlin,Female,dcatlino7@theatlantic.com,394 799 7120
Davita,Brigginshaw,Female,dbrigginshawo8@diigo.com,957 952 0920
Aundrea,Simonazzi,Female,asimonazzio9@parallels.com,478 230 0326
Zandra,Batistelli,Female,zbatistellioa@oakley.com,593 404 3392
Chloette,Brader,Female,cbraderob@hc360.com,296 383 4309
Jeralee,Stithe,Female,jstitheoc@webmd.com,718 346 7717
Andriette,Ivankov,Female,aivankovod@netscape.com,676 565 4663
Karyl,Accomb,Female,kaccomboe@bbc.co.uk,607 374 1281
Maire,Gooderridge,Female,mgooderridgeof@buzzfeed.com,747 292 0528
Warden,Koubek,Genderfluid,wkoubekog@psu.edu,443 211 1554
Virgie,Cicerone,Male,vciceroneoh@hatena.ne.jp,254 987 6952
Gabbie,Burkett,Female,gburkettoi@imgur.com,376 323 9263
Nora,Goodreid,Female,ngoodreidoj@oracle.com,925 297 7160
Goldi,Callicott,Female,gcallicottok@prnewswire.com,515 614 0133
Yolanda,Wands,Female,ywandsol@fda.gov,353 127 6449
Lorain,Tassel,Female,ltasselom@issuu.com,703 519 5490
Ingelbert,Winear,Non-binary,iwinearon@fastcompany.com,981 299 8357
Terence,Ornelas,Male,tornelasoo@nydailynews.com,203 919 3865
Edy,Gennings,Female,egenningsop@house.gov,677 417 2103
Gabriel,Baitman,Male,gbaitmanoq@vkontakte.ru,204 997 9827
Luigi,Avey,Male,laveyor@salon.com,689 331 1979
Callida,Tackley,Female,ctackleyos@discovery.com,684 311 0890
Zahara,Eicheler,Female,zeichelerot@skype.com,216 403 6782
Andrew,Hestrop,Male,ahestropou@plala.or.jp,197 390 1539
Herbie,Halston,Male,hhalstonov@posterous.com,140 629 2464
Noby,Galiford,Male,ngalifordow@sina.com.cn,846 585 9683
Betty,Farebrother,Female,bfarebrotherox@wp.com,792 683 0465
Tailor,Veal,Polygender,tvealoy@hao123.com,510 226 2353
Dana,Laslett,Male,dlaslettoz@quantcast.com,646 811 9292
Annabal,McAlarney,Female,amcalarneyp0@weibo.com,305 982 9991
Dani,Marwood,Male,dmarwoodp1@wikispaces.com,633 235 8271
Nikkie,Eminson,Female,neminsonp2@wp.com,230 847 3351
Appolonia,Hatherleigh,Female,ahatherleighp3@rakuten.co.jp,348 531 7516
Lanette,Wilsey,Female,lwilseyp4@newsvine.com,228 785 9573
Lindsey,Rippingall,Polygender,lrippingallp5@nhs.uk,601 380 5985
Ede,Vankov,Female,evankovp6@harvard.edu,369 358 0336
Nichol,Gabites,Female,ngabitesp7@spotify.com,432 302 1876
Hedvig,Bedinn,Agender,hbedinnp8@ucla.edu,903 584 2686
Jaime,Klassman,Male,jklassmanp9@comcast.net,692 507 4974
Tamarra,Tandey,Female,ttandeypa@taobao.com,872 565 6991
Cazzie,Michelle,Male,cmichellepb@washingtonpost.com,176 993 3246
Briana,Moules,Female,bmoulespc@smh.com.au,631 823 8010
Dotty,Enderson,Female,dendersonpd@github.com,986 267 5107
Dominik,Munton,Male,dmuntonpe@samsung.com,495 997 0605
Terrye,Berston,Female,tberstonpf@amazon.de,901 612 3569
Cosmo,McGriele,Male,cmcgrielepg@live.com,643 342 9948
Jerri,Philipard,Male,jphilipardph@seesaa.net,511 232 6182
Aldous,Donativo,Male,adonativopi@theguardian.com,578 310 5735
Friedrich,Herrieven,Male,fherrievenpj@usnews.com,373 441 5854
Alberta,Brunskill,Female,abrunskillpk@imgur.com,792 689 3343
Linzy,McKeurtan,Female,lmckeurtanpl@yelp.com,322 654 1561
Ilise,Woolmington,Polygender,iwoolmingtonpm@uiuc.edu,206 945 8127
Tess,Burchett,Polygender,tburchettpn@cnet.com,137 124 6320
Frieda,Lune,Female,flunepo@nps.gov,913 718 8111
Nathan,Glavias,Male,nglaviaspp@nifty.com,267 806 2122
Reynold,Siberry,Male,rsiberrypq@parallels.com,260 537 1187
Ezekiel,Farahar,Male,efaraharpr@statcounter.com,803 190 2602
Wang,Beard,Male,wbeardps@nsw.gov.au,392 465 9919
Conrade,Ostrich,Male,costrichpt@histats.com,944 454 3820
Rozella,Bridle,Female,rbridlepu@whitehouse.gov,467 841 8540
Shepherd,Besque,Male,sbesquepv@disqus.com,408 695 3186
Del,Asey,Male,daseypw@dell.com,166 923 3065
Barclay,Robins,Male,brobinspx@mozilla.org,118 207 5777
Cary,Karpeev,Female,ckarpeevpy@soundcloud.com,109 466 4279
Bronson,Rainbow,Male,brainbowpz@patch.com,757 836 1766
Thomas,Charles,Male,tcharlesq0@geocities.jp,304 935 8690
Sylvan,Bris,Male,sbrisq1@senate.gov,784 228 3959
Danya,Allanson,Female,dallansonq2@va.gov,685 348 1402
Ebenezer,Isley,Male,eisleyq3@pbs.org,949 596 8956
Dickie,Mapstone,Polygender,dmapstoneq4@mayoclinic.com,796 770 3203
Giavani,Lidgely,Male,glidgelyq5@slate.com,866 292 0675
Brittani,Gambie,Female,bgambieq6@about.com,507 462 9534
Adam,Clementi,Male,aclementiq7@dell.com,964 282 0410
Janeta,Matherson,Female,jmathersonq8@sphinn.com,640 911 3076
Roxanna,Vittle,Female,rvittleq9@lycos.com,366 994 2882
Liesa,McQuilkin,Female,lmcquilkinqa@yale.edu,502 763 4187
Sissy,Fortnon,Female,sfortnonqb@gov.uk,163 745 3240
Flinn,Leftly,Male,fleftlyqc@pcworld.com,504 476 7068
Brandice,Scroggie,Female,bscroggieqd@whitehouse.gov,557 693 5681
Gasparo,Castri,Male,gcastriqe@nasa.gov,923 800 7659
Allene,Reimers,Female,areimersqf@t.co,157 616 1549
Keelia,Tregear,Female,ktregearqg@alexa.com,318 923 7307
Rockie,Flecknell,Male,rflecknellqh@illinois.edu,576 154 7748
Wood,Winnard,Male,wwinnardqi@guardian.co.uk,472 481 9694
Johann,Lubbock,Male,jlubbockqj@weather.com,896 204 5865
Hollyanne,Terne,Genderqueer,hterneqk@unesco.org,885 115 5761
Hakeem,Bountiff,Male,hbountiffql@ca.gov,721 904 9565
Alidia,Yushin,Female,ayushinqm@ameblo.jp,944 775 5182
Clayson,Swepstone,Male,cswepstoneqn@cbsnews.com,401 198 8133
Ange,O'Moylan,Female,aomoylanqo@netlog.com,999 845 6046
Sheridan,Weine,Male,sweineqp@cornell.edu,368 268 9225
Kimberley,Hammerberger,Female,khammerbergerqq@infoseek.co.jp,145 895 6053
Abdel,Rainer,Male,arainerqr@china.com.cn,257 510 2289
Shirline,Nabarro,Female,snabarroqs@abc.net.au,379 424 3402
Karola,Rountree,Female,krountreeqt@eepurl.com,175 648 4493
Ronny,Tolchard,Genderqueer,rtolchardqu@umich.edu,813 558 3392
Fredrika,Cleaves,Female,fcleavesqv@phoca.cz,729 942 4509
Angelita,MacShane,Female,amacshaneqw@blogspot.com,674 209 6190
Deena,Cooney,Female,dcooneyqx@discuz.net,896 443 3549
Arlina,Kent,Female,akentqy@scribd.com,688 792 1912
Benito,Partner,Male,bpartnerqz@goo.ne.jp,965 968 0756
Gerianne,Kamenar,Bigender,gkamenarr0@latimes.com,601 552 0803
Mandel,Keefe,Male,mkeefer1@virginia.edu,653 792 6072
Junia,Chamberlaine,Female,jchamberlainer2@sphinn.com,340 313 0904
Glyn,Lidgett,Male,glidgettr3@eventbrite.com,713 352 6925
Berry,Triggel,Female,btriggelr4@networkadvertising.org,596 151 1414
Townie,Gommes,Male,tgommesr5@who.int,200 387 9177
Hermine,Tinston,Non-binary,htinstonr6@guardian.co.uk,281 113 8091
Wayne,Glozman,Male,wglozmanr7@etsy.com,760 435 1689
Dannie,Tilio,Male,dtilior8@examiner.com,389 398 7471
Lyssa,Sheehan,Female,lsheehanr9@technorati.com,271 100 6179
Lorri,Chaffen,Female,lchaffenra@webnode.com,294 727 2813
Martin,Keilloh,Male,mkeillohrb@drupal.org,656 313 6047
Trenton,Sysland,Male,tsyslandrc@sbwire.com,692 526 2230
Caprice,Tolson,Female,ctolsonrd@google.com.au,705 333 7329
Stewart,Abbes,Non-binary,sabbesre@hexun.com,413 926 0736
Brad,Hyndley,Genderfluid,bhyndleyrf@technorati.com,944 410 3921
Janeva,Scothorn,Female,jscothornrg@biglobe.ne.jp,573 386 5546
Karoly,Ricciardello,Male,kricciardellorh@dropbox.com,225 721 8533
Bellina,Giddons,Female,bgiddonsri@pagesperso-orange.fr,219 914 4221
Terry,Domesday,Male,tdomesdayrj@illinois.edu,384 661 8043
Delly,Dwerryhouse,Female,ddwerryhouserk@privacy.gov.au,300 403 8435
Ardene,Verden,Female,averdenrl@elegantthemes.com,709 349 4463
Auroora,Sixsmith,Female,asixsmithrm@intel.com,482 328 9678
Giorgio,O'Heagertie,Male,goheagertiern@newyorker.com,122 888 3875
Orville,Whitwham,Male,owhitwhamro@bluehost.com,850 795 6752
Jessy,Rochford,Female,jrochfordrp@mediafire.com,189 262 9936
Dory,Farrar,Female,dfarrarrq@oakley.com,958 561 6360
Mattias,Harbidge,Male,mharbidgerr@quantcast.com,728 935 5762
