first_name,last_name,gender,email,phone
Byran,Maher,Male,bmaher0@gnu.org,858 496 4678
Gino,Fardon,Agender,gfardon1@de.vu,190 793 7626
Izak,Morphew,Male,imorphew2@earthlink.net,894 804 1805
Amby,Cuttle,Male,acuttle3@bloomberg.com,521 285 0629
Jsandye,Ravenscroftt,Female,jravenscroftt4@woothemes.com,338 431 6888
Pam,Vosse,Female,pvosse5@blogs.com,921 215 9077
Yard,Ostler,Male,yostler6@example.com,689 289 0254
Hamel,Feyer,Male,hfeyer7@amazon.com,186 319 8117
Afton,Keepence,Female,akeepence8@tmall.com,260 799 1227
Damita,Bosden,Female,dbosden9@tamu.edu,476 653 7299
Bobina,Lackney,Female,blackneya@joomla.org,763 215 6610
Bord,Laxe,Male,blaxeb@narod.ru,563 233 5013
Alastair,Gerraty,Male,agerratyc@mashable.com,689 315 5687
Trev,De Ruggero,Male,tderuggerod@omniture.com,403 288 1321
Bartie,Leyzell,Male,bleyzelle@rediff.com,528 334 3510
Alica,Haliday,Female,ahalidayf@economist.com,727 396 0144
Gale,Beddoes,Bigender,gbeddoesg@yahoo.com,790 583 0263
Abelard,Mosby,Male,amosbyh@usgs.gov,439 512 8825
Evangelina,Groucock,Female,egroucocki@cbc.ca,954 285 2614
Delores,Bradberry,Female,dbradberryj@pagesperso-orange.fr,916 252 1065
Crichton,Stile,Male,cstilek@slashdot.org,726 114 3635
Sebastian,Rickertsen,Male,srickertsenl@reddit.com,797 273 1428
Lionel,D'Almeida,Male,ldalmeidam@auda.org.au,852 439 4260
Edik,Klishin,Male,eklishinn@godaddy.com,693 920 0090
Esmeralda,Blewett,Female,eblewetto@bluehost.com,982 347 6139
Reinhard,Gook,Male,rgookp@nps.gov,745 859 5530
Wyatan,Simnel,Male,wsimnelq@guardian.co.uk,209 500 1270
Aimee,Dani,Female,adanir@naver.com,470 153 2071
Zeb,Whittington,Male,zwhittingtons@friendfeed.com,647 145 1089
Flossie,Fawssett,Female,ffawssettt@imgur.com,893 124 5137
Alano,Parken,Male,aparkenu@usatoday.com,325 519 3374
Mufi,Weed,Female,mweedv@toplist.cz,913 458 5887
Pebrook,Linsay,Male,plinsayw@51.la,419 739 1933
Tracy,Becom,Female,tbecomx@trellian.com,201 605 8123
Alexandra,Warboy,Female,awarboyy@google.com.hk,786 534 5282
Willa,Matityahu,Female,wmatityahuz@wired.com,388 558 2360
Eada,Jowling,Genderqueer,ejowling10@ed.gov,530 512 3735
Hort,Clohessy,Male,hclohessy11@wikipedia.org,316 826 5119
Inga,Fredi,Female,ifredi12@nationalgeographic.com,989 996 8422
Lonnie,Summerton,Female,lsummerton13@aboutads.info,755 275 2042
Nanci,Blanking,Female,nblanking14@mac.com,281 391 9726
Milty,Mustoo,Male,mmustoo15@blogtalkradio.com,206 182 4501
Lutero,Tomkinson,Male,ltomkinson16@ameblo.jp,454 219 5599
Terrill,Deare,Male,tdeare17@toplist.cz,638 365 1234
Cati,Cote,Female,ccote18@fastcompany.com,547 157 2206
Merle,Ravillas,Male,mravillas19@ifeng.com,790 540 4088
Axel,Eskriet,Male,aeskriet1a@bbc.co.uk,536 576 6575
Waly,Maharey,Female,wmaharey1b@google.it,840 165 6262
Valenka,Gaddas,Female,vgaddas1c@chronoengine.com,891 522 0493
Teresa,Carlill,Female,tcarlill1d@altervista.org,357 773 3673
Yardley,Wolpert,Male,ywolpert1e@cbslocal.com,261 567 1989
Tamarah,Schankelborg,Female,tschankelborg1f@ustream.tv,219 647 4458
Abbey,Robertis,Male,arobertis1g@timesonline.co.uk,621 438 4730
Wallie,Morrel,Female,wmorrel1h@list-manage.com,793 114 8034
Waylan,Scottini,Male,wscottini1i@arizona.edu,528 185 3146
Sawyer,Etherson,Male,setherson1j@squidoo.com,153 332 5419
Calypso,Gooderick,Female,cgooderick1k@mozilla.com,123 686 3218
Nikolaos,Childrens,Male,nchildrens1l@hibu.com,281 886 6055
Josi,Canner,Female,jcanner1m@simplemachines.org,711 563 2568
Alvie,Goodhay,Male,agoodhay1n@imdb.com,968 453 1634
Annis,Ingreda,Female,aingreda1o@prnewswire.com,736 279 0074
Jonathan,O'Doherty,Male,jodoherty1p@a8.net,412 688 4165
Robers,Poon,Male,rpoon1q@tmall.com,272 374 2346
Stephani,Dorrity,Female,sdorrity1r@example.com,714 477 8515
Burtie,Loudyan,Male,bloudyan1s@deliciousdays.com,141 775 4909
Christie,Lorie,Male,clorie1t@wiley.com,254 200 3108
Reynolds,Khadir,Male,rkhadir1u@goodreads.com,295 690 0138
Consalve,Henstone,Polygender,chenstone1v@nationalgeographic.com,951 994 8164
Link,Lorman,Male,llorman1w@reference.com,286 986 8716
Alberto,Rounsefull,Male,arounsefull1x@google.com.br,267 100 9396
Carlo,Tarplee,Male,ctarplee1y@smugmug.com,399 444 7969
Duffie,Napthine,Male,dnapthine1z@is.gd,897 560 3859
Carlita,Hassur,Genderfluid,chassur20@skype.com,255 313 4804
Jamesy,Asker,Male,jasker21@google.es,441 183 2278
Ichabod,Caudray,Male,icaudray22@sbwire.com,964 719 3813
Tracie,Lawdham,Male,tlawdham23@nih.gov,919 832 0038
Jourdain,Blaksley,Male,jblaksley24@rambler.ru,259 223 3186
Nanci,Tebbet,Female,ntebbet25@pen.io,893 269 0430
Elene,Leathart,Female,eleathart26@trellian.com,189 450 5607
Brad,Abelson,Male,babelson27@live.com,156 590 1972
Igor,Daynter,Male,idaynter28@creativecommons.org,111 521 6901
Annis,Tinkler,Female,atinkler29@goo.gl,264 580 8205
Ashil,Luter,Female,aluter2a@printfriendly.com,227 726 5675
Kattie,Coudray,Female,kcoudray2b@ezinearticles.com,770 590 8934
Barbra,Brookhouse,Female,bbrookhouse2c@weebly.com,573 672 0607
Ezechiel,Petrello,Male,epetrello2d@theguardian.com,969 740 1884
Kirstyn,Prawle,Bigender,kprawle2e@adobe.com,579 418 6508
Tiena,Brim,Female,tbrim2f@usgs.gov,749 886 6571
Mickie,Banford,Male,mbanford2g@ihg.com,255 795 6474
Cristal,Crevagh,Female,ccrevagh2h@example.com,852 378 4041
Meris,Mearns,Female,mmearns2i@gravatar.com,422 445 0627
Elston,Swindin,Male,eswindin2j@scientificamerican.com,251 988 8107
Jeramey,Trout,Polygender,jtrout2k@mozilla.com,894 430 4643
Wat,Wallett,Male,wwallett2l@ow.ly,572 661 7547
Allegra,Cissen,Female,acissen2m@apple.com,726 562 7645
Torre,Anfosso,Male,tanfosso2n@ed.gov,596 731 8680
Margareta,Minto,Female,mminto2o@bbc.co.uk,468 969 9116
Arnuad,Gilloran,Male,agilloran2p@goo.gl,688 150 0255
Krista,Ellicott,Female,kellicott2q@symantec.com,352 151 4996
Sherye,Shearmur,Female,sshearmur2r@list-manage.com,447 264 6102
Ky,O'Luney,Male,koluney2s@github.com,509 603 7939
Chrissy,Dowbekin,Male,cdowbekin2t@shop-pro.jp,682 315 6345
Jeff,Kinker,Male,jkinker2u@mozilla.com,553 144 8640
Karel,Wiggans,Female,kwiggans2v@rediff.com,640 250 3451
Stevy,Glinde,Male,sglinde2w@usatoday.com,813 587 0644
Elisa,Calow,Female,ecalow2x@blogger.com,281 225 6515
Augustine,Whybrow,Male,awhybrow2y@dion.ne.jp,763 626 3946
Jamal,Luttgert,Male,jluttgert2z@merriam-webster.com,528 943 5896
Boothe,Dickman,Male,bdickman30@ted.com,755 579 5701
Benson,Vedenichev,Male,bvedenichev31@icio.us,624 474 5560
Celestia,Koene,Genderqueer,ckoene32@gizmodo.com,617 855 0430
Aeriela,Reeder,Female,areeder33@zimbio.com,372 956 0812
Ursula,Slowgrave,Female,uslowgrave34@craigslist.org,561 104 0665
Etan,Belly,Male,ebelly35@redcross.org,284 961 9229
Ardelis,Isaq,Female,aisaq36@msn.com,376 899 0032
Marlowe,Garvey,Male,mgarvey37@wisc.edu,968 499 5214
Dion,Lemerie,Female,dlemerie38@com.com,518 395 6041
Heddi,Rushbury,Female,hrushbury39@boston.com,522 304 7935
Maggi,Cockett,Female,mcockett3a@google.com,408 981 8880
Kira,Million,Female,kmillion3b@dagondesign.com,373 358 6335
Kaine,Flanaghan,Male,kflanaghan3c@theguardian.com,589 558 1103
Naoma,Wornum,Female,nwornum3d@harvard.edu,602 962 7274
Jenelle,Paolucci,Genderqueer,jpaolucci3e@telegraph.co.uk,896 518 3113
Emalee,Siuda,Female,esiuda3f@epa.gov,815 517 1036
Cherish,Wildber,Female,cwildber3g@twitpic.com,407 388 8912
Dionne,Prandini,Female,dprandini3h@digg.com,828 453 5749
Risa,Riggeard,Female,rriggeard3i@chicagotribune.com,202 123 5485
Davide,Matushevich,Male,dmatushevich3j@nbcnews.com,833 857 8353
Tine,Frankton,Female,tfrankton3k@about.me,376 249 5427
Alyosha,Hubane,Male,ahubane3l@newyorker.com,744 769 4257
Athene,Piddock,Female,apiddock3m@independent.co.uk,553 833 4407
Hesther,Askie,Female,haskie3n@cnn.com,916 202 6857
Shirlee,Tourle,Female,stourle3o@nih.gov,954 536 0661
Terrill,O'Geneay,Male,togeneay3p@ucla.edu,122 574 8349
Leon,Pickup,Male,lpickup3q@dyndns.org,966 222 5809
Almeda,Marzelo,Female,amarzelo3r@ustream.tv,945 855 0927
Travis,Stanlick,Male,tstanlick3s@mlb.com,104 539 4725
Leigha,Eilhart,Female,leilhart3t@nyu.edu,640 469 7432
Karna,Kleingrub,Female,kkleingrub3u@reference.com,163 479 8075
Courtenay,Roughley,Female,croughley3v@xinhuanet.com,918 514 0026
Dix,Elwill,Female,delwill3w@japanpost.jp,234 207 8267
Johannah,Plevin,Female,jplevin3x@ed.gov,650 433 0016
Melicent,Sheasby,Polygender,msheasby3y@go.com,565 680 6736
Salvidor,Witch,Male,switch3z@mapy.cz,859 326 4326
Irene,Rennels,Female,irennels40@yolasite.com,999 747 3959
Fawne,Learmonth,Female,flearmonth41@digg.com,484 266 8163
Aaron,Gerauld,Bigender,agerauld42@mac.com,836 362 7089
Billie,Tiernan,Female,btiernan43@goo.ne.jp,553 323 5700
Raffarty,Hoggins,Non-binary,rhoggins44@chron.com,435 736 5466
Luca,Bringloe,Male,lbringloe45@flickr.com,487 472 2499
Yoko,Redgrove,Female,yredgrove46@privacy.gov.au,689 913 6946
Andra,Ruckert,Female,aruckert47@mozilla.com,654 732 8550
Gram,Belding,Male,gbelding48@nifty.com,706 690 1759
Royce,Clifford,Male,rclifford49@pbs.org,542 370 1522
Emanuele,Lindenblatt,Male,elindenblatt4a@barnesandnoble.com,647 126 3839
Joseph,Bardwell,Male,jbardwell4b@flickr.com,508 928 9857
Abra,Dennerley,Female,adennerley4c@bandcamp.com,414 427 8313
Nikita,Skakunas,Male,nskakunas4d@livejournal.com,910 924 1586
Ara,Cattroll,Male,acattroll4e@ftc.gov,851 455 3091
Marnie,Hornbuckle,Female,mhornbuckle4f@blog.com,966 185 5267
Mechelle,McRavey,Female,mmcravey4g@angelfire.com,686 348 9179
Taylor,Warratt,Male,twarratt4h@google.com,692 364 2804
Analise,Pollack,Female,apollack4i@e-recht24.de,128 320 5862
Hermione,Shepeard,Female,hshepeard4j@biglobe.ne.jp,723 454 6728
Gianna,Marusic,Female,gmarusic4k@arstechnica.com,826 561 6145
Fabe,Fleeming,Male,ffleeming4l@jimdo.com,214 571 3114
Merralee,Catlin,Female,mcatlin4m@freewebs.com,712 319 1180
Caddric,Goncalo,Male,cgoncalo4n@taobao.com,214 927 4758
Cheri,Halfhide,Female,chalfhide4o@psu.edu,411 898 6788
Cati,Scoon,Female,cscoon4p@businesswire.com,236 808 6823
Tybi,Antognazzi,Female,tantognazzi4q@xrea.com,833 241 2225
Rana,Yesenev,Female,ryesenev4r@webnode.com,670 327 8692
Romona,Bridge,Female,rbridge4s@nps.gov,586 235 6917
Guillaume,Withey,Male,gwithey4t@google.com.hk,535 210 1454
Dorie,Moulson,Male,dmoulson4u@wikia.com,166 239 0471
Heddie,Philipp,Agender,hphilipp4v@creativecommons.org,322 528 7736
Phillipe,Shreeve,Male,pshreeve4w@stanford.edu,748 158 3377
Filip,Bowle,Male,fbowle4x@smugmug.com,109 841 5434
Adlai,Dray,Male,adray4y@mashable.com,814 471 4808
Cal,Tigner,Male,ctigner4z@rambler.ru,567 387 7837
Bondon,Still,Male,bstill50@un.org,584 927 9926
Andrew,Duferie,Male,aduferie51@nyu.edu,675 966 4551
Melonie,Tebbutt,Female,mtebbutt52@bloomberg.com,104 418 1234
Trevar,Blonfield,Male,tblonfield53@surveymonkey.com,782 863 0620
Jemima,Templeman,Female,jtempleman54@chronoengine.com,865 501 5339
Farr,Chadband,Male,fchadband55@mit.edu,411 575 5655
Verena,Stapels,Female,vstapels56@4shared.com,701 667 8577
Jade,Mc Corley,Female,jmccorley57@nationalgeographic.com,960 563 5449
Sheelagh,Skirrow,Female,sskirrow58@tumblr.com,391 983 1196
Avery,Palphreyman,Male,apalphreyman59@ebay.co.uk,782 571 6812
Shirline,Elcy,Female,selcy5a@smugmug.com,405 867 3811
Yvonne,Hawes,Female,yhawes5b@multiply.com,736 380 5150
Licha,Sweetenham,Female,lsweetenham5c@tuttocitta.it,675 655 9961
Alonzo,Bernaert,Male,abernaert5d@ameblo.jp,548 918 3195
Bibbie,Milne,Female,bmilne5e@squarespace.com,448 933 1409
Alice,Flatt,Female,aflatt5f@wikimedia.org,636 837 0207
Bobby,Ickovic,Female,bickovic5g@tinypic.com,959 348 8152
Kayle,Lafontaine,Female,klafontaine5h@icq.com,559 737 9655
Brynn,Kennington,Female,bkennington5i@zimbio.com,817 829 7547
Christa,Lawler,Female,clawler5j@bandcamp.com,769 517 7222
Bari,Conibere,Female,bconibere5k@printfriendly.com,811 748 6402
Alleyn,Ferreo,Male,aferreo5l@walmart.com,419 880 7391
Cesar,De Domenici,Male,cdedomenici5m@netvibes.com,312 428 2940
Barty,Lark,Male,blark5n@gravatar.com,783 750 3022
Allen,Bartusek,Male,abartusek5o@buzzfeed.com,547 151 2826
Patty,Challen,Male,pchallen5p@elegantthemes.com,747 401 5848
Odey,Nizet,Male,onizet5q@example.com,186 203 1219
Neile,Coils,Female,ncoils5r@github.io,884 373 7312
Agata,Sauvage,Female,asauvage5s@cisco.com,124 616 2925
Bibi,Canning,Non-binary,bcanning5t@ameblo.jp,246 145 3990
Gannon,MacConchie,Male,gmacconchie5u@sbwire.com,837 906 7333
Goddard,Matousek,Male,gmatousek5v@hugedomains.com,361 410 1027
Devin,While,Male,dwhile5w@rakuten.co.jp,938 493 7118
Kim,Sancraft,Genderfluid,ksancraft5x@sciencedaily.com,302 928 4661
Brittney,Puncher,Female,bpuncher5y@rakuten.co.jp,557 880 9193
Waldemar,Rand,Male,wrand5z@sciencedaily.com,647 614 1643
See,Dregan,Non-binary,sdregan60@phpbb.com,737 427 8601
Lennard,Brandenberg,Male,lbrandenberg61@china.com.cn,514 365 9898
Wolf,Echlin,Male,wechlin62@dell.com,835 418 6689
Leanor,Matelyunas,Female,lmatelyunas63@eventbrite.com,977 280 7522
Carney,Briddock,Male,cbriddock64@discuz.net,271 211 8176
Cobb,Hasnney,Male,chasnney65@ycombinator.com,739 411 1094
Ruben,Jobbins,Male,rjobbins66@privacy.gov.au,115 224 1117
Minerva,McRannell,Female,mmcrannell67@list-manage.com,900 415 4401
Jocko,Reisin,Male,jreisin68@friendfeed.com,380 559 0607
Tomlin,Puddifer,Male,tpuddifer69@creativecommons.org,842 458 7278
Katerine,Dureden,Female,kdureden6a@freewebs.com,432 978 2482
Teena,Jirousek,Female,tjirousek6b@deliciousdays.com,726 753 5281
Genni,Gooddie,Female,ggooddie6c@blog.com,167 313 9961
Jeremie,Daulton,Male,jdaulton6d@php.net,256 543 1083
Burnaby,Wagenen,Male,bwagenen6e@360.cn,756 283 5003
Cathleen,Scholtz,Female,cscholtz6f@bizjournals.com,546 751 7600
Logan,Meach,Male,lmeach6g@wunderground.com,958 227 3276
Jack,Chazier,Male,jchazier6h@vinaora.com,520 948 1586
Rolland,Hay,Male,rhay6i@sbwire.com,846 827 4884
Kip,Juorio,Male,kjuorio6j@amazon.com,758 272 3438
Marilyn,Revans,Female,mrevans6k@yellowpages.com,184 569 1179
Janaye,Betjeman,Female,jbetjeman6l@t.co,671 768 7074
Alexis,Vanichkin,Female,avanichkin6m@illinois.edu,476 413 1592
Adriano,Rosensaft,Male,arosensaft6n@samsung.com,569 297 5206
Kristel,Matchett,Non-binary,kmatchett6o@blogtalkradio.com,835 506 6986
Phillipp,Mussalli,Male,pmussalli6p@blogs.com,484 178 6046
Davon,Cafferty,Non-binary,dcafferty6q@linkedin.com,869 115 5277
Cathleen,O'Gaven,Female,cogaven6r@1und1.de,137 948 1039
Morgen,Cardenoza,Female,mcardenoza6s@blogs.com,512 181 1412
Elroy,Murrison,Male,emurrison6t@weather.com,712 218 5264
Antoinette,McInulty,Female,amcinulty6u@woothemes.com,571 751 4514
Stavro,Custed,Male,scusted6v@deliciousdays.com,497 704 9132
Carlita,Minnock,Female,cminnock6w@umich.edu,657 182 9446
Dietrich,Paolacci,Male,dpaolacci6x@soundcloud.com,118 750 2314
Ibrahim,Smedmore,Male,ismedmore6y@amazon.co.jp,532 922 5494
Sigmund,Gravells,Male,sgravells6z@ustream.tv,101 378 1384
Wilona,Treadaway,Female,wtreadaway70@mozilla.org,124 561 6032
Margie,Vondrach,Female,mvondrach71@delicious.com,566 926 5887
Lawton,Petit,Male,lpetit72@qq.com,482 878 8565
Normand,Denham,Male,ndenham73@jugem.jp,807 295 1559
Fair,Beamont,Male,fbeamont74@usgs.gov,988 118 4986
Boniface,Stormont,Male,bstormont75@domainmarket.com,861 724 0093
Lindsay,Sommerton,Male,lsommerton76@timesonline.co.uk,787 652 0513
Royal,Pierce,Male,rpierce77@skyrock.com,655 863 1318
Collette,De Miranda,Female,cdemiranda78@infoseek.co.jp,122 326 6126
Tye,Grieve,Male,tgrieve79@miitbeian.gov.cn,693 971 7710
Elihu,Barnhart,Agender,ebarnhart7a@yellowpages.com,390 618 6492
Gerry,Ansty,Male,gansty7b@nsw.gov.au,527 862 3429
Octavia,Kubik,Female,okubik7c@tinypic.com,419 572 4859
Leah,Gillespey,Female,lgillespey7d@engadget.com,771 926 9380
Phyllida,Shieldon,Female,pshieldon7e@amazon.com,262 388 4706
Torrence,Bohea,Male,tbohea7f@reference.com,737 810 7576
Tybalt,Chiechio,Male,tchiechio7g@discuz.net,221 669 2548
Mikkel,Wordesworth,Male,mwordesworth7h@bbb.org,360 614 5424
Charlton,Robbie,Male,crobbie7i@alexa.com,221 579 7524
Had,Garside,Male,hgarside7j@whitehouse.gov,235 492 5876
Bordie,McTrustram,Male,bmctrustram7k@jugem.jp,780 386 7081
Jamie,Huot,Male,jhuot7l@businessweek.com,643 617 7621
Byron,Diggens,Male,bdiggens7m@oakley.com,206 382 1334
Ramsey,Darkin,Genderfluid,rdarkin7n@symantec.com,247 218 6740
Kathlin,MacAndrew,Female,kmacandrew7o@pcworld.com,412 164 0541
Willa,Ely,Female,wely7p@omniture.com,473 692 0840
Marlena,Harrowsmith,Female,mharrowsmith7q@cisco.com,587 834 4393
Jordana,Parlatt,Female,jparlatt7r@w3.org,425 601 0345
Angela,Mowlam,Female,amowlam7s@bloglovin.com,290 650 4442
Hi,Lavallin,Male,hlavallin7t@freewebs.com,484 670 1687
Traci,Jaulmes,Female,tjaulmes7u@fda.gov,247 465 8319
Judy,Leindecker,Female,jleindecker7v@symantec.com,678 206 3751
Cort,Tibbetts,Non-binary,ctibbetts7w@last.fm,208 790 4726
Lemar,Dabs,Male,ldabs7x@phpbb.com,468 755 1025
Horton,Sherrell,Male,hsherrell7y@nhs.uk,927 787 6104
Norina,Brakespear,Polygender,nbrakespear7z@hc360.com,906 778 8154
Jodi,Colquete,Female,jcolquete80@delicious.com,938 674 0904
Coreen,Girdlestone,Female,cgirdlestone81@wisc.edu,663 242 2837
Jerrilyn,Bresnen,Female,jbresnen82@bigcartel.com,617 541 1342
Lynne,Bayfield,Female,lbayfield83@npr.org,928 765 9132
Carroll,Legerton,Female,clegerton84@freewebs.com,552 707 3854
Abbie,Burger,Male,aburger85@posterous.com,277 405 1332
Emmie,Cudiff,Female,ecudiff86@google.com,181 150 5248
Tish,Witty,Female,twitty87@tinypic.com,616 302 2743
Nevin,Huckabe,Bigender,nhuckabe88@foxnews.com,520 613 2442
Reinald,Kopecka,Male,rkopecka89@yellowbook.com,615 208 6545
Sammy,Hedon,Male,shedon8a@blogspot.com,729 623 5153
Minna,Bricket,Female,mbricket8b@tinypic.com,856 258 0590
Meredith,Rickeard,Bigender,mrickeard8c@who.int,706 488 0947
Hortense,Poser,Female,hposer8d@parallels.com,626 716 3205
Vergil,Jacobowits,Male,vjacobowits8e@booking.com,137 380 2492
Stefania,Adamiec,Female,sadamiec8f@imgur.com,736 260 0177
Babara,Labarre,Female,blabarre8g@shutterfly.com,645 956 1087
Cordie,Gahan,Male,cgahan8h@apple.com,725 831 5854
Antonella,De Ath,Female,adeath8i@pen.io,910 210 5902
See,Panton,Male,spanton8j@reference.com,109 901 5512
Bartram,Staveley,Male,bstaveley8k@webnode.com,653 589 7419
Rochester,Devanney,Male,rdevanney8l@xinhuanet.com,316 401 7381
Kessia,Genese,Female,kgenese8m@columbia.edu,800 884 3818
Patty,Ventura,Male,pventura8n@smh.com.au,482 853 7042
Susanetta,Gillicuddy,Female,sgillicuddy8o@weebly.com,796 728 2395
Noellyn,Elcock,Female,nelcock8p@yale.edu,173 608 6239
Anastassia,Weond,Female,aweond8q@baidu.com,152 132 5383
Celina,Seymark,Female,cseymark8r@sphinn.com,120 291 0712
Martin,Hindenburg,Male,mhindenburg8s@ow.ly,643 413 8966
Xymenes,Biset,Male,xbiset8t@hibu.com,116 390 6438
Hammad,Songest,Male,hsongest8u@cnn.com,266 831 5597
Hewet,Mutter,Male,hmutter8v@usnews.com,760 628 8253
Jamison,Crowhurst,Male,jcrowhurst8w@about.me,183 225 0922
Zandra,Jasiak,Female,zjasiak8x@nsw.gov.au,638 770 9563
Olimpia,Sherratt,Bigender,osherratt8y@cmu.edu,461 903 2545
Marlane,Shackesby,Female,mshackesby8z@prweb.com,582 601 8665
Katerine,Fleckness,Female,kfleckness90@va.gov,398 918 5740
Gavan,Cranney,Male,gcranney91@engadget.com,561 314 6097
Gillan,McCracken,Female,gmccracken92@google.ca,405 532 2986
Vic,Rackley,Male,vrackley93@fastcompany.com,102 628 0889
Christabella,Mousley,Female,cmousley94@blogger.com,943 831 2542
Giselbert,Treadgear,Agender,gtreadgear95@altervista.org,294 318 4230
Minerva,Rickaert,Female,mrickaert96@skyrock.com,865 347 7528
Faustina,Gilham,Genderqueer,fgilham97@dell.com,787 587 1803
Jennine,Tradewell,Female,jtradewell98@pen.io,224 963 2580
Jeremiah,McBrier,Male,jmcbrier99@oracle.com,816 700 6936
Padraic,Barthrop,Male,pbarthrop9a@uol.com.br,189 425 4225
Irving,Boakes,Male,iboakes9b@wiley.com,196 980 3057
Bibby,Battershall,Female,bbattershall9c@discovery.com,381 517 0003
Webb,Glanz,Male,wglanz9d@prnewswire.com,810 765 6915
Demetri,Debenham,Male,ddebenham9e@sphinn.com,752 884 3583
Bernhard,Dellenbrok,Male,bdellenbrok9f@statcounter.com,148 408 6167
Sianna,Smidmoor,Female,ssmidmoor9g@unesco.org,225 355 6964
Jon,Crolla,Male,jcrolla9h@php.net,993 830 8999
Rickert,Umbert,Male,rumbert9i@vimeo.com,856 853 6888
Desiri,Lourenco,Female,dlourenco9j@arstechnica.com,701 941 4043
Bobine,Lackney,Female,blackney9k@ebay.com,958 215 6945
Fairfax,Armistead,Male,farmistead9l@ehow.com,468 880 1971
Renie,Roseveare,Female,rroseveare9m@seesaa.net,917 943 8190
Ardyth,Danbury,Female,adanbury9n@prweb.com,430 215 5457
Malanie,Dominka,Female,mdominka9o@youtube.com,600 634 6777
Mikel,Lewnden,Male,mlewnden9p@moonfruit.com,729 493 6333
Conway,Eddowis,Male,ceddowis9q@earthlink.net,123 802 0786
Orbadiah,Shellibeer,Male,oshellibeer9r@xrea.com,441 501 8180
Dasya,Hedgeley,Female,dhedgeley9s@google.com.hk,528 678 8819
Clementius,Yendle,Male,cyendle9t@state.gov,923 338 2560
Shalne,Haslum,Female,shaslum9u@nih.gov,244 759 1317
Graeme,Farloe,Male,gfarloe9v@google.pl,437 163 4569
Avery,Rumke,Male,arumke9w@mysql.com,332 658 8932
Ilaire,Povele,Male,ipovele9x@typepad.com,852 489 5318
Rae,Godier,Female,rgodier9y@hatena.ne.jp,360 263 3773
Janot,Propper,Female,jpropper9z@spotify.com,817 160 1620
Sharyl,Cotterel,Female,scotterela0@dyndns.org,112 779 4577
Cherice,Bisset,Female,cbisseta1@oakley.com,703 980 0225
Dyanna,Benning,Female,dbenninga2@paginegialle.it,591 136 5857
Conni,Clementson,Female,cclementsona3@etsy.com,178 274 2849
Forester,Bispham,Male,fbisphama4@phpbb.com,660 456 9422
Augusto,Friend,Male,afrienda5@wiley.com,582 387 9636
Delmore,Malinson,Male,dmalinsona6@hao123.com,391 963 4378
Moshe,Orrock,Male,morrocka7@com.com,954 532 0495
Codi,Aindriu,Male,caindriua8@miitbeian.gov.cn,611 813 8429
Bryant,Perren,Male,bperrena9@disqus.com,534 941 0002
Dory,Banthorpe,Female,dbanthorpeaa@auda.org.au,444 751 7687
Miriam,Bauduccio,Female,mbauduccioab@yelp.com,916 558 8795
Sunny,Minnette,Female,sminnetteac@delicious.com,837 462 5592
Basilius,Busk,Male,bbuskad@yellowbook.com,693 660 1259
Norton,Besque,Male,nbesqueae@constantcontact.com,863 153 7465
Roscoe,Swait,Male,rswaitaf@timesonline.co.uk,569 924 4579
Sonnie,Hayles,Male,shaylesag@jugem.jp,290 715 8436
Troy,Kaindl,Bigender,tkaindlah@creativecommons.org,764 182 8289
Gavan,Speerman,Genderfluid,gspeermanai@barnesandnoble.com,654 532 6462
Donelle,Moakler,Female,dmoakleraj@usnews.com,454 719 1860
Elnora,Kinchington,Female,ekinchingtonak@blogtalkradio.com,362 824 1535
Terry,Leatt,Male,tleattal@hexun.com,217 829 3153
Jackquelin,Castagna,Polygender,jcastagnaam@nih.gov,960 517 7825
Billy,Megroff,Female,bmegroffan@yale.edu,515 450 5903
Essie,Wicher,Female,ewicherao@fema.gov,555 214 5808
Bogey,Piscopello,Male,bpiscopelloap@sina.com.cn,637 682 6912
Regan,Elderidge,Male,relderidgeaq@dot.gov,461 731 0468
Harris,Pevreal,Male,hpevrealar@1und1.de,120 447 5039
Chan,Wales,Male,cwalesas@devhub.com,964 956 4471
Natasha,Pepin,Female,npepinat@joomla.org,915 600 8165
Lorianna,Behagg,Female,lbehaggau@w3.org,829 451 5362
Tisha,Howison,Female,thowisonav@berkeley.edu,319 235 9175
Nevile,Perroni,Male,nperroniaw@baidu.com,359 795 7273
Kalle,Aslum,Male,kaslumax@ucla.edu,502 746 2693
Frazier,Menhenitt,Male,fmenhenittay@webmd.com,989 212 0899
Clara,Ivanyushkin,Female,civanyushkinaz@hibu.com,780 654 3244
Cordi,Prayer,Female,cprayerb0@dedecms.com,497 411 1445
Dottie,Willoughey,Genderqueer,dwillougheyb1@about.me,324 332 5885
Karry,Tolchard,Female,ktolchardb2@fema.gov,338 908 5666
Antonin,Barstock,Male,abarstockb3@reverbnation.com,689 639 9540
Myrah,Hadenton,Female,mhadentonb4@unblog.fr,306 496 6164
Joletta,Catmull,Female,jcatmullb5@i2i.jp,597 409 0541
Riccardo,Buxsey,Genderfluid,rbuxseyb6@comsenz.com,541 594 9803
Goran,Astling,Male,gastlingb7@acquirethisname.com,228 167 3529
Emylee,Canfer,Female,ecanferb8@barnesandnoble.com,117 249 7251
Alejandrina,Hibbart,Female,ahibbartb9@dedecms.com,420 793 5587
York,Noddings,Male,ynoddingsba@edublogs.org,443 963 3362
Tadd,de Verson,Male,tdeversonbb@privacy.gov.au,240 999 1550
Bryant,Poznan,Male,bpoznanbc@google.cn,179 459 9181
Fee,Dimitrijevic,Male,fdimitrijevicbd@umn.edu,906 875 9141
Rafi,Leeds,Male,rleedsbe@acquirethisname.com,173 806 5464
Estrella,Orrin,Female,eorrinbf@blogs.com,365 491 0620
Danit,Hardiman,Female,dhardimanbg@instagram.com,909 834 4177
Buddy,Gudde,Male,bguddebh@addtoany.com,756 280 6709
Rae,Baumann,Female,rbaumannbi@loc.gov,689 515 1774
Theadora,McCafferky,Female,tmccafferkybj@tinyurl.com,136 762 8748
Ami,Duddle,Female,aduddlebk@smugmug.com,807 791 3952
Stanley,Mottershead,Male,smottersheadbl@addtoany.com,202 100 7514
Romain,Eberts,Male,rebertsbm@vinaora.com,647 446 5844
Cybill,Puckinghorne,Female,cpuckinghornebn@w3.org,567 930 4418
Issiah,Mazzia,Male,imazziabo@economist.com,968 412 2987
Thomasa,Le Marchand,Female,tlemarchandbp@google.pl,141 108 4520
Ferguson,Furlong,Male,ffurlongbq@java.com,961 253 5610
Bertram,Dolphin,Male,bdolphinbr@nba.com,573 275 7215
Isaac,Eplett,Male,ieplettbs@plala.or.jp,738 994 4965
Marco,Ilsley,Male,milsleybt@spotify.com,969 613 1699
Bendix,Henfre,Male,bhenfrebu@homestead.com,245 361 0460
Rosana,Ledrane,Female,rledranebv@archive.org,589 209 2704
Rufe,Eagell,Male,reagellbw@last.fm,431 446 9811
Marie-jeanne,Franiak,Female,mfraniakbx@zdnet.com,282 267 3528
Earle,Roxby,Male,eroxbyby@webmd.com,315 870 1621
Hogan,Tesyro,Male,htesyrobz@wufoo.com,131 962 4152
Reinhold,Kleinpeltz,Male,rkleinpeltzc0@yolasite.com,730 768 7858
Bernita,Neenan,Female,bneenanc1@printfriendly.com,892 497 7542
Nikolas,Geill,Male,ngeillc2@stanford.edu,600 197 2870
Aland,Pexton,Male,apextonc3@hatena.ne.jp,429 510 2227
Andrei,Jablonski,Female,ajablonskic4@dailymail.co.uk,316 288 6972
Emelda,Selburn,Female,eselburnc5@mtv.com,167 132 4059
Perceval,Jeacock,Male,pjeacockc6@guardian.co.uk,451 455 5357
Sianna,Speariett,Female,sspeariettc7@i2i.jp,414 163 7498
Ondrea,Burstow,Female,oburstowc8@discuz.net,546 973 7995
Faun,Dahmel,Female,fdahmelc9@walmart.com,119 968 6320
Darla,Knibb,Female,dknibbca@hp.com,106 908 2617
Marni,Scally,Female,mscallycb@gnu.org,993 599 2699
Beatrix,Shelmardine,Female,bshelmardinecc@guardian.co.uk,621 384 2289
Kalinda,Lanahan,Female,klanahancd@arstechnica.com,634 421 8112
Conrad,Ansell,Male,cansellce@google.com.hk,878 304 9903
Katusha,Breslin,Female,kbreslincf@hhs.gov,785 392 5826
Clementius,Patullo,Genderfluid,cpatullocg@wufoo.com,772 399 0058
Carine,Bennedick,Female,cbennedickch@bizjournals.com,657 248 3583
Stacie,Tuminini,Bigender,stumininici@fastcompany.com,102 292 9357
Noell,Patridge,Genderqueer,npatridgecj@patch.com,191 155 2328
Betteanne,Scholcroft,Agender,bscholcroftck@foxnews.com,939 665 4585
Loretta,Windus,Female,lwinduscl@merriam-webster.com,268 723 8925
Janette,Calbreath,Genderqueer,jcalbreathcm@sbwire.com,339 972 9941
Mira,Anney,Agender,manneycn@ucoz.com,952 424 9440
Giraud,Gash,Male,ggashco@nhs.uk,819 147 9257
Archaimbaud,Glasson,Male,aglassoncp@myspace.com,374 567 4195
Daniele,Dominguez,Female,ddominguezcq@studiopress.com,712 444 3683
Salaidh,Brackpool,Female,sbrackpoolcr@archive.org,732 674 4254
Cinda,Lindholm,Female,clindholmcs@smugmug.com,736 131 4674
Michel,Mowett,Male,mmowettct@sina.com.cn,807 422 4744
Julian,Mityukov,Male,jmityukovcu@rediff.com,592 502 6428
Robin,Ormrod,Female,rormrodcv@techcrunch.com,641 703 5224
Conrad,Vila,Male,cvilacw@ameblo.jp,171 203 4538
Andros,Geeritz,Male,ageeritzcx@google.co.uk,706 969 6177
Gwenora,Proschek,Female,gproschekcy@cloudflare.com,581 887 0120
Ario,Simister,Male,asimistercz@senate.gov,415 582 0325
Doreen,Batecok,Female,dbatecokd0@jimdo.com,826 236 6504
Lay,Ludovico,Non-binary,lludovicod1@squarespace.com,674 765 7520
Pyotr,Torre,Male,ptorred2@mozilla.com,861 309 9947
Brittaney,Drawmer,Female,bdrawmerd3@unesco.org,755 102 4128
Pieter,Bimrose,Male,pbimrosed4@army.mil,402 525 7262
Netty,Ballston,Female,nballstond5@163.com,169 578 9392
Ebony,Fotheringham,Female,efotheringhamd6@live.com,238 742 0514
Barny,Iacovozzo,Male,biacovozzod7@i2i.jp,707 303 2297
Westbrook,Rosencrantz,Male,wrosencrantzd8@webnode.com,233 920 8791
Chelsey,Daoust,Female,cdaoustd9@1688.com,454 377 0283
Levey,Insley,Male,linsleyda@quantcast.com,377 626 3787
Flss,Whiskin,Female,fwhiskindb@wsj.com,964 172 0773
Eziechiele,Spere,Male,esperedc@princeton.edu,317 685 0683
Jens,Katzmann,Bigender,jkatzmanndd@1688.com,384 989 0731
Cece,Hugueville,Male,chuguevillede@alexa.com,581 971 8279
Jack,Merner,Male,jmernerdf@1und1.de,216 526 4143
Krystyna,Billingham,Female,kbillinghamdg@arizona.edu,616 123 6778
Tymothy,Brandsma,Male,tbrandsmadh@usa.gov,113 628 4790
Abby,Banbrigge,Male,abanbriggedi@constantcontact.com,396 165 1175
Barbette,Houndsom,Female,bhoundsomdj@jimdo.com,217 441 0106
Essie,Ferminger,Genderfluid,efermingerdk@arstechnica.com,535 744 1763
Gerrilee,Westmacott,Female,gwestmacottdl@who.int,630 958 4671
Axel,Dempsey,Male,adempseydm@simplemachines.org,894 847 3377
Pinchas,Wickersham,Male,pwickershamdn@cbslocal.com,791 526 2335
Tandie,Schafer,Female,tschaferdo@de.vu,415 970 7961
Marsiella,Bagworth,Female,mbagworthdp@jalbum.net,295 194 3663
Tallie,Slixby,Male,tslixbydq@theglobeandmail.com,138 931 7658
Cletus,Currier,Male,ccurrierdr@ebay.co.uk,333 814 7201
Gussie,Knill,Female,gknillds@1und1.de,300 881 0465
Delores,Towson,Female,dtowsondt@ning.com,529 866 2502
Nadeen,Stockall,Female,nstockalldu@utexas.edu,495 428 5209
Claude,Jarnell,Female,cjarnelldv@naver.com,280 425 7351
Tony,Mylchreest,Female,tmylchreestdw@redcross.org,414 131 5724
Mahala,Taree,Polygender,mtareedx@vinaora.com,336 227 8146
Karita,Mathan,Female,kmathandy@who.int,447 561 1149
Carmel,Fante,Female,cfantedz@ezinearticles.com,827 739 9666
Dorie,Suttling,Male,dsuttlinge0@163.com,603 685 6828
Bronson,Ewols,Male,bewolse1@4shared.com,316 537 1994
Chrotoem,Lemmers,Genderfluid,clemmerse2@xing.com,651 847 2332
Colet,Philipps,Male,cphilippse3@flavors.me,550 910 1114
Corbin,Hawk,Male,chawke4@dot.gov,305 401 1224
Ned,Bacher,Male,nbachere5@chronoengine.com,332 897 9166
Cort,Ludy,Male,cludye6@bravesites.com,194 166 2279
Melvin,MacSkeagan,Male,mmacskeagane7@github.com,832 977 8100
Augusta,Samarth,Female,asamarthe8@spiegel.de,458 891 0166
Valentia,Prangle,Female,vpranglee9@wikispaces.com,573 487 2891
Felice,Bullerwell,Male,fbullerwellea@mozilla.org,778 409 9960
Karalee,Bonnier,Female,kbonniereb@vkontakte.ru,799 817 3316
Morganica,Alvaro,Female,malvaroec@columbia.edu,386 302 7628
Morie,Calbaithe,Male,mcalbaitheed@newsvine.com,898 674 3015
Gordie,Postle,Male,gpostleee@nbcnews.com,634 863 5327
Johna,Piwall,Female,jpiwallef@google.es,352 814 8383
Kimbra,Gedge,Agender,kgedgeeg@dell.com,721 192 5874
Deloris,Baxstar,Female,dbaxstareh@virginia.edu,922 388 5133
Valentia,Knellen,Female,vknellenei@businesswire.com,736 718 5690
Ilyse,Abramino,Female,iabraminoej@washingtonpost.com,237 355 0476
Bernardo,Shortland,Male,bshortlandek@opensource.org,559 876 0468
Shoshanna,Jessop,Polygender,sjessopel@rambler.ru,427 903 7241
Mort,Garment,Male,mgarmentem@bandcamp.com,169 918 1535
Gennifer,Scohier,Genderfluid,gscohieren@bloglines.com,489 608 1667
Marley,Brussels,Female,mbrusselseo@cnet.com,311 535 5912
Mirabel,Hartness,Female,mhartnessep@soup.io,492 798 2109
Crawford,Crosson,Male,ccrossoneq@fastcompany.com,850 820 6157
Glenine,Meneely,Female,gmeneelyer@cbsnews.com,278 299 6431
Clim,Szymaniak,Male,cszymaniakes@ifeng.com,681 737 9335
Dalston,Youings,Male,dyouingset@list-manage.com,599 339 1809
Junia,Pauletto,Female,jpaulettoeu@theatlantic.com,430 482 0516
Marian,Fardo,Female,mfardoev@sciencedirect.com,347 911 0976
Tades,Robardley,Male,trobardleyew@marketwatch.com,274 673 8475
Garland,Ullock,Female,gullockex@skyrock.com,621 915 7941
Lura,Glidder,Female,lglidderey@oakley.com,926 796 4078
Giorgio,Delgadillo,Male,gdelgadilloez@apple.com,997 527 0649
Kyle,Fullicks,Female,kfullicksf0@lycos.com,197 946 3244
Deborah,Necolds,Female,dnecoldsf1@mac.com,626 994 5575
Rhett,Gerriet,Genderfluid,rgerrietf2@nifty.com,572 643 9933
Vikky,Tilbey,Female,vtilbeyf3@google.com.br,619 222 9585
Clovis,Clemente,Agender,cclementef4@salon.com,965 620 9800
Tiebold,Valler,Polygender,tvallerf5@businessinsider.com,967 792 9439
Kirk,Nutting,Male,knuttingf6@sbwire.com,984 440 4704
Kipp,Kornel,Male,kkornelf7@economist.com,622 675 8880
Carolus,L'Hommeau,Genderfluid,clhommeauf8@buzzfeed.com,294 753 1509
Beltran,Stolle,Male,bstollef9@php.net,534 524 7214
Bern,Charlwood,Male,bcharlwoodfa@cloudflare.com,549 452 4048
Rosalynd,Shillito,Polygender,rshillitofb@mashable.com,885 200 9636
Isadore,Harnell,Male,iharnellfc@examiner.com,724 862 2126
Hamlin,Beacham,Male,hbeachamfd@blogger.com,188 504 1729
Delmor,Shilleto,Male,dshilletofe@google.es,991 201 5677
Sheff,France,Male,sfranceff@noaa.gov,915 863 9506
Daron,Lufkin,Female,dlufkinfg@weebly.com,910 408 6891
Burton,Ayrs,Male,bayrsfh@discovery.com,701 726 1463
Leelah,Horsley,Female,lhorsleyfi@rediff.com,340 537 5673
Amabelle,Dade,Female,adadefj@irs.gov,437 104 5572
Trevor,Rothschild,Male,trothschildfk@disqus.com,496 463 6796
Cointon,Towey,Male,ctoweyfl@hugedomains.com,794 903 8819
Dell,Spridgeon,Female,dspridgeonfm@alibaba.com,378 598 6730
Ursala,Mooreed,Genderqueer,umooreedfn@apache.org,667 396 2351
Halley,Sumption,Female,hsumptionfo@ucsd.edu,142 407 3931
Roddy,Silvermann,Male,rsilvermannfp@uol.com.br,811 141 3138
Hillard,Frowen,Male,hfrowenfq@cloudflare.com,844 646 5839
Becca,Haggerwood,Female,bhaggerwoodfr@theglobeandmail.com,106 548 7285
Catriona,Lalley,Female,clalleyfs@google.com.au,894 336 9448
Reggis,Petracci,Male,rpetraccift@i2i.jp,185 688 5048
Torr,McClaurie,Male,tmcclauriefu@va.gov,426 717 1538
Aubrey,Jeeves,Male,ajeevesfv@huffingtonpost.com,314 569 6697
Stormi,Lauks,Female,slauksfw@unesco.org,624 621 5358
Danna,Gallaway,Female,dgallawayfx@discuz.net,371 842 6481
Pepita,Westmarland,Female,pwestmarlandfy@jigsy.com,136 390 1122
Paulo,Garrard,Male,pgarrardfz@typepad.com,180 742 4249
Kayne,Corton,Male,kcortong0@biglobe.ne.jp,236 119 2471
Olenolin,Garmanson,Male,ogarmansong1@photobucket.com,814 269 0050
Stewart,Wimsett,Male,swimsettg2@cloudflare.com,545 314 2925
Udall,Finlaison,Non-binary,ufinlaisong3@washingtonpost.com,586 594 2783
Van,Coney,Male,vconeyg4@mail.ru,835 790 1773
Ephrem,Wakley,Male,ewakleyg5@hostgator.com,666 164 6968
Allister,Connealy,Male,aconnealyg6@desdev.cn,175 588 5773
Rafe,Trewhitt,Male,rtrewhittg7@geocities.jp,763 559 2624
Mireielle,Daniells,Female,mdaniellsg8@mashable.com,643 434 5637
Maurise,Stairmond,Female,mstairmondg9@buzzfeed.com,566 953 0432
Francklin,Jeggo,Male,fjeggoga@twitter.com,763 658 7241
Wallache,Worsom,Male,wworsomgb@merriam-webster.com,923 818 1356
Jamison,McAvaddy,Male,jmcavaddygc@bbb.org,624 992 7065
Lacy,Alps,Female,lalpsgd@mayoclinic.com,312 850 5076
Mireille,Crissil,Female,mcrissilge@sina.com.cn,846 175 7194
Portia,Moreinu,Female,pmoreinugf@newsvine.com,132 977 0759
Dell,Champneys,Female,dchampneysgg@archive.org,808 629 6168
Ware,Thirlwell,Male,wthirlwellgh@nhs.uk,578 442 2755
Ashely,Lyosik,Female,alyosikgi@constantcontact.com,957 149 5445
Joshua,Huddles,Male,jhuddlesgj@pbs.org,982 702 5208
Bradney,Harte,Male,bhartegk@ted.com,410 322 3538
Winni,Kleisle,Female,wkleislegl@dmoz.org,132 922 2527
Jarrid,Mulbery,Male,jmulberygm@odnoklassniki.ru,787 913 9576
Orelee,Hayer,Female,ohayergn@theglobeandmail.com,269 649 4080
Clarine,Utridge,Female,cutridgego@cbsnews.com,262 677 8257
Theresita,Dullingham,Female,tdullinghamgp@theguardian.com,830 857 1602
Doro,Tomenson,Female,dtomensongq@instagram.com,271 465 2000
Essie,Pahler,Female,epahlergr@goo.ne.jp,897 774 9852
Jack,Gullick,Male,jgullickgs@pagesperso-orange.fr,660 726 8943
Erasmus,Rubenovic,Male,erubenovicgt@unblog.fr,995 761 6712
Charla,Cater,Female,ccatergu@mlb.com,853 989 2363
Samuele,Brownsall,Male,sbrownsallgv@woothemes.com,673 197 0274
Ricky,Barabich,Female,rbarabichgw@livejournal.com,480 798 4876
Colas,Wenderoth,Male,cwenderothgx@lycos.com,849 333 0764
Hunfredo,Jordine,Bigender,hjordinegy@opensource.org,289 573 2249
Ilaire,Huikerby,Male,ihuikerbygz@ning.com,812 283 6911
Fredrick,MacKnight,Genderfluid,fmacknighth0@naver.com,997 329 8094
Merralee,Giovannacc@i,Female,mgiovannaccih1@meetup.com,618 107 4385
Neil,MacGibbon,Male,nmacgibbonh2@csmonitor.com,366 975 3609
Laurence,Comrie,Male,lcomrieh3@fotki.com,843 992 0552
Ainsley,Broek,Female,abroekh4@wp.com,237 390 2872
Edwina,Crips,Female,ecripsh5@opensource.org,194 212 6984
Vanna,Hradsky,Female,vhradskyh6@hostgator.com,926 865 7182
Therese,Dower,Female,tdowerh7@yahoo.com,436 407 8623
Didi,Housaman,Female,dhousamanh8@state.gov,592 265 0792
Wesley,Channon,Male,wchannonh9@cam.ac.uk,495 592 5564
Dick,Wicklin,Male,dwicklinha@imgur.com,167 356 7625
Marion,Moncaster,Male,mmoncasterhb@prweb.com,589 748 8856
Leola,Akett,Female,laketthc@last.fm,385 327 9939
Moyna,Stockton,Female,mstocktonhd@cbsnews.com,572 848 8764
Jolie,Balthasar,Female,jbalthasarhe@amazon.de,111 117 8244
Melodee,Wardlaw,Female,mwardlawhf@wunderground.com,384 797 4671
Stan,Daile,Male,sdailehg@eepurl.com,730 976 5054
Althea,Richold,Female,aricholdhh@vinaora.com,552 752 6231
Feodor,Bellelli,Male,fbellellihi@miitbeian.gov.cn,754 844 9205
Leoine,Santacrole,Female,lsantacrolehj@google.nl,705 205 9859
Kalina,Duguid,Female,kduguidhk@surveymonkey.com,328 754 3245
Abby,Jobke,Male,ajobkehl@marketwatch.com,750 327 9345
Corabel,Haglinton,Female,chaglintonhm@mail.ru,782 359 1867
Andris,Deaves,Male,adeaveshn@abc.net.au,596 836 5876
Samaria,Kalinovich,Female,skalinovichho@histats.com,222 679 6290
Cleveland,Bilham,Male,cbilhamhp@w3.org,988 254 8149
Meaghan,Tuffey,Female,mtuffeyhq@gravatar.com,103 836 9646
Lilla,Skill,Agender,lskillhr@ezinearticles.com,494 900 6164
Mikael,Pittock,Male,mpittockhs@tinyurl.com,894 956 1734
Cass,Inchcomb,Male,cinchcombht@smugmug.com,390 146 2843
Kellen,Salasar,Female,ksalasarhu@nsw.gov.au,137 492 3157
Hercules,Fetherstan,Male,hfetherstanhv@hatena.ne.jp,373 987 9481
Fey,Selliman,Female,fsellimanhw@unc.edu,218 687 8357
Sarena,Filpi,Female,sfilpihx@gravatar.com,460 540 7014
Luciano,Byham,Male,lbyhamhy@opensource.org,101 891 1477
Mala,Bunson,Female,mbunsonhz@oracle.com,212 981 7846
Barn,Laurie,Genderfluid,blauriei0@blog.com,226 697 0069
Tessa,Lemmen,Female,tlemmeni1@vk.com,843 481 1913
Reuven,Lacelett,Male,rlaceletti2@baidu.com,699 393 8865
Ezri,Scud,Male,escudi3@imdb.com,620 588 4821
Stephi,Jamme,Female,sjammei4@telegraph.co.uk,865 576 7991
Livvyy,Kike,Female,lkikei5@shinystat.com,406 455 4615
Joscelin,Frewer,Genderqueer,jfreweri6@sciencedaily.com,960 337 1268
Jessee,Flagg,Genderfluid,jflaggi7@163.com,937 880 2961
Alexis,Fishbourn,Male,afishbourni8@usnews.com,818 665 6337
Nataline,Giacomini,Female,ngiacominii9@cbslocal.com,387 941 5183
Tonnie,Redfern,Male,tredfernia@freewebs.com,334 417 5973
Kerstin,Nazareth,Female,knazarethib@businesswire.com,432 205 9208
Lari,Spence,Female,lspenceic@ucoz.ru,718 252 0627
Jerrold,Nicolson,Male,jnicolsonid@php.net,347 663 4124
Gilly,Jory,Female,gjoryie@so-net.ne.jp,856 146 3697
Chantalle,Ballister,Female,cballisterif@multiply.com,530 171 1380
Dolli,Creasy,Female,dcreasyig@e-recht24.de,981 477 2749
Remus,Crommett,Genderfluid,rcrommettih@squidoo.com,259 688 7649
Claudine,Haddinton,Female,chaddintonii@google.com.br,721 377 5090
Moishe,Hall,Genderfluid,mhallij@amazonaws.com,978 826 4023
Kimball,Alsobrook,Male,kalsobrookik@blog.com,661 179 3690
Obed,Clifft,Male,oclifftil@twitpic.com,415 537 3317
Waverley,Sedworth,Male,wsedworthim@indiegogo.com,678 906 3168
Jennilee,Di Filippo,Female,jdifilippoin@microsoft.com,301 397 2944
Pearline,Frodsam,Female,pfrodsamio@nba.com,725 144 4472
Andreas,Pither,Male,apitherip@wisc.edu,816 158 2106
Aubrey,Golthorpp,Bigender,agolthorppiq@shutterfly.com,284 612 3916
Judd,Gossling,Male,jgosslingir@163.com,661 372 1786
Matias,Bulleyn,Male,mbulleynis@bing.com,101 897 7800
Corrinne,Kike,Female,ckikeit@ibm.com,327 456 7917
Jocko,Coushe,Male,jcousheiu@sohu.com,437 569 7327
Earvin,Emps,Male,eempsiv@youku.com,283 535 5070
Pavlov,Bamlet,Male,pbamletiw@privacy.gov.au,302 225 8344
Letti,Mucklow,Female,lmucklowix@oaic.gov.au,151 386 4349
Aila,Bleasby,Female,ableasbyiy@wordpress.org,583 718 1176
Umberto,Weatherill,Male,uweatherilliz@shinystat.com,860 311 5086
Randolf,McDonough,Male,rmcdonoughj0@nifty.com,754 789 6981
Andrei,Spark,Female,asparkj1@bandcamp.com,592 331 3751
Dex,Suter,Male,dsuterj2@slideshare.net,912 393 1746
Broddy,Webb-Bowen,Male,bwebbbowenj3@yellowbook.com,352 375 8464
Loralie,Fellow,Female,lfellowj4@live.com,885 720 0383
Melvin,Lohering,Male,mloheringj5@quantcast.com,287 277 8815
Matthiew,Blaw,Polygender,mblawj6@w3.org,855 322 9583
Matias,Goude,Male,mgoudej7@bravesites.com,896 735 3901
Rog,Scotchbourouge,Male,rscotchbourougej8@instagram.com,477 478 5393
Tommi,Giacobini,Female,tgiacobinij9@people.com.cn,271 607 5730
Malachi,Egerton,Male,megertonja@nba.com,456 727 2364
Elroy,Wyant,Male,ewyantjb@mlb.com,976 188 3508
Trever,McCroary,Male,tmccroaryjc@wufoo.com,823 361 1806
Davey,Rooms,Male,droomsjd@china.com.cn,568 889 7292
Jodi,Chuney,Male,jchuneyje@bbc.co.uk,906 339 6205
Stephi,Grindlay,Female,sgrindlayjf@pagesperso-orange.fr,888 857 4128
Hilly,O'Hara,Agender,hoharajg@scientificamerican.com,512 941 3716
Zonnya,Stanman,Female,zstanmanjh@123-reg.co.uk,319 292 8044
Tammie,Raddan,Female,traddanji@tinypic.com,538 198 7199
Regan,Paddle,Agender,rpaddlejj@angelfire.com,293 685 0715
Oneida,Bartosek,Genderfluid,obartosekjk@deliciousdays.com,634 462 3212
Lyman,Shakesby,Male,lshakesbyjl@csmonitor.com,854 900 3862
Willyt,Crat,Female,wcratjm@cisco.com,562 218 0392
Hammad,Brymner,Male,hbrymnerjn@1688.com,524 509 5849
Dyana,Domico,Female,ddomicojo@qq.com,243 961 5851
Flinn,Upstell,Male,fupstelljp@cloudflare.com,662 569 4213
Amberly,Harraway,Female,aharrawayjq@nature.com,437 686 1793
Dukie,Beard,Male,dbeardjr@ocn.ne.jp,976 546 6843
Filmore,Yggo,Male,fyggojs@smh.com.au,380 648 2090
Clarabelle,Olyfant,Female,colyfantjt@usgs.gov,233 748 7140
Miles,Hodgets,Male,mhodgetsju@google.ru,674 715 0922
Kanya,Seabrocke,Female,kseabrockejv@sakura.ne.jp,200 248 8127
Noble,Danne,Male,ndannejw@statcounter.com,887 854 6562
Rita,Biddle,Female,rbiddlejx@wunderground.com,747 407 4309
Andras,Elmer,Male,aelmerjy@aboutads.info,762 496 2104
Berty,Sinnocke,Male,bsinnockejz@smh.com.au,709 561 1527
Tilda,Rendle,Female,trendlek0@patch.com,436 121 2130
Neda,Casari,Female,ncasarik1@list-manage.com,612 407 6820
Thomasa,Claypool,Female,tclaypoolk2@unicef.org,728 479 0605
Roseanna,Neilly,Female,rneillyk3@wired.com,916 549 8172
Marsiella,Burnet,Female,mburnetk4@oaic.gov.au,525 915 3788
Yance,Shefton,Male,ysheftonk5@symantec.com,409 343 9064
Park,Redgewell,Male,predgewellk6@linkedin.com,665 888 3037
Lazarus,Busch,Male,lbuschk7@oakley.com,164 635 8200
Lyle,Langwade,Male,llangwadek8@paypal.com,219 423 9640
Anastassia,Stoad,Female,astoadk9@si.edu,486 987 8280
Krissie,Matuska,Female,kmatuskaka@barnesandnoble.com,274 462 3915
Halimeda,Whines,Female,hwhineskb@un.org,179 941 0022
Baxie,Shorto,Genderqueer,bshortokc@oakley.com,645 356 2204
Arline,Myhill,Female,amyhillkd@meetup.com,914 586 5689
Avie,Evelyn,Female,aevelynke@flickr.com,199 891 0219
Rufe,Youles,Male,ryouleskf@boston.com,546 209 1022
Diann,Ecclesall,Female,decclesallkg@vimeo.com,444 344 7414
Tybalt,Desmond,Genderfluid,tdesmondkh@cdbaby.com,349 188 6020
Goldy,Skilton,Female,gskiltonki@arstechnica.com,552 776 2445
Nanni,Stuckey,Female,nstuckeykj@businesswire.com,961 309 7475
Cami,Soughton,Genderfluid,csoughtonkk@fda.gov,314 399 1302
Marlene,Bristoe,Female,mbristoekl@printfriendly.com,998 970 3058
Mikaela,Crathorne,Female,mcrathornekm@4shared.com,732 516 7951
Malia,Yockney,Female,myockneykn@go.com,992 321 3421
Lanae,Ilchuk,Female,lilchukko@com.com,904 185 4359
Janek,Glavias,Male,jglaviaskp@networksolutions.com,910 972 3803
Reagen,Kubiak,Agender,rkubiakkq@usnews.com,546 138 3398
Marijn,Jiggins,Male,mjigginskr@miibeian.gov.cn,214 315 3195
Elfrida,Baggallay,Female,ebaggallayks@google.co.uk,851 578 7817
Wildon,Soares,Male,wsoareskt@privacy.gov.au,293 848 5165
Nathanil,Jurgen,Male,njurgenku@github.com,819 270 8725
Even,Feldharker,Male,efeldharkerkv@wisc.edu,394 148 8381
Errick,Kingsland,Male,ekingslandkw@wikispaces.com,379 351 3899
Torrey,Palser,Male,tpalserkx@earthlink.net,255 272 7666
Jorgan,Leverington,Male,jleveringtonky@rakuten.co.jp,181 238 4780
Timmie,Kaines,Female,tkaineskz@bigcartel.com,591 342 5424
Mitchael,Hards,Polygender,mhardsl0@netscape.com,271 702 2192
Jorey,Swayne,Non-binary,jswaynel1@purevolume.com,137 135 4055
Jerry,Beausang,Female,jbeausangl2@washington.edu,903 246 5172
Mohandis,Undrill,Male,mundrilll3@si.edu,352 367 5509
Feodor,Baddeley,Genderqueer,fbaddeleyl4@stanford.edu,683 218 8677
Arabela,Clilverd,Female,aclilverdl5@msn.com,502 915 5562
Gary,Dudenie,Male,gdudeniel6@chron.com,125 650 4636
Starr,Mattosoff,Female,smattosoffl7@bigcartel.com,966 466 9335
Blake,Crufts,Female,bcruftsl8@kickstarter.com,953 703 0879
Hobey,Grahl,Male,hgrahll9@twitpic.com,440 137 0628
Fabio,Lenton,Male,flentonla@list-manage.com,962 800 3149
Terry,Cossor,Male,tcossorlb@flavors.me,922 660 0451
Charmain,Blankhorn,Genderqueer,cblankhornlc@nasa.gov,951 886 5429
Ken,Malsher,Male,kmalsherld@comsenz.com,522 793 8891
Izak,Weben,Male,iwebenle@unblog.fr,150 275 8048
Hedy,MacCourt,Female,hmaccourtlf@nih.gov,806 358 7560
Reginald,Fairbrace,Male,rfairbracelg@youtu.be,859 319 8240
Ula,Beiderbecke,Female,ubeiderbeckelh@unesco.org,842 972 0770
Rochelle,Hardware,Female,rhardwareli@digg.com,407 136 2995
Lesley,Silvermann,Male,lsilvermannlj@ehow.com,938 205 3714
Arlan,Dursley,Male,adursleylk@nps.gov,185 919 8755
Humfried,Gulc,Male,hgulcll@constantcontact.com,278 406 6264
Luigi,Ricciardelli,Male,lricciardellilm@ihg.com,110 519 1631
Jule,Crockley,Male,jcrockleyln@bigcartel.com,472 498 5447
Griswold,Chumley,Male,gchumleylo@un.org,219 962 9818
Didi,Abel,Female,dabellp@ucsd.edu,511 554 3652
Weylin,Riggulsford,Male,wriggulsfordlq@marketwatch.com,566 901 5295
Waneta,Kraft,Female,wkraftlr@friendfeed.com,658 103 3111
Barney,Vellender,Male,bvellenderls@icq.com,518 783 3071
Kellia,MacIan,Female,kmacianlt@dion.ne.jp,304 685 7796
Kahaleel,Dunford,Bigender,kdunfordlu@jugem.jp,796 468 6018
Eldin,De Ferrari,Male,edeferrarilv@earthlink.net,418 827 0904
Tatiana,Bohlje,Female,tbohljelw@nytimes.com,750 370 9843
Farand,Espinel,Female,fespinellx@intel.com,291 397 1976
Skippie,O'Sharry,Male,sosharryly@narod.ru,817 460 2600
Kiley,Stannus,Male,kstannuslz@ning.com,610 419 2584
Far,Harradine,Male,fharradinem0@amazonaws.com,201 797 1237
Vale,Regorz,Genderfluid,vregorzm1@sitemeter.com,494 258 0200
Paddy,Poll,Male,ppollm2@irs.gov,919 611 0879
Weidar,Shrimptone,Male,wshrimptonem3@yellowbook.com,261 233 5255
Ephrayim,Caverhill,Male,ecaverhillm4@nhs.uk,302 851 3961
Liva,Pietrzak,Female,lpietrzakm5@4shared.com,344 154 4956
Starla,Folliss,Female,sfollissm6@exblog.jp,150 125 6745
Lyndsie,Oxburgh,Female,loxburghm7@sourceforge.net,496 247 9434
Curcio,Blissett,Male,cblissettm8@facebook.com,252 650 9027
Shandie,Lopez,Female,slopezm9@huffingtonpost.com,262 509 5054
Chicky,Pierson,Female,cpiersonma@unicef.org,741 752 6703
Hermione,Thorald,Female,hthoraldmb@google.es,505 880 2405
Kurt,Aked,Male,kakedmc@google.co.jp,696 641 9668
Latia,Antonowicz,Female,lantonowiczmd@skype.com,388 298 1225
Rivy,Illsley,Female,rillsleyme@psu.edu,946 511 0947
Veronika,Fetherstonhaugh,Female,vfetherstonhaughmf@china.com.cn,559 213 2657
Paulo,Whayman,Genderfluid,pwhaymanmg@adobe.com,708 589 8894
Madeleine,Heys,Female,mheysmh@apple.com,264 900 5957
Olia,Stud,Female,ostudmi@techcrunch.com,951 943 6505
Farand,Isitt,Female,fisittmj@yellowbook.com,968 262 8928
Conant,Markos,Male,cmarkosmk@whitehouse.gov,839 825 6655
Dilan,Sidsaff,Male,dsidsaffml@comcast.net,874 905 9409
Anthe,McNirlan,Female,amcnirlanmm@digg.com,576 609 3878
Gustav,Mackinder,Male,gmackindermn@auda.org.au,451 398 9413
Agata,Saltrese,Female,asaltresemo@google.nl,544 792 9835
Yorker,Doerling,Male,ydoerlingmp@dot.gov,243 111 4573
Chrissie,Johnsson,Female,cjohnssonmq@reddit.com,406 511 3109
Mellisent,Gallamore,Female,mgallamoremr@slashdot.org,983 577 7939
Selig,Klimentov,Male,sklimentovms@tinyurl.com,559 609 8004
Humfrey,Macrae,Male,hmacraemt@redcross.org,365 986 4647
Allegra,Adamson,Bigender,aadamsonmu@adobe.com,666 626 0833
Brunhilda,De L'Isle,Female,bdelislemv@wsj.com,630 401 0251
Karita,Sazio,Female,ksaziomw@imageshack.us,776 389 5353
Pieter,Cardenoso,Male,pcardenosomx@washington.edu,934 572 2069
Byrann,Filippi,Male,bfilippimy@myspace.com,431 342 2826
Bertrando,Swanwick,Male,bswanwickmz@psu.edu,604 645 7424
Meara,Poetz,Female,mpoetzn0@bing.com,293 860 0057
Leicester,Thackwray,Male,lthackwrayn1@biglobe.ne.jp,466 165 6265
Heriberto,Nial,Male,hnialn2@bloglovin.com,680 588 9270
Melvin,Waterman,Male,mwatermann3@lulu.com,872 395 1704
Herby,Posnett,Male,hposnettn4@uol.com.br,136 659 6678
Ario,Grinley,Non-binary,agrinleyn5@tripod.com,203 951 2720
Alford,Lambal,Male,alambaln6@mac.com,688 995 7908
Sybil,Smales,Female,ssmalesn7@yale.edu,398 866 4587
Mair,Farlane,Female,mfarlanen8@hao123.com,343 289 3184
Richy,Bonicelli,Male,rbonicellin9@hhs.gov,448 672 8751
Arv,Wookey,Male,awookeyna@etsy.com,569 896 7184
Dru,Lewty,Polygender,dlewtynb@dyndns.org,289 905 2988
Lodovico,Garred,Male,lgarrednc@phoca.cz,543 987 5558
Bernardina,Sollitt,Non-binary,bsollittnd@biblegateway.com,483 747 2711
Patrice,Shillam,Male,pshillamne@edublogs.org,704 387 3907
Lynette,Calton,Female,lcaltonnf@freewebs.com,249 652 2347
Osbert,Grimstead,Male,ogrimsteadng@ocn.ne.jp,215 469 5836
Emelina,Simoneau,Polygender,esimoneaunh@rakuten.co.jp,172 497 3129
Ken,Edwardson,Male,kedwardsonni@dyndns.org,482 596 9931
Bellanca,Hebson,Female,bhebsonnj@alexa.com,756 188 6517
Mozes,Anker,Male,mankernk@dailymotion.com,372 298 6118
Vachel,Oak,Male,voaknl@guardian.co.uk,728 591 1299
Elliot,Perfect,Male,eperfectnm@cdc.gov,843 937 9696
Nanine,Lochet,Female,nlochetnn@earthlink.net,378 566 5249
Daniella,Guinn,Female,dguinnno@vistaprint.com,845 578 6530
Bevin,Lippiatt,Male,blippiattnp@t.co,363 387 1174
Peggy,Bon,Non-binary,pbonnq@ask.com,553 928 7802
Janith,Deely,Female,jdeelynr@chron.com,857 800 1505
Sabra,Klessmann,Female,sklessmannns@mit.edu,678 996 6550
Barny,Codi,Male,bcodint@amazonaws.com,851 854 9463
Derrik,Tute,Male,dtutenu@adobe.com,212 673 1525
Joelle,Ducham,Female,jduchamnv@businessinsider.com,548 774 9127
Demetre,Barkley,Male,dbarkleynw@google.com,175 912 5485
Melania,Meugens,Female,mmeugensnx@telegraph.co.uk,990 509 9473
Anne-marie,Trenfield,Female,atrenfieldny@mayoclinic.com,408 165 3869
Skipp,Klemt,Male,sklemtnz@ustream.tv,499 110 3081
Jorgan,Seakin,Male,jseakino0@purevolume.com,728 885 7703
Aurelia,Lyvon,Female,alyvono1@soup.io,875 870 7916
Aile,Caghan,Female,acaghano2@symantec.com,601 959 7965
Brian,Hubbard,Male,bhubbardo3@istockphoto.com,126 996 5977
Meredeth,Spellessy,Male,mspellessyo4@usgs.gov,880 549 4652
Nanni,Handaside,Female,nhandasideo5@flavors.me,777 132 3930
Reeva,Sale,Female,rsaleo6@barnesandnoble.com,348 319 1527
Zechariah,Strachan,Male,zstrachano7@ca.gov,430 260 3623
Bancroft,Dulany,Male,bdulanyo8@wikipedia.org,797 344 9157
Consalve,Durtnall,Male,cdurtnallo9@cbc.ca,208 879 8228
Tiebold,Vinck,Non-binary,tvinckoa@prlog.org,408 917 1094
Angela,Craster,Female,acrasterob@mozilla.com,805 890 3344
Sauncho,Leake,Male,sleakeoc@washingtonpost.com,459 318 2263
Luigi,Timbridge,Male,ltimbridgeod@marriott.com,887 708 8409
Ailsun,Coronado,Female,acoronadooe@sina.com.cn,217 291 0903
Jaclin,Sarle,Female,jsarleof@google.nl,759 990 4077
Roth,Vlasyev,Male,rvlasyevog@phoca.cz,724 707 4018
Flora,Cornelis,Female,fcornelisoh@mac.com,529 849 5560
Cloris,Piner,Non-binary,cpineroi@behance.net,688 588 2850
Marleen,Gourdon,Female,mgourdonoj@wordpress.org,485 355 1288
Dita,Laboune,Female,dlabouneok@home.pl,508 327 9889
Keely,Pepon,Female,kpeponol@istockphoto.com,784 845 7478
Maryl,Gossage,Female,mgossageom@wordpress.com,328 824 5759
Gussie,Abbison,Female,gabbisonon@loc.gov,302 389 8453
Corby,D'Agostino,Agender,cdagostinooo@pbs.org,831 206 6887
Bondie,Kester,Male,bkesterop@senate.gov,583 186 2144
Bram,Storks,Genderfluid,bstorksoq@geocities.jp,473 518 9443
Shell,Rubi,Male,srubior@sina.com.cn,916 880 7696
Bartholomew,Housby,Male,bhousbyos@ameblo.jp,513 866 9989
Melonie,Stubbins,Female,mstubbinsot@storify.com,333 761 6043
Mellisent,Kumaar,Female,mkumaarou@craigslist.org,307 841 8576
Noelyn,Brisset,Female,nbrissetov@apache.org,202 797 2285
Lula,Reddyhoff,Female,lreddyhoffow@usda.gov,698 295 2327
Tabbitha,Grunson,Female,tgrunsonox@hexun.com,277 183 0502
Conney,Macvain,Male,cmacvainoy@google.com.hk,943 315 3193
Darrin,Tickle,Male,dtickleoz@mayoclinic.com,153 906 2811
June,Thake,Female,jthakep0@foxnews.com,587 264 7981
Kore,Ellor,Female,kellorp1@cbslocal.com,521 844 5447
Marlie,Iozefovich,Female,miozefovichp2@yandex.ru,863 128 7383
Northrop,Stallibrass,Male,nstallibrassp3@ustream.tv,763 768 1969
Ashil,Blazy,Polygender,ablazyp4@sun.com,682 785 6275
Aguste,Wylie,Male,awyliep5@nature.com,384 804 7466
Jonas,Northage,Male,jnorthagep6@mit.edu,216 885 5525
Ezri,Allatt,Bigender,eallattp7@free.fr,173 324 2175
Mark,Olkowicz,Genderqueer,molkowiczp8@nature.com,496 934 1787
Freda,Hearn,Female,fhearnp9@vistaprint.com,332 435 4224
Ailbert,Kleinhandler,Male,akleinhandlerpa@abc.net.au,538 942 4406
Brandi,Fleeming,Female,bfleemingpb@dion.ne.jp,887 691 3736
Liz,Kmicicki,Female,lkmicickipc@sogou.com,204 426 5314
Neils,Yearnsley,Male,nyearnsleypd@ycombinator.com,287 252 3484
Carce,Preddle,Male,cpreddlepe@qq.com,268 277 6573
Kristien,Eisikowitz,Female,keisikowitzpf@cloudflare.com,158 973 8152
Ivy,Quarry,Female,iquarrypg@1688.com,867 623 1655
Cletis,Petrovsky,Male,cpetrovskyph@merriam-webster.com,358 160 9878
Berta,Meads,Female,bmeadspi@deviantart.com,758 115 7563
Hymie,Huxstep,Male,hhuxsteppj@scribd.com,358 245 7383
Harriot,Louder,Polygender,hlouderpk@google.ca,961 188 0434
Angel,Walicki,Female,awalickipl@tamu.edu,500 809 8873
Berti,Viant,Female,bviantpm@umn.edu,967 213 5274
Brinn,Americi,Polygender,bamericipn@usatoday.com,366 204 8048
Austin,Minihan,Female,aminihanpo@ft.com,407 500 8530
Daryn,Adamczyk,Female,dadamczykpp@nifty.com,196 840 7517
Codi,Kneebone,Agender,ckneebonepq@indiatimes.com,311 546 1854
Tierney,Boyn,Genderqueer,tboynpr@nps.gov,194 969 8270
Vonnie,Bendon,Female,vbendonps@skype.com,324 360 5155
Lilllie,Minchinton,Female,lminchintonpt@artisteer.com,372 426 6089
Marlo,Duggen,Male,mduggenpu@reuters.com,283 132 5306
Brendon,Parsley,Male,bparsleypv@networksolutions.com,118 791 7656
Giselbert,Crossfield,Male,gcrossfieldpw@mtv.com,623 404 5400
Brok,Paute,Male,bpautepx@unc.edu,748 213 2481
Kelvin,Mumbey,Male,kmumbeypy@blogs.com,783 394 2309
Seamus,Adamsen,Polygender,sadamsenpz@paginegialle.it,509 475 7963
Torin,Alliott,Male,talliottq0@goodreads.com,195 114 6900
Winnie,Larder,Female,wlarderq1@un.org,169 827 7155
Edita,Gammill,Female,egammillq2@mail.ru,898 329 4267
Rahal,Mullin,Female,rmullinq3@google.com.hk,230 223 4992
Alexandros,Huffadine,Male,ahuffadineq4@intel.com,123 993 1339
Gaby,Metheringham,Female,gmetheringhamq5@tuttocitta.it,722 956 2170
Freedman,Lill,Male,flillq6@desdev.cn,471 482 5834
Barbara,Bierton,Female,bbiertonq7@php.net,956 433 1872
Mitch,Judd,Male,mjuddq8@shareasale.com,946 307 9519
Dory,Kimbley,Female,dkimbleyq9@statcounter.com,649 289 2122
Raquela,Ettels,Female,rettelsqa@linkedin.com,411 333 1733
Tiebout,Bloomfield,Male,tbloomfieldqb@google.fr,102 946 6770
Lilllie,Kilban,Female,lkilbanqc@wufoo.com,927 973 5288
Pauli,Crux,Genderfluid,pcruxqd@usnews.com,836 713 5023
Adam,Pridie,Genderfluid,apridieqe@prnewswire.com,908 320 8400
Clyve,Dukelow,Male,cdukelowqf@usnews.com,622 147 6174
Elvira,Saveall,Female,esaveallqg@bing.com,569 905 9923
Genni,Mottershead,Female,gmottersheadqh@domainmarket.com,383 341 8354
Wenona,Acarson,Female,wacarsonqi@phoca.cz,876 679 0084
Hort,Waldera,Male,hwalderaqj@lycos.com,851 580 1241
Marcelo,Veltman,Male,mveltmanqk@go.com,968 443 2370
Faythe,Bailie,Female,fbailieql@devhub.com,199 611 8372
Maurise,Cryer,Female,mcryerqm@unesco.org,374 270 3910
Naoma,Shirtliff,Female,nshirtliffqn@friendfeed.com,375 287 8178
Arlie,Dalling,Genderfluid,adallingqo@scientificamerican.com,693 105 5286
Fenelia,Habergham,Female,fhaberghamqp@about.me,989 509 3993
Hally,Iannetti,Agender,hiannettiqq@parallels.com,802 803 6306
Robbyn,Hengoed,Genderqueer,rhengoedqr@wordpress.org,667 115 4779
Lawton,Aizikowitz,Male,laizikowitzqs@dell.com,280 123 8866
Bailie,Mixer,Male,bmixerqt@omniture.com,352 685 8493
Ardath,Stonuary,Female,astonuaryqu@shinystat.com,614 265 3775
Theodora,Stemp,Female,tstempqv@state.gov,329 760 8189
Josephine,Bousfield,Female,jbousfieldqw@npr.org,973 713 5820
Farr,Gaskin,Male,fgaskinqx@oracle.com,975 151 0893
Frank,Atger,Male,fatgerqy@tmall.com,550 340 2390
Auberon,Larway,Male,alarwayqz@china.com.cn,209 411 3748
Lulita,Leppingwell,Female,lleppingwellr0@chronoengine.com,322 574 5278
Tiffani,Forrington,Non-binary,tforringtonr1@about.me,535 707 1121
Lexy,Dedden,Female,ldeddenr2@ustream.tv,446 259 2911
Tonnie,Bagley,Male,tbagleyr3@theglobeandmail.com,319 564 9835
Fannie,Freestone,Female,ffreestoner4@disqus.com,453 675 0821
Xerxes,Beagin,Male,xbeaginr5@omniture.com,386 460 0754
Joachim,Doylend,Male,jdoylendr6@mtv.com,163 832 4548
Maryrose,Murname,Female,mmurnamer7@biglobe.ne.jp,883 490 8128
Pansie,Lyttle,Female,plyttler8@indiatimes.com,917 913 3999
Hartley,Shire,Male,hshirer9@indiatimes.com,271 275 4867
Dulcia,Odell,Genderfluid,dodellra@clickbank.net,657 931 3896
Brewer,Leadston,Male,bleadstonrb@guardian.co.uk,407 252 3914
Cortie,Pieterick,Male,cpieterickrc@sun.com,333 413 4082
Addia,Southway,Female,asouthwayrd@sciencedaily.com,504 724 1705
Latia,Fosken,Female,lfoskenre@prlog.org,337 555 3643
Emerson,Wisniewski,Male,ewisniewskirf@bandcamp.com,267 108 7718
Wolfie,Cutchee,Male,wcutcheerg@google.de,390 158 3579
Easter,Inkster,Female,einksterrh@china.com.cn,459 922 9424
Merrili,Jannaway,Female,mjannawayri@sun.com,752 775 1992
Paule,Petran,Female,ppetranrj@histats.com,150 945 4302
Wenonah,Cottam,Female,wcottamrk@seesaa.net,578 849 5414
Vita,Karlmann,Female,vkarlmannrl@cnn.com,865 654 5046
Leanna,Imlacke,Female,limlackerm@cornell.edu,231 754 0688
Rudie,Burdon,Male,rburdonrn@mlb.com,392 474 0801
Vina,Seligson,Female,vseligsonro@thetimes.co.uk,374 157 3121
Rene,Tutill,Female,rtutillrp@state.tx.us,390 112 6198
Aguste,Asher,Male,aasherrq@nsw.gov.au,771 172 6461
Callida,Baysting,Female,cbaystingrr@harvard.edu,388 896 9677
