first_name,last_name,gender,email,phone
Casie,Philpin,Female,cphilpin0@bizjournals.com,505 642 1912
Sallie,McVitty,Female,smcvitty1@fastcompany.com,559 535 0478
Annabela,Plaster,Female,aplaster2@yandex.ru,686 174 2292
Zebulen,Cochet,Male,zcochet3@liveinternet.ru,117 331 3969
Ginny,Haliday,Non-binary,ghaliday4@reverbnation.com,831 740 3128
Aldo,Lorking,Male,alorking5@si.edu,864 637 6282
Gilli,Lorant,Female,glorant6@paypal.com,868 853 6183
Vittoria,Paolone,Female,vpaolone7@ftc.gov,712 887 9573
Andy,Curreen,Non-binary,acurreen8@blog.com,538 658 4268
Heall,Basile,Male,hbasile9@a8.net,223 287 5749
Kesley,Bulpitt,Female,kbulpitta@last.fm,421 459 0330
Delphine,Colhoun,Female,dcolhounb@digg.com,376 369 3165
Mercy,Joscelyn,Female,mjoscelync@buzzfeed.com,338 694 4956
Brewer,Yewdell,Male,byewdelld@behance.net,380 863 2365
Heywood,Breeds,Male,hbreedse@netvibes.com,111 516 5740
Shawn,Cavilla,Female,scavillaf@cafepress.com,904 221 9227
Babara,Beggini,Female,bbegginig@hexun.com,530 275 8715
Ronald,Gerritsma,Male,rgerritsmah@ow.ly,468 765 0627
Jonathan,Rawkesby,Male,jrawkesbyi@marketwatch.com,230 955 8922
Antony,McDool,Male,amcdoolj@slashdot.org,916 249 6422
Paxon,Hatherill,Male,phatherillk@bloglines.com,298 528 1930
Joannes,Farey,Female,jfareyl@patch.com,803 434 7500
Wilbert,Pendock,Male,wpendockm@goo.gl,943 289 6761
Lucie,Punch,Female,lpunchn@fc2.com,760 221 0673
Sandy,Shattock,Non-binary,sshattocko@princeton.edu,932 259 8676
Phylys,Gatehouse,Genderfluid,pgatehousep@nymag.com,358 102 4543
Kenton,Moffett,Male,kmoffettq@wunderground.com,385 205 7842
Alane,Rotge,Female,arotger@symantec.com,302 913 6425
Lucina,Cinelli,Female,lcinellis@mysql.com,778 242 4193
Nealon,Presland,Male,npreslandt@independent.co.uk,187 671 3696
Morten,Dwyr,Male,mdwyru@topsy.com,110 920 9246
Aldus,Tather,Male,atatherv@hud.gov,949 770 9610
Man,Pauel,Male,mpauelw@about.com,422 488 8767
Blinny,Corragan,Female,bcorraganx@mail.ru,522 783 4006
Pace,Fantin,Male,pfantiny@ask.com,658 873 0945
Anatollo,Haucke,Male,ahauckez@multiply.com,393 446 8076
Keene,Quick,Male,kquick10@hud.gov,299 964 1672
Bobbie,Ivancevic,Genderqueer,bivancevic11@comcast.net,229 582 1273
Gibbie,Hindes,Male,ghindes12@mozilla.org,577 596 5240
Vinnie,Axtell,Male,vaxtell13@kickstarter.com,535 365 9405
Lynelle,Witheford,Female,lwitheford14@shop-pro.jp,773 899 5089
Laura,Pohls,Female,lpohls15@buzzfeed.com,887 726 2685
Malinde,Groom,Polygender,mgroom16@boston.com,412 718 7862
Leonid,Beagan,Bigender,lbeagan17@alibaba.com,213 346 2737
Minetta,Guilayn,Female,mguilayn18@gnu.org,183 744 0111
Zabrina,Cafferky,Female,zcafferky19@w3.org,104 167 9257
Adelaide,Stanworth,Female,astanworth1a@virginia.edu,797 693 0914
Gertrude,Blest,Female,gblest1b@icq.com,282 523 1337
Viviana,Gaspard,Female,vgaspard1c@sitemeter.com,545 880 5615
Joaquin,Jillions,Male,jjillions1d@icio.us,338 352 0523
Carlota,Fronsek,Female,cfronsek1e@zdnet.com,226 150 2388
Victor,Hasty,Male,vhasty1f@wikispaces.com,288 990 3790
Clint,Pigne,Male,cpigne1g@instagram.com,947 594 2389
Chandal,Immings,Female,cimmings1h@intel.com,123 475 0578
Bartram,Reardon,Male,breardon1i@typepad.com,941 290 3369
Paquito,Gratten,Male,pgratten1j@geocities.jp,863 956 5396
Toiboid,Griffith,Male,tgriffith1k@thetimes.co.uk,802 519 6382
Othello,McDavitt,Male,omcdavitt1l@twitpic.com,605 779 2024
Lucky,Honeyghan,Female,lhoneyghan1m@census.gov,770 849 6795
Cleavland,Frosch,Male,cfrosch1n@yelp.com,811 394 0652
Donn,Rockhall,Male,drockhall1o@mtv.com,609 554 1242
Prent,Machans,Male,pmachans1p@nydailynews.com,317 148 4867
Ethelred,Dubique,Male,edubique1q@creativecommons.org,806 350 6049
Kiley,Askew,Agender,kaskew1r@51.la,145 338 9202
Jeramie,Andrus,Male,jandrus1s@spotify.com,203 739 3651
Hillary,Bellows,Female,hbellows1t@va.gov,181 443 9187
Bobine,Benjefield,Female,bbenjefield1u@seattletimes.com,988 639 1908
Eadmund,Densham,Male,edensham1v@toplist.cz,984 325 4530
Aida,Hopkyns,Female,ahopkyns1w@nasa.gov,904 458 8535
Rodrick,Oboy,Male,roboy1x@shinystat.com,936 226 3578
Zitella,Whorall,Female,zwhorall1y@tripadvisor.com,168 863 8482
Prudence,Dunlea,Female,pdunlea1z@epa.gov,746 897 7405
Yvon,Lamberto,Male,ylamberto20@webnode.com,591 823 2165
Tommy,Petegre,Non-binary,tpetegre21@tmall.com,338 563 7288
Francisca,Jull,Female,fjull22@topsy.com,222 553 1196
Nerti,Rumin,Female,nrumin23@prnewswire.com,798 581 2939
Harriott,Zanazzi,Female,hzanazzi24@youtube.com,760 686 6200
Keelby,Dupre,Male,kdupre25@reuters.com,178 463 5963
Andras,Tonsley,Male,atonsley26@networkadvertising.org,389 604 6061
Hollie,Bramsom,Female,hbramsom27@wiley.com,582 736 4532
Jaimie,Chritchlow,Female,jchritchlow28@com.com,582 145 5272
Lita,Gallon,Female,lgallon29@yolasite.com,377 921 5834
Garvey,Bispo,Male,gbispo2a@over-blog.com,408 450 9003
Aloysius,Ellesworthe,Male,aellesworthe2b@clickbank.net,960 947 7417
Nicky,Witcomb,Genderfluid,nwitcomb2c@wired.com,381 619 1721
Therese,Bartul,Female,tbartul2d@g.co,667 544 8923
Emelyne,Goodger,Female,egoodger2e@google.com.au,344 410 9200
Felix,Ruberry,Male,fruberry2f@pcworld.com,602 871 0912
Jenda,Gross,Female,jgross2g@tripadvisor.com,318 764 7439
Debby,Graeme,Female,dgraeme2h@wisc.edu,774 205 0598
Hatty,Macallam,Female,hmacallam2i@nyu.edu,711 779 6545
Haily,Sterte,Male,hsterte2j@1und1.de,236 252 5198
Siegfried,Cheetham,Genderfluid,scheetham2k@wordpress.org,320 540 2218
Phaedra,Sherel,Female,psherel2l@japanpost.jp,816 932 3960
Tracie,Smalls,Female,tsmalls2m@joomla.org,552 502 9017
Englebert,Scarfe,Male,escarfe2n@elpais.com,203 440 7108
Demetra,Figgess,Female,dfiggess2o@berkeley.edu,309 915 9668
Felicio,Sothern,Agender,fsothern2p@squidoo.com,379 414 0996
Wood,Midgley,Non-binary,wmidgley2q@census.gov,397 817 0915
Niles,Izzett,Male,nizzett2r@smh.com.au,528 651 4766
Saundra,Ziehms,Male,sziehms2s@cnet.com,442 307 5029
Munmro,Minker,Male,mminker2t@xing.com,651 699 3118
Marcy,Rummery,Female,mrummery2u@washingtonpost.com,923 816 9816
Perren,Loughead,Male,ploughead2v@topsy.com,915 752 1432
Mercie,Knightly,Female,mknightly2w@opensource.org,344 376 0148
Coleen,Francescone,Female,cfrancescone2x@technorati.com,859 291 4334
Ranice,Faustian,Female,rfaustian2y@about.com,496 573 7282
Cherlyn,Gledhall,Female,cgledhall2z@independent.co.uk,743 134 6459
Max,Blanchflower,Female,mblanchflower30@topsy.com,608 551 4332
Dennis,Rochford,Male,drochford31@g.co,352 561 6138
Tallulah,Balham,Female,tbalham32@businessweek.com,334 588 6994
Felix,Pashe,Male,fpashe33@devhub.com,465 210 8213
Jacquette,Coltart,Female,jcoltart34@msn.com,440 745 2672
Silva,Dicky,Female,sdicky35@fema.gov,368 539 4156
Rog,Hedgeman,Male,rhedgeman36@storify.com,921 506 2525
Brigham,Code,Non-binary,bcode37@unc.edu,305 869 5406
Alfy,Betteson,Female,abetteson38@cbslocal.com,893 730 2406
Kelbee,Ornils,Male,kornils39@delicious.com,353 236 6777
Noble,Sowle,Male,nsowle3a@sbwire.com,436 280 2185
Arnie,Nickerson,Male,anickerson3b@posterous.com,695 509 0052
Flem,Hendricks,Male,fhendricks3c@economist.com,942 527 6289
Grange,Royste,Male,groyste3d@tuttocitta.it,948 583 0966
Lucille,Ferrone,Female,lferrone3e@xing.com,254 155 3782
Milt,Linstead,Male,mlinstead3f@comsenz.com,164 853 9749
Tanney,Snowsill,Male,tsnowsill3g@163.com,431 448 5826
Petra,Bendan,Female,pbendan3h@nsw.gov.au,436 495 8137
Margette,Sorsbie,Genderfluid,msorsbie3i@51.la,711 899 8255
Lorelei,Bladon,Female,lbladon3j@shop-pro.jp,511 716 5763
Latrina,Southcott,Female,lsouthcott3k@netlog.com,557 979 8975
Idell,Grisard,Female,igrisard3l@fotki.com,247 586 7653
Ellen,Bend,Female,ebend3m@sciencedirect.com,586 189 4825
Germana,Santen,Female,gsanten3n@shop-pro.jp,197 478 6342
Dena,Giraudel,Female,dgiraudel3o@comcast.net,486 793 9433
Hammad,Coldham,Male,hcoldham3p@odnoklassniki.ru,195 447 0423
Elana,Leebetter,Female,eleebetter3q@cocolog-nifty.com,853 198 4115
Britt,Float,Male,bfloat3r@smugmug.com,336 449 4606
Ewell,Bladon,Male,ebladon3s@bigcartel.com,166 357 5006
Elvis,Cometson,Male,ecometson3t@mysql.com,547 781 2580
Jenda,Setchfield,Female,jsetchfield3u@reddit.com,979 254 4949
Merle,Murfill,Female,mmurfill3v@businessinsider.com,947 639 7342
Husein,Berrow,Male,hberrow3w@boston.com,386 536 4497
Daveta,Boxhill,Female,dboxhill3x@goo.gl,588 331 3638
Louella,Cattlemull,Female,lcattlemull3y@comsenz.com,631 338 1220
Melodie,Anslow,Female,manslow3z@mediafire.com,102 760 0700
Murray,Seadon,Male,mseadon40@pagesperso-orange.fr,730 711 1044
Morlee,MacAughtrie,Male,mmacaughtrie41@cdbaby.com,559 615 4064
Skipton,Roumier,Male,sroumier42@cornell.edu,405 136 2368
Florenza,Dowdle,Female,fdowdle43@ftc.gov,901 519 3347
Rowe,Sainteau,Female,rsainteau44@nps.gov,723 816 9258
Dyane,Lake,Female,dlake45@homestead.com,773 101 0781
Isidoro,Shippey,Male,ishippey46@accuweather.com,322 983 6468
Vita,Laxe,Female,vlaxe47@macromedia.com,745 863 1644
Clayborne,Ovell,Male,covell48@ow.ly,239 571 6302
Herby,Bartoszinski,Male,hbartoszinski49@pinterest.com,354 635 3019
Mauricio,Yeats,Male,myeats4a@baidu.com,908 802 6067
Herculie,Reid,Male,hreid4b@smh.com.au,155 772 8713
Hermia,Mcettrick,Female,hmcettrick4c@symantec.com,894 727 3458
Harlan,McLoney,Male,hmcloney4d@phoca.cz,214 833 6497
Guntar,Seymer,Male,gseymer4e@cdbaby.com,265 351 2783
Homere,Hiddy,Male,hhiddy4f@pbs.org,633 779 2393
Angus,Sebastian,Male,asebastian4g@google.com.au,109 521 9086
Andeee,Wooles,Female,awooles4h@wikia.com,305 299 8217
Aldrich,Simonetti,Male,asimonetti4i@theatlantic.com,384 354 2238
Murial,Reppaport,Female,mreppaport4j@senate.gov,184 939 5423
Gerri,Ellen,Male,gellen4k@economist.com,873 364 3087
Giovanna,Schirak,Female,gschirak4l@icio.us,388 360 8544
Eb,Winfindine,Male,ewinfindine4m@diigo.com,430 155 6521
Cam,De Benedictis,Female,cdebenedictis4n@creativecommons.org,492 795 3404
Danyette,D'Aulby,Non-binary,ddaulby4o@quantcast.com,226 546 8858
Travers,Baulch,Male,tbaulch4p@msu.edu,385 583 1087
Boote,Martensen,Male,bmartensen4q@forbes.com,414 221 8406
Lolita,Winkle,Female,lwinkle4r@columbia.edu,178 602 0900
Cassaundra,Shelf,Female,cshelf4s@unc.edu,787 344 0028
Derrik,Mitchel,Male,dmitchel4t@github.io,884 304 0093
Hansiain,Grigaut,Male,hgrigaut4u@blog.com,907 896 9982
Barthel,Battlestone,Male,bbattlestone4v@dagondesign.com,910 895 6916
Talbot,Sabater,Male,tsabater4w@tinyurl.com,311 362 7136
Martita,Bowling,Female,mbowling4x@examiner.com,373 149 6946
Simeon,Anger,Male,sanger4y@storify.com,811 548 1549
Frederique,Daudray,Female,fdaudray4z@pbs.org,304 124 7384
Janela,Carlett,Female,jcarlett50@elegantthemes.com,314 668 4143
Haslett,Trimble,Male,htrimble51@sakura.ne.jp,202 778 8888
Trever,Callister,Bigender,tcallister52@domainmarket.com,685 346 8496
Cloris,McIlmorow,Female,cmcilmorow53@w3.org,172 292 3478
Teri,Paddeley,Female,tpaddeley54@buzzfeed.com,687 580 8808
Garrott,Chantree,Male,gchantree55@loc.gov,253 789 5035
Benedict,McCosker,Male,bmccosker56@fastcompany.com,669 510 5276
Danella,Linnock,Female,dlinnock57@deviantart.com,920 843 5434
Violetta,Paddle,Female,vpaddle58@wisc.edu,644 150 2448
Xymenes,Colbertson,Male,xcolbertson59@bbb.org,651 693 5196
Ara,Mutimer,Male,amutimer5a@hp.com,867 818 2331
Maible,Sainz,Female,msainz5b@cornell.edu,343 124 2076
Mallissa,Shillitto,Female,mshillitto5c@sfgate.com,759 968 6664
Weber,Mityakov,Male,wmityakov5d@constantcontact.com,527 929 9558
Dennie,Bruhke,Female,dbruhke5e@plala.or.jp,923 845 5898
Kandy,Barley,Female,kbarley5f@reference.com,159 266 4385
Antoinette,MacSwayde,Female,amacswayde5g@wired.com,107 573 9424
Derward,Cours,Male,dcours5h@tripadvisor.com,419 815 6616
Lilli,Trunks,Female,ltrunks5i@gnu.org,215 968 8489
Jerrilyn,Dudny,Female,jdudny5j@ovh.net,415 855 7883
Bruis,Rosenstengel,Bigender,brosenstengel5k@unc.edu,227 804 2912
Dario,Feare,Male,dfeare5l@uol.com.br,982 433 4705
Carlye,Fosh,Female,cfosh5m@blogger.com,640 400 8509
Tammie,Hacon,Polygender,thacon5n@quantcast.com,520 366 8518
Dodie,Mac Giolla Pheadair,Female,dmacgiollapheadair5o@google.com.hk,535 553 1471
Florri,Alliband,Female,falliband5p@ning.com,611 616 4329
Bobbette,Sekulla,Female,bsekulla5q@facebook.com,186 825 5611
Erhard,Pharaoh,Male,epharaoh5r@fotki.com,296 941 4934
Thorvald,Sorton,Male,tsorton5s@virginia.edu,916 707 7446
Kaycee,Mulford,Female,kmulford5t@uiuc.edu,931 688 9778
Farrell,Impy,Male,fimpy5u@bigcartel.com,954 285 4035
Beulah,Keetley,Female,bkeetley5v@scientificamerican.com,905 170 2650
Gina,Crosfield,Female,gcrosfield5w@barnesandnoble.com,921 743 3578
Quinton,Gauson,Male,qgauson5x@examiner.com,954 617 8144
Deidre,Tatlowe,Female,dtatlowe5y@imdb.com,188 685 3287
Briano,Bousquet,Male,bbousquet5z@google.com.au,296 197 2116
Geoffry,Moulster,Male,gmoulster60@spotify.com,176 884 9350
Nicoline,Brumham,Female,nbrumham61@jugem.jp,245 308 8243
Albrecht,Avramovsky,Male,aavramovsky62@163.com,669 506 8332
Ronnie,Twentyman,Female,rtwentyman63@princeton.edu,864 669 7002
Andie,Stogill,Male,astogill64@stumbleupon.com,487 907 1936
Orton,Simoens,Male,osimoens65@etsy.com,744 690 9503
Maxie,Learmount,Female,mlearmount66@goodreads.com,927 318 9990
Roma,Duns,Male,rduns67@google.pl,596 162 2674
Mickey,Casement,Male,mcasement68@cnet.com,627 228 6207
Linnet,Thomassen,Female,lthomassen69@chron.com,367 766 3071
Mord,Bernakiewicz,Male,mbernakiewicz6a@go.com,960 275 0046
Beaufort,Signe,Male,bsigne6b@mozilla.org,398 435 9035
Cliff,Stratton,Male,cstratton6c@baidu.com,256 933 4882
Tiffani,Cawthry,Female,tcawthry6d@ehow.com,832 374 4247
Reider,Akast,Male,rakast6e@oracle.com,595 715 9782
Gail,Lavallie,Female,glavallie6f@i2i.jp,732 967 6412
Chickie,Shewsmith,Female,cshewsmith6g@noaa.gov,401 200 8212
Bernie,Ostick,Male,bostick6h@cocolog-nifty.com,684 957 9635
Yardley,Doxey,Male,ydoxey6i@twitpic.com,106 433 0005
Mildred,Robrow,Female,mrobrow6j@cbslocal.com,415 963 9034
Harvey,Tassell,Polygender,htassell6k@army.mil,101 820 0467
Doro,Ravenshaw,Female,dravenshaw6l@skyrock.com,460 266 7806
Greer,De Witt,Female,gdewitt6m@sbwire.com,984 139 5021
Edwina,Kellert,Female,ekellert6n@admin.ch,702 629 8998
Jonas,Lynskey,Male,jlynskey6o@g.co,355 570 9050
Viviana,De Bernardis,Non-binary,vdebernardis6p@dropbox.com,925 810 2943
Leon,Upson,Male,lupson6q@geocities.jp,154 356 5381
Bay,Ebanks,Male,bebanks6r@behance.net,319 591 8716
Tarrance,Grossier,Male,tgrossier6s@senate.gov,651 741 5036
Luis,Kasper,Male,lkasper6t@discovery.com,109 203 5139
Oliver,Chate,Non-binary,ochate6u@chron.com,233 582 8902
Deeann,Aksell,Female,daksell6v@ca.gov,518 416 8691
Margareta,Paxton,Female,mpaxton6w@sitemeter.com,958 598 1856
Terrance,Ahmed,Male,tahmed6x@nifty.com,588 451 6400
Pen,Simondson,Male,psimondson6y@dropbox.com,531 235 4486
Marlane,MacMorland,Female,mmacmorland6z@sohu.com,263 521 7556
Nicola,Neads,Female,nneads70@elpais.com,249 350 4110
Witty,Marwick,Male,wmarwick71@newsvine.com,734 809 2287
Grange,Edward,Male,gedward72@vkontakte.ru,788 208 4046
Gale,Simoni,Female,gsimoni73@umn.edu,492 469 8745
Glendon,Grevatt,Male,ggrevatt74@bloglines.com,938 850 0057
Blithe,Allot,Female,ballot75@example.com,549 763 7103
Trenton,Pearne,Male,tpearne76@hao123.com,484 576 6629
Raffarty,Keyser,Male,rkeyser77@cnet.com,173 640 2534
Tommie,Bridgstock,Male,tbridgstock78@comcast.net,597 659 0167
Mendie,Quinn,Male,mquinn79@hao123.com,435 563 2868
Sumner,Cufley,Male,scufley7a@cbslocal.com,202 573 5049
Hollis,Scandred,Male,hscandred7b@army.mil,852 536 9530
Essa,Longridge,Female,elongridge7c@opensource.org,606 464 3378
Patricia,Toppas,Female,ptoppas7d@ezinearticles.com,530 143 8268
Collin,Caves,Male,ccaves7e@godaddy.com,213 256 3973
Culley,Sandall,Male,csandall7f@symantec.com,625 965 4062
Dane,Puller,Male,dpuller7g@ucoz.ru,702 419 4507
Pet,Tadman,Female,ptadman7h@berkeley.edu,380 445 7936
Ferdie,Beevis,Male,fbeevis7i@pcworld.com,685 122 4851
Brande,Mathely,Female,bmathely7j@forbes.com,233 438 6531
Merl,Cabell,Female,mcabell7k@sfgate.com,555 935 1312
Mignonne,Hance,Agender,mhance7l@nsw.gov.au,643 763 1269
Oliver,Molineaux,Male,omolineaux7m@apache.org,651 404 3116
Sheppard,Dyerson,Male,sdyerson7n@exblog.jp,671 255 4726
Gualterio,Kimmings,Male,gkimmings7o@tumblr.com,352 800 0139
Christel,Witt,Female,cwitt7p@phpbb.com,619 799 7404
Bennie,Elliman,Male,belliman7q@fda.gov,851 490 0850
Rhianon,O'Corr,Female,rocorr7r@eventbrite.com,908 848 5555
Benedetto,Slemmonds,Male,bslemmonds7s@wix.com,462 609 8380
Ariela,De Dei,Female,adedei7t@joomla.org,514 413 0211
Flossi,Baud,Female,fbaud7u@exblog.jp,680 531 4979
Gilligan,Forrester,Female,gforrester7v@imgur.com,928 457 9284
Peria,Georgeson,Female,pgeorgeson7w@foxnews.com,449 872 9744
Raven,Bitcheno,Female,rbitcheno7x@cnet.com,143 740 1229
Lurlene,Cleator,Female,lcleator7y@wikispaces.com,578 359 1942
Daron,Haggus,Male,dhaggus7z@cafepress.com,157 866 4113
Grace,Scotchmer,Female,gscotchmer80@lulu.com,521 644 8193
Katee,Drayton,Female,kdrayton81@cyberchimps.com,525 785 0898
Hewett,Wissbey,Male,hwissbey82@sfgate.com,619 163 0822
Friederike,Kensington,Female,fkensington83@purevolume.com,252 967 5263
Cristobal,Swiffan,Male,cswiffan84@wired.com,157 605 7571
Cristionna,Baxter,Female,cbaxter85@mozilla.org,530 726 3419
Cart,Sawyers,Non-binary,csawyers86@tripadvisor.com,384 937 8656
Constantin,Wyne,Male,cwyne87@addtoany.com,421 259 4760
Clarie,Sinkinson,Female,csinkinson88@surveymonkey.com,173 418 2494
Romeo,Stait,Non-binary,rstait89@people.com.cn,203 448 8135
Moyna,Ison,Female,mison8a@reference.com,808 309 2920
Riordan,Samsworth,Male,rsamsworth8b@cnbc.com,312 858 9223
Elwyn,Bacup,Male,ebacup8c@omniture.com,321 497 4336
Fletcher,Linkin,Male,flinkin8d@joomla.org,432 803 7752
Suzanna,Vaudre,Female,svaudre8e@altervista.org,535 221 8086
Abbey,Larkins,Female,alarkins8f@google.nl,210 961 1144
Pepillo,Cheeld,Bigender,pcheeld8g@oracle.com,961 190 4058
Stanwood,Lemonnier,Genderfluid,slemonnier8h@goo.gl,203 169 4449
Edlin,Hartgill,Male,ehartgill8i@opera.com,532 986 6646
Ned,Kinnerk,Male,nkinnerk8j@i2i.jp,255 870 0962
Jenifer,Livermore,Female,jlivermore8k@gov.uk,550 824 9774
Dougie,Polfer,Male,dpolfer8l@icq.com,639 631 8310
Tailor,Bugge,Male,tbugge8m@blogs.com,470 418 1248
Fancie,Deverell,Female,fdeverell8n@shinystat.com,531 242 6495
Suki,Auger,Female,sauger8o@uiuc.edu,124 676 5822
Cullin,Kirkebye,Male,ckirkebye8p@wikipedia.org,433 643 5544
Courtney,Petz,Male,cpetz8q@netvibes.com,945 874 3594
Killy,Synan,Male,ksynan8r@issuu.com,452 661 0859
Allyson,Croll,Female,acroll8s@timesonline.co.uk,907 626 6378
Arabel,Heare,Female,aheare8t@umn.edu,705 114 1002
Field,Postins,Male,fpostins8u@de.vu,930 375 4873
Bil,Kerins,Male,bkerins8v@soundcloud.com,226 570 3596
Laryssa,Jude,Polygender,ljude8w@guardian.co.uk,545 754 9157
Allison,Tyne,Female,atyne8x@seesaa.net,646 616 6617
Alessandro,Coakley,Male,acoakley8y@patch.com,992 328 6481
Patrice,Swanwick,Female,pswanwick8z@phpbb.com,404 445 8343
Goldy,Stanlike,Female,gstanlike90@goo.ne.jp,739 189 2387
Corrianne,Aslet,Female,caslet91@blog.com,432 410 8418
Nanette,Wilacot,Female,nwilacot92@ycombinator.com,228 190 7159
Calhoun,Kwietek,Male,ckwietek93@bloglovin.com,292 469 1043
Cory,Learoid,Female,clearoid94@1und1.de,197 478 9588
Felipa,Harral,Female,fharral95@psu.edu,734 317 7685
Corenda,Shanahan,Female,cshanahan96@storify.com,655 681 7105
Rhys,Lernihan,Male,rlernihan97@discuz.net,120 291 6182
Correy,Weller,Genderfluid,cweller98@dot.gov,191 181 5914
Fonzie,Liptrod,Male,fliptrod99@cmu.edu,927 107 8733
Lennie,Scheffler,Male,lscheffler9a@github.io,123 558 6645
Orlando,Pappin,Male,opappin9b@cisco.com,798 208 3514
Jarret,Talby,Male,jtalby9c@phoca.cz,749 861 7133
Hedwig,Entwhistle,Female,hentwhistle9d@cocolog-nifty.com,738 577 6465
Tatum,Griss,Female,tgriss9e@mit.edu,908 768 8199
Byrann,Clemo,Male,bclemo9f@baidu.com,664 107 3785
Ester,Wood,Female,ewood9g@dailymotion.com,877 533 5522
Minor,Giraldez,Male,mgiraldez9h@wp.com,373 515 0996
Anastasia,Hardwin,Female,ahardwin9i@barnesandnoble.com,120 851 6189
Olly,Sherland,Genderqueer,osherland9j@businessweek.com,194 205 2145
Frederik,Pouton,Male,fpouton9k@mapy.cz,932 649 5301
Sergei,Buttner,Male,sbuttner9l@bing.com,412 217 0676
Fletch,Stone,Male,fstone9m@chicagotribune.com,529 572 8932
Krystyna,Keld,Female,kkeld9n@pinterest.com,422 601 5532
Kane,Belfelt,Male,kbelfelt9o@geocities.jp,845 801 4466
Tamas,Cuel,Male,tcuel9p@cdbaby.com,814 312 4020
Lyndsie,Mathe,Female,lmathe9q@devhub.com,763 668 9141
Ebeneser,Hagart,Male,ehagart9r@squidoo.com,654 221 5446
Dorisa,Dragonette,Female,ddragonette9s@nps.gov,223 936 3976
Ellie,Martt,Female,emartt9t@wp.com,166 889 4869
Shaylah,Limbert,Female,slimbert9u@pcworld.com,612 518 0876
Pace,Sitch,Male,psitch9v@xinhuanet.com,575 987 1630
Michel,Pleager,Male,mpleager9w@flavors.me,151 322 9507
Drake,Jeffers,Male,djeffers9x@friendfeed.com,666 290 5351
Natale,Masseo,Male,nmasseo9y@samsung.com,209 899 7606
Eddy,Emslie,Male,eemslie9z@odnoklassniki.ru,651 963 6549
Jessie,Tape,Male,jtapea0@foxnews.com,956 813 2335
Noach,Samsonsen,Male,nsamsonsena1@netlog.com,720 963 7754
Nalani,Foran,Female,nforana2@usatoday.com,216 267 9744
Kirstin,Weddup,Female,kweddupa3@rambler.ru,932 136 0889
Karen,Purser,Female,kpursera4@ebay.co.uk,935 927 2829
Peter,MacGeffen,Male,pmacgeffena5@va.gov,445 828 2559
Benni,Camplin,Female,bcamplina6@yahoo.co.jp,702 137 9597
Boris,Pallis,Male,bpallisa7@4shared.com,685 208 3080
Giulia,Beining,Female,gbeininga8@virginia.edu,672 632 2810
Tish,Fardon,Female,tfardona9@friendfeed.com,326 809 4006
Giavani,Broomhead,Male,gbroomheadaa@cloudflare.com,304 889 7608
Flss,Canlin,Female,fcanlinab@dailymotion.com,842 716 1197
Park,Deehan,Male,pdeehanac@phoca.cz,183 619 3109
Anthia,Wollrauch,Female,awollrauchad@utexas.edu,175 607 7622
Cara,Ambrosini,Female,cambrosiniae@ca.gov,416 243 6577
Emera,Blakebrough,Agender,eblakebroughaf@skyrock.com,941 953 7981
Myrwyn,Gepheart,Male,mgepheartag@huffingtonpost.com,587 231 3988
Irwinn,Passman,Male,ipassmanah@ow.ly,126 879 7502
Corine,Ramplee,Female,crampleeai@google.ca,103 958 6838
Lona,Renfree,Female,lrenfreeaj@fastcompany.com,679 738 0190
Portia,Giorgio,Genderfluid,pgiorgioak@google.es,657 955 8724
Lind,Gorger,Female,lgorgeral@tinypic.com,364 587 9280
Bonita,Goane,Female,bgoaneam@sbwire.com,824 723 7256
Tally,Bramelt,Male,tbrameltan@123-reg.co.uk,804 115 6069
Glendon,Bull,Male,gbullao@myspace.com,366 864 2210
Husein,Sedgeworth,Agender,hsedgeworthap@dion.ne.jp,268 146 5741
Carole,Goldup,Female,cgoldupaq@hc360.com,871 787 5173
Lucien,Lage,Male,llagear@dedecms.com,696 141 4462
Muire,Theobalds,Female,mtheobaldsas@jigsy.com,236 829 2941
Nona,Egalton,Female,negaltonat@google.de,593 628 9447
Tammara,Tart,Female,ttartau@e-recht24.de,139 259 3883
Carmelina,Lanphier,Female,clanphierav@archive.org,702 227 2984
Eolande,Fuzzens,Female,efuzzensaw@prweb.com,789 807 8651
Steve,Clethro,Male,sclethroax@google.cn,994 554 9286
Scarlett,Vickerman,Female,svickermanay@addtoany.com,536 482 4449
Jordon,Osbiston,Male,josbistonaz@mlb.com,703 116 8974
Kristal,Braunfeld,Genderfluid,kbraunfeldb0@tamu.edu,639 671 6404
Bourke,Corris,Male,bcorrisb1@unicef.org,739 392 4812
Trenton,Ferrai,Male,tferraib2@accuweather.com,847 461 1686
Carolina,Northcliffe,Female,cnorthcliffeb3@reddit.com,101 355 2526
Jordan,Borrington,Female,jborringtonb4@ning.com,807 373 7295
Jordan,Gallagher,Male,jgallagherb5@patch.com,365 332 8865
Babara,Rizzini,Female,brizzinib6@wired.com,134 271 1650
Fanya,Boydell,Female,fboydellb7@nyu.edu,719 746 6170
Blane,Kurth,Male,bkurthb8@sun.com,716 896 6086
Joel,Mortell,Male,jmortellb9@weibo.com,770 893 1060
Emlen,Bartolomeu,Male,ebartolomeuba@imgur.com,149 830 3349
Saloma,Charge,Female,schargebb@wordpress.com,344 272 1925
Jaquelyn,Grice,Female,jgricebc@cam.ac.uk,783 928 2385
Cy,Biggs,Male,cbiggsbd@nih.gov,695 108 5652
Jeddy,Pawnsford,Male,jpawnsfordbe@usnews.com,218 155 5544
Hans,Suddock,Male,hsuddockbf@amazon.co.jp,466 350 5806
Melanie,Ellington,Female,mellingtonbg@netlog.com,851 643 1059
Bertina,Switland,Polygender,bswitlandbh@vimeo.com,455 194 2973
Kurtis,Bolderstone,Male,kbolderstonebi@surveymonkey.com,632 603 0623
Constantine,MacCartair,Female,cmaccartairbj@zdnet.com,764 685 9551
Valentia,Lascell,Female,vlascellbk@sciencedaily.com,970 297 7158
Sherwood,Rubenchik,Male,srubenchikbl@prweb.com,364 976 6311
Xymenes,Craker,Male,xcrakerbm@tripod.com,128 781 5017
Laurie,Secretan,Male,lsecretanbn@etsy.com,974 659 9541
Clarita,Hillam,Polygender,chillambo@bandcamp.com,586 187 6862
Olivie,Bernat,Female,obernatbp@bbb.org,322 347 3587
Brynne,Hennemann,Female,bhennemannbq@harvard.edu,615 795 5554
Devina,Tyrrell,Genderqueer,dtyrrellbr@linkedin.com,670 485 7610
Rosalyn,Drillingcourt,Female,rdrillingcourtbs@ox.ac.uk,356 988 3907
Diann,Peele,Female,dpeelebt@phoca.cz,853 470 7234
Lucilia,Bottomore,Female,lbottomorebu@dmoz.org,699 836 7343
Laurence,Cheesley,Male,lcheesleybv@xrea.com,817 573 9967
Alley,Gudgeon,Male,agudgeonbw@php.net,154 896 1929
Ignazio,Libreros,Male,ilibrerosbx@jiathis.com,502 350 5169
Fredi,Lamberts,Female,flambertsby@usnews.com,565 720 7036
Forbes,Ahearne,Bigender,fahearnebz@adobe.com,311 180 1766
Ellene,Stentiford,Polygender,estentifordc0@blog.com,920 384 2499
Ardyce,Pargeter,Female,apargeterc1@mozilla.org,934 114 3437
Artemis,Westrip,Male,awestripc2@merriam-webster.com,286 229 2799
Farrel,Rumbelow,Male,frumbelowc3@youtu.be,281 707 7219
Luther,Santostefano.,Male,lsantostefanoc4@ebay.com,505 956 8031
Glenda,Kershow,Female,gkershowc5@mayoclinic.com,872 341 8569
Florinda,Gannon,Female,fgannonc6@baidu.com,867 580 9093
Dierdre,Timeby,Female,dtimebyc7@qq.com,364 506 4970
Egor,de Lloyd,Male,edelloydc8@oakley.com,802 799 5047
Eberto,Couthard,Male,ecouthardc9@google.cn,435 182 9459
Candie,Frankham,Female,cfrankhamca@amazon.co.uk,557 345 4458
Opaline,Huglin,Female,ohuglincb@deviantart.com,302 542 6537
Sol,McFayden,Male,smcfaydencc@baidu.com,588 946 0280
Marijn,Lere,Male,mlerecd@ustream.tv,124 111 4009
Obidiah,Pawlett,Male,opawlettce@statcounter.com,821 151 5821
Suzi,Hardy,Agender,shardycf@icio.us,738 620 4305
Kermie,Reinard,Male,kreinardcg@tamu.edu,123 690 5667
Phip,Beathem,Male,pbeathemch@surveymonkey.com,948 184 2680
Hartley,Jepson,Male,hjepsonci@mysql.com,447 486 7784
Sebastian,Livingston,Male,slivingstoncj@guardian.co.uk,591 243 9386
Biddy,Killiner,Female,bkillinerck@comsenz.com,626 204 3774
Andromache,Oleszkiewicz,Female,aoleszkiewiczcl@yandex.ru,130 120 4372
Burk,Marzele,Male,bmarzelecm@twitter.com,652 361 4336
Sosanna,Pickervance,Female,spickervancecn@artisteer.com,935 177 0263
Christoph,Egdal,Genderqueer,cegdalco@freewebs.com,388 933 7720
Bord,Crichten,Male,bcrichtencp@salon.com,502 872 4938
Liva,Lorinez,Female,llorinezcq@paginegialle.it,201 495 6065
Mollee,Breslin,Female,mbreslincr@tinypic.com,156 261 0860
Pris,MacQueen,Female,pmacqueencs@abc.net.au,621 333 2172
Wiley,Kilpin,Agender,wkilpinct@google.com,633 677 5286
Latashia,Kleinzweig,Female,lkleinzweigcu@comcast.net,901 769 1590
Aldrich,Camber,Non-binary,acambercv@phoca.cz,119 979 5709
Alasdair,Chasemore,Male,achasemorecw@forbes.com,926 921 3837
Isadora,Geering,Female,igeeringcx@goo.ne.jp,479 242 4795
Harmon,Pedroni,Male,hpedronicy@networksolutions.com,925 827 7792
Annetta,Hatry,Non-binary,ahatrycz@51.la,726 205 5482
Pate,Lefeuvre,Male,plefeuvred0@google.nl,102 629 7477
Marja,Gillham,Female,mgillhamd1@wix.com,554 700 5579
Bear,Oxbrow,Male,boxbrowd2@mashable.com,266 854 2723
Manuel,Kemble,Male,mkembled3@wufoo.com,362 802 7220
Laurene,Settle,Female,lsettled4@noaa.gov,500 275 8401
Bronny,Minet,Male,bminetd5@reuters.com,435 807 5505
Addy,Aspital,Female,aaspitald6@baidu.com,219 576 2895
Vitia,Widmore,Female,vwidmored7@myspace.com,649 440 8186
Kelly,Seeviour,Male,kseeviourd8@weather.com,937 600 5823
Lucienne,Girodias,Female,lgirodiasd9@netlog.com,869 603 5328
Gordie,Marre,Male,gmarreda@smugmug.com,289 545 8022
Lida,Mixter,Female,lmixterdb@tiny.cc,836 368 1126
Ignacio,McFarland,Male,imcfarlanddc@cnet.com,103 677 9276
Enrique,Liddington,Male,eliddingtondd@usgs.gov,808 174 7958
Nadiya,Syce,Female,nsycede@spiegel.de,803 409 9114
Drusi,Cardew,Female,dcardewdf@theglobeandmail.com,949 698 4008
Galvin,Tregidgo,Bigender,gtregidgodg@bloomberg.com,970 156 4005
Aretha,Heaffey,Female,aheaffeydh@biglobe.ne.jp,917 847 9712
Harri,Shoard,Female,hshoarddi@smh.com.au,142 694 9890
Wainwright,Levett,Male,wlevettdj@dagondesign.com,126 242 1357
Kalle,Pail,Male,kpaildk@scientificamerican.com,964 438 1565
Owen,Collens,Male,ocollensdl@google.fr,166 353 9703
Carley,Crackett,Female,ccrackettdm@bloglines.com,229 497 4846
Deena,Garner,Female,dgarnerdn@hibu.com,353 707 3939
Ogdon,Puddefoot,Male,opuddefootdo@shinystat.com,396 550 2467
Giacobo,Sacchetti,Male,gsacchettidp@webs.com,599 285 8021
Laurence,Hastler,Male,lhastlerdq@deviantart.com,525 577 4382
Patti,Pennuzzi,Female,ppennuzzidr@plala.or.jp,407 699 6425
Silvie,Brannan,Female,sbrannands@imgur.com,448 607 6422
Paola,Vautin,Female,pvautindt@businesswire.com,929 911 9060
Oby,Richardot,Male,orichardotdu@ezinearticles.com,665 810 7506
Earvin,Downton,Male,edowntondv@1und1.de,173 230 7476
Lucila,Lewnden,Female,llewndendw@cloudflare.com,286 401 0384
Verna,Seal,Female,vsealdx@marketwatch.com,729 120 2671
Kizzie,Lewsey,Female,klewseydy@cornell.edu,606 465 8219
Gram,Seaton,Male,gseatondz@hibu.com,154 260 3015
Anatole,Mounce,Male,amouncee0@bloomberg.com,934 772 9986
Hi,Kubista,Male,hkubistae1@ameblo.jp,395 212 6810
Reta,Jermyn,Non-binary,rjermyne2@unblog.fr,177 569 4881
Bald,Dimbylow,Male,bdimbylowe3@ameblo.jp,303 191 0209
Victoria,O'Teague,Female,voteaguee4@gravatar.com,619 780 0605
Silvanus,Tweedle,Male,stweedlee5@squidoo.com,787 971 5125
Nelle,Wolfinger,Female,nwolfingere6@themeforest.net,489 580 9635
Wilton,Baiyle,Male,wbaiylee7@ftc.gov,889 520 4298
Dory,Grassot,Female,dgrassote8@comsenz.com,694 613 9713
Hakeem,Hun,Male,hhune9@histats.com,907 962 8644
Christoper,Skirven,Male,cskirvenea@usatoday.com,794 918 0360
Laryssa,Killough,Female,lkillougheb@weebly.com,524 257 6731
Allissa,Findlay,Non-binary,afindlayec@sbwire.com,530 868 2162
Stevena,Cobden,Female,scobdened@psu.edu,425 648 3532
Edgardo,Wimp,Male,ewimpee@merriam-webster.com,120 307 4650
Pernell,McConway,Polygender,pmcconwayef@phoca.cz,321 564 4455
Garek,Tant,Male,gtanteg@tamu.edu,915 519 0652
Wyn,Craister,Male,wcraistereh@imageshack.us,594 253 1581
Rhys,Tembridge,Male,rtembridgeei@narod.ru,761 561 1844
Alayne,Quidenham,Genderfluid,aquidenhamej@mlb.com,301 930 5511
Theobald,Corben,Male,tcorbenek@theatlantic.com,786 158 4096
Petronilla,MacEntee,Female,pmacenteeel@e-recht24.de,369 197 1499
Jordon,Batchley,Male,jbatchleyem@cafepress.com,548 582 5404
Izaak,Le Surf,Male,ilesurfen@newyorker.com,757 953 0091
Barbara-anne,Scobie,Female,bscobieeo@issuu.com,199 194 1249
Brittaney,Ayree,Female,bayreeep@twitter.com,583 655 2131
Kathryne,Ridsdell,Female,kridsdelleq@ocn.ne.jp,170 198 5247
Theobald,Malter,Male,tmalterer@g.co,356 398 2106
Rodge,Lambol,Male,rlamboles@ucoz.ru,739 366 4974
Tamera,Iveson,Female,tivesonet@slate.com,121 295 6761
Shara,Archard,Female,sarchardeu@squarespace.com,613 419 3242
Korie,Shorte,Female,kshorteev@sphinn.com,334 908 4799
Frederik,Pfertner,Male,fpfertnerew@europa.eu,774 186 0000
Korney,Selby,Female,kselbyex@themeforest.net,197 798 1065
Alverta,Howlin,Female,ahowliney@usnews.com,763 148 0445
Loni,Riccard,Non-binary,lriccardez@wp.com,779 739 7313
Augustin,Balthasar,Genderqueer,abalthasarf0@eventbrite.com,504 373 0681
Sashenka,Cuming,Female,scumingf1@bravesites.com,122 816 1048
Talyah,Atto,Female,tattof2@flavors.me,296 769 2725
Ray,Riste,Male,rristef3@bizjournals.com,881 485 5129
Johnna,Minister,Female,jministerf4@istockphoto.com,124 884 1337
Halsey,Burtonwood,Male,hburtonwoodf5@moonfruit.com,910 562 5223
Tandi,Kaubisch,Female,tkaubischf6@imgur.com,495 612 0406
Ivonne,Graddon,Bigender,igraddonf7@amazon.co.jp,374 890 0445
Moe,Lasseter,Male,mlasseterf8@independent.co.uk,404 286 3292
Ross,Chavrin,Male,rchavrinf9@slashdot.org,396 431 7818
Cointon,Hanning,Genderqueer,channingfa@liveinternet.ru,608 596 1930
Debee,Spaducci,Female,dspaduccifb@loc.gov,589 600 7389
Rey,Hanrott,Male,rhanrottfc@arstechnica.com,133 456 9932
Michell,Keetch,Female,mkeetchfd@amazon.com,691 597 6469
Sonny,Cecely,Female,scecelyfe@hibu.com,163 832 7570
Farlie,Brockley,Male,fbrockleyff@jalbum.net,624 970 5272
Carmelina,Reims,Female,creimsfg@zimbio.com,960 673 3878
Derril,Lusher,Male,dlusherfh@bigcartel.com,534 347 5608
Mirella,Reinbeck,Polygender,mreinbeckfi@drupal.org,574 526 5694
Elton,Wrightson,Male,ewrightsonfj@tumblr.com,211 290 8610
Welbie,Meadowcroft,Male,wmeadowcroftfk@upenn.edu,710 809 3612
Kinnie,Aughtie,Male,kaughtiefl@pagesperso-orange.fr,103 945 4500
Trace,Doley,Male,tdoleyfm@sina.com.cn,787 148 0865
Kalli,Mott,Female,kmottfn@myspace.com,409 155 6068
Lionello,Parkinson,Male,lparkinsonfo@economist.com,959 937 4263
Konstantine,Ingree,Male,kingreefp@mozilla.com,467 962 8229
Kissiah,MacGuffog,Female,kmacguffogfq@virginia.edu,429 270 3013
Boothe,Skilling,Male,bskillingfr@arstechnica.com,350 572 7430
Merrick,Gavey,Male,mgaveyfs@paginegialle.it,951 589 7451
Duke,Amesbury,Male,damesburyft@51.la,122 547 1050
Kendal,Chislett,Male,kchislettfu@zdnet.com,842 273 7595
Maure,Clingoe,Female,mclingoefv@arizona.edu,815 689 3845
Bevan,Lahive,Male,blahivefw@hhs.gov,355 345 4407
Colet,Wildsmith,Male,cwildsmithfx@purevolume.com,605 200 2967
Katey,Hamflett,Female,khamflettfy@surveymonkey.com,373 636 0835
Barrie,Mechem,Male,bmechemfz@virginia.edu,432 489 8979
Philipa,Brownrigg,Female,pbrownriggg0@oaic.gov.au,813 323 1805
Raffaello,Ruilton,Male,rruiltong1@yolasite.com,328 603 5058
Dalila,Balcers,Female,dbalcersg2@51.la,780 363 1700
Stillman,Topper,Male,stopperg3@unc.edu,650 773 4799
Harland,Roberds,Male,hroberdsg4@booking.com,805 354 1704
Morris,Greenley,Male,mgreenleyg5@independent.co.uk,824 395 5402
Hercules,Piscotti,Male,hpiscottig6@oakley.com,942 285 1510
Ninetta,McGragh,Female,nmcgraghg7@unicef.org,249 889 0375
Nonie,Simonich,Female,nsimonichg8@github.com,491 556 4147
Keely,Tooher,Female,ktooherg9@oracle.com,186 783 7142
Nathaniel,Druhan,Male,ndruhanga@shop-pro.jp,208 525 5454
Sianna,MacDermott,Female,smacdermottgb@ibm.com,784 295 5528
Magdaia,Carragher,Female,mcarraghergc@apache.org,139 838 2503
Leilah,Shotter,Female,lshottergd@theatlantic.com,188 916 5445
Terrence,Tillot,Male,ttillotge@weibo.com,411 144 0750
Law,Tofts,Male,ltoftsgf@pagesperso-orange.fr,915 709 3201
Marika,Schankel,Female,mschankelgg@seattletimes.com,671 587 1331
Lebbie,Raithby,Female,lraithbygh@mac.com,719 194 1617
Ferdinande,Shorie,Female,fshoriegi@addthis.com,424 509 3417
Tyrus,Hartle,Male,thartlegj@cafepress.com,452 286 0538
Alon,Geraudel,Male,ageraudelgk@indiatimes.com,754 203 1785
Dagny,Snibson,Male,dsnibsongl@tumblr.com,288 669 2418
Caria,Gaymar,Female,cgaymargm@newyorker.com,177 178 2879
Carmela,Gorden,Female,cgordengn@rakuten.co.jp,850 345 0141
Major,Muddicliffe,Male,mmuddicliffego@japanpost.jp,166 269 8461
Nina,Eastwell,Female,neastwellgp@mysql.com,972 309 4318
Koenraad,Pillifant,Male,kpillifantgq@washington.edu,709 576 5646
Alica,Asey,Female,aaseygr@blogger.com,699 342 0661
Zena,le Keux,Female,zlekeuxgs@jigsy.com,989 961 3289
Dietrich,Hutable,Male,dhutablegt@ibm.com,855 952 8242
Miguelita,Theuss,Non-binary,mtheussgu@archive.org,683 683 6326
Henri,Peizer,Male,hpeizergv@paginegialle.it,846 848 7848
Emilee,Crum,Genderqueer,ecrumgw@wikipedia.org,609 997 7775
Cass,Gheeorghie,Female,cgheeorghiegx@usatoday.com,165 537 4891
Wilfred,Copson,Male,wcopsongy@parallels.com,234 606 7678
Gary,Deacon,Male,gdeacongz@wikispaces.com,182 146 3779
Adey,Huckel,Female,ahuckelh0@ca.gov,668 511 5979
Ban,Mewe,Male,bmeweh1@omniture.com,513 647 0557
Shelli,Fawke,Female,sfawkeh2@japanpost.jp,947 750 2090
Jermaine,Rickcord,Male,jrickcordh3@reverbnation.com,467 949 1529
Arnaldo,Longlands,Male,alonglandsh4@hostgator.com,637 622 2342
Bobbe,Jenik,Female,bjenikh5@cloudflare.com,349 599 9318
Maryanne,Tamburo,Female,mtamburoh6@addthis.com,938 805 9404
Billie,Titchen,Female,btitchenh7@odnoklassniki.ru,119 151 7776
Currie,Battlestone,Male,cbattlestoneh8@devhub.com,506 984 0189
Crissie,Creese,Female,ccreeseh9@mit.edu,208 484 2844
Randie,Serris,Female,rserrisha@joomla.org,819 574 0103
Cissiee,Boards,Female,cboardshb@discovery.com,601 957 5041
Inigo,Rugg,Genderfluid,irugghc@istockphoto.com,722 599 3347
Amber,Ruppeli,Female,aruppelihd@g.co,957 233 5176
Hinda,Pettigree,Female,hpettigreehe@wikipedia.org,950 860 0758
Ruthe,Edridge,Female,redridgehf@bluehost.com,434 836 0099
Constantin,Stoyles,Male,cstoyleshg@intel.com,872 643 7840
Elsy,Lodeke,Bigender,elodekehh@wiley.com,106 677 7517
Eustace,Tillyer,Male,etillyerhi@harvard.edu,833 193 0068
Tiphany,Kinchlea,Female,tkinchleahj@blogger.com,450 544 0945
Geoff,Boarder,Male,gboarderhk@cnbc.com,571 154 7451
Lexi,Mussalli,Female,lmussallihl@exblog.jp,196 188 6286
Billy,O'Keefe,Male,bokeefehm@facebook.com,704 153 1601
Zola,Keneforde,Female,zkenefordehn@domainmarket.com,234 359 8792
Yorgo,Fosberry,Male,yfosberryho@businessinsider.com,225 252 8451
Ricca,Denmead,Female,rdenmeadhp@gravatar.com,468 288 6494
Jereme,Cozins,Male,jcozinshq@amazon.co.jp,788 367 6832
Becki,Paolazzi,Female,bpaolazzihr@liveinternet.ru,722 640 1702
Cristen,Dounbare,Female,cdounbarehs@barnesandnoble.com,569 995 4917
Hughie,Matusiak,Male,hmatusiakht@skyrock.com,615 655 3468
Jany,Dimitru,Female,jdimitruhu@bloglines.com,928 269 9178
Archie,Maddin,Male,amaddinhv@dell.com,786 203 2604
Ludvig,Raiston,Polygender,lraistonhw@pagesperso-orange.fr,721 204 8752
Rakel,Paulitschke,Female,rpaulitschkehx@theatlantic.com,211 440 9000
Regine,Dancey,Female,rdanceyhy@mozilla.org,138 702 9610
Konstanze,Babe,Female,kbabehz@so-net.ne.jp,512 119 3542
Rafi,Wloch,Male,rwlochi0@eventbrite.com,789 940 2767
Abran,Turfrey,Male,aturfreyi1@vistaprint.com,430 980 5276
North,Campana,Male,ncampanai2@bloomberg.com,586 175 8197
Goldi,Joysey,Female,gjoyseyi3@yellowpages.com,190 820 0741
Kendrick,Godbold,Male,kgodboldi4@hexun.com,125 977 9446
Erwin,Roeby,Male,eroebyi5@fda.gov,750 388 9009
Redford,Cradock,Polygender,rcradocki6@w3.org,508 163 1673
Terrence,Waterhowse,Male,twaterhowsei7@seesaa.net,327 651 4697
Gerta,Wallenger,Agender,gwallengeri8@zimbio.com,256 688 9111
Leslie,Regitz,Polygender,lregitzi9@canalblog.com,629 739 4796
Koren,Tommeo,Female,ktommeoia@ning.com,733 335 0333
Tansy,Hoyte,Genderfluid,thoyteib@surveymonkey.com,388 139 9748
Leone,Belderson,Female,lbeldersonic@bloglines.com,114 712 1617
Marsiella,Lassen,Female,mlassenid@indiegogo.com,501 521 5260
Chrysa,Fiander,Female,cfianderie@spotify.com,406 759 0123
Maurizio,Pioch,Male,mpiochif@marketwatch.com,238 335 3689
Carmelle,MacLaren,Bigender,cmaclarenig@foxnews.com,498 469 8240
Monty,Lippini,Genderqueer,mlippiniih@dion.ne.jp,873 151 7519
Bary,Christauffour,Male,bchristauffourii@constantcontact.com,608 694 4315
Oren,Bille,Male,obilleij@arstechnica.com,640 708 7940
Hewett,Capener,Male,hcapenerik@goo.gl,884 202 1479
Carney,Wardel,Male,cwardelil@php.net,641 148 9099
Janeen,Silverwood,Agender,jsilverwoodim@quantcast.com,451 203 9344
Josiah,Siddens,Bigender,jsiddensin@usda.gov,281 696 5878
Leora,McMillan,Female,lmcmillanio@state.tx.us,205 761 6249
Filmore,Hoggan,Bigender,fhogganip@list-manage.com,946 565 0518
Allix,Omond,Female,aomondiq@apache.org,858 538 3231
Drusilla,Hanse,Female,dhanseir@is.gd,745 827 5507
Humberto,Leonards,Male,hleonardsis@bizjournals.com,779 624 4132
Erick,Pinckard,Bigender,epinckardit@shinystat.com,809 277 8738
Lyda,Yewman,Female,lyewmaniu@sun.com,469 492 2554
Tricia,McTrustam,Female,tmctrustamiv@scribd.com,133 820 8165
Harli,Hans,Female,hhansiw@constantcontact.com,873 351 6704
Duncan,Shillan,Male,dshillanix@mail.ru,410 915 4228
Zachary,Paddingdon,Male,zpaddingdoniy@icq.com,891 307 5414
Gleda,Braine,Female,gbraineiz@bluehost.com,823 580 5697
Lucy,Muncaster,Female,lmuncasterj0@java.com,186 251 1306
Karena,Fasset,Female,kfassetj1@twitter.com,959 370 3364
Irwinn,Tomlinson,Male,itomlinsonj2@deviantart.com,892 433 3982
Con,Pinare,Male,cpinarej3@hubpages.com,597 259 9401
Barclay,Chisnell,Male,bchisnellj4@mozilla.org,818 882 3871
Kerwinn,Barlee,Male,kbarleej5@narod.ru,406 277 4058
Reggis,Parmeter,Male,rparmeterj6@mozilla.com,114 738 8998
Jacquenetta,Leeder,Female,jleederj7@sohu.com,969 699 5286
Lil,Feldbaum,Female,lfeldbaumj8@opera.com,251 421 7422
Merilee,Alf,Female,malfj9@pagesperso-orange.fr,237 399 9703
Mallory,Aldins,Male,maldinsja@hc360.com,837 711 8968
Teador,Greasley,Male,tgreasleyjb@hhs.gov,708 201 3372
Yul,Gorick,Male,ygorickjc@mozilla.com,494 794 2574
Ninnetta,Nassy,Female,nnassyjd@amazon.co.jp,763 128 2561
Danni,Braybrookes,Bigender,dbraybrookesje@wunderground.com,384 773 0179
Astrid,Itshak,Female,aitshakjf@mit.edu,174 393 5949
Bridie,Lepard,Female,blepardjg@stanford.edu,142 234 5291
Christan,Prosh,Female,cproshjh@drupal.org,520 199 5933
Jacintha,Jonathon,Polygender,jjonathonji@amazonaws.com,538 188 4050
Malanie,Fuente,Female,mfuentejj@comcast.net,461 245 4045
Alwyn,Tommasi,Male,atommasijk@weibo.com,638 627 7997
Noelle,Grono,Female,ngronojl@facebook.com,179 360 5230
Victor,Entwistle,Male,ventwistlejm@uiuc.edu,675 584 5255
Koenraad,McWhorter,Male,kmcwhorterjn@hexun.com,502 793 4644
Erskine,Bytheway,Male,ebythewayjo@constantcontact.com,803 930 3433
Isidro,Trahar,Genderqueer,itraharjp@ifeng.com,287 884 8938
Borg,Minett,Male,bminettjq@bing.com,289 772 3427
Violante,Side,Female,vsidejr@sina.com.cn,972 367 5443
Serene,Whitwood,Female,swhitwoodjs@homestead.com,712 672 1009
Sonja,Rooson,Non-binary,sroosonjt@auda.org.au,656 239 9647
Melamie,Seabon,Female,mseabonju@google.cn,463 952 0126
Alvis,Phette,Male,aphettejv@house.gov,180 466 6488
Huey,Edards,Male,hedardsjw@desdev.cn,845 230 4586
Burlie,Merrett,Male,bmerrettjx@goodreads.com,148 285 7024
Mortimer,Titterell,Male,mtitterelljy@hhs.gov,504 869 4658
Jorge,Palister,Male,jpalisterjz@dailymail.co.uk,514 922 8584
Lorens,Muschette,Male,lmuschettek0@dailymotion.com,869 561 3087
Hermie,Wedderburn,Male,hwedderburnk1@yellowbook.com,839 623 9719
Effie,Godsafe,Female,egodsafek2@histats.com,768 294 4467
Ginevra,Gerbel,Non-binary,ggerbelk3@ed.gov,381 856 8094
Frasier,Dimanche,Male,fdimanchek4@edublogs.org,351 412 8501
Sal,Dilrew,Female,sdilrewk5@loc.gov,879 221 2333
Jennie,Bealton,Female,jbealtonk6@angelfire.com,425 872 0152
Meris,Gerant,Female,mgerantk7@arstechnica.com,977 397 1465
Greer,Wilding,Female,gwildingk8@elegantthemes.com,451 486 2704
Kittie,Drust,Genderfluid,kdrustk9@umich.edu,589 112 4583
Haleigh,Demeter,Male,hdemeterka@networksolutions.com,248 876 7598
Jody,Milne,Male,jmilnekb@nbcnews.com,319 384 5236
Carroll,Josefson,Male,cjosefsonkc@sbwire.com,899 789 5270
Daron,Rubra,Female,drubrakd@xrea.com,306 759 2366
Vinny,Hegden,Female,vhegdenke@ca.gov,525 598 0601
Lovell,Dochon,Male,ldochonkf@prnewswire.com,650 929 4338
Dominga,Trood,Female,dtroodkg@dion.ne.jp,684 881 4686
Tedd,Chinnery,Male,tchinnerykh@smugmug.com,161 685 2694
Murdock,Vlasenkov,Male,mvlasenkovki@digg.com,686 471 9743
Gwenni,Toon,Non-binary,gtoonkj@mashable.com,255 876 4399
Titus,Berg,Male,tbergkk@booking.com,769 368 2294
Bibby,Muff,Female,bmuffkl@techcrunch.com,765 716 9441
Carri,Wermerling,Female,cwermerlingkm@google.nl,172 130 1103
Jeanine,Adnam,Female,jadnamkn@earthlink.net,159 828 3621
Rosemarie,Teideman,Female,rteidemanko@apple.com,821 913 7263
Gareth,Lettsom,Male,glettsomkp@dagondesign.com,752 767 7590
Melania,Cockrell,Bigender,mcockrellkq@adobe.com,923 302 5393
Baldwin,Fullard,Male,bfullardkr@surveymonkey.com,449 607 5531
Katleen,MacGillreich,Female,kmacgillreichks@mysql.com,391 424 2118
Franchot,Wattingham,Male,fwattinghamkt@mail.ru,547 685 0903
Mortimer,McGinley,Male,mmcginleyku@earthlink.net,751 533 5143
Chandal,Temprell,Female,ctemprellkv@yellowpages.com,765 459 1026
Glynnis,Odell,Female,godellkw@elpais.com,265 424 5868
Vaughan,Ellsbury,Male,vellsburykx@a8.net,444 951 4303
Jacinthe,Sally,Female,jsallyky@dyndns.org,225 159 4168
Manya,Frain,Female,mfrainkz@nbcnews.com,149 267 6163
Adolph,Dockree,Male,adockreel0@washington.edu,728 780 8712
Teresa,Midlar,Female,tmidlarl1@aboutads.info,886 972 5432
Hanan,Ounsworth,Male,hounsworthl2@yelp.com,641 864 3794
Sonnie,Wark,Male,swarkl3@home.pl,521 892 5176
Kennie,Corns,Male,kcornsl4@last.fm,771 124 8519
Atlanta,Sunner,Genderqueer,asunnerl5@wikimedia.org,788 462 2851
Hattie,Jedrzejewski,Female,hjedrzejewskil6@seattletimes.com,329 829 2506
Ethyl,Burfitt,Female,eburfittl7@opera.com,839 701 0142
Melly,Kennifeck,Female,mkennifeckl8@mediafire.com,679 116 4064
Kendall,Kacheller,Male,kkachellerl9@huffingtonpost.com,673 625 0813
Washington,Butner,Male,wbutnerla@elegantthemes.com,767 650 8461
Julissa,Corradetti,Female,jcorradettilb@squidoo.com,525 596 5452
Hildegaard,Baglan,Female,hbaglanlc@time.com,815 865 9369
Hobey,Marran,Male,hmarranld@example.com,194 459 5510
Gaby,Goby,Male,ggobyle@xrea.com,230 604 7038
Mabel,MacAskill,Female,mmacaskilllf@ted.com,869 886 8747
Addy,Mummery,Female,amummerylg@php.net,359 297 2348
Evelyn,Pietroni,Male,epietronilh@auda.org.au,628 565 5594
Fremont,McMurty,Male,fmcmurtyli@cnn.com,264 264 1614
Maury,Bravery,Male,mbraverylj@ucsd.edu,570 397 6306
Darwin,Fall,Male,dfalllk@imgur.com,553 291 1517
Althea,Baldi,Female,abaldill@lycos.com,235 692 0392
Henryetta,Garrique,Female,hgarriquelm@nbcnews.com,878 745 0660
Earvin,Dilks,Male,edilksln@spiegel.de,742 713 2943
Cathi,Beville,Female,cbevillelo@stanford.edu,280 973 5325
Vasily,Pestridge,Non-binary,vpestridgelp@senate.gov,616 116 9444
Suzy,Groll,Female,sgrolllq@fc2.com,820 134 4386
Colin,Daniau,Male,cdaniaulr@weebly.com,551 608 6476
Zabrina,Charlesworth,Bigender,zcharlesworthls@google.ru,247 426 7190
Moll,Fitzpayn,Female,mfitzpaynlt@surveymonkey.com,597 221 1463
Shem,Ferriere,Male,sferrierelu@weebly.com,947 195 2940
Francisco,Tumasian,Male,ftumasianlv@rambler.ru,940 161 0362
Jefferson,Callaghan,Male,jcallaghanlw@mlb.com,287 532 7084
Artemus,Ruckman,Male,aruckmanlx@gov.uk,493 843 9932
Rodger,Sayers,Male,rsayersly@amazon.co.uk,444 976 6706
Shelley,Goodge,Male,sgoodgelz@nature.com,593 348 5271
Gav,Syson,Male,gsysonm0@ucoz.ru,675 403 4743
Twila,McVittie,Genderfluid,tmcvittiem1@adobe.com,451 870 4483
Alleen,Tills,Female,atillsm2@bbc.co.uk,306 171 1587
Ev,Cowndley,Male,ecowndleym3@unblog.fr,322 465 2552
Lanna,Ragless,Female,lraglessm4@zimbio.com,275 548 6072
Korney,Cassell,Female,kcassellm5@vistaprint.com,294 245 7753
Mauricio,Malster,Male,mmalsterm6@who.int,688 608 2521
Sharona,Cartmel,Female,scartmelm7@marketwatch.com,659 401 5074
Simone,Petracco,Polygender,spetraccom8@biglobe.ne.jp,210 834 6300
Simon,Marjanovic,Genderfluid,smarjanovicm9@army.mil,584 673 5098
Gussi,Bessant,Bigender,gbessantma@rambler.ru,464 445 8803
Nobie,Yuille,Male,nyuillemb@plala.or.jp,610 487 2127
Cirstoforo,Burleton,Male,cburletonmc@yahoo.co.jp,704 223 2661
Conn,D'Almeida,Male,cdalmeidamd@examiner.com,790 317 5011
Ellie,Westcarr,Female,ewestcarrme@cornell.edu,705 854 3357
Ericka,Mitton,Female,emittonmf@mtv.com,686 338 6863
Elias,Wabe,Male,ewabemg@ezinearticles.com,220 196 3012
Alvy,Braidman,Male,abraidmanmh@list-manage.com,708 487 7338
Eldon,Prettyjohns,Male,eprettyjohnsmi@t.co,756 534 4167
Harriot,Lapidus,Female,hlapidusmj@furl.net,371 121 5779
Raychel,Haizelden,Female,rhaizeldenmk@baidu.com,428 166 6557
Dorita,Burcher,Female,dburcherml@furl.net,200 326 3786
Marcelo,Yepiskov,Polygender,myepiskovmm@mayoclinic.com,989 667 0256
Jaquelin,Poure,Agender,jpouremn@symantec.com,318 173 8085
Mahmud,Maruska,Male,mmaruskamo@sciencedaily.com,719 148 7410
Ara,Shorton,Male,ashortonmp@slate.com,808 489 2546
Winni,Sussans,Female,wsussansmq@rediff.com,713 164 0936
Nye,Jelleman,Male,njellemanmr@edublogs.org,234 951 5499
Abbie,Sanpere,Male,asanperems@discovery.com,213 462 6080
Smitty,Wibrew,Male,swibrewmt@mayoclinic.com,849 872 7625
Keenan,Girke,Male,kgirkemu@plala.or.jp,776 414 4578
Gaspar,Slowcock,Male,gslowcockmv@feedburner.com,296 130 4642
Jessie,Shrimplin,Female,jshrimplinmw@google.co.jp,184 894 9215
Annie,Lyptratt,Female,alyptrattmx@geocities.com,348 328 3732
Brig,Gotcher,Male,bgotchermy@admin.ch,202 819 0743
Averyl,Albasiny,Female,aalbasinymz@blogs.com,551 884 2494
Bronny,Weatherell,Male,bweatherelln0@storify.com,544 751 0075
Kelli,Hainning,Polygender,khainningn1@vimeo.com,641 750 6409
Darelle,Grimolbie,Female,dgrimolbien2@arstechnica.com,294 456 9321
Shauna,Lemin,Female,sleminn3@sina.com.cn,409 292 5917
Isidor,Haycraft,Male,ihaycraftn4@cnbc.com,820 141 1242
Zahara,Dove,Female,zdoven5@psu.edu,865 374 2090
Lola,Kopfer,Female,lkopfern6@gmpg.org,202 335 2584
Jervis,Swyer,Male,jswyern7@google.com.br,803 136 8681
Abagail,Fowley,Female,afowleyn8@biblegateway.com,400 764 6520
Arthur,Reuss,Male,areussn9@hhs.gov,371 716 9941
Brander,Carden,Male,bcardenna@phoca.cz,935 633 5695
Arlie,Wareing,Female,awareingnb@wordpress.org,804 816 0685
Gordie,Culver,Male,gculvernc@google.nl,335 207 5783
Bradly,Jakucewicz,Male,bjakucewicznd@ow.ly,869 487 9120
Washington,Jeavon,Male,wjeavonne@economist.com,473 101 4898
Roselle,Needham,Female,rneedhamnf@tripadvisor.com,839 745 9055
Ingamar,Campione,Male,icampioneng@webs.com,245 837 4245
Tobe,Colum,Female,tcolumnh@people.com.cn,252 178 9163
Hanni,Wannell,Female,hwannellni@umich.edu,811 595 4464
Oliviero,Conboy,Male,oconboynj@adobe.com,743 769 2941
Sascha,Sporgeon,Male,ssporgeonnk@wikimedia.org,386 329 4511
Mercedes,Antoinet,Female,mantoinetnl@about.com,793 108 3765
Moira,Baseley,Female,mbaseleynm@example.com,827 385 9023
Norris,Hawker,Non-binary,nhawkernn@prweb.com,785 245 1354
Lanette,Hofton,Female,lhoftonno@macromedia.com,456 173 9578
Kingston,Starmer,Bigender,kstarmernp@sourceforge.net,285 340 2022
Tabbie,Mazzei,Female,tmazzeinq@exblog.jp,633 424 9236
Darrell,Brozsset,Male,dbrozssetnr@sbwire.com,979 684 3857
Nicholle,Pheazey,Female,npheazeyns@slate.com,533 724 5915
Tan,Cooley,Male,tcooleynt@mysql.com,882 321 4641
Kerwinn,Smaile,Male,ksmailenu@oracle.com,560 326 4891
Bobbette,Buchanan,Female,bbuchanannv@youtu.be,366 319 9304
Wood,Comins,Male,wcominsnw@wp.com,621 675 5379
Wilhelm,Josephy,Male,wjosephynx@stumbleupon.com,900 966 8849
Christan,Justham,Female,cjusthamny@google.com.au,992 884 0407
Nikolaos,Janjic,Male,njanjicnz@aol.com,117 192 1785
Domenic,Eake,Male,deakeo0@sphinn.com,689 807 4405
Saxe,Handley,Male,shandleyo1@cnet.com,138 455 9239
Auberon,Fitzroy,Male,afitzroyo2@mysql.com,593 418 3940
Lindie,Luberti,Female,llubertio3@t-online.de,192 160 2319
Jojo,Persey,Female,jperseyo4@nba.com,874 366 8166
Geraldine,Reilingen,Female,greilingeno5@eventbrite.com,533 126 6751
Prissie,Ascroft,Female,pascrofto6@ezinearticles.com,957 358 5390
Nikki,Haw,Female,nhawo7@rediff.com,384 247 5345
Lorens,Redish,Male,lredisho8@yandex.ru,568 508 0794
Tarah,Astlatt,Polygender,tastlatto9@drupal.org,893 638 5089
Urbano,Whetnall,Male,uwhetnalloa@opensource.org,635 915 9873
Jarad,McKeand,Male,jmckeandob@eventbrite.com,416 195 3967
Erna,Evenden,Female,eevendenoc@biglobe.ne.jp,620 814 1026
Kyle,Grutchfield,Female,kgrutchfieldod@histats.com,316 464 1854
Paige,Brigge,Female,pbriggeoe@hexun.com,599 958 6499
Aubine,Cutmare,Female,acutmareof@jugem.jp,780 925 4699
Gerry,Ginnety,Male,gginnetyog@stanford.edu,129 607 3730
Oren,Luebbert,Male,oluebbertoh@patch.com,451 951 7666
Ailina,Zellick,Female,azellickoi@archive.org,261 521 7124
Tam,Dodd,Male,tdoddoj@examiner.com,565 312 8687
Suzi,Dundridge,Female,sdundridgeok@so-net.ne.jp,700 349 4354
Rebekkah,Nazer,Female,rnazerol@over-blog.com,776 703 4392
Dunc,Widdop,Male,dwiddopom@unblog.fr,448 196 3009
Hilarius,Polhill,Male,hpolhillon@ycombinator.com,763 451 9705
Obie,Maypother,Male,omaypotheroo@ed.gov,240 266 2297
Steward,Gregoratti,Male,sgregorattiop@sciencedaily.com,484 170 6556
Horatius,Mulrenan,Male,hmulrenanoq@netvibes.com,905 287 0128
Johnnie,Lamplough,Male,jlamploughor@pcworld.com,212 268 1218
Florance,Segrave,Agender,fsegraveos@phoca.cz,532 565 2542
Jana,Rupprecht,Female,jrupprechtot@ucoz.com,309 341 2694
Elonore,Leale,Female,elealeou@google.com.hk,287 691 9366
Molly,O'Henecan,Female,mohenecanov@narod.ru,421 569 0556
Marcela,Strowger,Female,mstrowgerow@oracle.com,568 727 9704
Ferdy,Perrington,Male,fperringtonox@aol.com,826 937 3676
Garwin,Steet,Male,gsteetoy@google.nl,191 412 9282
Ugo,Cabotto,Male,ucabottooz@quantcast.com,455 679 4821
Agatha,Adamo,Female,aadamop0@so-net.ne.jp,822 533 8468
Sofie,Quincey,Female,squinceyp1@surveymonkey.com,774 506 2137
Onfroi,Marlor,Male,omarlorp2@goodreads.com,949 733 1916
Myrwyn,Unworth,Male,munworthp3@addthis.com,263 637 0758
Marris,Brown,Female,mbrownp4@nih.gov,522 273 4356
Ellis,Moye,Male,emoyep5@blogspot.com,147 224 7140
Paddie,Gofton,Male,pgoftonp6@symantec.com,764 110 5551
Hilary,Stibbs,Male,hstibbsp7@examiner.com,982 437 3954
Trudey,Asch,Female,taschp8@patch.com,856 316 8700
Salaidh,Greasley,Female,sgreasleyp9@earthlink.net,675 262 2160
Hadlee,Shawel,Male,hshawelpa@go.com,429 375 4270
Lance,Horley,Male,lhorleypb@privacy.gov.au,405 624 8855
Adrea,Pinhorn,Bigender,apinhornpc@indiatimes.com,391 673 4247
Skip,Darleston,Male,sdarlestonpd@reference.com,655 593 1298
Modesty,Marsh,Female,mmarshpe@blogtalkradio.com,150 307 3539
Paquito,Longdon,Bigender,plongdonpf@e-recht24.de,984 919 8812
Sherie,Aronoff,Female,saronoffpg@mapy.cz,171 170 3321
Aldo,Bilyard,Male,abilyardph@newyorker.com,798 262 7409
Annadiane,Zannuto,Genderqueer,azannutopi@live.com,700 541 6475
Nina,Kollaschek,Female,nkollaschekpj@bloglines.com,269 311 7541
Lettie,Wellstead,Female,lwellsteadpk@wp.com,279 600 2269
Calvin,Kiddye,Male,ckiddyepl@meetup.com,507 667 5934
Staford,Gillis,Male,sgillispm@hp.com,717 958 2505
Christophe,Chatan,Male,cchatanpn@vimeo.com,653 339 1938
Biron,Eatherton,Male,beathertonpo@who.int,777 856 4212
Rees,Winpenny,Male,rwinpennypp@about.me,275 161 6338
Zacharia,Blundan,Male,zblundanpq@bloglines.com,296 700 0767
Waneta,Legen,Female,wlegenpr@intel.com,708 704 0391
Mallory,Luckcuck,Female,mluckcuckps@wikispaces.com,569 863 6133
Arri,Maymand,Male,amaymandpt@artisteer.com,319 121 8011
Rudie,Esposita,Male,respositapu@marketwatch.com,944 649 3854
Burg,Coverdill,Male,bcoverdillpv@xing.com,244 888 5497
Dion,Askham,Male,daskhampw@cafepress.com,473 888 9490
Ulrick,Kesteven,Bigender,ukestevenpx@samsung.com,601 312 6277
Des,Janssens,Male,djanssenspy@biblegateway.com,670 438 4401
Costa,Sofe,Male,csofepz@pcworld.com,446 586 7018
Tonnie,Kleeman,Male,tkleemanq0@angelfire.com,427 636 2164
Westbrook,Artharg,Male,warthargq1@tripadvisor.com,217 752 3735
Kate,Fattori,Female,kfattoriq2@digg.com,651 630 6942
Tedi,Mapother,Bigender,tmapotherq3@arizona.edu,839 223 2941
Latrena,Tertre,Female,ltertreq4@china.com.cn,506 413 7566
Augustine,Kerrane,Male,akerraneq5@springer.com,216 833 4555
Grady,Hansen,Male,ghansenq6@nps.gov,626 499 6999
Nan,Raffeorty,Female,nraffeortyq7@tinypic.com,467 710 4719
Alysa,Fraschetti,Female,afraschettiq8@ca.gov,523 513 4459
Darius,Romaines,Male,dromainesq9@163.com,508 196 1561
Deerdre,Castle,Female,dcastleqa@nsw.gov.au,726 900 1314
Freddy,Cornew,Male,fcornewqb@sitemeter.com,510 480 4917
Rourke,Filippone,Male,rfilipponeqc@ucoz.ru,511 400 8096
Katya,Atherley,Female,katherleyqd@example.com,970 393 6234
Layton,Rizzini,Male,lrizziniqe@yelp.com,276 456 2585
Andreana,Park,Polygender,aparkqf@multiply.com,302 994 9121
Yancy,Jollands,Male,yjollandsqg@vk.com,904 958 3186
Scott,Dingley,Male,sdingleyqh@hostgator.com,254 773 7066
Alayne,Jedrachowicz,Female,ajedrachowiczqi@github.com,722 480 5591
Jeth,Betterton,Male,jbettertonqj@smh.com.au,884 497 1159
Nester,Cundict,Male,ncundictqk@msu.edu,260 807 4244
Avram,Extance,Male,aextanceql@chron.com,178 740 2991
Lucita,Nijs,Female,lnijsqm@utexas.edu,387 593 2010
Trefor,Pirrey,Male,tpirreyqn@netscape.com,633 172 6518
Lucinda,Fitchen,Female,lfitchenqo@oracle.com,254 907 6167
Shermy,Naughton,Male,snaughtonqp@drupal.org,150 816 3944
Cherilynn,Punton,Female,cpuntonqq@mapquest.com,187 849 8554
Idalina,Marcum,Female,imarcumqr@timesonline.co.uk,713 898 7758
Odie,Walshe,Male,owalsheqs@uol.com.br,479 468 2043
Kinnie,Kensitt,Non-binary,kkensittqt@soup.io,925 250 0656
Jasper,Biggar,Male,jbiggarqu@aboutads.info,790 844 4730
Sergeant,Perdue,Male,sperdueqv@gmpg.org,618 711 3172
Kati,Espinos,Female,kespinosqw@jigsy.com,338 333 1493
Kathleen,Sergent,Female,ksergentqx@dot.gov,190 471 3814
Krissy,Junes,Female,kjunesqy@usda.gov,431 971 8401
Candide,Celier,Genderqueer,ccelierqz@cafepress.com,550 578 4024
Gaynor,MacKim,Female,gmackimr0@canalblog.com,337 818 7161
Lynda,Ferrea,Female,lferrear1@bloomberg.com,664 570 8016
Jerrilyn,Carolan,Female,jcarolanr2@elpais.com,244 755 4494
Gardner,Krimmer,Male,gkrimmerr3@dailymotion.com,668 132 7793
Garret,Studart,Male,gstudartr4@noaa.gov,607 620 1819
Whitby,Swalough,Male,wswaloughr5@angelfire.com,246 453 9482
Frazier,Koba,Male,fkobar6@paypal.com,270 451 3237
Maye,Krolman,Female,mkrolmanr7@cnn.com,108 115 4666
Mozes,Yanyshev,Male,myanyshevr8@redcross.org,282 897 6342
Konrad,Tippett,Male,ktippettr9@myspace.com,660 442 1509
Ethel,Whewell,Female,ewhewellra@slashdot.org,845 220 9223
Bianka,Naughton,Polygender,bnaughtonrb@youtube.com,952 242 7923
Shayne,McKague,Female,smckaguerc@mysql.com,622 423 0829
Ronnie,Strugnell,Female,rstrugnellrd@wsj.com,220 363 4562
Philbert,Howett,Male,phowettre@mysql.com,250 111 8996
Isidro,Dundridge,Agender,idundridgerf@ibm.com,732 561 1928
Cosetta,Freddi,Female,cfreddirg@toplist.cz,823 950 3141
Tamara,Borles,Female,tborlesrh@netlog.com,732 917 5896
Hiram,Pringell,Male,hpringellri@eepurl.com,481 169 5814
Ingrim,Tranckle,Male,itrancklerj@cdc.gov,511 498 7585
Terry,Fraczek,Male,tfraczekrk@amazon.co.uk,508 772 9281
Marc,Jeffes,Male,mjeffesrl@hhs.gov,339 102 8829
Charlean,Lindberg,Female,clindbergrm@phoca.cz,284 515 4048
Carroll,Brownhall,Female,cbrownhallrn@com.com,260 799 0009
Dori,Corter,Female,dcorterro@seesaa.net,122 230 2465
Quintina,Fensome,Female,qfensomerp@symantec.com,745 693 1241
Addison,McBrearty,Male,amcbreartyrq@globo.com,275 982 2689
Malcolm,Splevin,Male,msplevinrr@creativecommons.org,207 252 7753
