first_name,last_name,gender,email,phone
Gayle,Eby,Male,geby0@scribd.com,755 823 1520
Janifer,Wildin,Female,jwildin1@google.ru,719 473 0412
Alvie,Trask,Bigender,atrask2@netvibes.com,415 732 8010
Micki,Raselles,Female,mraselles3@time.com,119 242 2925
Yule,Pendergast,Male,ypendergast4@berkeley.edu,997 307 8404
Sofia,Osmant,Female,sosmant5@hhs.gov,273 907 5618
Hube,Breem,Male,hbreem6@blogspot.com,202 643 8014
Devonne,Charley,Female,dcharley7@jigsy.com,110 289 9149
Ignace,Albon,Male,ialbon8@eepurl.com,434 886 9435
Graig,Darrigrand,Male,gdarrigrand9@nationalgeographic.com,682 900 4223
Aguste,Beecheno,Male,abeechenoa@typepad.com,778 181 4172
Hyman,Keelan,Male,hkeelanb@1und1.de,133 474 8929
Greg,Rosina,Male,grosinac@tmall.com,707 977 7538
Albertine,Holdey,Female,aholdeyd@buzzfeed.com,549 285 6640
Aron,Isley,Male,aisleye@xinhuanet.com,229 596 7111
Ulrich,Scedall,Male,uscedallf@cbslocal.com,248 891 0208
Clerkclaude,Joost,Male,cjoostg@businesswire.com,333 920 4669
Maximilian,Kings,Male,mkingsh@mozilla.org,804 857 8974
Sky,Simeone,Male,ssimeonei@abc.net.au,891 729 3617
Ivett,Kruszelnicki,Female,ikruszelnickij@cpanel.net,659 604 8298
Minetta,Swede,Female,mswedek@blinklist.com,764 406 2525
Florance,Kennelly,Female,fkennellyl@hugedomains.com,394 421 5929
Judie,Earie,Female,jeariem@jiathis.com,107 938 2399
Kasper,Neath,Male,kneathn@yellowbook.com,761 609 5237
Rolf,Polglase,Male,rpolglaseo@freewebs.com,974 678 1578
Rachael,Hallibone,Female,rhallibonep@scribd.com,460 698 2176
Montgomery,Jencken,Male,mjenckenq@facebook.com,320 123 7577
Almeria,Scoular,Female,ascoularr@alexa.com,719 812 4630
Edi,Pickover,Female,epickovers@github.com,779 595 1436
Vanda,Maciaszek,Female,vmaciaszekt@ftc.gov,311 201 7138
Fayina,Middleton,Agender,fmiddletonu@soundcloud.com,945 140 7315
Saxon,Smitherman,Male,ssmithermanv@japanpost.jp,455 507 1880
Betti,Causton,Female,bcaustonw@tinyurl.com,419 278 7249
Lisbeth,Iveagh,Genderqueer,liveaghx@linkedin.com,240 301 6396
Wade,Urwin,Male,wurwiny@samsung.com,122 783 2028
Twyla,Tatchell,Female,ttatchellz@privacy.gov.au,964 928 6642
Donnajean,Scrange,Female,dscrange10@wisc.edu,742 479 4299
Rubie,Keetch,Non-binary,rkeetch11@drupal.org,592 124 6603
Nydia,Ilymanov,Female,nilymanov12@wordpress.com,447 197 1127
Arnie,Bremmell,Polygender,abremmell13@jiathis.com,719 849 4184
Allister,Orgee,Male,aorgee14@ucoz.ru,435 352 6031
Mikey,McGowan,Male,mmcgowan15@wix.com,480 234 9533
Pavia,MacAlees,Genderqueer,pmacalees16@digg.com,320 498 2396
Elissa,Semeradova,Female,esemeradova17@google.com.br,889 604 2508
Obadias,Somerfield,Male,osomerfield18@chron.com,425 625 0767
Indira,Charlson,Female,icharlson19@usnews.com,351 694 7894
Kerby,McHardy,Male,kmchardy1a@constantcontact.com,581 906 1289
Gregor,Pietraszek,Male,gpietraszek1b@addtoany.com,154 473 9985
Jobina,Littlefield,Polygender,jlittlefield1c@wiley.com,642 987 2304
Leeland,Dowsett,Male,ldowsett1d@mysql.com,605 135 1283
Gayleen,Gartell,Female,ggartell1e@cisco.com,475 226 4138
Heriberto,McArdell,Male,hmcardell1f@vk.com,551 304 5522
Darcee,Pfertner,Non-binary,dpfertner1g@tripod.com,168 521 2254
Cordelia,Yakovlev,Bigender,cyakovlev1h@pagesperso-orange.fr,156 501 6917
Graham,Crigin,Male,gcrigin1i@thetimes.co.uk,344 887 1375
Jillene,McGeouch,Non-binary,jmcgeouch1j@gizmodo.com,675 468 9256
Jemmy,O' Kelleher,Female,jokelleher1k@fotki.com,186 243 6348
Arlen,Dinwoodie,Female,adinwoodie1l@mapy.cz,620 584 1663
Diarmid,Purple,Male,dpurple1m@huffingtonpost.com,301 495 7698
Griffie,Adlington,Male,gadlington1n@scientificamerican.com,391 598 3156
Dalenna,Mariotte,Female,dmariotte1o@tamu.edu,619 403 6997
Kristoffer,Duny,Male,kduny1p@cloudflare.com,612 495 3453
Loy,Whyborn,Male,lwhyborn1q@walmart.com,821 748 7956
Yolane,Bradock,Female,ybradock1r@dailymail.co.uk,879 667 8183
Royal,Alenichev,Male,ralenichev1s@mayoclinic.com,287 483 4524
Roseanna,Burke,Female,rburke1t@cbsnews.com,961 526 7644
Eugenius,Humfrey,Male,ehumfrey1u@networkadvertising.org,123 515 8589
Marcellina,Hum,Polygender,mhum1v@bbc.co.uk,509 401 5669
Alysa,Growy,Female,agrowy1w@example.com,373 185 3987
Arliene,Beautyman,Female,abeautyman1x@addthis.com,833 520 2201
Erik,Dashkov,Male,edashkov1y@unesco.org,379 434 3252
Mignonne,Hartfleet,Female,mhartfleet1z@furl.net,797 322 3696
Findlay,Readwin,Polygender,freadwin20@twitpic.com,853 328 2956
Carce,Spritt,Male,cspritt21@bing.com,626 528 5119
Darcie,Vignal,Polygender,dvignal22@shutterfly.com,746 926 5331
Danyette,Hillborne,Female,dhillborne23@microsoft.com,234 496 0371
Caritta,Busst,Female,cbusst24@ustream.tv,301 835 1746
Jobie,Deighan,Female,jdeighan25@oracle.com,197 263 3850
Johnette,Yewen,Female,jyewen26@ocn.ne.jp,901 515 5517
Lanny,Rainbow,Female,lrainbow27@yelp.com,732 535 1132
Reinold,Scimonelli,Male,rscimonelli28@icq.com,226 169 5726
Terese,Caldayrou,Female,tcaldayrou29@uol.com.br,851 390 2997
Nick,Chape,Male,nchape2a@newsvine.com,286 220 4990
Allys,Gatlin,Female,agatlin2b@oaic.gov.au,307 969 2943
Noam,Macieiczyk,Male,nmacieiczyk2c@pinterest.com,227 982 7750
Basia,Nise,Female,bnise2d@illinois.edu,134 516 9152
Josy,Destouche,Female,jdestouche2e@ameblo.jp,213 233 5167
Berty,Joseland,Female,bjoseland2f@google.com.br,527 302 9619
Evelyn,Hartington,Male,ehartington2g@illinois.edu,376 358 5502
Cherie,Boykett,Female,cboykett2h@fastcompany.com,120 540 8155
Kimbell,Quinane,Male,kquinane2i@patch.com,259 376 6649
Carter,Grosvener,Male,cgrosvener2j@sitemeter.com,356 146 0265
Layton,Izakson,Male,lizakson2k@noaa.gov,356 910 2587
Henriette,Polk,Non-binary,hpolk2l@furl.net,536 972 6141
Antonie,Garoghan,Female,agaroghan2m@europa.eu,139 994 5527
Ellsworth,Varne,Male,evarne2n@artisteer.com,353 880 8802
Emerson,Ormes,Male,eormes2o@msn.com,339 358 7478
Andie,Fearnyhough,Male,afearnyhough2p@china.com.cn,786 925 4913
Erastus,Addicott,Male,eaddicott2q@hp.com,659 495 6134
Doralia,Cambell,Genderfluid,dcambell2r@baidu.com,916 688 9955
Adams,Havock,Male,ahavock2s@com.com,320 929 2200
Deeyn,Friel,Female,dfriel2t@epa.gov,342 109 1702
Billye,Seven,Female,bseven2u@discovery.com,352 743 0759
Corny,Fould,Genderfluid,cfould2v@myspace.com,831 350 4495
Maurizio,Birley,Male,mbirley2w@forbes.com,402 166 4784
Camella,Addeycott,Female,caddeycott2x@privacy.gov.au,468 788 0840
Waldo,Trahear,Male,wtrahear2y@soup.io,511 739 8866
Nolan,Sercombe,Male,nsercombe2z@whitehouse.gov,266 710 8565
Kane,Ayrton,Male,kayrton30@addtoany.com,746 152 0542
Samuele,Beernaert,Male,sbeernaert31@ucoz.ru,474 884 6986
Peggi,Malam,Bigender,pmalam32@quantcast.com,731 826 3686
Janetta,Mendes,Female,jmendes33@admin.ch,337 411 9823
Erinna,Trodden,Female,etrodden34@fda.gov,255 972 7304
Packston,Revelle,Male,prevelle35@wordpress.com,535 613 6388
Maybelle,Garton,Polygender,mgarton36@yale.edu,997 125 4630
Page,Woodberry,Male,pwoodberry37@naver.com,846 558 9329
Aurea,O'Fallowne,Polygender,aofallowne38@prlog.org,865 606 7737
Rod,Grieg,Male,rgrieg39@cyberchimps.com,351 604 2731
Elisha,Dabney,Female,edabney3a@freewebs.com,688 597 4164
Tracy,Bisterfeld,Male,tbisterfeld3b@sun.com,658 699 9074
Devan,Haveline,Female,dhaveline3c@harvard.edu,202 723 6244
Kial,Henlon,Female,khenlon3d@bandcamp.com,724 472 3796
Philis,Sutterby,Female,psutterby3e@netscape.com,521 588 6070
Daria,O' Donohoe,Female,dodonohoe3f@sohu.com,871 214 4010
Kathleen,Baldin,Female,kbaldin3g@miibeian.gov.cn,308 939 4105
Minnnie,Balstone,Female,mbalstone3h@comsenz.com,994 246 3018
Fairfax,Medina,Male,fmedina3i@google.cn,604 969 9023
Abbie,Munt,Male,amunt3j@deviantart.com,520 722 7821
Mellisa,Fratczak,Female,mfratczak3k@cnbc.com,772 651 0901
Fern,Guerrier,Female,fguerrier3l@themeforest.net,702 727 2499
Zabrina,Stonard,Female,zstonard3m@gov.uk,564 756 6190
Sallee,Fitzackerley,Non-binary,sfitzackerley3n@unc.edu,661 127 8574
Nataniel,Raisher,Male,nraisher3o@ebay.co.uk,996 457 6072
Dianne,Hawket,Female,dhawket3p@last.fm,997 309 7322
Abbye,Nettle,Bigender,anettle3q@g.co,942 757 8314
Ingelbert,Mycock,Male,imycock3r@newyorker.com,121 288 6471
Roz,Klass,Female,rklass3s@dailymail.co.uk,978 400 2060
Beryle,Beceril,Female,bbeceril3t@miibeian.gov.cn,534 664 6665
Alfy,Bygrove,Genderfluid,abygrove3u@gizmodo.com,505 716 2743
Ilysa,Braikenridge,Female,ibraikenridge3v@paginegialle.it,653 195 2028
Boony,Cathcart,Genderfluid,bcathcart3w@marriott.com,894 231 9926
Joshua,Rivalland,Male,jrivalland3x@craigslist.org,190 460 7430
Joline,Stovold,Female,jstovold3y@blogger.com,484 546 4591
Angela,Boise,Female,aboise3z@dot.gov,701 465 0147
Bank,Hablot,Bigender,bhablot40@adobe.com,580 663 2059
Pearl,Fernihough,Female,pfernihough41@nps.gov,490 837 5697
Gertrud,Hows,Female,ghows42@princeton.edu,693 258 6596
Newton,Huyton,Male,nhuyton43@wix.com,997 982 9494
Jonell,Wadham,Female,jwadham44@google.fr,352 536 9261
Lenore,Radwell,Female,lradwell45@oracle.com,160 551 1221
Cherish,Knewstubb,Female,cknewstubb46@google.com,384 257 9894
Rozalie,Weildish,Female,rweildish47@parallels.com,150 701 6477
Baxie,Shurmer,Male,bshurmer48@wordpress.org,697 761 4859
Courtnay,Hassekl,Genderqueer,chassekl49@businessweek.com,655 374 5156
Pammie,Reith,Female,preith4a@reuters.com,620 906 4068
Langston,Surgeoner,Agender,lsurgeoner4b@disqus.com,260 639 3016
Kerwin,Lulham,Male,klulham4c@drupal.org,988 557 4849
Stefania,Cove,Female,scove4d@live.com,588 459 8136
Judd,Mannix,Male,jmannix4e@spiegel.de,285 952 6407
Dyane,Cardenosa,Female,dcardenosa4f@prlog.org,767 670 8244
Ethelyn,Wilkin,Genderqueer,ewilkin4g@naver.com,287 759 5077
Sutton,Woodwin,Male,swoodwin4h@reuters.com,928 217 4347
Benjamen,Joppich,Polygender,bjoppich4i@netlog.com,227 240 0217
Renaud,Viger,Male,rviger4j@unicef.org,871 390 6696
Ramsay,Dorie,Male,rdorie4k@paginegialle.it,134 180 9040
Rania,Boik,Female,rboik4l@mlb.com,629 879 4112
Rivalee,Grimmolby,Female,rgrimmolby4m@oaic.gov.au,533 663 8319
Jacquenette,Jovicevic,Genderqueer,jjovicevic4n@ibm.com,490 427 7552
Eolanda,Gibby,Female,egibby4o@mapquest.com,458 365 8320
Ellery,Jersh,Male,ejersh4p@geocities.com,991 520 4662
Durante,Palfreyman,Male,dpalfreyman4q@t.co,711 771 1589
Patten,Proudlock,Male,pproudlock4r@go.com,832 735 0765
Brent,Iacoboni,Agender,biacoboni4s@cmu.edu,914 721 9816
Edgardo,Cutts,Male,ecutts4t@opera.com,396 512 1214
Marisa,Posnette,Female,mposnette4u@macromedia.com,678 175 7422
Ashby,Enderle,Male,aenderle4v@360.cn,921 801 9066
Traver,Lattie,Male,tlattie4w@gravatar.com,489 278 1993
Kimbell,Stower,Male,kstower4x@jigsy.com,647 870 0870
Fina,Hollingsbee,Female,fhollingsbee4y@tinyurl.com,181 786 0422
Kesley,Debold,Female,kdebold4z@addthis.com,495 624 5933
Nikolos,Loram,Male,nloram50@cisco.com,244 223 6750
Luise,Frostdick,Female,lfrostdick51@ucoz.ru,315 412 8459
Odelle,Girtin,Female,ogirtin52@typepad.com,603 879 0395
Cherish,McInulty,Female,cmcinulty53@cmu.edu,491 797 1104
Iver,Mithon,Male,imithon54@dell.com,139 645 6788
Kermy,Alltimes,Male,kalltimes55@ifeng.com,954 828 5965
Mirella,Hartles,Female,mhartles56@arizona.edu,463 367 7200
Riobard,Pikhno,Male,rpikhno57@cbslocal.com,329 342 3895
Gilberto,Bristoe,Male,gbristoe58@liveinternet.ru,135 532 7525
Elden,Somerlie,Polygender,esomerlie59@technorati.com,406 318 5472
Estell,Milham,Female,emilham5a@tinypic.com,668 333 7812
Kippar,Dahlgren,Male,kdahlgren5b@tiny.cc,823 378 1681
Lee,Creffeild,Female,lcreffeild5c@histats.com,741 264 3408
Van,Hinners,Female,vhinners5d@nhs.uk,614 746 6105
Algernon,Pitcaithly,Male,apitcaithly5e@amazon.co.uk,765 336 9923
Esmeralda,Orrey,Female,eorrey5f@go.com,228 336 0597
Bryan,Borge,Male,bborge5g@shop-pro.jp,417 576 0996
Flory,Spalding,Female,fspalding5h@comsenz.com,498 813 4511
Tadeas,Hissie,Male,thissie5i@over-blog.com,290 841 2916
Jasper,Davids,Male,jdavids5j@unc.edu,696 741 0801
Vernon,Keune,Male,vkeune5k@nsw.gov.au,100 557 2621
Wendel,O'Doohaine,Male,wodoohaine5l@blinklist.com,828 937 7987
Roman,Kollas,Male,rkollas5m@mapy.cz,941 666 1253
Jimmie,Keyes,Male,jkeyes5n@mashable.com,821 597 8573
Carney,Rallinshaw,Male,crallinshaw5o@joomla.org,152 700 2793
Reta,O'Flynn,Female,roflynn5p@hc360.com,951 630 9796
Coraline,Eglin,Female,ceglin5q@bloglines.com,571 788 5857
Marius,Astle,Male,mastle5r@123-reg.co.uk,321 590 6540
Felisha,Conquer,Female,fconquer5s@yelp.com,387 769 3403
Freda,Kike,Female,fkike5t@google.co.jp,797 182 4559
Curr,Bowld,Male,cbowld5u@squarespace.com,631 526 1348
Neal,Marre,Male,nmarre5v@nasa.gov,791 777 4296
Emmy,Scogings,Female,escogings5w@sciencedirect.com,644 781 4517
Alyosha,Castiglioni,Male,acastiglioni5x@yahoo.com,997 226 9362
Debera,Siddele,Female,dsiddele5y@blogs.com,892 489 4852
Godart,Starmer,Male,gstarmer5z@google.com.au,993 567 2272
Xerxes,Bolan,Male,xbolan60@harvard.edu,450 354 0678
Tyson,Dorot,Polygender,tdorot61@is.gd,774 534 1779
Chelsie,Amsden,Female,camsden62@uol.com.br,943 742 1621
Rees,Hartnup,Male,rhartnup63@wikipedia.org,655 629 8800
Phyllis,Henrys,Female,phenrys64@latimes.com,275 829 9045
Alfie,Maypes,Male,amaypes65@netscape.com,385 128 9095
Lucy,O'Fallowne,Female,lofallowne66@wisc.edu,688 708 1053
Maitilde,Prosch,Genderqueer,mprosch67@discuz.net,553 669 8209
Toby,Petrulis,Male,tpetrulis68@walmart.com,497 248 4325
Juliann,Crutchley,Female,jcrutchley69@networksolutions.com,728 617 1223
Herc,Stigger,Male,hstigger6a@google.ru,423 776 9488
Raff,Ridsdale,Male,rridsdale6b@seesaa.net,281 653 4358
Rois,Jerson,Female,rjerson6c@google.fr,168 689 0184
Garvy,Leddy,Male,gleddy6d@hostgator.com,536 456 3990
Corina,Kerford,Female,ckerford6e@naver.com,435 258 4308
Felic,Jaksic,Male,fjaksic6f@privacy.gov.au,777 112 3823
Jodie,Letchmore,Male,jletchmore6g@domainmarket.com,814 311 4414
Marwin,Hitcham,Male,mhitcham6h@businesswire.com,429 366 7564
Fielding,Manifould,Male,fmanifould6i@merriam-webster.com,137 148 5427
Lacee,Keeves,Female,lkeeves6j@jimdo.com,137 824 7332
Gabe,Blabie,Male,gblabie6k@bravesites.com,533 745 5750
Simone,Castanares,Male,scastanares6l@feedburner.com,897 843 4616
Teressa,Simmank,Female,tsimmank6m@virginia.edu,468 102 9224
Arleyne,Baysting,Female,abaysting6n@alibaba.com,270 964 3640
Vaughn,Vogele,Male,vvogele6o@blogger.com,799 146 8073
Iggy,McOrkil,Male,imcorkil6p@chronoengine.com,179 177 7109
Palm,Cockling,Male,pcockling6q@t-online.de,514 896 7115
Allyn,Hanwell,Male,ahanwell6r@smh.com.au,415 883 7516
Lowell,Atthow,Male,latthow6s@disqus.com,726 107 9377
Dene,Powlett,Male,dpowlett6t@oaic.gov.au,653 899 3944
Beatrix,Pengelley,Female,bpengelley6u@canalblog.com,724 442 8725
Emmanuel,Wolfarth,Genderqueer,ewolfarth6v@spotify.com,621 737 6905
Wilbur,Escolme,Male,wescolme6w@thetimes.co.uk,831 576 7359
Helge,Padbery,Female,hpadbery6x@infoseek.co.jp,234 694 0919
Brendin,Leathe,Male,bleathe6y@cam.ac.uk,973 987 7465
Morton,Earle,Male,mearle6z@adobe.com,878 172 3186
Humfrey,Janecek,Male,hjanecek70@techcrunch.com,117 840 0850
Neal,Ledwitch,Male,nledwitch71@bluehost.com,867 983 4450
Roma,Woodroff,Male,rwoodroff72@whitehouse.gov,904 150 6435
Iain,De Mattia,Male,idemattia73@networkadvertising.org,264 190 3013
Abra,Muck,Female,amuck74@amazon.de,565 455 9180
Gal,Legges,Male,glegges75@time.com,621 863 3959
Stinky,Tschersich,Male,stschersich76@xrea.com,177 474 0851
Wilmer,Cullity,Agender,wcullity77@quantcast.com,523 693 8957
Talbot,Cargill,Male,tcargill78@theatlantic.com,640 611 2776
Bev,Stuchburie,Female,bstuchburie79@webeden.co.uk,354 140 7027
Edi,Prickett,Female,eprickett7a@hexun.com,489 473 0161
Atlante,Whittenbury,Polygender,awhittenbury7b@squarespace.com,374 555 7979
Fredia,Rother,Female,frother7c@ucla.edu,365 370 1937
Chev,Entwisle,Male,centwisle7d@earthlink.net,277 390 1450
Nerte,Perillo,Female,nperillo7e@exblog.jp,438 886 7432
Gideon,McTerlagh,Male,gmcterlagh7f@home.pl,453 155 9328
Rubi,Youell,Female,ryouell7g@cbsnews.com,533 963 0176
Cesar,Powling,Male,cpowling7h@devhub.com,618 173 0205
Jan,Assandri,Female,jassandri7i@sun.com,840 524 3668
Storm,Goldsack,Female,sgoldsack7j@tamu.edu,684 222 7969
Maggee,Cayet,Female,mcayet7k@sogou.com,568 126 6444
Zorana,Huckle,Female,zhuckle7l@cnbc.com,212 794 3014
Wesley,Huccaby,Male,whuccaby7m@japanpost.jp,773 449 6204
Riordan,Prothero,Male,rprothero7n@usatoday.com,294 729 3027
Merissa,Le Noury,Female,mlenoury7o@examiner.com,292 202 1445
Trey,Greenin,Male,tgreenin7p@slate.com,213 772 2942
Grenville,Jeste,Male,gjeste7q@ovh.net,366 962 9281
Deanne,Warwicker,Female,dwarwicker7r@wiley.com,326 161 8809
Ki,Seilmann,Female,kseilmann7s@loc.gov,314 479 2898
Linette,Viner,Female,lviner7t@soup.io,372 115 7426
Aldric,Forsyth,Male,aforsyth7u@alexa.com,728 937 4346
Abigale,Shewring,Female,ashewring7v@army.mil,810 486 9805
Etan,Geere,Male,egeere7w@surveymonkey.com,539 934 1389
Wendeline,Kleiner,Female,wkleiner7x@discovery.com,903 757 3404
Walsh,Verecker,Male,wverecker7y@pcworld.com,479 949 1588
Nehemiah,Blanden,Male,nblanden7z@apache.org,658 120 5180
Gawain,Bunny,Male,gbunny80@jugem.jp,941 793 1966
Georges,Cordy,Bigender,gcordy81@friendfeed.com,601 329 9095
Dee dee,Straniero,Agender,dstraniero82@ted.com,378 521 5536
Cacilia,Kenninghan,Female,ckenninghan83@paginegialle.it,155 757 7644
Viviyan,Kenyam,Female,vkenyam84@utexas.edu,496 628 4597
Jean,Penhall,Female,jpenhall85@webnode.com,298 316 4180
Husain,Dowsett,Male,hdowsett86@seesaa.net,919 147 2875
Lemmie,Monshall,Male,lmonshall87@google.com.au,645 769 8060
Tony,Beckitt,Bigender,tbeckitt88@state.tx.us,488 810 3478
Letta,Pilgram,Female,lpilgram89@wikimedia.org,154 551 1040
Tamara,Cain,Female,tcain8a@dailymail.co.uk,714 876 2667
Lou,Shailer,Male,lshailer8b@indiatimes.com,962 614 3111
Modesty,April,Agender,mapril8c@theglobeandmail.com,901 859 5237
Natalina,Maffetti,Female,nmaffetti8d@nytimes.com,571 310 3681
Ebenezer,Brampton,Agender,ebrampton8e@tmall.com,803 374 3724
Sybila,Elwel,Female,selwel8f@amazon.com,498 811 3220
Pat,Crebott,Male,pcrebott8g@berkeley.edu,778 810 5170
Karyn,Mayell,Female,kmayell8h@sogou.com,690 107 5260
Staci,Roxbrough,Female,sroxbrough8i@ezinearticles.com,140 916 6443
Cleve,Lampl,Non-binary,clampl8j@nature.com,994 892 1437
John,Doeg,Male,jdoeg8k@europa.eu,991 177 5119
Sharlene,Fawdrey,Female,sfawdrey8l@mtv.com,874 231 6126
Carroll,Veysey,Female,cveysey8m@nba.com,252 250 8104
Vernon,Pinder,Male,vpinder8n@tripadvisor.com,444 354 2922
Ham,Tevlin,Male,htevlin8o@amazon.com,304 737 9079
Cesaro,Ottee,Male,cottee8p@cargocollective.com,200 340 3931
Veronika,Woolhouse,Female,vwoolhouse8q@arizona.edu,257 817 9033
Gregoor,Cavill,Male,gcavill8r@topsy.com,301 780 8002
Shae,Cornbell,Male,scornbell8s@ehow.com,527 161 5701
Cliff,Durkin,Male,cdurkin8t@zimbio.com,163 780 1819
Moses,Mityushin,Male,mmityushin8u@harvard.edu,418 868 9937
Bren,Welbeck,Male,bwelbeck8v@php.net,946 418 1081
Kippar,Maryet,Male,kmaryet8w@de.vu,417 119 3140
Kaela,Boundley,Female,kboundley8x@dyndns.org,956 879 7065
Ev,Bridle,Male,ebridle8y@soundcloud.com,870 248 7029
Inge,Shurlock,Female,ishurlock8z@jiathis.com,396 729 2230
Garnet,Couvert,Female,gcouvert90@pagesperso-orange.fr,341 269 4855
Otha,Allin,Female,oallin91@spiegel.de,394 558 0592
Sascha,Alderton,Female,salderton92@mail.ru,432 365 0473
Oliviero,Andri,Male,oandri93@epa.gov,729 160 0583
Sayer,Emblem,Male,semblem94@jiathis.com,299 894 3278
Berenice,Conlaund,Female,bconlaund95@cnet.com,960 376 2868
Adara,Considine,Female,aconsidine96@ca.gov,665 833 9957
Ripley,Drewet,Male,rdrewet97@domainmarket.com,281 614 1991
Fayth,Wellwood,Female,fwellwood98@hud.gov,140 525 1742
Evy,Argo,Female,eargo99@topsy.com,233 301 6411
Nickey,Stainer,Male,nstainer9a@usgs.gov,847 677 1936
Vassili,Klimecki,Male,vklimecki9b@weather.com,601 994 1464
Renee,Eglin,Female,reglin9c@deviantart.com,600 979 3258
Jermaine,Bamlett,Male,jbamlett9d@chicagotribune.com,711 232 3757
Adrianna,Insko,Female,ainsko9e@independent.co.uk,236 361 8921
Marybelle,Stirtle,Female,mstirtle9f@npr.org,299 772 6262
Leighton,Linggood,Male,llinggood9g@google.fr,134 754 8682
Daryl,Toby,Male,dtoby9h@ehow.com,303 541 7192
Kiersten,Healey,Female,khealey9i@liveinternet.ru,689 881 4028
Charlot,Latchford,Female,clatchford9j@seesaa.net,326 405 7974
Harriette,Ramsbottom,Female,hramsbottom9k@google.co.jp,773 849 6127
Bordie,Buckby,Male,bbuckby9l@oakley.com,692 312 7307
Aluino,Liddington,Male,aliddington9m@cbc.ca,754 961 2778
Lorna,Mallows,Female,lmallows9n@fc2.com,533 941 1420
Hobart,Cerith,Male,hcerith9o@friendfeed.com,881 889 4072
Alyssa,Brayn,Female,abrayn9p@pagesperso-orange.fr,491 638 6761
Marybelle,Grelka,Female,mgrelka9q@alibaba.com,710 934 2880
Kacey,Aykroyd,Female,kaykroyd9r@delicious.com,536 558 0859
Emilia,Clementel,Bigender,eclementel9s@sakura.ne.jp,535 705 3422
Beatriz,Burree,Female,bburree9t@reuters.com,170 250 4507
Johny,Harcourt,Male,jharcourt9u@china.com.cn,865 319 1790
Aymer,Ketton,Male,aketton9v@flickr.com,533 738 4900
Georgeanna,Gaskell,Female,ggaskell9w@foxnews.com,756 348 6735
Sally,Fiddiman,Female,sfiddiman9x@utexas.edu,506 603 1267
Barrett,Plott,Agender,bplott9y@woothemes.com,595 898 0984
Germain,Foye,Female,gfoye9z@dyndns.org,130 647 2089
Godiva,Goodfellowe,Female,ggoodfellowea0@blogspot.com,746 317 8031
Lucia,Wildor,Female,lwildora1@nbcnews.com,281 186 6880
Jeanne,Nieass,Genderqueer,jnieassa2@imageshack.us,786 297 4800
Debor,Inmett,Female,dinmetta3@google.nl,906 844 0211
Wynne,Restill,Female,wrestilla4@facebook.com,391 965 4309
Selinda,Damant,Female,sdamanta5@amazon.co.uk,663 987 7924
Cyndy,Bagshaw,Bigender,cbagshawa6@diigo.com,214 220 5598
Frans,Bussy,Male,fbussya7@last.fm,465 537 7515
Caroljean,Leare,Female,clearea8@4shared.com,288 598 4930
Annetta,Downage,Female,adownagea9@a8.net,287 396 8080
Lacie,Tuftin,Female,ltuftinaa@indiegogo.com,297 318 2681
Antonin,Keirle,Male,akeirleab@storify.com,550 981 4388
Dionisio,Senter,Male,dsenterac@odnoklassniki.ru,945 457 9538
Mortie,Moohan,Male,mmoohanad@umich.edu,108 705 4394
Arlee,Willoughey,Female,awillougheyae@reuters.com,240 342 5976
Elias,Lackham,Male,elackhamaf@ow.ly,104 157 4341
Bunnie,Malec,Female,bmalecag@sfgate.com,861 930 3952
Sara,Tallow,Female,stallowah@narod.ru,391 130 4667
Conway,Deinhardt,Male,cdeinhardtai@blogger.com,966 334 0525
Ainsley,Pickaver,Polygender,apickaveraj@who.int,600 617 5285
Heath,Ceely,Male,hceelyak@howstuffworks.com,672 522 7325
Ignatius,Ceeley,Male,iceeleyal@telegraph.co.uk,590 922 0055
Karolina,Nuton,Agender,knutonam@netscape.com,416 572 1037
Reina,Oblein,Genderqueer,robleinan@tinyurl.com,865 509 3749
Clerkclaude,Mac,Bigender,cmacao@biblegateway.com,312 601 6283
Hermine,Bambrough,Female,hbambroughap@pcworld.com,524 511 3058
Emelia,Fulcher,Female,efulcheraq@webs.com,118 132 9441
Deane,Iannuzzi,Male,diannuzziar@weather.com,486 421 0788
Chandra,Snailham,Female,csnailhamas@unc.edu,679 251 0191
Marin,Izzard,Genderfluid,mizzardat@behance.net,179 491 0847
Trueman,Kloska,Male,tkloskaau@hibu.com,937 660 7601
Vinnie,Lettuce,Male,vlettuceav@telegraph.co.uk,940 254 5561
Regan,Rosbotham,Female,rrosbothamaw@seattletimes.com,832 673 6241
Desiree,Heikkinen,Female,dheikkinenax@zdnet.com,986 147 8356
Rufe,Antonsson,Non-binary,rantonssonay@addtoany.com,227 716 1542
Karlotte,Scholey,Genderqueer,kscholeyaz@accuweather.com,225 895 0522
Adan,Seddon,Male,aseddonb0@twitter.com,925 809 1279
Ulysses,Lyttle,Male,ulyttleb1@nyu.edu,409 381 6723
Etienne,Tritton,Male,etrittonb2@1688.com,512 625 7817
Boniface,Dunbobbin,Agender,bdunbobbinb3@disqus.com,438 415 8111
Sayre,Campion,Male,scampionb4@mysql.com,221 468 6217
Konrad,Guillerman,Male,kguillermanb5@themeforest.net,421 183 7216
Magdalena,Sywell,Female,msywellb6@whitehouse.gov,429 122 6792
Robbie,Rosenfelder,Female,rrosenfelderb7@foxnews.com,588 280 7480
Melvyn,Piggot,Male,mpiggotb8@youtu.be,824 498 0337
Andie,Massinger,Female,amassingerb9@com.com,948 630 7120
Howey,Orrett,Male,horrettba@ehow.com,895 212 2155
Tatiania,Corbin,Female,tcorbinbb@telegraph.co.uk,401 307 7261
Shelby,Derisley,Female,sderisleybc@squarespace.com,846 117 0705
Tyson,Chittim,Male,tchittimbd@drupal.org,252 725 6548
Kimmi,Balshen,Female,kbalshenbe@oaic.gov.au,713 778 2401
Finn,Leverson,Male,fleversonbf@homestead.com,162 616 6368
Lianna,Finlater,Female,lfinlaterbg@twitter.com,271 789 8870
Trace,Gittings,Male,tgittingsbh@linkedin.com,810 640 3960
Cahra,Rowlands,Female,crowlandsbi@bbb.org,958 814 9459
Wheeler,McRoberts,Male,wmcrobertsbj@arstechnica.com,513 494 2451
Bobby,Tomowicz,Female,btomowiczbk@ameblo.jp,663 118 0534
Jerald,O'Hern,Genderfluid,johernbl@forbes.com,785 188 6270
Gloria,Berick,Female,gberickbm@uol.com.br,797 630 4614
Elvera,Whate,Female,ewhatebn@last.fm,222 895 0113
Yves,Jefferies,Non-binary,yjefferiesbo@ifeng.com,547 755 3706
Wheeler,Gladyer,Male,wgladyerbp@icio.us,913 767 5231
Jeramie,Karpol,Male,jkarpolbq@ycombinator.com,468 719 8353
Mendel,Hune,Male,mhunebr@baidu.com,825 243 5757
Wat,Bolduc,Male,wbolducbs@1688.com,741 978 4609
Quinn,Beardshaw,Female,qbeardshawbt@biglobe.ne.jp,227 255 5450
Hazel,Rosell,Female,hrosellbu@hao123.com,496 491 2724
Eunice,Shelford,Female,eshelfordbv@marriott.com,996 555 7116
Fionnula,Charpin,Female,fcharpinbw@cmu.edu,352 610 1233
Barnebas,Sabey,Male,bsabeybx@cam.ac.uk,668 118 8396
Pet,Hoodlass,Female,phoodlassby@mediafire.com,843 513 5285
Bernadine,Plum,Female,bplumbz@histats.com,754 664 6919
Elissa,Aronson,Female,earonsonc0@shinystat.com,375 206 1614
Duane,Shoubridge,Male,dshoubridgec1@usda.gov,235 611 2958
Kurtis,Agge,Male,kaggec2@amazon.de,860 574 3452
Maud,Warbey,Female,mwarbeyc3@umich.edu,367 126 2331
Barrie,Ornils,Female,bornilsc4@ca.gov,557 818 8497
Gav,Jillett,Male,gjillettc5@soundcloud.com,981 660 8376
Xavier,Crocket,Male,xcrocketc6@paypal.com,441 751 1561
Abagail,Bendare,Female,abendarec7@a8.net,739 617 0198
Rem,Champ,Male,rchampc8@arizona.edu,822 951 3001
Trevar,Tame,Male,ttamec9@examiner.com,114 244 5282
Molly,Magill,Female,mmagillca@scribd.com,884 919 4400
Nathan,Etherington,Male,netheringtoncb@myspace.com,823 390 5650
Gaultiero,Ethelstone,Male,gethelstonecc@spiegel.de,169 882 8809
Uta,Farherty,Genderqueer,ufarhertycd@hp.com,255 930 4829
Ozzie,Brane,Male,obranece@ucoz.com,776 195 4095
Kristofer,Valadez,Genderfluid,kvaladezcf@themeforest.net,359 735 5965
Porter,Risely,Male,priselycg@kickstarter.com,346 527 0462
Lyn,Claye,Male,lclayech@hhs.gov,632 681 1456
Tomi,Kennaird,Genderqueer,tkennairdci@ustream.tv,919 360 7484
Elnar,Chaimson,Male,echaimsoncj@telegraph.co.uk,572 462 5706
Lucinda,Drinkhill,Female,ldrinkhillck@cyberchimps.com,348 939 8412
Grant,Hasslocher,Male,ghasslochercl@jigsy.com,327 320 0349
Bryana,McCuaig,Female,bmccuaigcm@ftc.gov,585 452 4255
Tonnie,Partington,Male,tpartingtoncn@rambler.ru,874 339 4702
Zacharia,Pinhorn,Male,zpinhornco@arstechnica.com,272 828 5901
Elias,Whitham,Male,ewhithamcp@weibo.com,540 171 1656
Misty,Pavic,Female,mpaviccq@toplist.cz,486 223 9486
Donica,Selliman,Female,dsellimancr@vistaprint.com,590 444 4418
Shamus,Cockerill,Male,scockerillcs@theatlantic.com,226 993 9697
Sabina,Rodenborch,Female,srodenborchct@privacy.gov.au,203 355 9614
Hermann,Hasslocher,Male,hhasslochercu@sfgate.com,963 664 5923
Price,Leipoldt,Male,pleipoldtcv@china.com.cn,861 161 5881
Gay,Skermer,Male,gskermercw@bbb.org,195 589 0914
Kippy,Kewley,Polygender,kkewleycx@issuu.com,509 944 8112
Creight,Ware,Male,cwarecy@hexun.com,539 116 4106
Brittaney,Prime,Bigender,bprimecz@angelfire.com,770 622 0032
Devy,Downe,Male,ddowned0@imgur.com,728 479 4165
Waldemar,O' Lone,Male,woloned1@photobucket.com,497 671 5484
Carly,Clyne,Female,cclyned2@prlog.org,850 494 8622
Hillier,Scholig,Male,hscholigd3@amazon.co.uk,549 747 2743
Arvy,Sneesby,Male,asneesbyd4@arstechnica.com,503 523 5907
Hewet,Gerrelts,Male,hgerreltsd5@soup.io,421 805 0832
Imelda,Fronks,Female,ifronksd6@yelp.com,862 565 7451
Justinian,Cotsford,Male,jcotsfordd7@disqus.com,731 193 0598
Jarvis,Borsnall,Male,jborsnalld8@wikispaces.com,815 706 5190
Rolland,Starbuck,Male,rstarbuckd9@nhs.uk,527 978 7637
Ingar,Jiles,Male,ijilesda@jimdo.com,306 537 9665
Blondell,Rigler,Female,briglerdb@yahoo.co.jp,723 443 1734
Harv,Ambrogioli,Male,hambrogiolidc@so-net.ne.jp,236 463 2937
Margo,Rutty,Female,mruttydd@google.fr,692 279 0942
Leeland,Boame,Male,lboamede@lulu.com,179 681 1746
Kathie,Jirick,Female,kjirickdf@macromedia.com,787 761 7652
Dulcie,Willey,Genderfluid,dwilleydg@cnbc.com,135 939 8788
Cullin,Abercromby,Male,cabercrombydh@fema.gov,632 320 9529
Quentin,Gallymore,Female,qgallymoredi@thetimes.co.uk,379 236 6323
Berti,McEvon,Female,bmcevondj@examiner.com,213 554 3772
Claude,Althorp,Female,calthorpdk@nih.gov,547 290 1621
Robenia,Lonie,Female,rloniedl@businessweek.com,990 767 0286
Brigitta,Sumnall,Female,bsumnalldm@meetup.com,325 674 6157
Lissi,Stawell,Female,lstawelldn@mapy.cz,434 441 5623
Tracie,Heinsh,Male,theinshdo@wikia.com,504 339 5413
Davie,Girodias,Male,dgirodiasdp@miibeian.gov.cn,768 459 4126
Holly-anne,Strutton,Female,hstruttondq@wordpress.org,719 192 2030
Odella,Mathon,Female,omathondr@ycombinator.com,640 639 2271
Cinnamon,Bogeys,Agender,cbogeysds@businesswire.com,651 721 0026
Hermione,Potbury,Female,hpotburydt@jiathis.com,186 241 9701
Odey,Brosetti,Male,obrosettidu@mayoclinic.com,450 580 2285
Lotty,Classen,Female,lclassendv@bigcartel.com,287 941 3907
Chastity,Gowman,Polygender,cgowmandw@i2i.jp,865 299 3034
Hall,Aizikovitz,Male,haizikovitzdx@psu.edu,920 608 0618
Lanna,Crepel,Female,lcrepeldy@disqus.com,223 764 1389
Rich,Thurner,Genderqueer,rthurnerdz@lulu.com,917 414 2830
Jayme,Keese,Genderqueer,jkeesee0@ebay.com,135 779 8885
Kristy,Allsobrook,Female,kallsobrooke1@psu.edu,137 359 5162
Roxanna,Hallowes,Female,rhallowese2@yahoo.co.jp,280 289 6518
Wilie,Flatt,Female,wflatte3@ucsd.edu,992 853 3835
Wadsworth,Eddow,Male,weddowe4@fda.gov,874 502 8718
Feodor,Ballantyne,Male,fballantynee5@hc360.com,786 260 2824
Allistir,Bausor,Male,abausore6@unblog.fr,862 780 8797
Jillene,Cockran,Non-binary,jcockrane7@miibeian.gov.cn,974 881 1907
Dill,Raccio,Male,draccioe8@walmart.com,545 836 8319
Bordie,Lineham,Male,blinehame9@phoca.cz,806 102 7688
Jerrylee,Daborne,Female,jdaborneea@webmd.com,673 123 9505
Carly,Showering,Female,cshoweringeb@imageshack.us,605 525 4746
Melli,Cantera,Non-binary,mcanteraec@msu.edu,116 625 3870
Shepperd,Russon,Male,srussoned@businessinsider.com,135 239 9728
Moss,Nardrup,Male,mnardrupee@sohu.com,710 945 2855
Sly,Seabrooke,Agender,sseabrookeef@foxnews.com,934 935 7764
Kellen,Schulz,Male,kschulzeg@netlog.com,342 947 5476
Elia,Jerrans,Male,ejerranseh@mtv.com,265 957 1645
Granger,Boutwell,Male,gboutwellei@who.int,472 381 8807
Carey,Danilyak,Female,cdanilyakej@arizona.edu,149 347 0826
Dag,Nettles,Male,dnettlesek@myspace.com,494 632 3985
Jehu,Masser,Male,jmasserel@bbb.org,538 468 2205
Sandi,Major,Female,smajorem@blinklist.com,617 123 4058
Shalna,Stolberg,Female,sstolbergen@apple.com,125 207 2777
Brooks,Ishaki,Male,bishakieo@rambler.ru,613 155 6787
Link,Moorhouse,Male,lmoorhouseep@accuweather.com,465 438 9535
Maxwell,Eden,Male,medeneq@privacy.gov.au,238 741 8417
Salomo,Abade,Male,sabadeer@ocn.ne.jp,138 587 9074
Nestor,L'Homme,Male,nlhommees@arstechnica.com,515 384 7241
Hermia,McIndrew,Female,hmcindrewet@omniture.com,458 207 5297
Hilary,Helsby,Female,hhelsbyeu@craigslist.org,562 853 6637
Carney,Ilyenko,Male,cilyenkoev@un.org,836 973 8578
Olenka,Itzkov,Female,oitzkovew@netlog.com,613 204 3389
Hort,McCreadie,Male,hmccreadieex@toplist.cz,450 111 0098
Vida,Fylan,Female,vfylaney@cisco.com,599 298 0547
Ellie,Joanic,Female,ejoanicez@weibo.com,152 238 8612
Hanny,Orpin,Female,horpinf0@issuu.com,747 143 9255
Faulkner,Hanalan,Male,fhanalanf1@eventbrite.com,917 487 8051
Stirling,Hogsden,Male,shogsdenf2@squidoo.com,411 533 6596
Dirk,Tomovic,Male,dtomovicf3@xinhuanet.com,756 959 2516
Georgeanne,Hardi,Female,ghardif4@sogou.com,768 246 4510
Gayle,Kettel,Female,gkettelf5@wikimedia.org,478 388 3532
Waite,Fellow,Male,wfellowf6@prlog.org,933 169 3638
Raphael,Jerrand,Male,rjerrandf7@histats.com,547 448 6132
Clyve,Millin,Male,cmillinf8@miibeian.gov.cn,143 885 7944
Marcia,Sabban,Female,msabbanf9@w3.org,335 823 3610
Brodie,Strudwick,Male,bstrudwickfa@typepad.com,146 577 3458
Elsy,Endersby,Female,eendersbyfb@tuttocitta.it,712 111 3751
Scot,Ausello,Bigender,sausellofc@bluehost.com,677 895 4027
Mirna,Toseland,Female,mtoselandfd@oaic.gov.au,969 190 6837
Darwin,Jaques,Male,djaquesfe@dion.ne.jp,169 507 5529
Don,Maeer,Male,dmaeerff@last.fm,984 778 9262
Rolando,Sandal,Male,rsandalfg@senate.gov,368 890 1113
Davey,Asey,Male,daseyfh@drupal.org,707 928 5847
Doug,O'Gorman,Male,dogormanfi@blogtalkradio.com,844 136 8929
Cornall,Garr,Male,cgarrfj@newyorker.com,857 210 8095
Stevana,Josowitz,Female,sjosowitzfk@scientificamerican.com,965 301 6054
Cally,Andryszczak,Non-binary,candryszczakfl@trellian.com,944 368 3233
Amberly,Needs,Polygender,aneedsfm@oracle.com,725 792 7649
Sax,Cammiemile,Male,scammiemilefn@squarespace.com,298 787 5337
Richard,Risen,Male,rrisenfo@hubpages.com,873 897 5003
Mellisa,Gorvin,Female,mgorvinfp@oracle.com,484 140 4830
Ari,MacAllaster,Male,amacallasterfq@istockphoto.com,527 323 7208
Mina,Samsonsen,Female,msamsonsenfr@comcast.net,260 210 5990
Shea,Jzhakov,Male,sjzhakovfs@hexun.com,439 503 6189
Gregor,Hallowell,Male,ghallowellft@mit.edu,422 666 7495
Falito,Kearle,Male,fkearlefu@hugedomains.com,867 422 9674
Kale,Fludgate,Male,kfludgatefv@bing.com,741 878 3095
Michale,Camsey,Male,mcamseyfw@networksolutions.com,686 679 0022
Tannie,Judron,Male,tjudronfx@bing.com,884 915 4560
Zita,Guidera,Female,zguiderafy@apple.com,261 458 2046
Robb,Joselson,Male,rjoselsonfz@pinterest.com,434 405 5920
Asia,Creber,Female,acreberg0@mediafire.com,477 964 2217
Brandyn,Ganniclifft,Male,bganniclifftg1@quantcast.com,933 463 9409
Lin,McGill,Male,lmcgillg2@mayoclinic.com,763 972 5382
Fowler,MacPadene,Male,fmacpadeneg3@answers.com,824 290 5177
Wilow,Shelly,Female,wshellyg4@sitemeter.com,319 860 4240
Malachi,Bolt,Male,mboltg5@shutterfly.com,519 804 1501
Deena,Genty,Female,dgentyg6@people.com.cn,556 102 3576
Matilda,Havard,Female,mhavardg7@flavors.me,932 528 3136
Philly,Caudwell,Female,pcaudwellg8@google.co.uk,968 474 1445
Sofia,Prendeguest,Female,sprendeguestg9@myspace.com,995 600 2511
Bidget,Brunone,Female,bbrunonega@xinhuanet.com,583 883 6980
Goddard,Overington,Male,goveringtongb@alexa.com,892 451 6387
Larisa,Grizard,Female,lgrizardgc@simplemachines.org,321 781 3130
Franny,Caris,Female,fcarisgd@networksolutions.com,690 506 3941
Philippe,Abrahamian,Female,pabrahamiange@foxnews.com,629 874 3835
Willi,Thorp,Male,wthorpgf@cocolog-nifty.com,590 307 7771
Marcello,Dirkin,Male,mdirkingg@technorati.com,730 511 8791
Carmelina,Bertin,Female,cbertingh@geocities.jp,788 681 3158
Harley,Baudins,Female,hbaudinsgi@google.cn,447 183 2363
Norby,Wevell,Male,nwevellgj@nhs.uk,133 644 3234
Jemima,Viollet,Female,jviolletgk@google.de,542 192 6537
Antoine,Goch,Male,agochgl@vk.com,226 667 7387
Garrick,Hanvey,Male,ghanveygm@usda.gov,852 436 9974
Chandra,Sangwin,Female,csangwingn@w3.org,893 479 7337
Caroline,Geroldi,Female,cgeroldigo@ox.ac.uk,238 810 6189
Royall,Stigers,Male,rstigersgp@ning.com,877 761 7358
Melisa,Broomhead,Female,mbroomheadgq@furl.net,710 883 2448
Elicia,Deeman,Agender,edeemangr@bloglovin.com,255 553 2907
Flinn,Davenhall,Male,fdavenhallgs@unesco.org,919 353 0706
Reid,Caslake,Male,rcaslakegt@a8.net,291 645 8227
Trescha,Linskey,Female,tlinskeygu@army.mil,380 118 4861
Hoyt,Jacke,Male,hjackegv@mashable.com,107 525 5913
Roarke,MacCourt,Male,rmaccourtgw@yellowbook.com,354 538 9890
Vitia,Sambrook,Female,vsambrookgx@csmonitor.com,669 902 7695
Reg,Bubb,Male,rbubbgy@diigo.com,293 941 4234
Stu,Booley,Male,sbooleygz@t.co,856 682 3975
Concordia,Obee,Female,cobeeh0@thetimes.co.uk,270 562 7736
Paolo,McKelvey,Male,pmckelveyh1@apache.org,911 672 1796
Dorotea,Cristofolini,Female,dcristofolinih2@state.tx.us,344 739 6934
Tiena,Gravett,Female,tgravetth3@cnn.com,633 712 5454
Manny,Americi,Male,mamericih4@blogs.com,517 793 3658
Jud,De Michetti,Male,jdemichettih5@issuu.com,850 959 9634
Solomon,Ingray,Agender,singrayh6@goo.gl,966 849 9629
Carlo,Arnaudet,Male,carnaudeth7@boston.com,547 472 5033
Webster,Kew,Male,wkewh8@multiply.com,183 259 9123
Leanora,Grishenkov,Female,lgrishenkovh9@bing.com,868 753 0274
Daniella,Helstrom,Agender,dhelstromha@dropbox.com,170 224 1372
Cecil,Aves,Male,caveshb@51.la,711 345 7798
Pooh,Benesevich,Male,pbenesevichhc@spotify.com,578 712 4664
Antons,Andrusov,Male,aandrusovhd@craigslist.org,944 516 1056
Pyotr,Glascott,Male,pglascotthe@simplemachines.org,556 768 2514
Starla,Persence,Female,spersencehf@yale.edu,220 257 9423
Ricky,Haslehurst,Male,rhaslehursthg@acquirethisname.com,726 762 4066
Griz,Ivakhno,Genderfluid,givakhnohh@pinterest.com,936 159 1307
Rafaellle,Readett,Male,rreadetthi@live.com,463 579 6498
Carlie,Roddan,Female,croddanhj@mysql.com,923 551 6042
Nolly,McCusker,Male,nmccuskerhk@arstechnica.com,840 582 1816
Ambrosi,Gozzard,Male,agozzardhl@house.gov,487 116 0550
Adelheid,Pettengell,Female,apettengellhm@tmall.com,895 176 2284
Mitchel,Bruins,Male,mbruinshn@noaa.gov,190 945 9023
Newton,Peizer,Genderqueer,npeizerho@typepad.com,837 809 1239
Bruno,Gilsthorpe,Male,bgilsthorpehp@yandex.ru,124 770 6793
Freida,McGarvie,Female,fmcgarviehq@imdb.com,171 429 9450
Stan,MacFadden,Male,smacfaddenhr@latimes.com,742 217 3302
Livvyy,Pratty,Female,lprattyhs@army.mil,603 974 8605
Sonny,Bisatt,Male,sbisattht@senate.gov,320 256 5780
Sher,Matthews,Female,smatthewshu@qq.com,229 326 3318
Amelia,Kik,Female,akikhv@dmoz.org,443 883 1064
Domenico,Lyman,Male,dlymanhw@issuu.com,347 392 2460
Inness,Dionisi,Male,idionisihx@nih.gov,479 935 1788
Gian,Norgan,Male,gnorganhy@businessinsider.com,581 467 1720
Cathie,Gatchel,Female,cgatchelhz@g.co,633 614 0029
Janeczka,Lovitt,Female,jlovitti0@shutterfly.com,348 596 4370
Sylas,Leither,Male,sleitheri1@symantec.com,725 204 6531
Yves,Rushby,Male,yrushbyi2@barnesandnoble.com,231 938 8469
Reinold,Cecely,Male,rcecelyi3@blinklist.com,942 412 1540
Andre,Blachford,Male,ablachfordi4@mashable.com,506 193 5026
Meyer,Patnelli,Male,mpatnellii5@baidu.com,107 643 9812
Alanson,Hawken,Male,ahawkeni6@sakura.ne.jp,458 887 0725
Jerald,Stoyle,Male,jstoylei7@epa.gov,599 373 8022
Fanchon,Plastow,Agender,fplastowi8@ft.com,435 465 5435
Devland,Stienton,Male,dstientoni9@freewebs.com,491 851 5140
Spencer,Profit,Male,sprofitia@springer.com,182 128 8924
Humberto,Fawdery,Male,hfawderyib@imgur.com,442 892 0262
Dedra,O'Lochan,Female,dolochanic@github.com,751 805 1811
Giacobo,Puden,Male,gpudenid@360.cn,990 310 0564
Flossie,Rigmond,Female,frigmondie@theguardian.com,936 837 9150
Berty,Nugent,Male,bnugentif@homestead.com,500 313 1457
Griffie,Dumphy,Male,gdumphyig@marriott.com,958 401 9788
Sonny,Staniford,Male,sstanifordih@sitemeter.com,455 886 8667
Hector,Klaus,Male,hklausii@cnbc.com,792 815 7814
Bernete,Puttergill,Female,bputtergillij@admin.ch,638 934 4987
Brady,Belfitt,Male,bbelfittik@blogs.com,140 958 1261
Marybelle,Tiebe,Non-binary,mtiebeil@ameblo.jp,602 477 3068
Austine,Carles,Female,acarlesim@nih.gov,528 225 0857
Stephen,Wissbey,Male,swissbeyin@domainmarket.com,701 166 7424
Erl,Way,Male,ewayio@thetimes.co.uk,179 373 4653
Virgie,Suddards,Female,vsuddardsip@pcworld.com,882 458 2891
Greggory,Embleton,Male,gembletoniq@usgs.gov,311 871 4972
Arnold,MacCallister,Male,amaccallisterir@cnn.com,610 925 1123
Nanci,Iannini,Female,nianniniis@slashdot.org,527 236 4070
Perri,Van Oort,Female,pvanoortit@prlog.org,999 946 0322
Kariotta,Render,Female,krenderiu@theguardian.com,137 313 6494
Gerardo,Worsnop,Male,gworsnopiv@istockphoto.com,164 530 8751
Ronnica,Benns,Female,rbennsiw@addthis.com,551 580 4753
Thia,Schirak,Female,tschirakix@cnbc.com,119 946 3262
Hayden,Brundle,Male,hbrundleiy@indiegogo.com,514 187 7433
Elvis,Battin,Male,ebattiniz@thetimes.co.uk,554 846 8846
Zachary,Pierson,Male,zpiersonj0@tiny.cc,604 193 5944
Lenee,Kingswoode,Female,lkingswoodej1@sciencedaily.com,388 145 6265
Helen,McInerney,Female,hmcinerneyj2@psu.edu,990 292 1472
Lily,Lattka,Female,llattkaj3@archive.org,537 306 2675
Beryl,Kilmary,Female,bkilmaryj4@illinois.edu,613 790 1121
Grantham,Battle,Male,gbattlej5@opera.com,325 210 7941
Domenico,Phythean,Male,dphytheanj6@microsoft.com,193 746 1209
Tye,Merrgen,Male,tmerrgenj7@xing.com,502 675 4992
Merline,Miko,Female,mmikoj8@techcrunch.com,488 463 9717
Edee,Peachman,Female,epeachmanj9@photobucket.com,823 988 6058
Yurik,Hariot,Male,yhariotja@mit.edu,476 954 2920
Rosamond,Dreinan,Female,rdreinanjb@so-net.ne.jp,864 798 2708
Daphne,Witherow,Genderqueer,dwitherowjc@psu.edu,249 491 8298
Bibby,Forseith,Female,bforseithjd@japanpost.jp,817 180 8349
Jard,Vondrasek,Male,jvondrasekje@harvard.edu,980 591 9248
Rebecka,Solland,Female,rsollandjf@auda.org.au,969 838 1986
Constance,Bydaway,Female,cbydawayjg@apple.com,336 360 5280
Alli,Dorant,Female,adorantjh@parallels.com,151 852 8129
Ettore,Brandacci,Male,ebrandacciji@examiner.com,673 710 7822
Northrop,Fonteyne,Male,nfonteynejj@webeden.co.uk,511 429 5604
Blinnie,Bartholomaus,Female,bbartholomausjk@army.mil,675 243 4249
Abbe,Coldicott,Male,acoldicottjl@smh.com.au,336 794 4041
Martha,Sange,Female,msangejm@behance.net,901 477 1488
Gabriello,Shaughnessy,Male,gshaughnessyjn@histats.com,257 353 0113
Bunni,Duesberry,Female,bduesberryjo@yellowpages.com,180 936 7680
Holmes,Summerrell,Male,hsummerrelljp@mtv.com,727 455 5204
Arabella,Boij,Female,aboijjq@t-online.de,842 378 4017
Myrlene,Zettler,Non-binary,mzettlerjr@facebook.com,581 282 7269
Reuven,Peatman,Male,rpeatmanjs@networkadvertising.org,842 587 8252
Winna,Bradmore,Female,wbradmorejt@squarespace.com,997 652 4529
Barbara,Glastonbury,Female,bglastonburyju@hugedomains.com,598 376 0925
Torrie,De Wolfe,Female,tdewolfejv@mapy.cz,561 512 1778
Lauri,Losty,Female,llostyjw@163.com,811 228 3930
Lesya,Willmont,Female,lwillmontjx@amazon.co.jp,915 507 5383
Lannie,Tembridge,Male,ltembridgejy@wix.com,199 134 6714
Tuckie,Enion,Male,tenionjz@themeforest.net,570 135 0994
Kienan,Watkiss,Male,kwatkissk0@twitter.com,829 116 2316
Briny,Kasperski,Female,bkasperskik1@toplist.cz,543 366 6030
Krisha,Accum,Male,kaccumk2@infoseek.co.jp,920 585 5757
Cletis,Lettington,Male,clettingtonk3@ezinearticles.com,694 183 9872
Teresa,Docharty,Female,tdochartyk4@imgur.com,271 819 0675
Maison,Reiglar,Male,mreiglark5@themeforest.net,678 433 0079
Enrica,McCullum,Female,emccullumk6@accuweather.com,971 894 8197
Raul,Adkins,Male,radkinsk7@eventbrite.com,732 154 8697
Teador,Sprake,Male,tsprakek8@hostgator.com,231 584 0193
Farlee,Lewens,Male,flewensk9@fc2.com,236 519 1050
Walker,Mullally,Male,wmullallyka@hud.gov,762 334 8518
Garreth,Troyes,Male,gtroyeskb@weebly.com,515 521 8594
Holly,Basketfield,Male,hbasketfieldkc@woothemes.com,628 825 2516
Haskell,Rickwood,Male,hrickwoodkd@omniture.com,279 936 2046
Pernell,Roelvink,Male,proelvinkke@ow.ly,244 577 2234
Karita,Donett,Female,kdonettkf@yahoo.co.jp,252 560 5647
Jareb,Stych,Male,jstychkg@ovh.net,981 368 9627
Ginger,Harle,Female,gharlekh@sina.com.cn,182 168 9296
Mickey,Velasquez,Male,mvelasquezki@springer.com,995 762 8552
Jermain,Huffa,Male,jhuffakj@facebook.com,231 347 7768
Vaclav,McCarney,Male,vmccarneykk@blogger.com,513 126 0771
Elliot,Maysor,Male,emaysorkl@webs.com,457 375 7710
Alla,Marte,Female,amartekm@cornell.edu,729 351 3783
Phillipp,Offield,Male,poffieldkn@over-blog.com,406 157 0935
Jen,Rawsthorne,Female,jrawsthorneko@pcworld.com,733 941 1860
Matti,Probbings,Female,mprobbingskp@biglobe.ne.jp,740 651 9121
Leupold,Redborn,Male,lredbornkq@nature.com,374 488 4896
Bibi,Robey,Female,brobeykr@ihg.com,137 488 4927
Harriot,Bedenham,Female,hbedenhamks@wix.com,306 473 5613
Roxanna,Killelay,Female,rkillelaykt@ebay.com,206 444 5527
Evonne,Juett,Female,ejuettku@angelfire.com,829 207 2111
Rudd,Hubane,Male,rhubanekv@1688.com,387 378 4114
Willamina,Clardge,Female,wclardgekw@wikipedia.org,351 329 6753
Emmett,Womack,Male,ewomackkx@nytimes.com,830 924 3823
Sheela,O'Brien,Polygender,sobrienky@weibo.com,906 176 8977
Harriet,Cabrara,Female,hcabrarakz@google.ru,247 717 3220
Tani,Robins,Genderqueer,trobinsl0@sogou.com,300 274 4238
Clementina,Matysik,Female,cmatysikl1@posterous.com,361 628 5046
Constancy,Phelips,Female,cphelipsl2@fc2.com,856 866 7872
Ron,Meale,Male,rmealel3@ebay.co.uk,305 540 1326
Skip,Sanderson,Non-binary,ssandersonl4@disqus.com,258 541 4552
Vida,Drakers,Female,vdrakersl5@wired.com,959 322 0368
Aili,Wollen,Female,awollenl6@google.com.br,422 876 4618
Humberto,Grinov,Male,hgrinovl7@cbsnews.com,103 586 5332
Daryle,Jansik,Male,djansikl8@instagram.com,536 677 5053
Janifer,O'Mailey,Female,jomaileyl9@joomla.org,893 498 4376
Daphene,Andriesse,Female,dandriessela@archive.org,596 599 2823
Luca,Folliott,Non-binary,lfolliottlb@i2i.jp,719 745 5967
Brandtr,Clarke-Williams,Male,bclarkewilliamslc@symantec.com,750 914 9567
Thomas,Lawey,Male,tlaweyld@google.co.uk,703 422 6717
Asia,Rozalski,Female,arozalskile@woothemes.com,301 715 0643
Rickard,Laurenzi,Male,rlaurenzilf@princeton.edu,862 638 4542
Daile,Cluley,Female,dcluleylg@pbs.org,288 866 9892
Derrick,Goudge,Male,dgoudgelh@yelp.com,432 265 6859
Rurik,Middup,Male,rmiddupli@salon.com,983 551 7098
Zebulon,Grieves,Male,zgrieveslj@yellowpages.com,392 821 7694
Winona,Sauvage,Female,wsauvagelk@pinterest.com,290 828 6761
Chas,Plom,Male,cplomll@mozilla.com,808 467 6062
Griffy,Ferrea,Male,gferrealm@elpais.com,528 803 5569
Wolfgang,Affron,Male,waffronln@aboutads.info,646 998 3928
Shayne,Gavrieli,Male,sgavrielilo@altervista.org,946 691 9470
Stacee,Burth,Female,sburthlp@is.gd,414 484 2845
Mil,Allcock,Female,mallcocklq@cpanel.net,664 812 2037
Hamlin,MacNamara,Male,hmacnamaralr@answers.com,277 657 7500
Bowie,Ramey,Male,brameyls@nba.com,752 459 8980
Whitaker,Grestye,Male,wgrestyelt@buzzfeed.com,414 550 4639
Doy,Castledine,Male,dcastledinelu@comsenz.com,973 992 1766
Willey,Rahlof,Male,wrahloflv@digg.com,474 343 5866
Karine,Semble,Female,ksemblelw@ning.com,402 158 8405
Deck,Gianni,Male,dgiannilx@disqus.com,607 681 3671
Abram,Roger,Male,arogerly@tripod.com,782 779 4000
Solly,Quested,Male,squestedlz@oaic.gov.au,248 774 7822
Hymie,Tayloe,Male,htayloem0@jiathis.com,916 993 8805
Kris,Meake,Non-binary,kmeakem1@patch.com,767 985 5685
Bastien,Faulconer,Genderqueer,bfaulconerm2@friendfeed.com,340 436 8889
Donaugh,Moulding,Male,dmouldingm3@bluehost.com,166 820 8348
Karia,Guillerman,Female,kguillermanm4@wiley.com,485 312 0890
Perkin,Georgiev,Male,pgeorgievm5@arstechnica.com,622 344 3574
Ferguson,Denisevich,Male,fdenisevichm6@elpais.com,213 778 1216
Tad,Tomlett,Male,ttomlettm7@icq.com,997 199 9875
Karoly,Bailess,Female,kbailessm8@scientificamerican.com,136 203 8831
Kyle,Danielsen,Male,kdanielsenm9@army.mil,393 284 1713
Allister,Cluet,Male,acluetma@sina.com.cn,255 174 2837
Johna,Dongate,Female,jdongatemb@symantec.com,749 986 8975
Miran,Stears,Female,mstearsmc@ihg.com,906 507 2777
Derby,Jannings,Male,djanningsmd@nbcnews.com,748 796 5697
Harley,Forty,Female,hfortyme@360.cn,947 742 0881
Hasheem,Ranfield,Male,hranfieldmf@drupal.org,348 200 9030
Frances,Davoren,Female,fdavorenmg@cyberchimps.com,313 503 1326
Averill,McSperron,Male,amcsperronmh@taobao.com,559 997 1985
Harmonie,Brocklesby,Female,hbrocklesbymi@miibeian.gov.cn,482 991 0631
Padget,Scatcher,Male,pscatchermj@ftc.gov,477 395 0691
Silvano,Paoloni,Male,spaolonimk@webeden.co.uk,900 796 1878
Mellisa,Atwool,Bigender,matwoolml@va.gov,384 166 9095
Ellissa,Piff,Polygender,epiffmm@umn.edu,760 443 2231
Davey,Faircliffe,Male,dfaircliffemn@webmd.com,608 595 3308
Micah,Blofield,Male,mblofieldmo@clickbank.net,160 677 0495
Ursulina,Birkmyr,Female,ubirkmyrmp@chicagotribune.com,483 734 3135
Cahra,Ackwood,Female,cackwoodmq@forbes.com,784 740 5354
Germaine,Limmer,Female,glimmermr@shop-pro.jp,372 924 3252
Robinette,Antal,Genderfluid,rantalms@comcast.net,163 196 1900
Carlotta,Poundford,Female,cpoundfordmt@berkeley.edu,795 272 3336
Row,Daniele,Female,rdanielemu@hud.gov,861 162 0142
Margeaux,Clute,Bigender,mclutemv@amazonaws.com,346 475 3279
Emilia,Chopin,Female,echopinmw@ftc.gov,107 101 6375
Kacey,Ryce,Female,krycemx@indiegogo.com,511 590 8827
Jacob,O' Hern,Male,johernmy@macromedia.com,595 433 9460
Erny,Lightwood,Male,elightwoodmz@dell.com,602 368 7306
Rip,Pittford,Male,rpittfordn0@infoseek.co.jp,924 421 4369
Garrott,Clampe,Polygender,gclampen1@etsy.com,787 495 8476
Phebe,Corp,Female,pcorpn2@elegantthemes.com,208 259 4124
Randa,Plitz,Female,rplitzn3@elegantthemes.com,902 480 3915
Belicia,Limeburn,Polygender,blimeburnn4@yandex.ru,846 378 8046
Margalit,Cubbino,Female,mcubbinon5@chron.com,139 238 7096
Jennie,Brachell,Female,jbrachelln6@storify.com,168 563 0612
Marillin,Murison,Female,mmurisonn7@ox.ac.uk,164 684 4545
Keith,Bucknell,Male,kbucknelln8@usda.gov,722 886 2533
Darill,Linny,Male,dlinnyn9@mayoclinic.com,120 561 8795
Tania,Streader,Female,tstreaderna@shop-pro.jp,679 668 3076
Freeman,Celes,Male,fcelesnb@bluehost.com,317 927 4811
Fifine,Jozefiak,Female,fjozefiaknc@bing.com,157 563 2364
Hy,Stowers,Male,hstowersnd@edublogs.org,247 526 6446
Hildagarde,Prestland,Female,hprestlandne@cnet.com,548 769 1023
Damon,Yitzowitz,Male,dyitzowitznf@lycos.com,632 292 5010
Nicolette,Gracey,Female,ngraceyng@chron.com,700 716 8927
Georgette,Spiteri,Female,gspiterinh@businesswire.com,639 599 4313
Micheal,Jaskiewicz,Male,mjaskiewiczni@unc.edu,889 557 6196
Lorant,Lorrain,Male,llorrainnj@gov.uk,197 892 3008
Tymothy,Firman,Male,tfirmannk@stumbleupon.com,577 532 1977
Kalina,Kellaway,Female,kkellawaynl@shop-pro.jp,939 388 2978
Lemuel,Lomasna,Male,llomasnanm@google.co.uk,362 343 2533
Cortney,Jurgen,Female,cjurgennn@diigo.com,402 187 0913
Devland,Beebis,Male,dbeebisno@parallels.com,436 400 6955
Lemar,Clapham,Male,lclaphamnp@google.ru,552 142 2080
Madge,Lie,Non-binary,mlienq@miitbeian.gov.cn,317 700 3631
Nollie,Moohan,Male,nmoohannr@ibm.com,953 193 4480
Rozanne,Treherne,Bigender,rtrehernens@naver.com,712 407 0551
Justis,Eby,Male,jebynt@ebay.co.uk,486 737 0978
Ethan,Mortlock,Male,emortlocknu@adobe.com,860 350 6047
North,Godspeede,Male,ngodspeedenv@ustream.tv,349 768 6716
Margalo,Murdy,Polygender,mmurdynw@creativecommons.org,622 238 8381
Rebekah,MacAne,Female,rmacanenx@reference.com,239 538 5608
Melisandra,MacCahee,Female,mmaccaheeny@japanpost.jp,399 264 3291
Oliy,Palombi,Female,opalombinz@icio.us,654 552 2014
Marje,Mufford,Bigender,mmuffordo0@wordpress.com,359 764 9434
Becca,Linfoot,Female,blinfooto1@sciencedirect.com,481 441 5036
Harman,Teaze,Male,hteazeo2@earthlink.net,247 477 4544
Suzie,Boustred,Female,sboustredo3@hubpages.com,332 923 3208
Jaquenette,MacDonell,Female,jmacdonello4@ed.gov,868 696 6583
Issi,Plumley,Female,iplumleyo5@newyorker.com,537 842 6967
Fanechka,Ashwell,Polygender,fashwello6@barnesandnoble.com,119 849 3917
Chase,Tatam,Non-binary,ctatamo7@desdev.cn,461 332 4325
Sheppard,Burnsall,Male,sburnsallo8@google.fr,374 123 2347
Micky,Kornacki,Female,mkornackio9@addthis.com,468 728 8620
Reggis,Struan,Male,rstruanoa@spotify.com,906 904 5081
Clarence,Cordes,Male,ccordesob@free.fr,404 196 8013
Antonin,Strand,Male,astrandoc@abc.net.au,163 185 0032
Omar,Bishopp,Male,obishoppod@adobe.com,872 919 7258
Lissie,Orrick,Female,lorrickoe@google.it,505 149 0496
Sid,Hooban,Male,shoobanof@over-blog.com,143 235 8886
Terry,Peabody,Agender,tpeabodyog@cocolog-nifty.com,858 469 5016
Mimi,Venediktov,Female,mvenediktovoh@com.com,789 378 7463
Jo,Jacquest,Female,jjacquestoi@artisteer.com,940 957 5119
Julio,McGiffin,Male,jmcgiffinoj@yolasite.com,429 438 5936
Lucky,Jedrychowski,Female,ljedrychowskiok@goodreads.com,581 910 5494
Dominique,Febry,Female,dfebryol@issuu.com,495 691 2720
Whitney,Bemand,Male,wbemandom@harvard.edu,499 914 2431
Noel,Mebius,Male,nmebiuson@epa.gov,307 957 6248
Abigale,Flaxon,Female,aflaxonoo@omniture.com,871 477 8435
Thorstein,Ewing,Male,tewingop@archive.org,828 682 9931
Seline,Clausen-Thue,Female,sclausenthueoq@amazonaws.com,985 423 1929
York,Badgers,Male,ybadgersor@boston.com,317 126 5543
Sancho,Wrightim,Male,swrightimos@cbsnews.com,515 900 0429
Clyde,Guion,Male,cguionot@imdb.com,891 496 1539
Daveta,Toma,Female,dtomaou@youku.com,367 176 4385
Devin,Satterfitt,Female,dsatterfittov@opera.com,519 138 4159
Worthy,Jordanson,Male,wjordansonow@bloglovin.com,477 315 9795
Gusta,Gaspero,Female,ggasperoox@toplist.cz,691 403 4035
Jefferey,Ravenshear,Male,jravenshearoy@joomla.org,488 651 1866
Courtenay,Hughill,Female,chughilloz@who.int,943 596 6585
Dietrich,Beausang,Male,dbeausangp0@fotki.com,534 864 8861
Kelcy,Bondar,Female,kbondarp1@usnews.com,454 758 4045
Zachary,Leheude,Male,zleheudep2@cbsnews.com,755 111 6888
Opaline,Hardage,Female,ohardagep3@e-recht24.de,110 796 4197
Ava,Harrap,Genderqueer,aharrapp4@fotki.com,864 214 2480
Georas,Button,Male,gbuttonp5@woothemes.com,357 660 1547
Rickard,Bonder,Male,rbonderp6@tmall.com,287 556 2368
Nani,Barks,Female,nbarksp7@time.com,608 535 4507
Yelena,Gothup,Female,ygothupp8@slashdot.org,145 413 5889
Vivianna,Studde,Female,vstuddep9@alibaba.com,826 596 1046
Hunter,Greenaway,Male,hgreenawaypa@wordpress.com,339 751 3036
Junina,Eliet,Polygender,jelietpb@google.cn,333 784 5532
Ricoriki,Sabbins,Male,rsabbinspc@istockphoto.com,915 245 0862
Damon,Fruen,Male,dfruenpd@amazon.co.uk,573 911 8420
Duffie,Worvell,Male,dworvellpe@nbcnews.com,945 719 8166
Elroy,Bibbie,Agender,ebibbiepf@arstechnica.com,212 273 3276
Erma,Rudland,Female,erudlandpg@furl.net,698 246 7706
Allegra,Callingham,Female,acallinghamph@hc360.com,308 246 9110
Pamelina,Faltin,Female,pfaltinpi@businesswire.com,641 472 1420
Ediva,Tatterton,Female,etattertonpj@time.com,286 812 6334
Bridget,Barchrameev,Polygender,bbarchrameevpk@earthlink.net,483 457 8532
Lewes,Masters,Male,lmasterspl@aboutads.info,650 694 8127
Torrence,Beebe,Male,tbeebepm@mozilla.org,277 153 3539
Philbert,La Vigne,Male,plavignepn@merriam-webster.com,261 913 7456
Krispin,Gothard,Male,kgothardpo@cnet.com,812 316 4384
Pearle,Swinnerton,Female,pswinnertonpp@ucoz.com,356 918 0107
Izzy,Bullar,Male,ibullarpq@umich.edu,999 231 7599
Erskine,Aloshechkin,Male,ealoshechkinpr@tumblr.com,271 254 2648
Hali,Sargerson,Female,hsargersonps@macromedia.com,315 661 3606
Giffie,Dust,Male,gdustpt@walmart.com,217 644 6209
Melinda,Bramah,Female,mbramahpu@mtv.com,260 445 1992
Aubine,Menzies,Non-binary,amenziespv@theglobeandmail.com,848 199 7197
Dolley,Bark,Female,dbarkpw@marketwatch.com,296 470 1257
Shirlene,Winfindale,Female,swinfindalepx@epa.gov,530 713 7798
Ebenezer,Ikins,Male,eikinspy@apple.com,977 616 8152
Ileana,Redwing,Female,iredwingpz@thetimes.co.uk,468 123 2201
Cori,Harbidge,Female,charbidgeq0@dion.ne.jp,261 838 5711
Vasilis,Stacey,Male,vstaceyq1@boston.com,382 563 5156
Casandra,Snary,Female,csnaryq2@yale.edu,560 786 8202
Dalton,Sheed,Male,dsheedq3@home.pl,660 189 1993
Meryl,Addie,Female,maddieq4@slashdot.org,810 532 1785
Talia,Chessman,Female,tchessmanq5@senate.gov,981 571 1213
Kimmie,Schulke,Female,kschulkeq6@etsy.com,883 755 8027
Bernadette,Eim,Female,beimq7@last.fm,896 791 8653
Estella,Goligher,Female,egoligherq8@umich.edu,802 892 0244
Gregoor,Aiken,Male,gaikenq9@slideshare.net,663 423 6624
Joanie,Curtain,Female,jcurtainqa@youtu.be,304 958 0382
Greta,Andreazzi,Female,gandreazziqb@prlog.org,157 603 8800
Phil,Rowan,Female,prowanqc@digg.com,310 398 3908
Neddy,McAllen,Male,nmcallenqd@princeton.edu,123 949 9083
Gussie,Hame,Non-binary,ghameqe@studiopress.com,421 633 5395
Sidoney,Bowhey,Female,sbowheyqf@nps.gov,529 744 3975
Brannon,Bow,Male,bbowqg@ihg.com,552 807 6029
Evelina,Ponnsett,Female,eponnsettqh@newyorker.com,236 935 5337
Ileana,Kingh,Female,ikinghqi@typepad.com,603 394 5617
Rayner,Bosward,Male,rboswardqj@flavors.me,661 139 1076
Basil,Kohring,Male,bkohringqk@etsy.com,179 719 8033
Kip,Miles,Male,kmilesql@go.com,246 378 5300
Svend,Stranieri,Male,sstranieriqm@free.fr,254 439 5667
Duane,Scard,Male,dscardqn@free.fr,867 829 0755
Silvio,Stayt,Male,sstaytqo@webs.com,823 515 3642
Rivi,Leynagh,Bigender,rleynaghqp@phoca.cz,744 612 7047
Fraze,Grugerr,Male,fgrugerrqq@google.ca,848 264 6436
Adriano,Hunday,Male,ahundayqr@addtoany.com,919 587 3842
Sarah,McCloughen,Female,smccloughenqs@yellowbook.com,506 542 9012
Cheri,Cockayne,Female,ccockayneqt@vk.com,111 237 8608
Alissa,Izhaky,Female,aizhakyqu@theglobeandmail.com,822 628 4566
Adda,Payn,Agender,apaynqv@bizjournals.com,215 466 7444
Yolane,Lummus,Agender,ylummusqw@about.me,353 559 1954
Ruggiero,Antonignetti,Male,rantonignettiqx@google.com,570 317 6741
Donny,Merritt,Female,dmerrittqy@weibo.com,260 415 2187
Duff,Kuhndel,Male,dkuhndelqz@usatoday.com,540 402 5930
Bobby,Saturley,Male,bsaturleyr0@tripadvisor.com,597 241 7779
Jewell,Muzzall,Female,jmuzzallr1@timesonline.co.uk,585 492 3965
Mead,Selman,Male,mselmanr2@whitehouse.gov,958 454 6906
Jillana,Pearcey,Female,jpearceyr3@accuweather.com,575 548 8737
Orelee,Panyer,Female,opanyerr4@howstuffworks.com,542 678 3347
Lawry,Govini,Male,lgovinir5@nih.gov,639 144 9091
Lory,Grenkov,Female,lgrenkovr6@cnbc.com,434 542 3104
Maighdiln,Romanin,Female,mromaninr7@intel.com,229 443 8652
Reggie,Levensky,Male,rlevenskyr8@toplist.cz,713 586 1169
Braden,Bletcher,Male,bbletcherr9@rediff.com,254 503 4642
Davy,Mintoft,Male,dmintoftra@addthis.com,599 916 0746
Jourdain,Prisley,Male,jprisleyrb@amazon.de,844 324 9163
Sunny,Sebyer,Female,ssebyerrc@chron.com,368 378 1202
Friedrick,Brine,Bigender,fbrinerd@posterous.com,418 293 5217
Blondelle,Luttger,Female,bluttgerre@wiley.com,499 955 0244
Marne,Keymar,Female,mkeymarrf@ibm.com,102 550 1094
Emlen,Bonnesen,Male,ebonnesenrg@google.com.br,782 233 4696
Felicio,Matyja,Male,fmatyjarh@squarespace.com,652 423 1721
Charlene,Woollcott,Female,cwoollcottri@umich.edu,700 116 5664
Ailis,Sey,Female,aseyrj@netlog.com,281 853 8165
Tracie,MacArd,Male,tmacardrk@usda.gov,871 153 3960
Massimo,Newcomen,Male,mnewcomenrl@ifeng.com,211 940 1257
Tann,Pietasch,Male,tpietaschrm@umich.edu,147 516 2656
Horst,Workes,Male,hworkesrn@cam.ac.uk,939 682 2591
Binny,Gensavage,Female,bgensavagero@zimbio.com,223 364 3132
Melisa,Connerry,Female,mconnerryrp@statcounter.com,565 546 9519
Terrell,Kiff,Male,tkiffrq@hao123.com,927 607 1033
Dante,Kummerlowe,Genderfluid,dkummerlowerr@google.ca,435 338 0592
