first_name,last_name,gender,email,phone
Rozalie,Pirouet,Female,rpirouet0@businessinsider.com,362 520 6314
Feodor,Tutsell,Male,ftutsell1@bloglines.com,348 688 1380
Ertha,Tomankowski,Female,etomankowski2@flickr.com,902 311 5200
Olivero,Headly,Male,oheadly3@google.com,880 708 3617
Kennett,Volker,Male,kvolker4@simplemachines.org,469 428 2363
Blondy,Bustin,Female,bbustin5@hao123.com,386 959 3034
Foss,Fulle,Male,ffulle6@tinypic.com,919 463 6395
Had,Minchinton,Polygender,hminchinton7@reference.com,254 494 1647
Kurtis,Deluze,Male,kdeluze8@un.org,883 392 6925
Debora,De Gouy,Female,ddegouy9@economist.com,130 847 7869
Cristen,Vinick,Female,cvinicka@ning.com,987 307 9994
Reggy,Labin,Male,rlabinb@pen.io,912 697 3434
Mia,Nunson,Female,mnunsonc@nbcnews.com,219 557 2330
Grannie,Torri,Male,gtorrid@wordpress.org,182 304 0688
Bartholomeus,Dibbert,Male,bdibberte@dmoz.org,404 688 1029
Abran,Le Teve,Male,aletevef@reference.com,731 743 4304
Yehudi,Hurcombe,Male,yhurcombeg@earthlink.net,681 382 4670
Rudolph,Tomankowski,Male,rtomankowskih@devhub.com,715 562 0258
Emmeline,Ades,Female,eadesi@elpais.com,491 132 8994
Vergil,Fomichkin,Male,vfomichkinj@fastcompany.com,200 947 3638
Onfroi,Bainbrigge,Male,obainbriggek@patch.com,799 296 7882
Timoteo,Ragbourne,Male,tragbournel@fotki.com,289 243 3991
Petey,Boots,Non-binary,pbootsm@reverbnation.com,978 470 8766
Alva,Peracco,Male,aperaccon@soup.io,316 492 0174
Augie,Smout,Male,asmouto@alibaba.com,468 882 0901
Win,Seak,Male,wseakp@tinypic.com,661 331 1232
Evangeline,Narbett,Female,enarbettq@usda.gov,204 679 6800
Edwina,Issacson,Female,eissacsonr@china.com.cn,874 405 8078
Bruis,Jakubovitch,Male,bjakubovitchs@tmall.com,865 743 3748
Susie,Fookes,Female,sfookest@hibu.com,308 520 0655
Reese,Cardno,Male,rcardnou@google.ru,204 382 8069
Marci,Trahmel,Female,mtrahmelv@twitpic.com,699 371 2865
Oralia,Igoe,Female,oigoew@t.co,122 213 6466
Roby,Chaucer,Female,rchaucerx@tinypic.com,939 288 9344
Netta,Amos,Female,namosy@gnu.org,800 693 9094
Austin,Noli,Male,anoliz@skyrock.com,178 696 2581
Danny,Baggs,Male,dbaggs10@imdb.com,153 383 2627
Emmye,Maciaszek,Female,emaciaszek11@who.int,666 584 9470
Johnathan,Tallis,Male,jtallis12@dot.gov,785 424 4843
Leann,Dailey,Female,ldailey13@ocn.ne.jp,833 933 4095
Lennard,Charon,Male,lcharon14@bandcamp.com,682 783 5545
Kincaid,Biasotti,Male,kbiasotti15@reuters.com,843 304 3275
Milton,Silverthorn,Male,msilverthorn16@mayoclinic.com,225 728 5316
Sid,Breffitt,Male,sbreffitt17@de.vu,589 452 4567
Sherye,Van Oord,Female,svanoord18@cloudflare.com,103 679 5270
Jacquetta,Widdocks,Female,jwiddocks19@bloomberg.com,238 734 6680
Lesya,Galey,Female,lgaley1a@meetup.com,372 913 4887
Dael,Codlin,Male,dcodlin1b@slideshare.net,364 518 6894
Ripley,Frigout,Male,rfrigout1c@godaddy.com,893 920 9842
Tomas,Cavozzi,Male,tcavozzi1d@nytimes.com,331 573 1702
Aubry,Boodell,Female,aboodell1e@google.com.au,969 160 2579
Ab,Lamport,Male,alamport1f@ning.com,445 284 6968
Ketti,Kinman,Female,kkinman1g@blogger.com,442 392 6901
Cullen,Fabry,Male,cfabry1h@nature.com,593 116 3415
Julius,Jeandin,Non-binary,jjeandin1i@bluehost.com,584 939 0016
Arel,Clogg,Male,aclogg1j@mlb.com,138 581 9835
Saunders,Pipkin,Male,spipkin1k@sun.com,893 640 0340
Phylis,Metterick,Female,pmetterick1l@businessweek.com,108 666 6098
Jakie,Heselwood,Male,jheselwood1m@discuz.net,978 130 7616
Leodora,Topp,Genderfluid,ltopp1n@businesswire.com,913 402 8470
Ignace,Picopp,Male,ipicopp1o@hatena.ne.jp,789 882 1582
Nonna,Mc-Kerley,Female,nmckerley1p@google.co.jp,249 127 5286
Peter,Joseland,Male,pjoseland1q@tripod.com,288 319 9906
Nerissa,Pamplin,Female,npamplin1r@indiegogo.com,125 656 6326
Dian,Coultard,Female,dcoultard1s@npr.org,377 147 3978
Nisse,Prosek,Female,nprosek1t@4shared.com,804 847 2332
Violet,Atcock,Female,vatcock1u@aboutads.info,134 657 7775
Frankie,Peidro,Female,fpeidro1v@arizona.edu,965 468 3800
Clary,Edgeller,Female,cedgeller1w@dmoz.org,387 337 0096
Milzie,Ickowicz,Female,mickowicz1x@rakuten.co.jp,293 312 3641
Starla,Bath,Genderfluid,sbath1y@noaa.gov,338 366 9349
Christiano,Hilling,Male,chilling1z@zimbio.com,185 807 3015
Tobias,Geall,Male,tgeall20@telegraph.co.uk,657 228 3977
Lise,Levesque,Female,llevesque21@yellowbook.com,908 215 3354
Seka,Georgescu,Female,sgeorgescu22@dropbox.com,349 944 9377
Jess,Petriello,Male,jpetriello23@wikia.com,212 861 9542
Hendrik,Joskovitch,Polygender,hjoskovitch24@ihg.com,213 371 5052
Scarlet,Wasling,Genderqueer,swasling25@upenn.edu,595 345 0991
Errol,Mingus,Male,emingus26@cocolog-nifty.com,257 965 1707
Christie,Keatley,Male,ckeatley27@delicious.com,487 497 4408
Simone,Klarzynski,Male,sklarzynski28@hexun.com,620 312 1423
Joby,Saer,Female,jsaer29@xrea.com,673 976 6491
Tabb,Griffith,Male,tgriffith2a@newyorker.com,916 268 0977
Romona,Dorrity,Female,rdorrity2b@wikimedia.org,288 328 6725
Ellwood,Liley,Male,eliley2c@furl.net,527 117 6847
Vasili,Walkowski,Male,vwalkowski2d@dagondesign.com,682 941 4272
Arron,Norwich,Male,anorwich2e@pen.io,350 213 4198
Rozella,Lincoln,Non-binary,rlincoln2f@lycos.com,972 803 7470
Bronson,Lezemere,Male,blezemere2g@theglobeandmail.com,934 378 2952
Shayne,Caldecutt,Female,scaldecutt2h@house.gov,586 486 3439
Fraze,Spaduzza,Male,fspaduzza2i@macromedia.com,769 825 1761
Annaliese,Ambrosetti,Genderfluid,aambrosetti2j@dedecms.com,467 957 3055
Pammi,Lawles,Female,plawles2k@desdev.cn,868 749 3499
Alina,Fallanche,Bigender,afallanche2l@etsy.com,309 228 8553
Armin,Bosward,Male,abosward2m@sogou.com,944 245 8920
Hilary,Wathan,Male,hwathan2n@cargocollective.com,252 677 0635
Barclay,Nelsen,Male,bnelsen2o@woothemes.com,453 667 1781
Bearnard,Dine-Hart,Male,bdinehart2p@samsung.com,613 381 8228
Sissie,Larrie,Female,slarrie2q@php.net,786 353 1983
Trstram,Bromehed,Male,tbromehed2r@businesswire.com,879 394 3151
Madonna,Matiasek,Female,mmatiasek2s@etsy.com,571 409 0974
Sigvard,Soffe,Genderfluid,ssoffe2t@marriott.com,872 337 9503
Ian,Maxfield,Male,imaxfield2u@cbsnews.com,385 461 8843
Nicolina,Kornas,Female,nkornas2v@weather.com,756 329 1536
Sydney,Bartolomeotti,Female,sbartolomeotti2w@techcrunch.com,865 782 7958
Angel,Songhurst,Female,asonghurst2x@wisc.edu,546 369 3361
Rubina,Kobsch,Female,rkobsch2y@unicef.org,760 177 7649
Kimball,Kesey,Male,kkesey2z@epa.gov,740 472 1354
Ade,Keyser,Genderqueer,akeyser30@microsoft.com,901 388 9851
Tyrone,Thandi,Male,tthandi31@webnode.com,489 505 9685
Ariel,Bartomieu,Female,abartomieu32@omniture.com,101 602 2510
Finlay,Tweddell,Male,ftweddell33@cnn.com,378 588 9985
Arie,Dutnell,Male,adutnell34@qq.com,248 356 6738
Abel,Doughty,Male,adoughty35@google.fr,649 176 2666
Marissa,Kunisch,Female,mkunisch36@dedecms.com,172 817 9524
Kylynn,Mandre,Female,kmandre37@geocities.com,347 269 1478
Bendix,Monnery,Male,bmonnery38@sina.com.cn,800 701 7768
Hyacinthia,Loosmore,Female,hloosmore39@china.com.cn,960 211 0962
Nanine,Brettelle,Female,nbrettelle3a@skyrock.com,773 975 0824
Cari,Lissandre,Female,clissandre3b@yandex.ru,569 519 9558
Vivienne,Glanister,Female,vglanister3c@storify.com,473 675 1513
Ax,Utton,Male,autton3d@nhs.uk,632 353 8815
Giorgio,Devin,Genderqueer,gdevin3e@sina.com.cn,428 553 6815
Gaye,Phelip,Female,gphelip3f@shutterfly.com,392 992 9283
Henrieta,Greeves,Female,hgreeves3g@imdb.com,714 739 4284
Lin,Tatton,Male,ltatton3h@hibu.com,874 557 9138
Heall,Simonard,Male,hsimonard3i@youtu.be,761 953 1042
Delbert,Faulds,Male,dfaulds3j@china.com.cn,513 802 1863
Olivette,Steddall,Female,osteddall3k@jalbum.net,129 793 7441
Emmalynne,Parkinson,Female,eparkinson3l@diigo.com,667 756 1555
Tine,Provest,Female,tprovest3m@clickbank.net,742 840 5280
Simonne,Gear,Female,sgear3n@paginegialle.it,842 357 0280
Lona,Whitwell,Female,lwhitwell3o@usgs.gov,636 859 2376
Basia,Farnill,Female,bfarnill3p@purevolume.com,878 412 9883
Jourdan,Mityushkin,Female,jmityushkin3q@globo.com,585 778 6238
Gianni,Jagoe,Male,gjagoe3r@altervista.org,761 130 3273
Tracy,Poate,Female,tpoate3s@weibo.com,664 603 7530
Angelica,Cridlon,Female,acridlon3t@shutterfly.com,613 150 6402
Meagan,Richardon,Female,mrichardon3u@google.es,146 789 3091
Erhard,Kleewein,Male,ekleewein3v@adobe.com,533 828 6328
Bartolomeo,Stollsteimer,Male,bstollsteimer3w@e-recht24.de,604 580 1386
Thomasine,Basson,Female,tbasson3x@berkeley.edu,176 613 3417
Rora,Joist,Female,rjoist3y@indiatimes.com,121 758 7726
Caryl,Suttell,Female,csuttell3z@joomla.org,300 630 3987
Sanders,Vooght,Male,svooght40@cdbaby.com,789 809 5990
Caldwell,Bonnell,Male,cbonnell41@irs.gov,170 138 4158
Will,Krauss,Male,wkrauss42@delicious.com,394 714 8734
David,Najera,Male,dnajera43@example.com,592 148 1780
Sheela,Warkup,Female,swarkup44@mapquest.com,501 264 0551
Gilles,Michele,Male,gmichele45@hostgator.com,371 460 5411
Ivory,Rymer,Female,irymer46@qq.com,376 647 2205
Skye,Robertot,Male,srobertot47@jigsy.com,214 638 6874
Borg,Harnwell,Male,bharnwell48@google.com.br,166 687 3251
Carlene,Dolle,Female,cdolle49@cocolog-nifty.com,651 492 1663
Babbie,Pfleger,Female,bpfleger4a@artisteer.com,305 755 8003
Poppy,McAdam,Female,pmcadam4b@mit.edu,388 535 9374
Niven,Itskovitz,Male,nitskovitz4c@si.edu,476 482 5012
Othilie,Cantillon,Female,ocantillon4d@oaic.gov.au,148 365 9306
Sergeant,Mantle,Male,smantle4e@usda.gov,693 516 4256
Petronia,Ellor,Female,pellor4f@umich.edu,303 293 2593
Ken,Skillings,Male,kskillings4g@wsj.com,942 520 2937
Jasmine,Thulborn,Non-binary,jthulborn4h@smugmug.com,817 204 4108
Jdavie,Allcott,Male,jallcott4i@nsw.gov.au,835 415 9228
Shepperd,Fosse,Male,sfosse4j@4shared.com,204 740 9029
Bethany,Vaggers,Female,bvaggers4k@mysql.com,520 548 8634
Cosimo,MacGillreich,Male,cmacgillreich4l@nifty.com,373 373 9652
Sansone,Klishin,Male,sklishin4m@java.com,976 287 5674
Hedi,Brahm,Female,hbrahm4n@xing.com,829 707 2677
Lek,Gergler,Male,lgergler4o@merriam-webster.com,504 115 0680
Mortie,Lode,Male,mlode4p@xinhuanet.com,116 868 9052
Lorenza,Roote,Genderfluid,lroote4q@ezinearticles.com,437 341 0210
Valentina,Marden,Female,vmarden4r@tamu.edu,478 819 5277
Lizbeth,Lawton,Female,llawton4s@macromedia.com,533 743 9961
Celia,Stegers,Female,cstegers4t@gravatar.com,356 698 2051
Magnum,Kolodziejski,Male,mkolodziejski4u@webs.com,544 347 8489
Tye,Poytress,Male,tpoytress4v@ft.com,145 691 7255
Alexei,Harly,Male,aharly4w@cornell.edu,602 635 1180
Averil,Spur,Male,aspur4x@salon.com,440 536 4525
Lin,Toope,Female,ltoope4y@indiatimes.com,720 134 1474
Filmer,Pencott,Male,fpencott4z@jiathis.com,293 961 9557
Lewes,Wilsone,Male,lwilsone50@google.ca,338 642 2082
Fairfax,Beuscher,Male,fbeuscher51@apache.org,799 519 0213
Farly,Udy,Male,fudy52@google.it,642 790 8131
Carlye,Headley,Female,cheadley53@who.int,860 333 5425
Fran,Aldridge,Female,faldridge54@usnews.com,734 788 0669
Alvan,Mugglestone,Male,amugglestone55@apple.com,908 470 6936
Leslie,Fance,Male,lfance56@indiegogo.com,784 202 7034
Tamqrah,Derwin,Female,tderwin57@sun.com,736 117 9691
Towney,Depper,Agender,tdepper58@vk.com,763 383 5313
Ladonna,Haysom,Female,lhaysom59@chron.com,798 715 7240
Wainwright,Cadreman,Male,wcadreman5a@intel.com,609 792 1261
Isis,Levey,Female,ilevey5b@artisteer.com,225 542 1082
Norene,Giuron,Polygender,ngiuron5c@time.com,563 968 2375
Alanson,Pinnegar,Male,apinnegar5d@quantcast.com,629 651 8219
Dina,Hurn,Female,dhurn5e@europa.eu,599 353 7649
Aridatha,Grebbin,Genderqueer,agrebbin5f@tinypic.com,805 294 6788
Eolanda,Sandilands,Female,esandilands5g@go.com,804 676 2642
Link,Rraundl,Male,lrraundl5h@desdev.cn,843 392 4631
Ariel,Cumbers,Male,acumbers5i@vinaora.com,380 746 9162
Jacky,Branni,Female,jbranni5j@weibo.com,881 621 0420
Gina,McTrustam,Female,gmctrustam5k@macromedia.com,872 900 9756
Tove,Gorries,Female,tgorries5l@discovery.com,975 649 8193
Amalita,Got,Female,agot5m@vimeo.com,872 281 4142
Nicoli,Stapels,Female,nstapels5n@wikipedia.org,801 772 9691
Marinna,Hallowell,Female,mhallowell5o@joomla.org,544 979 1008
Corny,Naismith,Male,cnaismith5p@google.fr,438 284 7477
Christiana,Calcut,Female,ccalcut5q@etsy.com,844 243 1888
Egan,Proppers,Male,eproppers5r@sfgate.com,777 447 1619
Roselle,Kwietek,Female,rkwietek5s@hexun.com,398 435 7287
Kane,Gabbot,Male,kgabbot5t@barnesandnoble.com,880 215 9521
Lilia,Michele,Female,lmichele5u@ycombinator.com,813 601 3270
Lynea,Danelut,Bigender,ldanelut5v@stumbleupon.com,536 311 7905
Susi,Robinett,Female,srobinett5w@jalbum.net,937 195 4773
Pepillo,Shakshaft,Male,pshakshaft5x@nydailynews.com,447 707 8324
Deena,Avann,Female,davann5y@yahoo.com,778 630 6535
Galvin,Hirsch,Male,ghirsch5z@huffingtonpost.com,508 454 9489
Konstance,Wardall,Female,kwardall60@amazon.co.uk,712 961 0683
Israel,Pardal,Male,ipardal61@nba.com,730 757 5392
Rowe,Griffitts,Female,rgriffitts62@shareasale.com,799 955 8215
Asia,Huffer,Female,ahuffer63@youku.com,161 299 3405
Aubry,Badby,Female,abadby64@yellowbook.com,514 460 6080
Amalia,Morby,Female,amorby65@paypal.com,741 878 2699
Jenni,Fleay,Female,jfleay66@dmoz.org,294 487 1946
Erick,Dobrowski,Male,edobrowski67@desdev.cn,641 243 3496
Ailsun,Hovenden,Female,ahovenden68@list-manage.com,825 459 3722
Emmalynne,Ashborne,Female,eashborne69@scientificamerican.com,556 737 2302
Leesa,Caldes,Female,lcaldes6a@privacy.gov.au,126 596 8114
Kippar,Glowacki,Male,kglowacki6b@sitemeter.com,561 742 0134
Becky,Scholtz,Female,bscholtz6c@about.me,762 467 8701
Hill,Blood,Male,hblood6d@mozilla.com,388 561 7247
Noll,Cartmail,Non-binary,ncartmail6e@addtoany.com,524 709 2329
Petronella,Widdowfield,Female,pwiddowfield6f@wikimedia.org,873 109 3735
Derrek,Lacaze,Male,dlacaze6g@google.fr,592 199 4669
Stern,Pickup,Male,spickup6h@irs.gov,641 475 0641
Willis,Oxbe,Male,woxbe6i@hubpages.com,256 781 5997
Vince,Pala,Male,vpala6j@un.org,431 616 5359
Sascha,Maltster,Male,smaltster6k@yahoo.co.jp,252 627 2253
Julieta,Bench,Female,jbench6l@amazon.co.jp,638 896 6120
Fredric,Othen,Male,fothen6m@amazon.co.jp,708 457 9376
Ximenes,Skellion,Male,xskellion6n@flavors.me,856 192 3468
Franny,Walkey,Female,fwalkey6o@theatlantic.com,557 519 6031
Teresita,Hannon,Female,thannon6p@slate.com,262 957 9710
Silas,Bridgland,Male,sbridgland6q@weibo.com,842 970 2359
Chariot,Ellin,Male,cellin6r@163.com,897 793 7708
Farra,Djokic,Female,fdjokic6s@webeden.co.uk,441 884 4117
Godiva,Wloch,Female,gwloch6t@myspace.com,669 179 9425
Nolly,Frangleton,Male,nfrangleton6u@weibo.com,578 210 3747
Kermit,Szymonwicz,Male,kszymonwicz6v@blinklist.com,779 661 5144
Alley,Hradsky,Male,ahradsky6w@google.co.jp,871 838 5227
Robinet,Wolfers,Female,rwolfers6x@cmu.edu,117 765 7993
Bernie,Kinson,Male,bkinson6y@archive.org,431 941 2936
Gerrilee,Scarce,Female,gscarce6z@pinterest.com,188 169 1085
Kalila,Gozzett,Female,kgozzett70@sciencedaily.com,369 873 2093
Orelia,Armfield,Female,oarmfield71@scribd.com,612 311 6794
Clark,Gething,Male,cgething72@wikia.com,381 462 0189
Constanta,Brozek,Female,cbrozek73@wisc.edu,594 780 4292
Earlie,Helmke,Male,ehelmke74@java.com,337 727 0539
Emmet,Winnett,Male,ewinnett75@youtube.com,186 402 7517
Sammy,Francom,Non-binary,sfrancom76@cdbaby.com,711 438 1218
Wadsworth,Parker,Male,wparker77@reverbnation.com,138 613 8878
Dianne,Lefever,Agender,dlefever78@cafepress.com,973 422 4086
Randolph,Brenstuhl,Male,rbrenstuhl79@ucsd.edu,547 864 6758
Barton,Batha,Male,bbatha7a@businessweek.com,162 621 9052
Udall,Petegre,Male,upetegre7b@cbc.ca,375 275 1150
Bernard,Yakubowicz,Male,byakubowicz7c@elegantthemes.com,906 270 0449
Gayle,Bondar,Female,gbondar7d@soundcloud.com,647 124 1526
Janette,Simenot,Female,jsimenot7e@google.com.br,570 904 3878
Alia,Fisbey,Female,afisbey7f@dion.ne.jp,642 105 5148
Quentin,Randerson,Male,qranderson7g@skyrock.com,708 276 8975
Lizette,Killner,Female,lkillner7h@goo.ne.jp,483 496 1663
Zora,Powers,Non-binary,zpowers7i@webmd.com,282 266 4681
Garry,Barrass,Male,gbarrass7j@oakley.com,324 736 5389
Chick,Lampl,Male,clampl7k@washington.edu,947 377 5199
Robinson,Trownson,Male,rtrownson7l@yelp.com,233 500 4124
Shannah,Pennuzzi,Female,spennuzzi7m@networkadvertising.org,137 221 1251
Ellis,Bassom,Male,ebassom7n@theatlantic.com,985 493 3480
Josepha,Halley,Female,jhalley7o@kickstarter.com,330 930 0398
Neal,Eaden,Male,neaden7p@time.com,337 575 6462
Hashim,Richmond,Male,hrichmond7q@1und1.de,106 415 4294
Phineas,MacPharlain,Male,pmacpharlain7r@google.de,247 979 5507
Theresina,Hemphill,Female,themphill7s@japanpost.jp,289 785 7583
Beltran,Yoell,Male,byoell7t@pcworld.com,692 241 9327
Sosanna,Bellinger,Female,sbellinger7u@bloglines.com,367 887 3952
Andonis,Botte,Male,abotte7v@jigsy.com,682 935 4644
Kristal,Gregan,Female,kgregan7w@discovery.com,518 385 4327
Patricio,Passman,Male,ppassman7x@sphinn.com,842 576 4894
Tommy,Blazynski,Female,tblazynski7y@issuu.com,671 595 3898
Bryana,Booy,Female,bbooy7z@nytimes.com,816 384 3897
Aylmar,Bustin,Male,abustin80@ning.com,634 466 4012
Zia,Burnyate,Female,zburnyate81@springer.com,192 602 7487
Bary,Ivery,Male,bivery82@bluehost.com,439 640 8015
Lexi,Jacox,Female,ljacox83@example.com,394 538 0935
Cristin,Kinnear,Female,ckinnear84@hexun.com,349 263 3596
Lillian,Gawkes,Female,lgawkes85@facebook.com,805 156 6570
Don,Fairhead,Male,dfairhead86@fda.gov,284 452 9033
Roarke,Cancott,Bigender,rcancott87@mapy.cz,333 770 3365
Torre,Baildon,Male,tbaildon88@google.fr,641 350 9016
Tera,Woollhead,Female,twoollhead89@google.pl,515 541 6893
Sherman,Talman,Male,stalman8a@drupal.org,718 973 8813
Barbra,Van Niekerk,Female,bvanniekerk8b@squarespace.com,522 155 5792
Bennie,Droghan,Male,bdroghan8c@nymag.com,278 194 8653
Drucy,MacGahy,Female,dmacgahy8d@redcross.org,305 853 3610
Dorene,Leber,Female,dleber8e@sbwire.com,873 600 3565
Anthea,Reisk,Female,areisk8f@usatoday.com,465 959 1966
Starla,Moorrud,Female,smoorrud8g@google.com.hk,237 970 4174
Mead,Cotterel,Female,mcotterel8h@oaic.gov.au,442 145 6625
Janie,Pischoff,Female,jpischoff8i@trellian.com,116 451 9006
Rickie,Fitzsymons,Female,rfitzsymons8j@hexun.com,588 783 0119
Beryle,Pigram,Female,bpigram8k@dailymail.co.uk,354 642 1225
Gwenore,Alyoshin,Female,galyoshin8l@cocolog-nifty.com,582 325 2451
Erda,Gras,Female,egras8m@eventbrite.com,601 255 1766
Mile,Kivell,Male,mkivell8n@unc.edu,614 843 9980
Raynor,Dollen,Male,rdollen8o@timesonline.co.uk,655 835 5028
Prudi,Criag,Female,pcriag8p@mtv.com,913 949 1358
Broddy,Dabels,Male,bdabels8q@pagesperso-orange.fr,742 253 6806
Langston,Welbrock,Male,lwelbrock8r@uol.com.br,715 907 0014
Arabel,Rodolf,Female,arodolf8s@shareasale.com,536 678 5076
Fay,Krolik,Female,fkrolik8t@tiny.cc,527 589 2258
Cheston,Laflin,Male,claflin8u@gmpg.org,803 584 8669
Hersh,Bauer,Male,hbauer8v@deviantart.com,262 496 5593
Felicia,Grinin,Bigender,fgrinin8w@feedburner.com,589 821 1975
Ermanno,Ferens,Male,eferens8x@ft.com,398 820 7184
Jilli,Muckloe,Female,jmuckloe8y@dedecms.com,521 513 4108
Morty,Kett,Male,mkett8z@github.io,919 364 9745
Ritchie,Schapiro,Male,rschapiro90@seesaa.net,946 582 5354
Michel,Tassaker,Male,mtassaker91@smugmug.com,936 704 2318
Georgena,Hecks,Female,ghecks92@about.com,169 908 9009
Timmi,Matonin,Non-binary,tmatonin93@businesswire.com,560 256 9183
Rodi,Brokenbrow,Female,rbrokenbrow94@google.es,684 155 8256
Suzie,Abden,Female,sabden95@theguardian.com,483 719 4830
Jess,Gabala,Female,jgabala96@wix.com,794 539 6916
Reggie,Behling,Male,rbehling97@exblog.jp,657 954 2680
Meg,Spadelli,Female,mspadelli98@furl.net,257 971 7790
Darya,Huggins,Female,dhuggins99@fema.gov,815 798 6333
Roobbie,Jolliff,Female,rjolliff9a@infoseek.co.jp,542 863 0991
Doralyn,Capnerhurst,Female,dcapnerhurst9b@squarespace.com,450 832 6620
Beitris,Bertomeu,Non-binary,bbertomeu9c@people.com.cn,470 911 1840
Bartolomeo,Woodard,Non-binary,bwoodard9d@g.co,696 423 2058
Ignaz,Fetter,Male,ifetter9e@mozilla.org,479 457 4901
Anthia,Prichard,Female,aprichard9f@nature.com,986 491 9654
Gavin,Sandbrook,Genderfluid,gsandbrook9g@youtube.com,590 587 7265
Preston,Bailie,Male,pbailie9h@merriam-webster.com,155 369 4443
Ulrike,Gallon,Female,ugallon9i@t-online.de,843 917 6263
Kara,Grisbrook,Female,kgrisbrook9j@ameblo.jp,412 915 4491
Patrica,Chittleburgh,Female,pchittleburgh9k@ebay.co.uk,958 576 7970
Stearne,Rist,Male,srist9l@state.gov,795 925 9329
Alasdair,Hastings,Male,ahastings9m@cdc.gov,514 252 6021
Carr,Flippelli,Male,cflippelli9n@nationalgeographic.com,751 726 0174
Dulciana,Riccardelli,Female,driccardelli9o@storify.com,288 154 9226
Faydra,Ivanyushin,Female,fivanyushin9p@xinhuanet.com,835 402 4366
Giovanni,Sarton,Male,gsarton9q@blogger.com,843 506 2229
Carmelita,Libby,Female,clibby9r@privacy.gov.au,968 177 4199
Allyn,Giorgio,Male,agiorgio9s@cornell.edu,513 997 0282
Huntley,Guiel,Male,hguiel9t@alibaba.com,717 640 9487
Amos,Wines,Male,awines9u@comsenz.com,273 898 2204
Norry,Cosbey,Male,ncosbey9v@addthis.com,313 590 0926
Mureil,Twyford,Female,mtwyford9w@state.gov,897 844 3130
Farlee,Aps,Male,faps9x@live.com,342 989 1158
Terrye,Poynter,Female,tpoynter9y@archive.org,408 468 9846
Symon,Czapla,Male,sczapla9z@youtu.be,812 941 9049
Riki,Grelka,Female,rgrelkaa0@163.com,216 831 8091
Jo,Pracy,Male,jpracya1@usda.gov,356 676 8810
Jeni,Daniello,Bigender,jdanielloa2@telegraph.co.uk,801 536 2992
Inger,Jeffels,Female,ijeffelsa3@irs.gov,414 770 0986
Baron,McNiff,Male,bmcniffa4@360.cn,883 618 0751
Mathias,Bremond,Male,mbremonda5@nyu.edu,407 404 1163
Danika,Ivashev,Female,divasheva6@delicious.com,392 268 9060
Minta,Masters,Female,mmastersa7@wp.com,226 912 7961
Starr,Featley,Female,sfeatleya8@businessweek.com,294 485 9472
Phineas,Antonowicz,Male,pantonowicza9@gizmodo.com,941 801 6966
Orella,Clipson,Female,oclipsonaa@bravesites.com,303 983 3345
Fonzie,Zanassi,Male,fzanassiab@photobucket.com,537 596 3167
Kendrick,Hallward,Male,khallwardac@ed.gov,104 971 8854
Ingrid,Duffin,Agender,iduffinad@seesaa.net,355 629 6861
Madelle,Hawkridge,Female,mhawkridgeae@usgs.gov,623 398 7315
Luisa,Side,Female,lsideaf@amazon.de,807 772 0089
Duff,Millberg,Genderfluid,dmillbergag@webeden.co.uk,613 953 1653
Steven,Plumbridge,Male,splumbridgeah@google.com,125 540 4541
Paxton,Barringer,Male,pbarringerai@statcounter.com,803 748 8456
Cristionna,Mennell,Female,cmennellaj@marriott.com,163 839 3757
Ulises,Burchall,Male,uburchallak@quantcast.com,350 660 8118
Fanny,Dowers,Female,fdowersal@unicef.org,571 694 3659
Cirillo,Rimer,Male,crimeram@hugedomains.com,264 835 5915
Arel,Paddon,Male,apaddonan@smugmug.com,196 470 3203
Nixie,Pfeffel,Female,npfeffelao@spiegel.de,179 120 3954
Xylina,Rodrigo,Female,xrodrigoap@dailymail.co.uk,197 283 6811
Natalina,Woolatt,Female,nwoolattaq@washingtonpost.com,486 251 8540
Max,Ogilvie,Male,mogilviear@newsvine.com,718 702 4274
Sybila,Habron,Female,shabronas@yahoo.com,747 172 9761
Danielle,Beadel,Female,dbeadelat@omniture.com,334 145 5269
Jordan,Blankau,Female,jblankauau@netscape.com,290 152 5265
Cooper,Vasilenko,Male,cvasilenkoav@csmonitor.com,773 990 9533
Rupert,Pardy,Male,rpardyaw@squarespace.com,205 550 6229
Kleon,Brands,Male,kbrandsax@csmonitor.com,973 846 1974
Dorrie,Ondrich,Female,dondrichay@t-online.de,175 415 6828
Bernhard,Mogg,Male,bmoggaz@seattletimes.com,276 598 2967
Fabian,Albury,Male,falburyb0@go.com,427 624 4699
Lorant,Hylands,Male,lhylandsb1@time.com,796 308 9388
Ennis,Brood,Male,ebroodb2@ocn.ne.jp,859 605 7309
Shaughn,Humpatch,Male,shumpatchb3@ehow.com,497 903 8967
Gena,Leckey,Female,gleckeyb4@state.tx.us,505 355 6716
Missy,Dionisi,Female,mdionisib5@businessinsider.com,776 471 6232
Kordula,Dillamore,Female,kdillamoreb6@house.gov,305 465 0517
Rikki,Jarrell,Female,rjarrellb7@cloudflare.com,197 414 2531
Eal,Ninnotti,Male,eninnottib8@npr.org,382 541 4853
Pammi,Toner,Female,ptonerb9@nbcnews.com,988 243 9442
Glennis,Sandiford,Female,gsandifordba@nytimes.com,380 885 3128
Jarred,Gelsthorpe,Male,jgelsthorpebb@ycombinator.com,237 996 5348
Opalina,Stygall,Female,ostygallbc@sitemeter.com,713 712 5365
Rosaleen,Dargan,Female,rdarganbd@gmpg.org,749 295 6791
Hayward,Riceards,Male,hriceardsbe@wikispaces.com,333 530 2197
Ame,Haffenden,Female,ahaffendenbf@patch.com,259 676 6264
Charlot,Skirving,Female,cskirvingbg@bbb.org,207 411 4241
Gretta,Ebbens,Female,gebbensbh@youku.com,740 861 2683
Mae,Vedstra,Female,mvedstrabi@unicef.org,146 679 0477
Sayer,Bault,Male,sbaultbj@lulu.com,521 686 9765
Delphine,Dunniom,Female,ddunniombk@purevolume.com,491 647 6015
Briggs,McKeown,Male,bmckeownbl@twitter.com,670 294 2233
Celeste,Keilloh,Female,ckeillohbm@delicious.com,235 578 8075
Murial,Mallord,Female,mmallordbn@paypal.com,896 864 8568
Terra,Grey,Female,tgreybo@tripod.com,547 248 1252
Clayton,Simper,Male,csimperbp@w3.org,357 112 8968
Aleksandr,Dupey,Male,adupeybq@buzzfeed.com,349 382 7081
Kari,Lawland,Female,klawlandbr@businessinsider.com,745 310 4491
Si,Heatherington,Male,sheatheringtonbs@yale.edu,639 641 4032
Kenn,Purviss,Male,kpurvissbt@phpbb.com,465 161 8779
Jake,Alfonsetti,Male,jalfonsettibu@mediafire.com,941 762 8489
Tomkin,Domenico,Male,tdomenicobv@washington.edu,841 497 8455
Bradley,Krolman,Polygender,bkrolmanbw@cnn.com,979 125 2261
Manya,Kidds,Female,mkiddsbx@opera.com,885 621 8344
Dilly,Willingale,Male,dwillingaleby@taobao.com,305 121 4525
Charlotte,Enderson,Female,cendersonbz@pagesperso-orange.fr,857 552 5247
Garrek,Hulland,Male,ghullandc0@npr.org,454 852 8121
Ethe,Tremble,Male,etremblec1@techcrunch.com,458 556 6986
Addison,Ormesher,Male,aormesherc2@google.com.br,643 587 8023
Reid,Heading,Male,rheadingc3@hud.gov,852 208 1312
Mariya,Radband,Female,mradbandc4@buzzfeed.com,736 610 1386
Aloysia,Rable,Female,arablec5@blog.com,419 867 3891
Wildon,Longbothom,Male,wlongbothomc6@51.la,936 953 1087
Lauree,Rumens,Female,lrumensc7@elpais.com,411 909 8657
Joann,Meigh,Female,jmeighc8@wired.com,924 553 4205
Emelda,Jasik,Female,ejasikc9@mit.edu,781 577 7420
Anselma,Aleshkov,Female,aaleshkovca@mail.ru,351 791 7225
Yasmeen,Hanner,Female,yhannercb@spotify.com,163 767 0562
Camala,Lowdeane,Female,clowdeanecc@google.cn,868 456 4722
Coriss,Hambrick,Female,chambrickcd@hhs.gov,313 848 1037
Patrice,Hanner,Female,phannerce@feedburner.com,450 639 1011
Reed,Mapplebeck,Male,rmapplebeckcf@forbes.com,407 189 4579
Dwain,Tofano,Male,dtofanocg@guardian.co.uk,400 325 0640
Gordon,Wheadon,Male,gwheadonch@indiatimes.com,393 160 8094
Deni,Legon,Female,dlegonci@china.com.cn,920 805 2447
Adolphus,Glede,Male,agledecj@shareasale.com,354 428 9097
Halette,Shelper,Female,hshelperck@simplemachines.org,296 152 9454
Dori,McConway,Female,dmcconwaycl@acquirethisname.com,437 404 9843
Thaddus,Bront,Male,tbrontcm@shutterfly.com,187 719 5861
Scarlett,Crisp,Female,scrispcn@auda.org.au,970 128 9140
Vanny,Trowell,Genderfluid,vtrowellco@telegraph.co.uk,505 510 8106
Dolley,Yashnov,Female,dyashnovcp@tumblr.com,697 857 4697
Charlene,Whetland,Female,cwhetlandcq@sciencedaily.com,446 633 6444
Annmarie,Perago,Female,aperagocr@msn.com,414 580 6802
Archambault,Mulder,Male,amuldercs@mlb.com,672 981 5361
Vassily,Salzburger,Male,vsalzburgerct@51.la,485 407 7015
Austin,Olyff,Male,aolyffcu@buzzfeed.com,439 665 0030
Verge,Jeannot,Male,vjeannotcv@sfgate.com,785 487 1712
Justinian,Hazelden,Male,jhazeldencw@nymag.com,297 158 6023
Ferdinande,Pactat,Agender,fpactatcx@mapquest.com,184 546 9836
Barron,Goodspeed,Male,bgoodspeedcy@latimes.com,529 777 0728
Leilah,Ply,Female,lplycz@simplemachines.org,412 467 3981
Kendrick,Rispine,Male,krispined0@google.com.br,359 753 1863
Tan,Delicate,Male,tdelicated1@sohu.com,411 681 5006
Town,Palomba,Male,tpalombad2@princeton.edu,323 375 7115
Astra,Lippard,Female,alippardd3@hc360.com,121 794 8600
Maison,Magner,Male,mmagnerd4@free.fr,431 661 3040
Kim,Cornes,Male,kcornesd5@miibeian.gov.cn,813 700 2826
Dan,Filson,Male,dfilsond6@earthlink.net,806 212 9921
Diannne,Crichley,Female,dcrichleyd7@github.io,614 233 7183
Fern,Tow,Bigender,ftowd8@joomla.org,998 749 5293
Thomas,Winsley,Male,twinsleyd9@studiopress.com,648 328 1771
Norman,Merrisson,Male,nmerrissonda@utexas.edu,523 502 5556
Karlens,Townley,Male,ktownleydb@blogtalkradio.com,120 338 8697
Hamilton,Fetherby,Male,hfetherbydc@prnewswire.com,365 188 0039
Bert,Pickworth,Female,bpickworthdd@un.org,679 338 2911
Jenica,Beecraft,Female,jbeecraftde@msn.com,512 211 3957
Camella,Crielly,Female,ccriellydf@odnoklassniki.ru,377 580 0073
Eduino,Auty,Male,eautydg@howstuffworks.com,129 934 3971
Wileen,McCullough,Female,wmcculloughdh@webs.com,427 508 9395
Billie,Dunstall,Male,bdunstalldi@nhs.uk,245 660 9318
Sherie,Realff,Female,srealffdj@berkeley.edu,979 341 2410
Odelia,Arrandale,Female,oarrandaledk@odnoklassniki.ru,897 571 7398
Elayne,Brouncker,Female,ebrounckerdl@netlog.com,966 566 6455
Clareta,Wattisham,Genderfluid,cwattishamdm@army.mil,132 634 8096
Cherish,Chatband,Female,cchatbanddn@shinystat.com,872 685 7610
Demetris,Murton,Male,dmurtondo@nsw.gov.au,734 850 5580
Claus,Zincke,Male,czinckedp@ihg.com,259 659 4796
Rodina,Boshell,Female,rboshelldq@blogger.com,213 476 4716
Ellary,Silbermann,Male,esilbermanndr@dmoz.org,970 597 8751
Jackelyn,Bannister,Female,jbannisterds@google.cn,927 156 5787
Beau,Grosvenor,Bigender,bgrosvenordt@liveinternet.ru,471 504 8200
Valentine,Cleminshaw,Female,vcleminshawdu@xinhuanet.com,587 694 8827
Rosalynd,Kiln,Female,rkilndv@about.me,138 369 4657
Clemmie,Taill,Male,ctailldw@zdnet.com,167 173 0459
Corella,Fannin,Female,cfannindx@is.gd,541 888 0326
Emmie,Milmo,Female,emilmody@nsw.gov.au,972 408 9953
Conney,Westfalen,Male,cwestfalendz@answers.com,426 213 1580
Auria,Mitchinson,Female,amitchinsone0@latimes.com,378 523 2926
Jamesy,Sanches,Male,jsanchese1@miibeian.gov.cn,624 626 8074
Miner,Ducrow,Male,mducrowe2@ovh.net,957 165 4245
Matty,Rushe,Male,mrushee3@springer.com,769 477 7231
Adolphe,Iskower,Male,aiskowere4@google.co.uk,905 699 1039
Shea,Fanton,Female,sfantone5@google.com.br,888 154 3796
Natty,Lanchester,Male,nlanchestere6@techcrunch.com,176 257 6503
Derek,Jeannard,Male,djeannarde7@usgs.gov,545 525 6378
Wini,Blackeby,Female,wblackebye8@jugem.jp,540 620 3454
Estel,Darragh,Female,edarraghe9@comsenz.com,475 940 9842
Virgie,Meacher,Male,vmeacherea@pbs.org,703 445 0350
Mabel,Sproson,Female,msprosoneb@ted.com,862 546 4134
Murial,Frere,Female,mfrereec@icq.com,723 882 0284
Emmye,Yatman,Polygender,eyatmaned@state.tx.us,962 313 8932
Kasey,Sweedland,Female,ksweedlandee@whitehouse.gov,592 634 3414
Celia,Adrienne,Female,cadrienneef@sciencedirect.com,243 283 8750
Zia,Danielian,Female,zdanielianeg@jimdo.com,800 653 8495
Rab,Greener,Male,rgreenereh@booking.com,328 783 5719
Hayden,Sille,Male,hsilleei@umn.edu,321 486 2975
Nanon,Dobbinson,Female,ndobbinsonej@github.io,778 353 5122
Diarmid,Manville,Male,dmanvilleek@paginegialle.it,616 825 9784
Adelind,Scammell,Polygender,ascammellel@ox.ac.uk,543 184 9080
Jennilee,Cawthron,Female,jcawthronem@who.int,259 186 2574
Merwyn,Thiese,Agender,mthieseen@shinystat.com,160 155 1985
Emmett,Beare,Male,ebeareeo@ftc.gov,319 164 1620
Poppy,Belfrage,Female,pbelfrageep@paypal.com,678 155 1272
Sayre,Gierck,Male,sgierckeq@freewebs.com,323 308 1083
Cullen,Buckeridge,Male,cbuckeridgeer@bloglovin.com,974 472 2396
Maurie,Sabben,Male,msabbenes@hostgator.com,260 457 6398
Chic,Jersch,Male,cjerschet@lycos.com,893 881 9673
Vincents,Raft,Male,vrafteu@wisc.edu,157 633 4651
Jerome,Clew,Male,jclewev@paypal.com,498 385 3989
Nariko,Willavoys,Female,nwillavoysew@paginegialle.it,964 137 1582
Stu,MacArte,Male,smacarteex@about.com,503 176 5850
Kerwinn,Lytle,Male,klytleey@paginegialle.it,486 371 6906
Pembroke,Emlin,Male,pemlinez@vinaora.com,619 975 2819
Morris,Rapsey,Male,mrapseyf0@vk.com,340 932 5546
Myrle,Branno,Female,mbrannof1@hao123.com,377 233 3633
Ferd,Burge,Male,fburgef2@mit.edu,784 546 8981
Vannie,Ortell,Female,vortellf3@last.fm,814 155 3710
Beaufort,Holdin,Male,bholdinf4@wufoo.com,450 924 9352
Balduin,Bettenson,Male,bbettensonf5@tripadvisor.com,821 209 6388
Dollie,Hardbattle,Female,dhardbattlef6@google.es,893 831 0812
Tades,Lovatt,Male,tlovattf7@mayoclinic.com,337 746 1850
Bondon,Etchingham,Male,betchinghamf8@artisteer.com,147 241 8600
Kaitlynn,Hallaways,Genderfluid,khallawaysf9@indiegogo.com,219 874 3221
Minni,Hellis,Female,mhellisfa@dion.ne.jp,493 809 5920
Carleen,Rowe,Female,crowefb@youtu.be,436 777 9305
Estelle,Urling,Female,eurlingfc@bing.com,137 917 9940
Roxie,Bowden,Female,rbowdenfd@about.com,609 519 9079
Creigh,McOmish,Male,cmcomishfe@guardian.co.uk,816 783 4021
Anallese,Hatcher,Female,ahatcherff@vistaprint.com,294 368 3536
Aubree,Mackelworth,Female,amackelworthfg@patch.com,177 309 7204
Giacomo,Wybern,Male,gwybernfh@4shared.com,187 312 6901
Joanne,Dofty,Female,jdoftyfi@ovh.net,491 931 7892
Hillel,Mance,Male,hmancefj@constantcontact.com,395 788 1243
Artemus,Dolman,Male,adolmanfk@cam.ac.uk,977 777 6403
Mace,Jurek,Male,mjurekfl@bloglovin.com,966 949 5604
Cookie,Jeacock,Female,cjeacockfm@mozilla.com,578 874 5826
Olenolin,Hamlyn,Male,ohamlynfn@ning.com,529 457 3656
Godard,Ciccoloi,Male,gciccoloifo@woothemes.com,762 676 6815
Shay,Frome,Female,sfromefp@xing.com,818 883 4038
Sybila,Hackworthy,Female,shackworthyfq@lycos.com,302 120 5984
Bree,Halwell,Female,bhalwellfr@google.de,244 991 3886
Grissel,Kiellor,Female,gkiellorfs@unesco.org,370 353 0958
Mahala,Levet,Female,mlevetft@freewebs.com,608 738 2016
Ruthie,Starten,Genderfluid,rstartenfu@amazon.co.jp,121 785 9592
Lisabeth,Kosel,Female,lkoselfv@hostgator.com,545 461 0644
Doyle,Kyne,Male,dkynefw@thetimes.co.uk,739 505 8475
Gabriellia,Wolfinger,Female,gwolfingerfx@virginia.edu,914 792 4651
Sergent,Roony,Male,sroonyfy@moonfruit.com,469 246 7426
Hyman,Neno,Male,hnenofz@google.ca,351 987 7752
Lucio,Montfort,Male,lmontfortg0@cdbaby.com,517 543 2686
Gav,Twiggins,Male,gtwigginsg1@reuters.com,615 610 7949
Garner,Fibbings,Male,gfibbingsg2@zdnet.com,199 382 2096
Ilsa,Terren,Female,iterreng3@phoca.cz,516 455 3924
Lane,Aronsohn,Female,laronsohng4@squidoo.com,150 215 9811
Zaccaria,Bowart,Genderqueer,zbowartg5@pagesperso-orange.fr,832 745 0068
Corey,Habbergham,Male,chabberghamg6@wsj.com,574 259 3213
Darrel,Tapsfield,Male,dtapsfieldg7@ft.com,597 339 4013
Steffen,Janoch,Male,sjanochg8@slideshare.net,308 232 1297
Lionel,Cowmeadow,Male,lcowmeadowg9@thetimes.co.uk,820 612 2988
Martainn,Smallshaw,Male,msmallshawga@facebook.com,420 419 5063
Aube,Leigh,Male,aleighgb@sbwire.com,673 752 7195
Nobie,Baudasso,Male,nbaudassogc@flavors.me,926 850 0972
Merlina,Hritzko,Female,mhritzkogd@google.de,698 379 2767
Thurston,O'Lenechan,Male,tolenechange@scientificamerican.com,325 415 7752
Hube,Clow,Male,hclowgf@mozilla.org,686 381 4745
Hubert,Frearson,Male,hfrearsongg@mail.ru,977 590 4844
Dilan,Macguire,Bigender,dmacguiregh@elpais.com,284 353 1691
Linn,Panchen,Male,lpanchengi@behance.net,810 416 4621
Hephzibah,MacAskill,Female,hmacaskillgj@tmall.com,157 576 0706
Adolf,Teissier,Male,ateissiergk@slate.com,604 654 4639
Currie,Shmyr,Male,cshmyrgl@woothemes.com,790 350 0199
Swen,Sumsion,Male,ssumsiongm@taobao.com,572 359 6455
Margalo,Amber,Female,mambergn@wordpress.com,638 289 1004
Phillipe,Iggo,Male,piggogo@360.cn,296 294 8763
Ethel,Lindgren,Genderqueer,elindgrengp@e-recht24.de,619 916 3661
Annice,Jolley,Female,ajolleygq@hugedomains.com,638 224 6695
Jesus,Ferrotti,Male,jferrottigr@yellowpages.com,531 772 3830
Burr,Ritmeyer,Male,britmeyergs@geocities.jp,938 835 1534
Elliot,Caddick,Male,ecaddickgt@xing.com,850 379 4191
Fielding,Flukes,Male,fflukesgu@purevolume.com,943 573 5884
Deina,Vicent,Female,dvicentgv@php.net,907 854 4353
Carrie,Brimley,Female,cbrimleygw@amazon.de,423 702 8526
Nicki,Litster,Female,nlitstergx@xinhuanet.com,976 360 6826
Delano,O' Kelleher,Male,dokellehergy@csmonitor.com,572 761 9412
Jedd,Dumblton,Male,jdumbltongz@github.io,835 883 7963
Sibley,Bandy,Female,sbandyh0@topsy.com,155 246 4835
Petronia,Naisbitt,Female,pnaisbitth1@jimdo.com,602 467 1982
Gui,Jedraszczyk,Female,gjedraszczykh2@hhs.gov,786 560 9364
Lainey,Phythean,Female,lphytheanh3@businessinsider.com,837 979 2512
Jarred,Wren,Male,jwrenh4@fastcompany.com,328 204 3953
Der,Dunbabin,Male,ddunbabinh5@jiathis.com,850 317 6239
Eward,Hedditch,Male,ehedditchh6@mtv.com,219 713 0119
Darby,Caple,Male,dcapleh7@microsoft.com,233 469 4243
Helga,Cristofalo,Female,hcristofaloh8@nymag.com,629 589 1882
Lesley,Robet,Female,lrobeth9@twitter.com,869 863 0834
Karilynn,Powdrell,Female,kpowdrellha@youtube.com,461 635 5560
Erastus,Gavey,Male,egaveyhb@hibu.com,557 159 1641
Kalli,Szymanek,Female,kszymanekhc@netscape.com,215 445 5288
Veda,Backshall,Female,vbackshallhd@indiegogo.com,728 959 4918
Lorelei,Rains,Bigender,lrainshe@wiley.com,226 807 3698
Georgie,Daggett,Female,gdaggetthf@wisc.edu,450 345 0892
Charmion,Collum,Female,ccollumhg@disqus.com,811 480 4240
Ram,Grob,Male,rgrobhh@istockphoto.com,718 436 6970
Georas,Newdick,Male,gnewdickhi@photobucket.com,677 618 5221
Micki,Mantione,Female,mmantionehj@github.com,265 219 0068
Bentley,Bumphrey,Male,bbumphreyhk@blogtalkradio.com,711 589 0147
Waldon,Plumbridge,Male,wplumbridgehl@creativecommons.org,532 525 6187
Axel,Troake,Non-binary,atroakehm@people.com.cn,271 166 2088
Hart,Strothers,Male,hstrothershn@a8.net,215 361 5723
Oby,Anthoine,Male,oanthoineho@yolasite.com,375 480 8215
Chuck,Hoy,Non-binary,choyhp@redcross.org,546 586 2913
Mignonne,Raleston,Female,mralestonhq@disqus.com,127 247 2841
Derby,Garraway,Male,dgarrawayhr@loc.gov,289 886 9709
Paige,Paniman,Male,ppanimanhs@baidu.com,964 949 6088
Roxane,Vear,Female,rvearht@barnesandnoble.com,637 561 0737
Gustie,Orme,Female,gormehu@networksolutions.com,646 667 4553
Whitman,Sandell,Male,wsandellhv@marketwatch.com,123 914 7887
Noni,Scutcheon,Female,nscutcheonhw@cam.ac.uk,638 170 7128
Kristo,Tinston,Male,ktinstonhx@meetup.com,335 325 4727
Melicent,Huortic,Female,mhuortichy@canalblog.com,462 551 4825
Worthy,McDool,Male,wmcdoolhz@1und1.de,443 732 9692
Raymond,Rubury,Male,rruburyi0@icq.com,723 354 2779
Ranna,Phipson,Female,rphipsoni1@sbwire.com,418 490 4154
Maddy,Wessel,Female,mwesseli2@jigsy.com,128 699 6086
Billye,Lazell,Female,blazelli3@digg.com,632 217 6520
Madonna,Provest,Female,mprovesti4@nasa.gov,892 293 2501
Ingrid,Siseland,Female,isiselandi5@nytimes.com,413 505 3094
Basil,Clifton,Male,bcliftoni6@ca.gov,306 177 7371
Kendal,Lawrenz,Male,klawrenzi7@biblegateway.com,531 799 5928
Trumaine,Falks,Male,tfalksi8@mediafire.com,302 711 9479
Moira,Lorroway,Female,mlorrowayi9@harvard.edu,790 142 4234
Bettina,Zorzoni,Female,bzorzoniia@youtube.com,330 734 3059
Claudell,Riddett,Male,criddettib@newsvine.com,333 597 9148
Virginia,Mc Mechan,Female,vmcmechanic@wired.com,115 599 4759
Flint,Olive,Polygender,foliveid@cargocollective.com,677 451 4796
Lindsay,Drew,Female,ldrewie@hubpages.com,309 604 1221
Iolande,Dahlback,Female,idahlbackif@google.cn,102 869 9544
Bonny,Dumphrey,Female,bdumphreyig@nyu.edu,391 749 5413
Myranda,Pepin,Female,mpepinih@telegraph.co.uk,996 846 4457
Tudor,Wandrach,Male,twandrachii@sitemeter.com,728 950 9584
Oona,Morphet,Female,omorphetij@geocities.jp,310 737 7322
Wilone,Cosgreave,Female,wcosgreaveik@reuters.com,810 280 9801
Bonnee,Dank,Female,bdankil@abc.net.au,702 857 8482
Haleigh,Dorkens,Female,hdorkensim@livejournal.com,855 822 0700
Aloisia,Brampton,Female,abramptonin@army.mil,828 101 4098
Breanne,Reinisch,Female,breinischio@pcworld.com,745 711 0761
Millard,Greenhall,Male,mgreenhallip@admin.ch,946 229 2610
Daron,Naylor,Male,dnayloriq@indiatimes.com,914 939 8402
Tudor,Bailess,Male,tbailessir@addtoany.com,501 347 9687
Nonna,Naughton,Female,nnaughtonis@opensource.org,540 496 8879
Martynne,Dewbury,Genderqueer,mdewburyit@ocn.ne.jp,315 990 0404
Blondy,Kisbey,Female,bkisbeyiu@plala.or.jp,614 124 0647
Gawain,Yushachkov,Male,gyushachkoviv@edublogs.org,247 904 7159
Regan,Waldron,Female,rwaldroniw@studiopress.com,574 328 8252
Boothe,Dincey,Male,bdinceyix@comsenz.com,247 149 1296
Torre,Style,Male,tstyleiy@gravatar.com,693 583 4425
Shelby,Seadon,Female,sseadoniz@is.gd,469 602 6460
Julia,Brightwell,Female,jbrightwellj0@imgur.com,983 402 7277
Lon,Philippart,Male,lphilippartj1@buzzfeed.com,123 955 4112
Verina,Folli,Female,vfollij2@hexun.com,405 302 3124
Kermit,Sherr,Male,ksherrj3@deliciousdays.com,612 590 2796
Hally,Lindl,Female,hlindlj4@pcworld.com,494 177 4233
Rufus,McJarrow,Male,rmcjarrowj5@multiply.com,285 558 6315
Mannie,Ilyin,Male,milyinj6@dailymotion.com,517 303 5110
Burk,Tuxwell,Male,btuxwellj7@shutterfly.com,340 220 7145
Thain,Dollar,Bigender,tdollarj8@cbsnews.com,367 274 5053
Leland,Sandwith,Male,lsandwithj9@usgs.gov,435 105 8997
Arlie,Amiranda,Female,aamirandaja@list-manage.com,265 497 0881
Lanae,Zealey,Female,lzealeyjb@stanford.edu,362 775 8586
Ginger,Louch,Female,glouchjc@mail.ru,911 620 6856
Drake,Pullar,Male,dpullarjd@cloudflare.com,825 138 3416
Silvano,Van Arsdall,Male,svanarsdallje@marriott.com,376 628 4290
Finley,Spaule,Male,fspaulejf@samsung.com,275 455 5472
Huntlee,Snashall,Male,hsnashalljg@123-reg.co.uk,542 302 4204
Jeffry,Condell,Male,jcondelljh@opera.com,114 825 7139
Land,Maskew,Male,lmaskewji@adobe.com,127 275 4813
Grace,Gennerich,Female,ggennerichjj@netlog.com,700 411 0216
Jud,Chetwind,Male,jchetwindjk@mediafire.com,333 321 0873
Noll,Sudddard,Male,nsudddardjl@behance.net,905 288 5507
Stepha,Riceards,Female,sriceardsjm@guardian.co.uk,702 474 2065
Cordey,Rosas,Female,crosasjn@soundcloud.com,393 490 6638
Fidel,Shevlan,Male,fshevlanjo@dailymail.co.uk,587 194 1360
Corbet,Weldrick,Male,cweldrickjp@wiley.com,740 936 1681
Harley,Balasini,Female,hbalasinijq@cmu.edu,715 276 2817
Frazier,Follacaro,Male,ffollacarojr@apache.org,413 113 8306
Gardner,Ferris,Male,gferrisjs@ucoz.com,702 126 5857
Benjamen,Sleeny,Male,bsleenyjt@google.com.hk,108 146 3716
Maire,Wandless,Female,mwandlessju@barnesandnoble.com,999 885 0549
Benjy,Gulston,Male,bgulstonjv@usda.gov,660 453 8055
Merrill,Pedley,Female,mpedleyjw@twitpic.com,267 976 2273
Clyve,Dalliwatr,Male,cdalliwatrjx@howstuffworks.com,719 558 8534
Jaimie,Parade,Male,jparadejy@blog.com,105 830 4951
Kayla,Tredget,Bigender,ktredgetjz@hhs.gov,508 396 1958
Locke,McMackin,Male,lmcmackink0@usgs.gov,405 393 3851
Fred,Boydle,Male,fboydlek1@google.com.au,743 193 3591
Barby,Giacomasso,Female,bgiacomassok2@cnbc.com,935 379 4383
Miner,Kringe,Male,mkringek3@cargocollective.com,735 192 0177
Germain,Joslyn,Male,gjoslynk4@flickr.com,852 133 2898
Helen-elizabeth,Wyllt,Female,hwylltk5@free.fr,532 708 4667
Kelby,Randal,Male,krandalk6@amazon.co.uk,273 190 0524
Jackie,Scraney,Female,jscraneyk7@globo.com,789 431 6341
Thibaud,Arnald,Male,tarnaldk8@smugmug.com,736 360 9570
Avery,Orr,Male,aorrk9@theglobeandmail.com,301 872 8827
Lawry,Lidell,Male,llidellka@google.it,665 646 5061
Paulie,O'Spellissey,Male,pospellisseykb@webnode.com,980 861 2323
Mable,Ochiltree,Female,mochiltreekc@g.co,167 254 7087
Bernetta,Treker,Female,btrekerkd@prlog.org,686 214 5039
Jodie,Lodder,Male,jlodderke@woothemes.com,860 808 9441
Kimmie,Wilfinger,Female,kwilfingerkf@examiner.com,396 631 3491
Gaspar,Lowry,Male,glowrykg@mlb.com,485 342 1133
Shem,MacQueen,Male,smacqueenkh@macromedia.com,512 647 6353
Galen,Thirsk,Male,gthirskki@phpbb.com,488 451 9641
Dewie,Andreasen,Male,dandreasenkj@yolasite.com,449 206 4627
Cayla,Noore,Female,cnoorekk@goo.ne.jp,480 531 9128
Rickard,Rainon,Male,rrainonkl@google.co.uk,732 213 6465
Trent,Scown,Male,tscownkm@cyberchimps.com,569 146 1628
Des,Bramhill,Male,dbramhillkn@sphinn.com,172 519 9888
Maximilian,Chagg,Male,mchaggko@rediff.com,830 707 4077
Giffer,Backson,Male,gbacksonkp@simplemachines.org,260 614 4287
Dennis,Tarney,Male,dtarneykq@cbc.ca,139 478 6198
Lois,Christofor,Female,lchristoforkr@g.co,670 253 8899
Adina,Alloway,Female,aallowayks@marketwatch.com,660 148 9178
Friedrick,Goad,Male,fgoadkt@utexas.edu,441 758 4293
Leonora,Swayland,Female,lswaylandku@wikipedia.org,674 103 2365
Kyle,Gilliam,Female,kgilliamkv@sbwire.com,527 775 2336
Darcee,Virr,Female,dvirrkw@issuu.com,681 797 5502
Natala,Beeho,Genderqueer,nbeehokx@va.gov,919 248 8404
Malcolm,Holtom,Male,mholtomky@rambler.ru,397 441 5647
Carolus,Malacrida,Male,cmalacridakz@nih.gov,506 233 9424
Man,McEvilly,Male,mmcevillyl0@earthlink.net,575 253 0550
Catie,Engledow,Female,cengledowl1@sun.com,308 360 5341
Ulla,Bothen,Female,ubothenl2@1688.com,677 710 3029
Dewey,Matys,Male,dmatysl3@earthlink.net,230 553 0866
Kalvin,Poulson,Male,kpoulsonl4@themeforest.net,900 559 6688
Cale,Andersen,Male,candersenl5@microsoft.com,208 463 2444
Celinda,Chadburn,Bigender,cchadburnl6@pcworld.com,614 728 4255
Francesca,Georgel,Female,fgeorgell7@va.gov,825 135 8021
Wilmette,Mainson,Female,wmainsonl8@com.com,342 903 6153
Ernie,Lune,Male,elunel9@timesonline.co.uk,817 116 9569
Grissel,Cavolini,Female,gcavolinila@usda.gov,281 345 9391
Minda,Wessing,Female,mwessinglb@uiuc.edu,654 454 0258
Brady,Embery,Male,bemberylc@list-manage.com,130 828 8170
Trever,Langtry,Male,tlangtryld@fastcompany.com,634 164 6090
Anna-maria,Bullar,Female,abullarle@yahoo.com,923 990 3924
Keslie,MacCague,Female,kmaccaguelf@jalbum.net,580 836 9161
Even,Elfes,Male,eelfeslg@who.int,590 270 4597
Piggy,Richardes,Male,prichardeslh@loc.gov,339 650 6458
Orlando,Gostridge,Male,ogostridgeli@youku.com,454 411 4940
Ruddie,O'Cahill,Male,rocahilllj@com.com,208 715 9164
Carmon,Ravenscroftt,Female,cravenscrofttlk@epa.gov,289 407 0790
Carlota,Wiburn,Female,cwiburnll@google.pl,608 100 2738
Bartlett,Rostron,Male,brostronlm@wp.com,784 386 4216
Say,Geraldi,Male,sgeraldiln@apple.com,662 301 0489
Simon,Gillison,Male,sgillisonlo@digg.com,871 656 7838
Rowland,Merrington,Male,rmerringtonlp@msn.com,408 139 5758
Sergio,McDonand,Male,smcdonandlq@wikipedia.org,327 448 7444
Ernestus,Vanelli,Male,evanellilr@ucoz.com,482 460 6047
Jo,Haddington,Male,jhaddingtonls@army.mil,459 642 1053
Bernita,Beaney,Female,bbeaneylt@time.com,334 564 5150
Lanae,Maken,Female,lmakenlu@printfriendly.com,986 224 8716
Egon,Ciobutaru,Male,eciobutarulv@cbslocal.com,622 281 2894
Timothea,Spendley,Female,tspendleylw@nps.gov,983 451 2817
Robert,Diano,Male,rdianolx@cbc.ca,324 200 5224
Theresa,Quadling,Female,tquadlingly@prnewswire.com,168 100 1001
Yancy,Mityashin,Male,ymityashinlz@google.it,685 205 1798
Kelcey,McDell,Genderqueer,kmcdellm0@army.mil,742 640 3639
Chelsy,Kenson,Female,ckensonm1@jugem.jp,291 897 7866
Pierrette,Jerzyk,Female,pjerzykm2@twitpic.com,601 598 8994
Eddie,Leathwood,Male,eleathwoodm3@walmart.com,103 356 1389
Hewie,Abreheart,Male,habreheartm4@princeton.edu,923 936 5671
Devan,Cohr,Female,dcohrm5@globo.com,181 702 9097
Meghan,Mattam,Female,mmattamm6@sina.com.cn,106 289 3744
Stephanus,Eydel,Male,seydelm7@google.ru,711 869 0532
Lambert,Cardno,Male,lcardnom8@usa.gov,741 695 2122
Adriano,Arnoud,Male,aarnoudm9@topsy.com,610 165 2346
Ezmeralda,Inchcomb,Female,einchcombma@merriam-webster.com,367 190 8296
Rubina,Rizzardi,Female,rrizzardimb@posterous.com,912 954 6823
Johanna,Abreheart,Female,jabreheartmc@tinypic.com,633 437 0816
Cami,Goodsall,Female,cgoodsallmd@washingtonpost.com,258 614 7457
Urbano,Hayzer,Male,uhayzerme@google.de,682 456 5964
Evangelin,Sadd,Female,esaddmf@elpais.com,915 475 9719
Tabatha,Gabotti,Female,tgabottimg@examiner.com,715 656 4194
Pearline,Farryann,Female,pfarryannmh@amazon.co.jp,107 603 0457
Ardyth,MacIntosh,Female,amacintoshmi@aol.com,416 610 4429
Lorrayne,Boydon,Female,lboydonmj@answers.com,473 643 6530
Kalina,Gee,Female,kgeemk@wordpress.org,774 719 1881
Stephen,Rushbury,Male,srushburyml@multiply.com,158 620 9406
Tom,Borit,Bigender,tboritmm@boston.com,386 152 3775
Aldis,Bruni,Male,abrunimn@dagondesign.com,791 669 1417
Rebeka,Ferrario,Polygender,rferrariomo@nymag.com,278 522 2565
Rickert,Sapsforde,Bigender,rsapsfordemp@sourceforge.net,780 889 2380
Heath,Stanners,Polygender,hstannersmq@istockphoto.com,982 544 3014
Fredek,Seywood,Male,fseywoodmr@va.gov,446 492 4738
Stacey,Dunnaway,Female,sdunnawayms@stanford.edu,939 976 8416
Beverlie,Pickerell,Female,bpickerellmt@nature.com,422 150 3773
Guglielmo,Kellough,Bigender,gkelloughmu@sciencedirect.com,793 485 1600
Caprice,Schoolfield,Female,cschoolfieldmv@ucoz.ru,123 863 5851
Shalom,Camacke,Male,scamackemw@squidoo.com,505 902 8508
Tim,Ferber,Female,tferbermx@github.com,589 909 8778
Carlee,Brixey,Genderqueer,cbrixeymy@google.ru,622 204 0015
Sean,Lattos,Male,slattosmz@time.com,678 950 7271
Lucina,Jaimez,Female,ljaimezn0@etsy.com,856 442 2759
Margarete,Denney,Female,mdenneyn1@shareasale.com,869 113 8953
Bonni,Vann,Female,bvannn2@wordpress.com,639 813 6432
Lissa,Knoton,Female,lknotonn3@elegantthemes.com,324 750 1455
Bartram,Pearce,Male,bpearcen4@oaic.gov.au,823 643 4510
Yank,Colbridge,Male,ycolbridgen5@google.pl,615 137 6502
Bernita,MacPhaden,Female,bmacphadenn6@tuttocitta.it,430 366 8032
Marlena,Gremain,Female,mgremainn7@ed.gov,107 749 8298
Abbi,MacKegg,Female,amackeggn8@linkedin.com,550 834 1765
Donia,Reford,Female,drefordn9@naver.com,702 376 5022
Ariana,Franzen,Genderfluid,afranzenna@youtube.com,961 746 8338
Maurizia,Dionisetto,Female,mdionisettonb@examiner.com,238 669 5638
Armstrong,Trebilcock,Male,atrebilcocknc@discovery.com,600 114 0537
Billy,Pranger,Male,bprangernd@yahoo.com,900 630 4795
Thayne,Rearie,Male,treariene@slideshare.net,164 457 5294
Joycelin,Honack,Female,jhonacknf@clickbank.net,470 129 2260
Kermy,Calcraft,Male,kcalcraftng@slideshare.net,636 480 5412
Philippine,Grieg,Female,pgriegnh@friendfeed.com,230 175 9199
Ivonne,Pinnell,Female,ipinnellni@php.net,605 165 0931
Vitoria,Duddan,Bigender,vduddannj@geocities.com,957 907 1068
Hilarius,Oswell,Male,hoswellnk@livejournal.com,390 866 1070
Linda,Heads,Non-binary,lheadsnl@naver.com,527 174 5946
Bili,Lempenny,Female,blempennynm@engadget.com,440 951 7296
Grove,Hunnam,Polygender,ghunnamnn@ning.com,908 234 1977
Austine,Geraghty,Female,ageraghtyno@homestead.com,448 810 9832
Farrell,Zecchinelli,Male,fzecchinellinp@rediff.com,729 320 2275
Violet,Hark,Female,vharknq@xinhuanet.com,739 393 9938
Paige,Brigstock,Male,pbrigstocknr@domainmarket.com,269 848 5093
Isabeau,Attryde,Female,iattrydens@networkadvertising.org,436 486 1754
Alano,Sancho,Male,asanchont@privacy.gov.au,987 759 4494
Lia,Tschierasche,Female,ltschieraschenu@amazonaws.com,414 589 1427
Lindon,Willans,Male,lwillansnv@sakura.ne.jp,281 761 6852
Kristo,Robberts,Male,krobbertsnw@cisco.com,664 426 7096
Olympie,Horrod,Female,ohorrodnx@alexa.com,270 938 9159
Allis,Gonsalvez,Female,agonsalvezny@shutterfly.com,612 256 3582
Arnie,Hayland,Male,ahaylandnz@ed.gov,240 472 0954
Faythe,Gludor,Female,fgludoro0@eepurl.com,205 700 4223
Harlan,Zaniolini,Male,hzaniolinio1@springer.com,492 152 8763
Meriel,Petricek,Female,mpetriceko2@google.pl,338 326 0081
Rubetta,Mourant,Female,rmouranto3@amazonaws.com,801 737 2929
Chan,Floyed,Male,cfloyedo4@reddit.com,680 773 5832
Horatio,Stronghill,Male,hstronghillo5@oaic.gov.au,623 419 8062
Chicky,Eastope,Male,ceastopeo6@360.cn,383 157 9218
Gareth,Secrett,Male,gsecretto7@yellowbook.com,244 607 0982
Norri,Longstreet,Female,nlongstreeto8@dropbox.com,367 414 7284
Rutter,Corbally,Male,rcorballyo9@merriam-webster.com,773 713 9528
Dyan,Gocher,Female,dgocheroa@archive.org,501 252 0072
Burke,Hun,Male,bhunob@nbcnews.com,849 227 3351
Rosalinde,Meece,Female,rmeeceoc@ucoz.com,474 377 6172
Arly,Schoenrock,Female,aschoenrockod@paypal.com,327 923 8603
Elberta,Gradon,Female,egradonoe@dailymail.co.uk,912 356 5607
Emelita,Castellan,Female,ecastellanof@columbia.edu,339 805 5423
Jone,Bennedsen,Male,jbennedsenog@gmpg.org,456 485 9434
Banky,Horley,Agender,bhorleyoh@diigo.com,982 961 3517
Pail,Paulton,Male,ppaultonoi@hhs.gov,390 460 1773
Odelinda,Baxter,Female,obaxteroj@chron.com,752 323 1977
Clemmie,Lynnett,Male,clynnettok@goo.gl,600 387 1245
Lola,Scullin,Female,lscullinol@dyndns.org,259 821 9236
Ediva,Relph,Female,erelphom@vinaora.com,338 266 9802
Claiborne,Melly,Male,cmellyon@ezinearticles.com,315 239 6622
Bettye,Teliga,Female,bteligaoo@berkeley.edu,350 283 7322
Arleyne,Cullrford,Female,acullrfordop@ft.com,994 962 9421
Albina,Dennington,Female,adenningtonoq@fda.gov,509 433 9891
Damara,Birrel,Female,dbirrelor@plala.or.jp,326 335 2271
Jacquenetta,Sellan,Female,jsellanos@multiply.com,167 292 1369
Shari,Moehle,Genderqueer,smoehleot@omniture.com,872 892 9922
Jean,Eland,Male,jelandou@indiatimes.com,531 537 3184
Shirlene,Waylen,Female,swaylenov@webmd.com,388 804 9261
Stefa,Petasch,Female,spetaschow@multiply.com,619 642 4410
Daloris,Willock,Polygender,dwillockox@yandex.ru,702 329 6742
Fionna,Aldis,Female,faldisoy@multiply.com,415 492 2973
Gerik,Hinkensen,Male,ghinkensenoz@google.pl,842 786 6607
Neill,Payley,Male,npayleyp0@nymag.com,289 555 3272
Witty,Espada,Male,wespadap1@addthis.com,615 485 3283
Nicol,Laxen,Female,nlaxenp2@jalbum.net,405 971 9837
Dierdre,Neylon,Female,dneylonp3@europa.eu,771 494 7370
Aidan,Petters,Female,apettersp4@liveinternet.ru,872 865 8303
My,Zanolli,Male,mzanollip5@amazon.co.jp,605 658 4054
Corny,Zmitrichenko,Male,czmitrichenkop6@msn.com,438 711 0571
Alphonse,McGourty,Male,amcgourtyp7@samsung.com,494 101 5037
Brunhilde,Cattlemull,Female,bcattlemullp8@livejournal.com,689 140 1422
Giff,Bothram,Male,gbothramp9@fastcompany.com,598 535 5242
Staffard,Reinbach,Male,sreinbachpa@wufoo.com,833 573 6827
Leighton,Jerams,Male,ljeramspb@360.cn,549 474 3309
Augustin,Larcombe,Male,alarcombepc@gnu.org,831 797 7198
Lesli,Chew,Female,lchewpd@psu.edu,215 222 1618
Free,MacGebenay,Male,fmacgebenaype@jugem.jp,137 133 7212
Giusto,Deery,Male,gdeerypf@quantcast.com,619 843 6846
Marquita,Leyland,Female,mleylandpg@cisco.com,871 276 5106
Kaleb,Stobbie,Genderqueer,kstobbieph@npr.org,159 792 3321
Lorelei,McWhirter,Female,lmcwhirterpi@sciencedaily.com,897 176 5708
Fawn,Jencken,Bigender,fjenckenpj@skype.com,537 790 6776
Bari,Scarce,Female,bscarcepk@berkeley.edu,709 176 0489
Gabriello,Hanaford,Male,ghanafordpl@wiley.com,621 879 7583
Annaliese,O'Devey,Female,aodeveypm@liveinternet.ru,740 515 9406
Abbie,Morcombe,Female,amorcombepn@wsj.com,297 169 9495
Brittan,Knowller,Female,bknowllerpo@digg.com,222 140 1144
Thadeus,Toulch,Male,ttoulchpp@deviantart.com,641 667 8424
Dante,Verry,Male,dverrypq@mediafire.com,708 657 1587
Jada,Larrosa,Genderfluid,jlarrosapr@si.edu,669 362 4154
Arnaldo,Culp,Male,aculpps@imageshack.us,879 253 1564
Ferdinande,Johnson,Female,fjohnsonpt@joomla.org,473 147 1627
Jacki,Sheeran,Female,jsheeranpu@examiner.com,713 962 3462
Virginia,Colgan,Female,vcolganpv@dmoz.org,943 615 4685
Dannie,Keaveny,Male,dkeavenypw@tumblr.com,369 591 6653
Livvyy,Dawtrey,Female,ldawtreypx@dagondesign.com,168 753 4543
Dorolice,Saffe,Female,dsaffepy@cargocollective.com,720 647 0955
Nertie,Alaway,Female,nalawaypz@miitbeian.gov.cn,711 750 5105
Annadiane,McTrustam,Female,amctrustamq0@bloomberg.com,323 529 5311
Belva,Capelen,Female,bcapelenq1@so-net.ne.jp,906 865 2266
Ninnette,Dorie,Female,ndorieq2@nature.com,422 971 3110
Natale,Clift,Male,ncliftq3@fda.gov,701 385 9915
Loutitia,Bullan,Female,lbullanq4@nbcnews.com,388 688 8642
Marv,Kendrew,Male,mkendrewq5@independent.co.uk,305 136 6705
Sybilla,Furmston,Female,sfurmstonq6@merriam-webster.com,838 102 1972
Zaneta,Hiorn,Female,zhiornq7@twitpic.com,383 179 4513
Angele,Roslen,Female,aroslenq8@oakley.com,807 363 7895
Yvette,Sokell,Female,ysokellq9@mozilla.com,960 211 2422
Yovonnda,Wyldbore,Female,ywyldboreqa@squidoo.com,201 503 4372
Gena,Fairham,Agender,gfairhamqb@ameblo.jp,217 143 1117
Ingrid,Brewins,Genderqueer,ibrewinsqc@blogspot.com,889 107 4272
Shalom,Coaker,Male,scoakerqd@princeton.edu,949 694 0595
Pietra,Plaskitt,Female,pplaskittqe@examiner.com,160 107 1627
Claudetta,Rimell,Female,crimellqf@elegantthemes.com,234 118 7933
Grazia,Scones,Female,gsconesqg@uol.com.br,214 501 0607
Ly,Schuricht,Male,lschurichtqh@ehow.com,655 833 4986
Malchy,Bucke,Male,mbuckeqi@ucoz.com,921 302 8620
Sibyl,Lahy,Female,slahyqj@networksolutions.com,369 973 2262
Regina,Duddle,Female,rduddleqk@ebay.co.uk,998 582 6978
Etty,Hiddy,Female,ehiddyql@alibaba.com,820 913 2417
Kane,Smails,Male,ksmailsqm@nationalgeographic.com,925 473 2115
Gil,Bolstridge,Agender,gbolstridgeqn@unblog.fr,679 709 7832
Hadlee,Kleint,Male,hkleintqo@phoca.cz,206 856 5460
Beth,Wennington,Female,bwenningtonqp@jugem.jp,639 392 6825
Guthrey,Sawkins,Male,gsawkinsqq@opera.com,728 547 2587
Codi,Reilingen,Male,creilingenqr@godaddy.com,834 523 2079
Manda,Fitzroy,Female,mfitzroyqs@kickstarter.com,401 443 0749
Curtis,Leiden,Male,cleidenqt@newsvine.com,678 526 7337
Wade,Brennenstuhl,Male,wbrennenstuhlqu@ycombinator.com,381 733 7934
Jamill,Cloughton,Male,jcloughtonqv@scribd.com,888 832 2766
Mario,Brecknock,Male,mbrecknockqw@usgs.gov,549 422 8091
Mauricio,Anand,Male,manandqx@flavors.me,347 643 1054
Lowe,Kidwell,Male,lkidwellqy@scribd.com,826 969 6783
Bernadette,Bachellier,Female,bbachellierqz@e-recht24.de,648 495 3618
Lorant,Houndesome,Male,lhoundesomer0@walmart.com,197 954 2504
Theodore,Margeram,Male,tmargeramr1@pinterest.com,115 373 1895
Bird,Klewi,Genderqueer,bklewir2@usnews.com,455 147 7211
Audrey,Krysiak,Female,akrysiakr3@umn.edu,969 152 4787
Alex,Shiel,Male,ashielr4@tiny.cc,663 881 4111
Jaimie,Ransome,Male,jransomer5@indiatimes.com,624 639 6034
Sharia,Milham,Female,smilhamr6@wsj.com,610 716 3889
Katina,Leindecker,Female,kleindeckerr7@narod.ru,504 986 1780
Sidney,Atlay,Male,satlayr8@alibaba.com,780 420 6204
Stan,Gavrieli,Male,sgavrielir9@dot.gov,406 379 2164
Onfre,Annott,Male,oannottra@amazon.co.jp,147 973 5475
Ty,Griffitts,Male,tgriffittsrb@soup.io,344 223 7906
Isidor,Dyer,Male,idyerrc@time.com,514 741 4870
Steven,Cadman,Male,scadmanrd@wunderground.com,114 794 2660
Iain,Greer,Male,igreerre@narod.ru,971 662 5294
Sherman,Pennycock,Male,spennycockrf@usa.gov,228 401 9872
Renie,Pollicott,Female,rpollicottrg@bloglovin.com,754 491 9179
Ricki,Pantone,Male,rpantonerh@reverbnation.com,467 268 4870
Alberto,D'Aeth,Non-binary,adaethri@forbes.com,594 288 1598
Rodrick,Weightman,Male,rweightmanrj@umn.edu,751 164 5043
Wanids,Bensusan,Female,wbensusanrk@yahoo.com,138 191 1397
Tomlin,Fleury,Male,tfleuryrl@unicef.org,926 397 3453
Crawford,Forri,Male,cforrirm@comcast.net,210 642 4675
Lodovico,Chazerand,Male,lchazerandrn@tiny.cc,186 322 2394
Hannis,Greenrde,Polygender,hgreenrdero@bloomberg.com,103 863 9017
Shel,Oats,Female,soatsrp@wix.com,400 908 0402
Lucian,O'Brallaghan,Male,lobrallaghanrq@cpanel.net,468 888 0997
Rickert,Konrad,Male,rkonradrr@symantec.com,912 671 5540
