first_name,last_name,gender,email,phone
Nert,Colvin,Female,ncolvin0@pen.io,136 410 5678
Corrine,Haycock,Female,chaycock1@skyrock.com,571 930 8222
Lutero,Antrobus,Male,lantrobus2@google.com.br,206 694 7303
Trevor,Lowman,Male,tlowman3@slideshare.net,162 286 9448
Michelina,Risen,Polygender,mrisen4@geocities.jp,522 768 8007
Hector,Waddup,Male,hwaddup5@github.io,794 405 0540
Ferd,Keniwell,Male,fkeniwell6@xrea.com,650 316 7813
Wendi,Fibbitts,Female,wfibbitts7@state.gov,228 176 1501
Son,Ainsby,Male,sainsby8@webnode.com,388 336 0072
Teri,Fusedale,Female,tfusedale9@scientificamerican.com,797 420 4429
Swen,McNeely,Male,smcneelya@twitpic.com,205 115 2196
Caprice,Moresby,Female,cmoresbyb@mediafire.com,278 413 1793
Lolly,Edger,Female,ledgerc@slashdot.org,459 569 2326
Cyndia,Brettor,Female,cbrettord@ed.gov,529 656 1789
Wheeler,Caffrey,Male,wcaffreye@cpanel.net,779 335 8552
Esma,Brandin,Female,ebrandinf@foxnews.com,109 168 0930
Caddric,Grishenkov,Male,cgrishenkovg@fema.gov,645 568 8416
Waldo,Bullen,Genderfluid,wbullenh@constantcontact.com,258 250 9589
Nady,Kun,Female,nkuni@google.com,320 219 0751
Alfy,Kitchingman,Male,akitchingmanj@yale.edu,922 527 3657
Kasey,McKeady,Bigender,kmckeadyk@gmpg.org,246 308 7277
Jeremiah,Auchinleck,Bigender,jauchinleckl@digg.com,551 405 1071
Anthia,Siebert,Female,asiebertm@ask.com,981 256 2484
Isaiah,Okell,Male,iokelln@fema.gov,918 268 7128
Griswold,Furbank,Male,gfurbanko@dot.gov,204 429 2176
Alvinia,Corringham,Female,acorringhamp@disqus.com,234 987 9412
Meara,Elvey,Agender,melveyq@state.gov,107 914 0083
Kendrick,MacGraith,Male,kmacgraithr@typepad.com,147 472 5596
Eugenie,Lane,Female,elanes@vk.com,281 738 2172
Johnny,Dickey,Agender,jdickeyt@bloglines.com,110 163 4734
Beitris,Boskell,Female,bboskellu@forbes.com,639 973 5582
Otto,Deport,Male,odeportv@ca.gov,969 647 6736
Khalil,Borthwick,Genderfluid,kborthwickw@livejournal.com,912 653 7727
Lelia,Baress,Genderqueer,lbaressx@hubpages.com,412 995 2397
Barbey,Spiaggia,Female,bspiaggiay@newsvine.com,679 912 7469
Ancell,Crickmore,Male,acrickmorez@abc.net.au,393 645 1527
Fredericka,Nehls,Polygender,fnehls10@amazonaws.com,482 572 6893
Timoteo,Farnworth,Male,tfarnworth11@mail.ru,250 589 2016
Zelma,Lerway,Female,zlerway12@thetimes.co.uk,218 259 1052
Tracy,Huikerby,Female,thuikerby13@bloomberg.com,777 939 8147
Issi,Apted,Female,iapted14@freewebs.com,111 962 0366
Levin,Jellico,Male,ljellico15@un.org,547 299 8059
Vladimir,Shevelin,Genderqueer,vshevelin16@cnbc.com,529 192 2776
Catarina,Mellmer,Genderfluid,cmellmer17@wufoo.com,580 171 3364
Olly,Phipp,Male,ophipp18@wikimedia.org,130 516 7785
Melisande,Lease,Non-binary,mlease19@wikispaces.com,352 598 7241
Bing,Daws,Male,bdaws1a@ed.gov,638 976 4438
Marilee,Purshouse,Female,mpurshouse1b@usnews.com,430 492 9011
Binni,Erwin,Bigender,berwin1c@dot.gov,790 329 6718
Ham,Jeens,Male,hjeens1d@mtv.com,579 328 3076
Cris,Joberne,Male,cjoberne1e@stanford.edu,274 387 1656
Imogen,Clemoes,Female,iclemoes1f@freewebs.com,327 509 8790
Jose,Huitt,Male,jhuitt1g@msn.com,942 583 4610
Say,Shellcross,Male,sshellcross1h@nifty.com,136 812 0948
Benson,Flowith,Male,bflowith1i@cornell.edu,304 649 8879
Reube,Coaker,Male,rcoaker1j@fotki.com,672 753 4121
Irwin,Tellenbroker,Male,itellenbroker1k@auda.org.au,725 252 2801
Jaynell,Swynfen,Female,jswynfen1l@google.nl,810 958 7130
Gerald,Magauran,Male,gmagauran1m@typepad.com,125 568 7875
Cort,Thrasher,Male,cthrasher1n@kickstarter.com,794 585 1725
Walt,Schwerin,Male,wschwerin1o@barnesandnoble.com,660 289 2984
Yvor,Dmisek,Male,ydmisek1p@mail.ru,597 277 1068
Say,Emerine,Male,semerine1q@businessinsider.com,314 463 6044
Roch,Alvarado,Female,ralvarado1r@hhs.gov,295 278 5643
Berkeley,Songest,Male,bsongest1s@noaa.gov,771 899 8798
Bria,Levecque,Female,blevecque1t@washington.edu,468 356 2382
Franny,Bassick,Female,fbassick1u@theguardian.com,541 451 8232
Halie,Pletts,Female,hpletts1v@cocolog-nifty.com,779 214 0375
Dorie,Hein,Male,dhein1w@hatena.ne.jp,202 831 6534
Gardner,Mannagh,Male,gmannagh1x@de.vu,541 108 7649
Dale,Peeter,Male,dpeeter1y@noaa.gov,812 695 0867
Juliette,Kobel,Female,jkobel1z@tiny.cc,898 335 8962
Abdul,Morican,Male,amorican20@digg.com,895 193 9747
Huntley,Charte,Male,hcharte21@bizjournals.com,717 490 6942
Petrina,Fradson,Female,pfradson22@nydailynews.com,653 909 3102
Etty,Willicott,Female,ewillicott23@cornell.edu,771 842 3617
Julio,Erdis,Male,jerdis24@cyberchimps.com,570 150 6192
Irene,Stollberg,Female,istollberg25@livejournal.com,455 867 3804
Deeanne,Natwick,Female,dnatwick26@github.io,501 374 9001
Dael,Beach,Genderfluid,dbeach27@mail.ru,447 375 9079
Row,Yarrall,Female,ryarrall28@cloudflare.com,309 273 6505
Dewitt,Berthouloume,Male,dberthouloume29@dot.gov,464 868 3723
Nonie,Ambrozewicz,Female,nambrozewicz2a@a8.net,677 509 2135
Lannie,Eggins,Male,leggins2b@blogtalkradio.com,989 599 5645
Tracy,Hindmoor,Female,thindmoor2c@biblegateway.com,921 230 1935
Susann,Dean,Female,sdean2d@shareasale.com,651 980 6546
Cindy,Reuss,Female,creuss2e@fda.gov,812 715 4368
Garfield,Pyffe,Male,gpyffe2f@cdc.gov,652 196 9065
Keslie,Vayro,Female,kvayro2g@smugmug.com,531 697 7106
Welbie,Delamar,Male,wdelamar2h@cpanel.net,265 681 7556
Adina,Garbert,Female,agarbert2i@scribd.com,902 347 6088
Phyllis,Erangey,Female,perangey2j@weibo.com,459 247 3764
Neill,Yurov,Male,nyurov2k@com.com,147 919 7779
Indira,Yearnes,Female,iyearnes2l@weebly.com,607 195 9603
Ulberto,Curzon,Male,ucurzon2m@google.com,308 920 1991
Alva,Guess,Male,aguess2n@cpanel.net,881 543 9828
Gregorius,Cottage,Male,gcottage2o@cmu.edu,649 978 9459
Mauricio,Littleproud,Male,mlittleproud2p@nih.gov,581 463 9759
Cora,Tinson,Genderfluid,ctinson2q@dedecms.com,389 441 2752
Geraldine,Dunn,Female,gdunn2r@usa.gov,120 700 9637
Elfie,Regelous,Female,eregelous2s@whitehouse.gov,945 769 5236
Lorenzo,Gaskin,Male,lgaskin2t@google.nl,263 297 8195
Marylin,Germann,Female,mgermann2u@sourceforge.net,442 425 0992
Hoebart,Tiner,Male,htiner2v@google.nl,396 674 9745
Stanfield,Peppin,Male,speppin2w@squarespace.com,829 807 5099
Mignon,Farey,Female,mfarey2x@smugmug.com,562 341 6804
Rowan,Jammet,Male,rjammet2y@hibu.com,991 365 2975
Halli,Grisedale,Female,hgrisedale2z@cnn.com,230 206 5746
Con,Jurczik,Male,cjurczik30@weebly.com,655 143 8709
Jozef,MacTague,Male,jmactague31@mac.com,647 719 1395
Samson,Foggo,Male,sfoggo32@unicef.org,457 108 2887
Clayborn,Maffi,Male,cmaffi33@yellowbook.com,144 189 2293
Donelle,Glanfield,Female,dglanfield34@shop-pro.jp,975 299 6452
Binni,Gosnell,Female,bgosnell35@typepad.com,775 578 6551
Mildred,Waudby,Female,mwaudby36@salon.com,445 246 7697
Falkner,Corde,Male,fcorde37@creativecommons.org,675 412 4896
Toma,Strevens,Female,tstrevens38@uol.com.br,810 754 8661
Lexy,Borit,Female,lborit39@blogger.com,482 117 1098
Monti,Cluitt,Male,mcluitt3a@amazon.co.jp,385 835 4137
Brion,Hache,Male,bhache3b@sitemeter.com,263 269 7784
Allen,Struther,Male,astruther3c@hud.gov,176 137 9412
Edmon,Trumper,Male,etrumper3d@cbc.ca,147 677 3475
Caritta,Jentges,Female,cjentges3e@google.co.uk,943 205 4283
Jacob,Sket,Male,jsket3f@liveinternet.ru,367 382 5029
Bob,Knappen,Male,bknappen3g@auda.org.au,817 369 6457
Roldan,Wallenger,Agender,rwallenger3h@china.com.cn,703 149 1585
Nickolai,Thorold,Male,nthorold3i@xinhuanet.com,233 133 6021
Frederich,Dolman,Male,fdolman3j@eventbrite.com,575 936 2256
Kit,Howels,Male,khowels3k@cafepress.com,624 625 3307
Estella,Haberfield,Female,ehaberfield3l@oaic.gov.au,613 655 6304
Theadora,Denney,Female,tdenney3m@bloglines.com,345 158 9589
Antonietta,Empringham,Female,aempringham3n@artisteer.com,880 434 0448
Annie,Danneil,Female,adanneil3o@noaa.gov,969 841 2265
Rock,Chaffe,Male,rchaffe3p@smugmug.com,178 954 4836
Virge,Osman,Male,vosman3q@qq.com,957 547 4662
Foster,Bein,Male,fbein3r@creativecommons.org,190 138 8662
Randi,Boler,Non-binary,rboler3s@un.org,944 599 6785
Jarrod,Bicksteth,Male,jbicksteth3t@mapquest.com,533 135 1789
Rickie,Endrighi,Male,rendrighi3u@prlog.org,941 824 6142
Theresa,Goodbar,Female,tgoodbar3v@deviantart.com,617 744 7522
Bessie,Postlewhite,Female,bpostlewhite3w@mlb.com,561 392 4571
Yuri,Rosevear,Male,yrosevear3x@pbs.org,932 111 1374
Dasya,Rolinson,Female,drolinson3y@gravatar.com,949 632 3345
Foster,Pash,Male,fpash3z@sciencedirect.com,706 954 3219
Henri,Lancaster,Male,hlancaster40@typepad.com,441 414 0353
Gennie,Grigoriev,Female,ggrigoriev41@illinois.edu,772 954 5501
Ker,Sarfat,Male,ksarfat42@yale.edu,634 378 8541
Mireielle,Harler,Genderqueer,mharler43@slate.com,507 690 6792
Trever,Janowski,Polygender,tjanowski44@cnet.com,213 313 5992
Obie,Carnoghan,Male,ocarnoghan45@boston.com,915 915 2740
Hieronymus,Costy,Male,hcosty46@howstuffworks.com,333 175 6411
Ange,Teligin,Male,ateligin47@cam.ac.uk,332 515 5321
Dame,Jovicic,Male,djovicic48@amazon.co.jp,191 839 4507
Norina,Jahner,Female,njahner49@disqus.com,858 219 7607
Court,Bonick,Male,cbonick4a@japanpost.jp,637 457 2823
Gilbert,Cocking,Male,gcocking4b@bloglovin.com,818 473 5216
Simon,Dowda,Male,sdowda4c@imageshack.us,403 221 7184
Chip,Beat,Male,cbeat4d@flickr.com,585 769 1660
Rosella,Carville,Female,rcarville4e@infoseek.co.jp,220 192 8172
Joya,Yarr,Female,jyarr4f@cbsnews.com,760 317 8945
Roseline,Dietsche,Female,rdietsche4g@tumblr.com,790 618 8211
Sybille,Klawi,Female,sklawi4h@simplemachines.org,352 128 7343
Aprilette,Smither,Bigender,asmither4i@goodreads.com,151 460 5563
Garrett,Calleja,Male,gcalleja4j@loc.gov,708 112 5519
Cristobal,Calkin,Male,ccalkin4k@yandex.ru,278 764 6163
Cullie,MacKonochie,Male,cmackonochie4l@google.de,255 688 1181
Dallon,Van den Dael,Male,dvandendael4m@hhs.gov,327 406 2916
Ara,Klemensiewicz,Male,aklemensiewicz4n@networkadvertising.org,866 954 3757
Ray,Carbett,Female,rcarbett4o@hugedomains.com,611 453 2763
Hildegarde,Smees,Female,hsmees4p@macromedia.com,669 233 6711
Vale,Sedgwick,Female,vsedgwick4q@marriott.com,433 195 2058
Pall,Amberg,Male,pamberg4r@omniture.com,278 630 1794
Karyl,Cassam,Female,kcassam4s@jigsy.com,417 335 9921
Hermine,Josefer,Female,hjosefer4t@bloglovin.com,852 970 3623
Matias,Ties,Male,mties4u@bbc.co.uk,342 986 5247
Iorgo,Orrick,Male,iorrick4v@earthlink.net,644 795 4195
Jordan,Liddicoat,Female,jliddicoat4w@engadget.com,139 986 3370
Kai,Blasius,Non-binary,kblasius4x@mashable.com,886 559 0240
Silvana,Spurdens,Bigender,sspurdens4y@vinaora.com,428 769 1163
Virgie,Denley,Male,vdenley4z@facebook.com,669 799 2549
Sherwood,Metcalf,Male,smetcalf50@hc360.com,783 560 1388
Alfonse,Wegman,Genderfluid,awegman51@ovh.net,454 590 4681
Marius,Ohanessian,Male,mohanessian52@omniture.com,474 435 1636
Brander,Hanwell,Male,bhanwell53@ask.com,512 845 5195
Kellby,Miklem,Male,kmiklem54@sbwire.com,543 809 1487
Bevon,Springate,Male,bspringate55@barnesandnoble.com,733 391 4764
Cort,Rhule,Male,crhule56@guardian.co.uk,738 499 3771
Thatcher,Buxey,Male,tbuxey57@youtu.be,123 110 9311
Terri-jo,Sarson,Female,tsarson58@wiley.com,833 533 4999
Barri,Mingus,Male,bmingus59@360.cn,102 582 9472
Aldric,McClure,Male,amcclure5a@slashdot.org,919 433 0027
Nikki,Brychan,Female,nbrychan5b@bloomberg.com,509 827 2189
Jade,Landsberg,Female,jlandsberg5c@webeden.co.uk,677 744 9417
Portia,Neeve,Female,pneeve5d@w3.org,792 320 9632
Mitchell,Gilluley,Male,mgilluley5e@360.cn,394 896 3965
Tuckie,Vyvyan,Male,tvyvyan5f@hud.gov,220 272 8361
Mano,Andrzejowski,Male,mandrzejowski5g@php.net,733 829 4700
Ash,Mustin,Male,amustin5h@nbcnews.com,349 808 2300
Adrianna,Skala,Female,askala5i@fc2.com,312 253 4013
Eliza,Seiffert,Bigender,eseiffert5j@berkeley.edu,368 336 6145
Scarface,Beteriss,Male,sbeteriss5k@nyu.edu,545 219 6603
Edithe,Bowne,Female,ebowne5l@printfriendly.com,579 184 0267
Angelique,Lebell,Female,alebell5m@fda.gov,517 619 2994
Claiborn,Smedley,Male,csmedley5n@bloglines.com,535 524 7871
Kelly,Curado,Male,kcurado5o@scientificamerican.com,777 189 4192
Martica,Colquit,Female,mcolquit5p@sciencedaily.com,850 222 8734
Tamara,Steeden,Female,tsteeden5q@cyberchimps.com,379 431 1774
Analise,Curness,Female,acurness5r@gizmodo.com,288 230 7499
Cornie,Durrant,Male,cdurrant5s@behance.net,444 462 2330
Dominik,Roeby,Male,droeby5t@google.es,679 440 5038
Cyril,Bauman,Male,cbauman5u@myspace.com,203 719 1278
Alli,Trumpeter,Female,atrumpeter5v@mapquest.com,350 685 8846
Bobbye,Kiley,Genderqueer,bkiley5w@cam.ac.uk,864 423 7745
Barbette,Rust,Female,brust5x@biglobe.ne.jp,509 463 7943
Muffin,Aleksandrev,Male,maleksandrev5y@uol.com.br,425 746 7861
Harper,Etheredge,Male,hetheredge5z@gmpg.org,189 390 2751
Juliette,Callard,Female,jcallard60@nasa.gov,997 532 4419
Raimundo,Hadrill,Male,rhadrill61@bloglines.com,365 354 4679
Celie,Vanichkin,Female,cvanichkin62@google.co.uk,612 351 9011
Veronica,Curl,Female,vcurl63@amazonaws.com,994 941 5562
Belle,Cozins,Female,bcozins64@hexun.com,119 206 2084
Eduardo,Ruusa,Male,eruusa65@reuters.com,255 788 5817
Candie,Baden,Female,cbaden66@squarespace.com,443 326 3787
Orelia,Ronchka,Polygender,oronchka67@exblog.jp,741 803 5902
Franny,Bloxsum,Male,fbloxsum68@google.de,443 826 8930
Geoff,Newiss,Male,gnewiss69@nhs.uk,683 402 7135
Esra,Mathys,Male,emathys6a@amazon.com,214 825 8140
Vonni,Bergin,Female,vbergin6b@usgs.gov,149 597 8305
Lanie,Eads,Female,leads6c@smh.com.au,652 762 5357
Marla,Husk,Genderqueer,mhusk6d@live.com,637 648 8150
Had,Morling,Male,hmorling6e@elegantthemes.com,531 300 0531
Adriena,Rallings,Female,arallings6f@taobao.com,445 308 9978
Chickie,Dunham,Male,cdunham6g@house.gov,431 513 7048
Valerie,Savil,Female,vsavil6h@alibaba.com,158 934 8973
Kain,Reddoch,Male,kreddoch6i@ask.com,436 388 4298
Jeth,Ferrucci,Male,jferrucci6j@multiply.com,224 146 2886
Tedie,Preto,Male,tpreto6k@examiner.com,129 272 7090
Iver,Eslie,Male,ieslie6l@pcworld.com,920 719 1074
Adelaida,Chown,Female,achown6m@netvibes.com,967 828 6925
Alexis,Stranahan,Male,astranahan6n@telegraph.co.uk,418 343 5073
Correy,McElrea,Genderfluid,cmcelrea6o@washingtonpost.com,215 971 3714
Izak,De Biasi,Male,idebiasi6p@techcrunch.com,807 872 9193
Eleni,Maundrell,Female,emaundrell6q@cargocollective.com,533 519 6254
Fern,Shade,Female,fshade6r@yellowpages.com,656 222 8625
Kimmy,Stuttman,Female,kstuttman6s@arizona.edu,641 638 5721
Fionna,Philcock,Female,fphilcock6t@mtv.com,540 820 2939
Korie,Konzel,Bigender,kkonzel6u@alibaba.com,600 316 9448
Harlie,Cowsby,Female,hcowsby6v@japanpost.jp,418 798 2486
Glendon,O'Sesnane,Male,gosesnane6w@hatena.ne.jp,165 649 3359
Gussy,Dangl,Female,gdangl6x@indiegogo.com,363 263 2624
Claribel,Tilliard,Female,ctilliard6y@techcrunch.com,184 914 9862
Fionnula,Jasper,Female,fjasper6z@hexun.com,297 789 1197
Pearce,Bolens,Male,pbolens70@netlog.com,278 617 6239
Waldon,Arenson,Male,warenson71@nydailynews.com,949 369 4643
Marvin,Gaskamp,Male,mgaskamp72@youtu.be,686 758 1829
Desdemona,Bradborne,Female,dbradborne73@twitpic.com,125 497 2124
Abey,Brimilcome,Male,abrimilcome74@uiuc.edu,725 536 7130
Robinson,Tothacot,Male,rtothacot75@nytimes.com,841 829 8070
Giralda,Jahner,Female,gjahner76@un.org,968 760 1878
Udell,Seldner,Male,useldner77@tamu.edu,578 497 5562
Ronald,Crossdale,Genderqueer,rcrossdale78@toplist.cz,995 769 4896
Jerrie,Robotham,Female,jrobotham79@ifeng.com,136 327 0990
Addi,Want,Female,awant7a@privacy.gov.au,566 708 6175
Charisse,McKinstry,Female,cmckinstry7b@intel.com,725 880 4467
Bailey,Littleproud,Male,blittleproud7c@squidoo.com,633 976 3917
Abe,Zealander,Male,azealander7d@ycombinator.com,994 524 8940
Wallace,Saltmarsh,Male,wsaltmarsh7e@naver.com,873 374 2253
Michaella,McRoberts,Female,mmcroberts7f@eventbrite.com,662 575 4517
Arluene,Pyer,Female,apyer7g@indiegogo.com,272 673 3517
Malvin,Koppeck,Male,mkoppeck7h@ocn.ne.jp,701 414 6747
Shea,Betty,Male,sbetty7i@barnesandnoble.com,854 333 5461
Adam,Ohm,Male,aohm7j@chron.com,387 541 5366
Peggie,Basson,Female,pbasson7k@woothemes.com,961 112 4302
Eda,Brosini,Female,ebrosini7l@technorati.com,771 159 0011
Mei,Kighly,Female,mkighly7m@economist.com,667 944 6181
Reinaldo,Bolley,Male,rbolley7n@123-reg.co.uk,465 608 2682
Russell,Draco,Male,rdraco7o@reuters.com,952 457 1203
Osbourne,Fowden,Male,ofowden7p@wikimedia.org,784 321 3738
Eimile,Crickmoor,Female,ecrickmoor7q@quantcast.com,152 599 6702
Cullin,O'Dempsey,Male,codempsey7r@amazon.co.uk,860 147 3961
Dennie,Goodge,Male,dgoodge7s@infoseek.co.jp,185 668 5121
Maure,Stuchberry,Female,mstuchberry7t@yahoo.co.jp,110 609 3201
Florian,Healing,Male,fhealing7u@utexas.edu,282 669 4040
Maddy,Hurran,Female,mhurran7v@google.co.jp,446 954 1243
Morty,Backhouse,Male,mbackhouse7w@about.com,760 724 9563
Pietrek,Philippon,Male,pphilippon7x@joomla.org,171 440 6274
Golda,Burd,Genderfluid,gburd7y@yandex.ru,339 886 1353
Rubi,Rigney,Female,rrigney7z@pinterest.com,942 195 2739
Drona,Rootham,Female,drootham80@homestead.com,198 493 7920
Ailis,Crippes,Female,acrippes81@addtoany.com,410 992 9716
Jobi,Errington,Female,jerrington82@netvibes.com,556 503 4550
Marshal,Dorkins,Male,mdorkins83@hc360.com,139 350 4323
Pamella,Millam,Female,pmillam84@google.ru,902 160 9918
Sibylla,Whitsey,Female,swhitsey85@trellian.com,345 662 9812
Rossy,Plinck,Male,rplinck86@forbes.com,192 199 6976
Charmaine,Harbach,Female,charbach87@yahoo.com,323 332 1729
Michaela,Satch,Female,msatch88@wired.com,644 819 0172
Nonnah,Graver,Female,ngraver89@chron.com,335 857 4992
Gery,Kepling,Male,gkepling8a@gravatar.com,256 530 2247
Kathlin,Kunc,Female,kkunc8b@chronoengine.com,930 844 2792
Joyann,Padly,Female,jpadly8c@sohu.com,884 748 3866
Milicent,Girardey,Female,mgirardey8d@plala.or.jp,880 276 9002
Blondie,Thorouggood,Female,bthorouggood8e@msu.edu,603 143 5235
Vail,Duggen,Genderqueer,vduggen8f@sbwire.com,496 114 5405
Isacco,Benninck,Male,ibenninck8g@time.com,563 648 8786
Roslyn,Mossom,Female,rmossom8h@cbc.ca,735 186 9994
Guglielmo,Starking,Male,gstarking8i@bloglines.com,599 104 5097
Gawen,Pandey,Male,gpandey8j@cbc.ca,692 997 1733
Lynda,Carman,Female,lcarman8k@360.cn,122 596 0429
Corby,Glave,Male,cglave8l@alexa.com,580 839 2557
Locke,Parfitt,Male,lparfitt8m@tripod.com,802 808 5955
Toma,Crosier,Female,tcrosier8n@nbcnews.com,592 930 8693
Britney,Hardingham,Female,bhardingham8o@latimes.com,582 936 6979
Nataniel,Blazevic,Male,nblazevic8p@chicagotribune.com,285 912 7241
Phelia,Brotherick,Female,pbrotherick8q@360.cn,810 688 4705
Dewey,Peoples,Male,dpeoples8r@scientificamerican.com,747 277 8920
Marybeth,Burthom,Female,mburthom8s@bbc.co.uk,285 566 5618
Marya,Tuckwell,Female,mtuckwell8t@wikimedia.org,470 246 5705
Zacharie,Plante,Male,zplante8u@newyorker.com,645 430 1166
Alverta,Cantera,Female,acantera8v@dailymail.co.uk,855 769 8346
Elinore,Kleinlerer,Female,ekleinlerer8w@opera.com,732 310 3744
Nollie,Belvard,Male,nbelvard8x@cnbc.com,792 161 8268
Henry,Dwire,Male,hdwire8y@ifeng.com,118 654 2756
Susan,Self,Female,sself8z@github.io,847 210 9681
Torrey,Oki,Male,toki90@buzzfeed.com,651 296 2462
Gaby,Abbess,Male,gabbess91@odnoklassniki.ru,408 588 5026
Slade,MacAne,Male,smacane92@pcworld.com,394 772 1398
Rena,Peacham,Female,rpeacham93@free.fr,859 123 3561
Carmelita,Merdew,Female,cmerdew94@google.nl,685 698 9950
Aksel,Bauduin,Male,abauduin95@independent.co.uk,158 901 1712
Edlin,Sakins,Male,esakins96@ask.com,412 803 9453
Beniamino,Despenser,Male,bdespenser97@google.co.jp,561 859 0834
Katina,Brockhurst,Female,kbrockhurst98@issuu.com,373 593 2830
Wade,Constable,Male,wconstable99@dailymail.co.uk,126 788 8763
Waverley,Stodhart,Male,wstodhart9a@dagondesign.com,791 189 0939
Darcie,Huguet,Female,dhuguet9b@engadget.com,710 831 5074
Onofredo,McClounan,Male,omcclounan9c@angelfire.com,114 907 0383
Regina,Dugald,Female,rdugald9d@xing.com,577 158 7171
Cirilo,Ranby,Male,cranby9e@so-net.ne.jp,613 121 2844
Boniface,Tolfrey,Male,btolfrey9f@rediff.com,519 710 8187
Stillman,Van Halle,Male,svanhalle9g@un.org,806 686 3369
Antony,Izaks,Male,aizaks9h@eepurl.com,207 198 6366
Vail,Altofts,Male,valtofts9i@goo.ne.jp,149 312 3108
Ainslee,McGillivray,Female,amcgillivray9j@unesco.org,496 860 6321
Hansiain,Capstack,Genderqueer,hcapstack9k@netlog.com,846 102 1006
Heriberto,Jeduch,Male,hjeduch9l@mapquest.com,393 266 8494
Sanson,Perch,Genderfluid,sperch9m@1688.com,518 328 8632
Dag,Valder,Male,dvalder9n@oakley.com,489 185 9330
Florence,Jeffes,Female,fjeffes9o@meetup.com,752 261 4667
Tulley,Motherwell,Male,tmotherwell9p@princeton.edu,415 966 7968
Zsazsa,Allabush,Polygender,zallabush9q@google.com.au,512 750 6375
Camey,Moggach,Male,cmoggach9r@goo.ne.jp,880 534 5653
Kellsie,Prester,Female,kprester9s@mysql.com,596 172 0111
Hardy,Beddin,Male,hbeddin9t@adobe.com,804 565 8993
Carlyn,Spencers,Female,cspencers9u@mozilla.com,861 121 1841
Ritchie,Sellner,Male,rsellner9v@timesonline.co.uk,747 227 9753
Riki,Storrs,Female,rstorrs9w@mlb.com,654 620 9568
Dyane,Duckerin,Genderfluid,dduckerin9x@noaa.gov,520 582 7571
Allix,Revill,Agender,arevill9y@zimbio.com,546 729 9455
Wilton,Rumke,Male,wrumke9z@umn.edu,403 346 1020
Lucinda,Reven,Female,lrevena0@topsy.com,156 413 4501
Dillie,Lantiff,Male,dlantiffa1@over-blog.com,465 690 8986
Carissa,Hugh,Female,chugha2@weebly.com,475 785 4414
Xenos,Ainscow,Male,xainscowa3@economist.com,953 828 8437
Adriano,Studeart,Male,astudearta4@ibm.com,863 189 3950
Averyl,Brussels,Female,abrusselsa5@t.co,929 719 2187
Preston,Hooke,Male,phookea6@e-recht24.de,519 459 8673
Francklyn,Helin,Male,fhelina7@rediff.com,655 629 9994
Maye,Higgen,Female,mhiggena8@adobe.com,409 469 3099
Jillayne,Jankovic,Female,jjankovica9@elegantthemes.com,600 409 4010
Datha,Wilbud,Female,dwilbudaa@berkeley.edu,884 959 4323
Dallas,Southerell,Male,dsoutherellab@google.es,794 430 5862
Emmerich,Edden,Male,eeddenac@adobe.com,124 141 6618
Rodge,Attenbrough,Male,rattenbroughad@home.pl,178 953 3325
Barbie,Kleen,Female,bkleenae@seesaa.net,100 190 9125
Victoria,Galpin,Female,vgalpinaf@cocolog-nifty.com,752 328 2463
Chelsea,Engeham,Polygender,cengehamag@51.la,355 128 9577
Delilah,Hilldrop,Female,dhilldropah@networksolutions.com,567 870 8948
Imojean,Maxsted,Female,imaxstedai@nifty.com,469 697 2311
Cherey,Snowsill,Polygender,csnowsillaj@wikispaces.com,910 665 9750
Odella,Audsley,Female,oaudsleyak@youtu.be,786 229 9084
Trescha,Kisbee,Female,tkisbeeal@dedecms.com,248 610 5968
Minnie,Delete,Female,mdeleteam@parallels.com,836 217 7980
Israel,Mountford,Male,imountfordan@yandex.ru,388 138 0061
Conn,Sherwood,Male,csherwoodao@slideshare.net,765 820 8803
Kore,Hammon,Polygender,khammonap@altervista.org,206 252 1038
Shepard,Staveley,Male,sstaveleyaq@pen.io,112 262 3092
Lydia,Seater,Female,lseaterar@mozilla.org,706 167 2066
Idaline,Chimienti,Female,ichimientias@cdbaby.com,862 321 0227
Doralin,Brechin,Female,dbrechinat@weibo.com,403 103 1105
Vasilis,Ballantyne,Male,vballantyneau@fc2.com,899 607 9484
Ladonna,Corteis,Female,lcorteisav@jimdo.com,595 231 4098
Madel,Liptrot,Female,mliptrotaw@umn.edu,586 552 4614
Horst,Bevens,Male,hbevensax@ebay.co.uk,297 788 2224
Farra,Bliven,Female,fblivenay@vimeo.com,910 596 6276
Alister,Lowdes,Agender,alowdesaz@behance.net,702 360 9191
Sukey,Endrighi,Female,sendrighib0@stumbleupon.com,437 216 3680
Tabbie,Geerling,Female,tgeerlingb1@fastcompany.com,859 143 2605
Mariejeanne,Capinetti,Female,mcapinettib2@si.edu,355 873 2039
Morton,Giacopetti,Male,mgiacopettib3@alexa.com,304 942 9541
Henrie,Navan,Female,hnavanb4@netvibes.com,160 747 5321
Tisha,Hosburn,Female,thosburnb5@cnet.com,467 820 7207
Odo,Woodworth,Male,owoodworthb6@stumbleupon.com,171 549 2291
Doralynn,Heald,Female,dhealdb7@businessinsider.com,115 517 4697
Lannie,Shilston,Male,lshilstonb8@alexa.com,957 645 3050
Barron,Lockner,Male,blocknerb9@virginia.edu,873 321 2661
Lanie,Launchbury,Male,llaunchburyba@nih.gov,396 358 3164
Gabie,Redwin,Female,gredwinbb@telegraph.co.uk,451 525 9600
Lorie,MacIan,Female,lmacianbc@ucoz.com,804 174 9177
Cletis,Turfrey,Male,cturfreybd@sogou.com,802 825 8847
Kennedy,Keay,Male,kkeaybe@google.it,555 867 4612
Kristofer,Davidovitz,Agender,kdavidovitzbf@histats.com,709 901 2230
Judith,Chapman,Bigender,jchapmanbg@plala.or.jp,240 939 5737
Mildred,Dumbleton,Female,mdumbletonbh@gizmodo.com,325 958 6546
Beale,Clackson,Male,bclacksonbi@diigo.com,799 481 2365
Kitti,Choudhury,Polygender,kchoudhurybj@addthis.com,739 299 7412
Marguerite,Morville,Female,mmorvillebk@ucsd.edu,253 922 7663
Dore,Enos,Female,denosbl@goo.gl,751 251 8108
Beck,Stennes,Male,bstennesbm@aboutads.info,567 225 4944
Dorrie,Bailie,Female,dbailiebn@tiny.cc,473 858 4691
Rik,Lemmer,Male,rlemmerbo@wufoo.com,766 905 1373
Oona,Ingold,Female,oingoldbp@marketwatch.com,250 969 3658
Windy,Fortnum,Female,wfortnumbq@reuters.com,267 133 1411
Rooney,Brooks,Non-binary,rbrooksbr@rambler.ru,465 765 2941
Kelsey,Castelletto,Male,kcastellettobs@apache.org,819 322 6149
Darbee,Clulee,Male,dcluleebt@squarespace.com,422 580 6077
Constantia,Goodwill,Female,cgoodwillbu@patch.com,857 659 9835
Roxine,Quayle,Female,rquaylebv@freewebs.com,201 582 0491
Linea,Gowland,Female,lgowlandbw@sciencedaily.com,732 651 9464
Fransisco,Tabbernor,Male,ftabbernorbx@gov.uk,848 272 3788
Sid,Loker,Male,slokerby@hubpages.com,344 861 9706
Melodie,Ethridge,Genderqueer,methridgebz@delicious.com,118 246 5740
Townsend,Hazeldine,Male,thazeldinec0@1und1.de,329 372 0259
Ferdinande,Copeland,Female,fcopelandc1@businessweek.com,893 776 6221
Mavra,Karsh,Female,mkarshc2@statcounter.com,982 648 5458
Rudolf,Crump,Male,rcrumpc3@google.com.hk,654 375 3897
Iris,Cockayme,Genderqueer,icockaymec4@google.pl,962 576 9653
Bart,Chansonne,Male,bchansonnec5@mysql.com,141 692 0643
Savina,Pawsey,Female,spawseyc6@weebly.com,149 804 3060
Lorena,Whapham,Female,lwhaphamc7@upenn.edu,523 703 7644
Tait,Van Der Vlies,Male,tvandervliesc8@pen.io,825 472 2509
Siward,Van der Linde,Male,svanderlindec9@newsvine.com,238 583 7233
Genia,Cockill,Female,gcockillca@canalblog.com,263 946 8952
Tracey,Quincey,Female,tquinceycb@accuweather.com,743 892 2181
Sibylle,Dollimore,Female,sdollimorecc@sun.com,923 495 7007
Othella,Bonellie,Female,obonelliecd@hp.com,669 652 3108
Janean,Trunkfield,Female,jtrunkfieldce@tiny.cc,725 992 5243
Gregor,Tryhorn,Male,gtryhorncf@msn.com,883 688 8420
Tomaso,Clowney,Male,tclowneycg@blogspot.com,149 592 2519
Thurston,Verlander,Male,tverlanderch@123-reg.co.uk,551 231 9572
Page,Itzakson,Female,pitzaksonci@kickstarter.com,640 960 1244
Sunshine,Deavall,Female,sdeavallcj@eepurl.com,127 276 5654
Massimo,Chaudrelle,Male,mchaudrelleck@weather.com,249 721 3822
Iggie,Passo,Male,ipassocl@google.it,732 709 1630
Maisie,Battrum,Female,mbattrumcm@surveymonkey.com,492 988 9080
Ritchie,Partner,Male,rpartnercn@forbes.com,595 248 5560
Tully,Loton,Male,tlotonco@creativecommons.org,943 879 0043
Bing,Kienzle,Bigender,bkienzlecp@nbcnews.com,201 672 9856
Dino,Champion,Male,dchampioncq@google.cn,704 929 6135
Hinze,Melding,Male,hmeldingcr@hud.gov,518 210 7555
Reuven,Faust,Male,rfaustcs@bandcamp.com,610 431 7042
Tito,Walder,Male,twalderct@fda.gov,324 263 6477
Alano,Segrave,Male,asegravecu@163.com,602 947 4934
Sibel,Westnage,Female,swestnagecv@columbia.edu,253 837 5737
Marinna,Bemment,Female,mbemmentcw@lycos.com,997 200 1756
Elsi,Helleker,Female,ehellekercx@posterous.com,380 590 2637
Pauly,Hissett,Male,phissettcy@unesco.org,917 545 3727
Esther,Van Velden,Female,evanveldencz@hao123.com,342 665 7528
Harland,MacIllrick,Male,hmacillrickd0@state.gov,676 296 9502
Cleveland,Dinsdale,Male,cdinsdaled1@wired.com,199 416 9454
Laurie,Sabine,Male,lsabined2@answers.com,526 775 8616
Frannie,Edmunds,Male,fedmundsd3@wikispaces.com,902 248 4651
Ollie,Flaxman,Female,oflaxmand4@imageshack.us,981 582 3476
Myrna,Lindblom,Female,mlindblomd5@stanford.edu,870 924 5197
Else,Aspray,Female,easprayd6@cocolog-nifty.com,437 773 9944
Wilmer,Ragge,Male,wragged7@state.tx.us,681 345 5826
Coleman,O'Howbane,Polygender,cohowbaned8@accuweather.com,277 367 4774
Celinda,Tommaseo,Female,ctommaseod9@nbcnews.com,784 473 4807
Pietra,Swanborough,Female,pswanboroughda@oracle.com,731 711 6546
Ive,Troy,Male,itroydb@flickr.com,695 831 5779
Matias,Cordero,Male,mcorderodc@tumblr.com,583 353 5519
Celene,Bastick,Female,cbastickdd@seattletimes.com,511 614 3664
Eric,Sinkinson,Male,esinkinsonde@globo.com,106 380 5901
Israel,Quinby,Male,iquinbydf@google.es,556 432 9269
Wright,Cherrett,Male,wcherrettdg@ucoz.ru,170 310 0885
Pall,Blancowe,Bigender,pblancowedh@plala.or.jp,788 350 1314
Melodee,Fallawe,Female,mfallawedi@adobe.com,745 100 0379
Peirce,Petrovykh,Male,ppetrovykhdj@ifeng.com,162 831 1926
Cal,Hallstone,Female,challstonedk@ucsd.edu,799 394 2699
Erek,Beeching,Male,ebeechingdl@so-net.ne.jp,724 252 8775
Tatum,Bouch,Female,tbouchdm@last.fm,410 247 1579
Carolina,Fraczkiewicz,Female,cfraczkiewiczdn@senate.gov,242 772 8335
Shea,Leng,Male,slengdo@google.fr,251 239 6634
Rand,Paireman,Male,rpairemandp@adobe.com,501 681 3501
Clarence,Zecchinii,Male,czecchiniidq@salon.com,216 208 0463
Alley,Blaiklock,Male,ablaiklockdr@trellian.com,981 699 4155
Lalo,Mahady,Male,lmahadyds@spotify.com,252 772 4636
Donal,Petrik,Male,dpetrikdt@cdc.gov,489 603 8276
Tracie,Kittiman,Male,tkittimandu@istockphoto.com,942 145 7541
Adorne,Ness,Female,anessdv@reference.com,652 136 1543
Judah,Emblin,Male,jemblindw@sciencedaily.com,123 587 0668
Wells,Unsworth,Male,wunsworthdx@scientificamerican.com,880 605 5034
De,Koopman,Female,dkoopmandy@omniture.com,326 185 2945
Agnesse,Bitterton,Female,abittertondz@xinhuanet.com,105 745 2775
Emalee,Gonsalvo,Female,egonsalvoe0@forbes.com,810 189 8177
Harrie,Basso,Female,hbassoe1@bizjournals.com,395 326 8538
Rebekkah,Polak,Female,rpolake2@usatoday.com,300 874 8162
Pryce,Rayne,Male,praynee3@taobao.com,668 670 4822
Abram,Road,Male,aroade4@senate.gov,627 462 2323
Aleksandr,Heed,Male,aheede5@constantcontact.com,848 941 9756
Gloria,Puddin,Female,gpuddine6@blog.com,164 416 8822
Paloma,Wesson,Female,pwessone7@canalblog.com,652 766 8654
Rowe,Ertelt,Female,rertelte8@amazon.co.uk,161 856 3997
Bobbie,Drinkhill,Female,bdrinkhille9@feedburner.com,758 683 5878
Leshia,Wayon,Female,lwayonea@amazon.co.jp,716 895 8129
Dorry,Tonbye,Female,dtonbyeeb@theglobeandmail.com,505 627 6769
Mario,Feasey,Male,mfeaseyec@wix.com,729 309 3314
Fallon,Shilliday,Female,fshillidayed@so-net.ne.jp,989 191 6317
Berk,Waterstone,Male,bwaterstoneee@auda.org.au,722 234 9220
Philippa,Langelay,Female,plangelayef@census.gov,340 443 0772
Wilbert,Lickess,Male,wlickesseg@illinois.edu,793 979 9436
Shelbi,Officer,Female,sofficereh@ovh.net,328 660 9785
Harriet,Mellsop,Female,hmellsopei@skyrock.com,667 526 5245
Nevins,Tallach,Male,ntallachej@networksolutions.com,561 479 5026
Lammond,La Batie,Male,llabatieek@nytimes.com,554 592 1963
Ward,Assinder,Male,wassinderel@netvibes.com,323 328 2740
Gordan,Churching,Male,gchurchingem@comcast.net,873 693 8727
Daron,Walewicz,Male,dwalewiczen@toplist.cz,504 667 3348
Tallou,Rameaux,Female,trameauxeo@odnoklassniki.ru,900 417 8084
Matthias,Ladd,Male,mladdep@globo.com,963 534 3974
Phillip,Pearch,Male,ppearcheq@furl.net,384 545 9754
Evin,Bonafant,Male,ebonafanter@illinois.edu,119 518 2265
Glynn,Jahnisch,Male,gjahnisches@hao123.com,487 894 2735
Codie,Khoter,Female,ckhoteret@umich.edu,546 451 3274
Emma,Vannoni,Female,evannonieu@yellowbook.com,158 860 0022
Darcy,Thraves,Female,dthravesev@ftc.gov,851 351 3054
Karim,Boscott,Male,kboscottew@narod.ru,487 720 3033
Minne,Andrea,Female,mandreaex@odnoklassniki.ru,240 335 8239
Kassandra,Castagneto,Genderqueer,kcastagnetoey@go.com,119 576 4752
Meier,Bygate,Male,mbygateez@businesswire.com,922 484 0593
Arly,Swinfen,Bigender,aswinfenf0@redcross.org,325 147 4922
Hale,Tarrier,Male,htarrierf1@oakley.com,286 646 8172
Waneta,Medland,Female,wmedlandf2@devhub.com,236 685 7019
Pauli,Egar,Female,pegarf3@icq.com,389 790 8241
Launce,Withey,Male,lwitheyf4@timesonline.co.uk,142 291 9979
Codie,Stern,Female,csternf5@bigcartel.com,907 391 7703
Loren,Fley,Male,lfleyf6@indiegogo.com,688 673 8693
Goldi,Hourihane,Female,ghourihanef7@about.me,853 691 6717
Harper,Belli,Non-binary,hbellif8@irs.gov,584 476 9281
Brena,Ebbage,Female,bebbagef9@redcross.org,711 385 4453
Rafaelita,Kiloh,Female,rkilohfa@sciencedaily.com,472 590 7168
Bill,Caught,Male,bcaughtfb@ocn.ne.jp,387 461 6481
Web,Summerskill,Male,wsummerskillfc@dot.gov,974 481 3512
Glen,Losselyong,Female,glosselyongfd@jiathis.com,853 391 7581
Justine,Boreham,Female,jborehamfe@cnn.com,641 113 1426
Janene,Smiz,Female,jsmizff@typepad.com,520 606 4933
Errol,Harefoot,Male,eharefootfg@sbwire.com,680 173 2166
Jimmie,Fudge,Male,jfudgefh@squarespace.com,491 771 5397
Robb,Pickervance,Male,rpickervancefi@usgs.gov,140 105 8664
Regan,Gribbin,Polygender,rgribbinfj@oaic.gov.au,226 554 4752
Luigi,Skally,Male,lskallyfk@youtube.com,532 817 0027
Loleta,Barnhill,Female,lbarnhillfl@google.com,170 507 1057
Sisile,Shippey,Female,sshippeyfm@rakuten.co.jp,618 574 3709
Mortimer,Beretta,Male,mberettafn@psu.edu,291 757 9014
Antonin,Letchford,Male,aletchfordfo@opera.com,381 521 6337
D'arcy,Hehnke,Male,dhehnkefp@home.pl,841 537 7370
Miof mela,Tabram,Female,mtabramfq@example.com,987 167 3957
Diann,Ruthven,Female,druthvenfr@arstechnica.com,491 338 9009
Merola,St Louis,Female,mstlouisfs@multiply.com,127 456 6872
Brinna,Bloys,Female,bbloysft@t-online.de,108 240 4083
Carolee,McCorkell,Female,cmccorkellfu@lycos.com,923 100 9257
Bern,Gemlbett,Male,bgemlbettfv@themeforest.net,869 596 7301
Gregoire,McMennum,Male,gmcmennumfw@phpbb.com,362 430 1163
Rozella,Hale,Female,rhalefx@g.co,285 631 5773
Austina,Thorneley,Female,athorneleyfy@dedecms.com,810 778 6110
Bartlet,Swateridge,Male,bswateridgefz@chicagotribune.com,904 495 0758
Sylvester,Dullaghan,Male,sdullaghang0@wikipedia.org,880 118 4749
Staci,Yerrall,Bigender,syerrallg1@wordpress.org,577 849 0886
Marysa,Ilewicz,Female,milewiczg2@hao123.com,207 152 2205
Genni,Midford,Female,gmidfordg3@bloglines.com,754 823 5709
Gretta,Kilmurry,Female,gkilmurryg4@odnoklassniki.ru,567 188 1985
Bealle,Speeding,Male,bspeedingg5@list-manage.com,785 281 1177
Leeann,Jayme,Female,ljaymeg6@google.it,748 789 1891
Rorie,Starie,Female,rstarieg7@examiner.com,649 863 3989
Perrine,Woolston,Female,pwoolstong8@spotify.com,436 313 4780
Greg,Cessford,Male,gcessfordg9@storify.com,529 697 8592
Umberto,Holyard,Male,uholyardga@jiathis.com,720 503 8351
Ernestus,Rignoldes,Male,erignoldesgb@narod.ru,579 350 4529
Gerome,Iapico,Male,giapicogc@cmu.edu,253 314 9926
Frasier,Konig,Male,fkoniggd@homestead.com,985 165 3285
Kerwinn,Ramel,Male,kramelge@stumbleupon.com,946 179 6675
Tony,Sansom,Female,tsansomgf@homestead.com,173 476 1103
Tarah,Brabon,Female,tbrabongg@deviantart.com,556 461 4037
Norby,Ambrosch,Male,nambroschgh@dailymotion.com,658 380 0321
Jonell,Fowley,Non-binary,jfowleygi@imageshack.us,895 743 1641
Birk,Gage,Male,bgagegj@netscape.com,724 712 3131
Nance,Sherwen,Female,nsherwengk@java.com,482 341 6672
Gene,Oliff,Male,goliffgl@seesaa.net,626 612 9509
Cherri,Dolphin,Female,cdolphingm@cafepress.com,362 548 8255
Adelind,Salzburger,Female,asalzburgergn@domainmarket.com,582 800 6189
Sunshine,Heed,Female,sheedgo@acquirethisname.com,998 701 2232
Constance,Hernik,Female,chernikgp@auda.org.au,449 658 9012
Jareb,Matejka,Male,jmatejkagq@tinyurl.com,801 824 4833
Sybila,Popley,Female,spopleygr@hp.com,778 624 9305
Piotr,Coxen,Male,pcoxengs@phoca.cz,642 547 9370
Julianne,Mongin,Female,jmongingt@utexas.edu,786 173 0255
Erhart,Rangeley,Male,erangeleygu@macromedia.com,364 349 2438
Moise,Danielsen,Male,mdanielsengv@mit.edu,891 621 5094
Pryce,Fairbrass,Male,pfairbrassgw@usatoday.com,163 210 4960
Dayle,Stobie,Female,dstobiegx@miibeian.gov.cn,299 768 7220
Abbye,Lougheid,Female,alougheidgy@symantec.com,837 142 8919
Gardner,Capponeer,Male,gcapponeergz@gov.uk,950 569 6246
Lexy,McPhelim,Female,lmcphelimh0@last.fm,693 336 5847
Sharona,Bradden,Female,sbraddenh1@virginia.edu,956 301 0087
Mallory,Kilbey,Male,mkilbeyh2@smugmug.com,965 668 6377
Blanca,Nicolson,Female,bnicolsonh3@vistaprint.com,648 752 0072
Barbe,Fosse,Female,bfosseh4@printfriendly.com,656 571 1361
Rodolphe,Betteney,Male,rbetteneyh5@eepurl.com,106 889 3938
Denney,Snuggs,Male,dsnuggsh6@bluehost.com,365 323 4851
Lavina,Dufore,Female,lduforeh7@biglobe.ne.jp,832 416 9005
Bank,Pandya,Male,bpandyah8@bluehost.com,383 306 8564
Gypsy,Banks,Female,gbanksh9@salon.com,870 575 0379
Rod,Veness,Polygender,rvenessha@answers.com,702 983 4610
Javier,Franzel,Male,jfranzelhb@yahoo.co.jp,157 980 9319
Rochella,Guerreau,Female,rguerreauhc@ow.ly,181 287 2945
Olympia,Sibbson,Female,osibbsonhd@loc.gov,758 452 3653
Malvina,Assiratti,Female,massirattihe@msn.com,598 177 8124
Annie,Hurdedge,Female,ahurdedgehf@java.com,109 463 4451
Phyllida,Siccombe,Bigender,psiccombehg@fc2.com,260 582 3366
Karyl,Kellitt,Female,kkellitthh@cloudflare.com,496 503 3553
Isabella,Conduit,Female,iconduithi@imageshack.us,315 171 5372
Dita,Frede,Female,dfredehj@cmu.edu,734 776 5645
Tamara,Cowx,Genderfluid,tcowxhk@dell.com,308 693 1596
Jase,Sket,Male,jskethl@google.com.br,333 445 7022
Dorena,Kuna,Female,dkunahm@bandcamp.com,214 898 4144
Heriberto,Moultrie,Male,hmoultriehn@joomla.org,544 930 7723
Kelcey,Piet,Agender,kpietho@unc.edu,772 245 1291
Lenore,Loadsman,Female,lloadsmanhp@pcworld.com,412 385 5721
Fabian,Brolan,Male,fbrolanhq@facebook.com,999 184 3398
Berk,Stanway,Male,bstanwayhr@answers.com,734 470 4665
Eugenia,Spyer,Female,espyerhs@reddit.com,495 217 3543
Delcine,Nealon,Genderqueer,dnealonht@narod.ru,574 400 5239
Cacilia,Loggie,Female,cloggiehu@eventbrite.com,344 833 6041
Lane,Trillow,Female,ltrillowhv@angelfire.com,851 394 6316
Burk,Barosch,Male,bbaroschhw@discuz.net,752 774 3212
Armin,Nares,Male,anareshx@seattletimes.com,710 491 0683
Jojo,De Bruin,Female,jdebruinhy@vkontakte.ru,366 772 1952
Veda,Snedker,Female,vsnedkerhz@wp.com,946 758 1746
Pepita,Charrington,Female,pcharringtoni0@shop-pro.jp,664 534 2542
Lauretta,Cheatle,Female,lcheatlei1@wsj.com,301 302 2638
Winonah,Bache,Female,wbachei2@icq.com,201 428 9042
Jocko,Burnhams,Male,jburnhamsi3@ibm.com,865 911 3931
Silvana,Acuna,Female,sacunai4@slideshare.net,614 968 3803
Ulrikaumeko,Radbourne,Female,uradbournei5@bizjournals.com,974 549 2210
Terrance,Kupisz,Male,tkupiszi6@cdbaby.com,715 568 7555
Finlay,Mc Kellen,Bigender,fmckelleni7@nba.com,235 181 5683
Brocky,Mulloch,Male,bmullochi8@bloglovin.com,799 182 6863
Cliff,Rowlin,Polygender,crowlini9@infoseek.co.jp,593 583 0917
Reine,Jendrach,Agender,rjendrachia@youku.com,615 240 2521
Culver,Geke,Male,cgekeib@ed.gov,467 300 2374
Nicoli,Tawton,Female,ntawtonic@about.com,529 287 8166
Ava,Blakesley,Female,ablakesleyid@miitbeian.gov.cn,243 596 6890
Thomas,Woodrough,Male,twoodroughie@skyrock.com,212 913 0665
Michelle,Koene,Female,mkoeneif@com.com,711 131 6721
Ashbey,Hatterslay,Male,ahatterslayig@state.gov,503 179 5288
Alonzo,Gianolini,Male,agianoliniih@ebay.com,690 742 2990
Nona,Brisbane,Female,nbrisbaneii@php.net,409 781 1894
Frayda,Loncaster,Female,floncasterij@unc.edu,699 771 0521
Cynthy,Huison,Female,chuisonik@amazon.de,294 567 1349
Hedy,Pablo,Female,hpabloil@smh.com.au,382 818 7257
Arlina,Swinford,Female,aswinfordim@soundcloud.com,708 123 3258
Morey,Duckfield,Polygender,mduckfieldin@ca.gov,384 783 5031
Enos,Harriskine,Male,eharriskineio@rambler.ru,799 852 7077
Field,Pahlsson,Male,fpahlssonip@photobucket.com,400 863 4184
North,O' Lone,Male,noloneiq@marketwatch.com,911 765 9900
Bevon,Burley,Male,bburleyir@t.co,202 640 2260
Susi,Brunelleschi,Female,sbrunelleschiis@cpanel.net,345 827 7419
Vaughan,Nayer,Male,vnayerit@fc2.com,436 436 1311
Alvan,Parkman,Male,aparkmaniu@nifty.com,285 590 4592
Wilhelm,Widdecombe,Male,wwiddecombeiv@epa.gov,176 580 5061
Berny,Legg,Male,bleggiw@nba.com,848 496 9459
Janina,Dartnell,Female,jdartnellix@patch.com,881 457 8138
Vaughn,Sawkins,Male,vsawkinsiy@dailymotion.com,240 448 6446
Meaghan,Fyers,Female,mfyersiz@seesaa.net,179 191 2823
Dionysus,Banat,Male,dbanatj0@hatena.ne.jp,444 982 4852
Samantha,Pagelsen,Female,spagelsenj1@microsoft.com,323 852 0866
Dag,Wones,Male,dwonesj2@smugmug.com,586 115 4799
Phillida,Chismon,Female,pchismonj3@nhs.uk,687 594 7314
Burg,Dolman,Male,bdolmanj4@pagesperso-orange.fr,611 991 2933
Margaretta,Novotna,Female,mnovotnaj5@amazonaws.com,598 692 3807
Billie,Robertazzi,Female,brobertazzij6@illinois.edu,442 503 7403
Sheff,Tanman,Male,stanmanj7@ihg.com,228 352 8462
Gerrard,Huggen,Male,ghuggenj8@fotki.com,920 595 5028
Rianon,Goghin,Female,rgoghinj9@hp.com,912 607 3362
Bob,Sex,Bigender,bsexja@google.co.uk,700 119 1053
Porty,Kinavan,Male,pkinavanjb@loc.gov,174 611 4295
Ram,Couchman,Male,rcouchmanjc@hibu.com,481 276 4697
Stacey,Kinsey,Non-binary,skinseyjd@cocolog-nifty.com,784 688 4699
Pam,O'Fielly,Female,pofiellyje@smugmug.com,558 963 3748
Berke,Hagston,Male,bhagstonjf@netlog.com,418 417 5856
Caroline,Sands,Female,csandsjg@springer.com,401 169 0008
Clarinda,Berrigan,Female,cberriganjh@reddit.com,453 333 0889
Ario,Baggarley,Male,abaggarleyji@techcrunch.com,457 139 0647
Freida,Thorbon,Female,fthorbonjj@etsy.com,731 385 5885
Mata,Killik,Male,mkillikjk@reuters.com,202 799 8511
Nickolaus,Slainey,Male,nslaineyjl@ca.gov,196 657 7473
Lynnett,Dudman,Female,ldudmanjm@amazon.com,370 591 4308
Dag,Bartell,Male,dbartelljn@ucsd.edu,491 621 6133
Kassi,Fransoni,Female,kfransonijo@google.cn,398 471 4024
Alana,Tattoo,Female,atattoojp@soup.io,804 183 9542
Tailor,Joncic,Male,tjoncicjq@huffingtonpost.com,991 896 8677
Adrien,Aneley,Genderfluid,aaneleyjr@1688.com,317 614 9846
Alayne,Tabbitt,Female,atabbittjs@archive.org,824 555 0418
Eddy,Bedder,Female,ebedderjt@unesco.org,278 701 6565
Vivianne,Haitlie,Female,vhaitlieju@dailymail.co.uk,559 163 5403
Katrina,Moretto,Female,kmorettojv@reference.com,325 230 8901
Hartley,Grzes,Male,hgrzesjw@ovh.net,212 389 4467
Shannen,Beechcraft,Female,sbeechcraftjx@japanpost.jp,915 400 4068
Ker,MacKintosh,Male,kmackintoshjy@youtu.be,274 372 9901
Constantino,Lamzed,Male,clamzedjz@webnode.com,598 883 8754
Tomaso,Mannock,Male,tmannockk0@fema.gov,114 609 9061
Ruddy,Fahey,Male,rfaheyk1@altervista.org,336 129 7481
Grange,Friedank,Male,gfriedankk2@toplist.cz,484 846 3830
Newton,Creeboe,Male,ncreeboek3@wiley.com,476 439 5005
Charlotte,Le Blanc,Female,cleblanck4@vimeo.com,648 388 9554
Hermine,Godfray,Non-binary,hgodfrayk5@mozilla.com,583 755 8821
Stirling,Wortley,Male,swortleyk6@4shared.com,442 954 4730
Andra,Mewton,Female,amewtonk7@salon.com,981 478 6135
Leonerd,Davidson,Polygender,ldavidsonk8@nytimes.com,939 613 1222
Brendan,Esilmon,Male,besilmonk9@auda.org.au,865 592 9303
Agosto,Vasishchev,Male,avasishchevka@edublogs.org,551 135 3693
Carleen,Abrahamoff,Female,cabrahamoffkb@so-net.ne.jp,615 343 1633
Dasi,Rabbitts,Female,drabbittskc@oaic.gov.au,427 884 6486
Katalin,MacElharge,Female,kmacelhargekd@gizmodo.com,690 437 3067
Wallis,Wernher,Male,wwernherke@youtu.be,997 171 7255
Alard,Woolacott,Male,awoolacottkf@nyu.edu,300 651 6622
Britt,Northedge,Male,bnorthedgekg@a8.net,296 692 3698
Filberto,Salzberger,Male,fsalzbergerkh@ebay.co.uk,795 154 9504
Constantin,Cucinotta,Male,ccucinottaki@over-blog.com,426 373 3065
Eugenio,Arnal,Male,earnalkj@constantcontact.com,853 688 6330
Bing,Morgans,Male,bmorganskk@ebay.co.uk,786 867 5093
Sadie,Immer,Female,simmerkl@slate.com,360 607 2891
Byrann,Chedgey,Male,bchedgeykm@berkeley.edu,763 804 2673
Jae,Perks,Agender,jperkskn@constantcontact.com,668 619 8771
Scotti,Ainsbury,Male,sainsburyko@surveymonkey.com,208 510 5625
Augie,Pearcehouse,Male,apearcehousekp@illinois.edu,984 116 0064
Steffen,Rosenfelder,Male,srosenfelderkq@unc.edu,389 980 8716
Kiley,Fausch,Female,kfauschkr@hexun.com,372 483 7385
Lilla,Sterke,Female,lsterkeks@yahoo.com,110 994 4163
Clemence,McCreath,Female,cmccreathkt@vimeo.com,612 322 7587
Karlik,Bloxsome,Male,kbloxsomeku@unicef.org,870 330 0467
Mira,Matschke,Female,mmatschkekv@marriott.com,294 839 3849
Perren,Badsworth,Male,pbadsworthkw@yahoo.co.jp,600 103 3181
Bale,Cotgrove,Non-binary,bcotgrovekx@parallels.com,746 104 2098
Iain,MacAlpin,Bigender,imacalpinky@hao123.com,393 712 6203
Halsy,McNair,Male,hmcnairkz@edublogs.org,645 604 3162
Hernando,Cannicott,Male,hcannicottl0@dot.gov,968 382 9846
Bertrand,Kerrane,Male,bkerranel1@free.fr,234 874 3426
Anica,Millin,Female,amillinl2@multiply.com,549 280 2397
Katlin,Gambles,Female,kgamblesl3@bbb.org,550 550 9679
Jard,Cullingworth,Male,jcullingworthl4@state.tx.us,589 374 4425
Elisha,Cudiff,Female,ecudiffl5@photobucket.com,126 266 0445
Barret,Longcake,Male,blongcakel6@posterous.com,910 670 1587
Jere,Dredge,Female,jdredgel7@mapquest.com,726 916 6172
Den,Colliber,Male,dcolliberl8@usgs.gov,859 854 1506
Bonny,Ferandez,Female,bferandezl9@ning.com,451 800 5134
Shay,Glantz,Male,sglantzla@ebay.co.uk,578 334 0802
Trumaine,Demsey,Male,tdemseylb@creativecommons.org,479 649 5768
Krispin,Ronchka,Male,kronchkalc@storify.com,884 819 0400
Jammie,Frostdyke,Female,jfrostdykeld@bigcartel.com,443 112 8360
Mercie,Toohey,Female,mtooheyle@psu.edu,282 681 4190
Leela,Vashchenko,Non-binary,lvashchenkolf@amazon.com,492 697 0561
Damaris,Monday,Female,dmondaylg@ucoz.ru,229 408 4366
Catharina,Rockhill,Female,crockhilllh@example.com,684 923 8129
Rodi,Coultard,Female,rcoultardli@hatena.ne.jp,609 439 2270
Valeria,Carlisso,Genderqueer,vcarlissolj@yahoo.co.jp,164 486 8753
Portia,Paris,Female,pparislk@odnoklassniki.ru,676 546 0346
Dewey,Braunds,Male,dbraundsll@redcross.org,732 280 7739
Thaddus,Baudoux,Male,tbaudouxlm@istockphoto.com,937 443 2567
Guillemette,Alejandre,Female,galejandreln@aol.com,437 740 1906
Gregorio,Pembery,Male,gpemberylo@jalbum.net,400 843 0656
Randie,Robic,Female,rrobiclp@yellowpages.com,247 804 9080
Orv,Silbermann,Agender,osilbermannlq@spiegel.de,829 658 2866
Faulkner,Powles,Male,fpowleslr@elpais.com,931 208 6094
Genovera,Goozee,Female,ggoozeels@multiply.com,246 929 0092
Marice,Colleer,Female,mcolleerlt@imdb.com,124 479 1325
Jodie,Wetherald,Male,jwetheraldlu@ocn.ne.jp,303 283 9629
Wolf,Whittier,Male,wwhittierlv@reverbnation.com,151 839 8829
Lisle,Bines,Genderfluid,lbineslw@amazon.com,731 944 8934
Royal,West-Frimley,Male,rwestfrimleylx@amazonaws.com,740 831 9946
Kristos,Lorand,Genderqueer,klorandly@cisco.com,174 552 6508
Ford,McPartling,Male,fmcpartlinglz@msn.com,935 987 8559
Christel,Trimbey,Female,ctrimbeym0@fc2.com,926 579 9298
Cully,Bernhardsson,Genderqueer,cbernhardssonm1@cpanel.net,409 819 7611
Isador,Tanzer,Male,itanzerm2@spiegel.de,304 889 1448
Mary,MacLennan,Female,mmaclennanm3@howstuffworks.com,611 339 5029
Jessica,Manuele,Female,jmanuelem4@goo.gl,645 775 4499
Shayne,Whisby,Male,swhisbym5@wp.com,105 706 3338
Aharon,McSorley,Male,amcsorleym6@addthis.com,122 114 8860
Faye,Polle,Female,fpollem7@blog.com,874 710 6753
Breanne,Keddle,Female,bkeddlem8@cbslocal.com,417 872 9088
Mina,Careless,Female,mcarelessm9@mapy.cz,898 424 9210
Rowen,Hanselmann,Male,rhanselmannma@unesco.org,268 915 8406
Jay,Mulmuray,Non-binary,jmulmuraymb@nymag.com,811 695 2184
Maury,Toolin,Male,mtoolinmc@vistaprint.com,776 991 8939
Oswald,Haxley,Male,ohaxleymd@bluehost.com,854 322 3102
Norton,Wix,Male,nwixme@ustream.tv,101 365 8264
Peggy,Eingerfield,Female,peingerfieldmf@pinterest.com,845 136 3245
Fredelia,Kopje,Female,fkopjemg@gmpg.org,499 876 8497
Remington,O'dell,Male,rodellmh@ocn.ne.jp,115 287 8862
Renaldo,Crasswell,Male,rcrasswellmi@miibeian.gov.cn,572 927 2907
Sherm,Thorrold,Male,sthorroldmj@printfriendly.com,198 429 5470
Edwin,Norree,Male,enorreemk@delicious.com,728 440 5812
Caryl,Hendrichs,Female,chendrichsml@mayoclinic.com,893 648 0614
Aylmar,Yoslowitz,Polygender,ayoslowitzmm@desdev.cn,835 693 2284
Marten,Bugden,Male,mbugdenmn@nba.com,935 870 5413
Shir,Beaconsall,Female,sbeaconsallmo@hugedomains.com,916 287 2973
Cory,Gloyens,Male,cgloyensmp@hud.gov,585 677 7545
Abraham,Fiddymont,Male,afiddymontmq@zdnet.com,106 613 5091
Sigfrid,Clamo,Male,sclamomr@hao123.com,179 925 9672
Kacy,Duplock,Female,kduplockms@feedburner.com,218 263 3447
Ericha,Parlet,Female,eparletmt@yellowpages.com,105 926 8167
Almeda,Broadhead,Female,abroadheadmu@blogger.com,758 234 1899
Weston,Giacomelli,Male,wgiacomellimv@cornell.edu,830 398 2647
Lewes,Mancktelow,Male,lmancktelowmw@aol.com,477 267 1659
Tracee,Lyokhin,Genderqueer,tlyokhinmx@geocities.com,719 721 3460
Hayley,Kaplan,Agender,hkaplanmy@creativecommons.org,731 780 1399
Tami,Prazer,Female,tprazermz@noaa.gov,663 830 4940
Jannelle,Sukbhans,Female,jsukbhansn0@vkontakte.ru,209 408 0997
Licha,Rousell,Female,lrouselln1@pagesperso-orange.fr,794 758 3920
Witty,Liggett,Male,wliggettn2@google.com.br,997 590 8052
Orson,Pepi,Non-binary,opepin3@gravatar.com,292 408 0254
Melisent,Anlay,Female,manlayn4@yellowpages.com,100 771 9385
Ryley,Jasper,Male,rjaspern5@edublogs.org,214 138 1781
Bennett,Took,Male,btookn6@pcworld.com,702 275 3329
Deerdre,Branno,Female,dbrannon7@plala.or.jp,332 560 0931
Addy,Pickaver,Male,apickavern8@edublogs.org,917 485 2379
Antonetta,Mackstead,Female,amacksteadn9@goo.gl,619 471 4158
Elmo,Gelsthorpe,Male,egelsthorpena@ucoz.ru,265 665 1431
Marisa,Germaine,Female,mgermainenb@statcounter.com,884 459 7891
Hogan,Hawlgarth,Male,hhawlgarthnc@java.com,583 440 9871
Cassandre,Mabbot,Female,cmabbotnd@angelfire.com,577 436 2431
Ty,Keinrat,Male,tkeinratne@biblegateway.com,914 183 4820
Hercules,Du Fray,Male,hdufraynf@nymag.com,354 902 2122
Halie,Stogill,Female,hstogillng@dailymail.co.uk,432 367 5285
Vannie,Rive,Female,vrivenh@senate.gov,321 221 5777
Engracia,Mudge,Female,emudgeni@hud.gov,458 474 1479
Nady,Weld,Female,nweldnj@washington.edu,209 479 8918
Kaine,McGiff,Male,kmcgiffnk@xing.com,643 324 0737
Delbert,Pedrocchi,Male,dpedrocchinl@mac.com,515 544 9371
Sibilla,Huncoot,Female,shuncootnm@pcworld.com,306 591 9937
Herrick,Bytheway,Male,hbythewaynn@reverbnation.com,956 245 1877
Deb,Gruszka,Female,dgruszkano@drupal.org,526 278 6049
Melicent,Jeffreys,Female,mjeffreysnp@si.edu,992 870 6582
Gavin,Wetherell,Male,gwetherellnq@techcrunch.com,585 726 9135
Celestine,Bulcock,Female,cbulcocknr@oaic.gov.au,893 429 1132
Fernando,Scarlet,Male,fscarletns@google.com.au,305 849 6191
Weylin,Simioli,Male,wsimiolint@miitbeian.gov.cn,387 164 6776
Duane,Rossey,Male,drosseynu@nsw.gov.au,320 434 1525
Jaymie,Selwin,Bigender,jselwinnv@ftc.gov,589 145 2583
Emeline,Coultass,Female,ecoultassnw@vistaprint.com,806 948 0731
Jacynth,Ranken,Female,jrankennx@nytimes.com,505 647 6856
Aida,Pfeifer,Female,apfeiferny@opensource.org,295 104 4260
Malissa,Kulicke,Female,mkulickenz@odnoklassniki.ru,310 113 2826
Teodora,Alexandre,Female,talexandreo0@bbb.org,560 101 5928
Toby,Bryant,Male,tbryanto1@hud.gov,620 511 9988
Del,Tomblings,Genderqueer,dtomblingso2@dagondesign.com,711 888 3786
Christophorus,Burgen,Male,cburgeno3@loc.gov,779 379 6885
Cicely,Pally,Agender,cpallyo4@mediafire.com,348 328 9520
Odetta,Nickolls,Female,onickollso5@flavors.me,319 870 7817
Lurline,Burdekin,Female,lburdekino6@tripod.com,999 706 1939
Tilda,Zwicker,Female,tzwickero7@blog.com,880 729 3243
Elenore,Joskowicz,Female,ejoskowiczo8@businessweek.com,437 359 7911
Virge,Edelheid,Male,vedelheido9@scribd.com,655 718 5965
Ines,Keson,Female,ikesonoa@google.com.au,475 317 2261
Carina,Ridde,Female,criddeob@independent.co.uk,846 391 5177
Johannah,Spuffard,Female,jspuffardoc@surveymonkey.com,181 667 4147
Rafael,Jenney,Male,rjenneyod@foxnews.com,253 789 5960
Marcia,Lessmare,Female,mlessmareoe@ted.com,517 146 5968
Tiffani,Silverson,Female,tsilversonof@tmall.com,486 982 3060
Kimmi,Dewdney,Female,kdewdneyog@dailymail.co.uk,745 898 4892
Clifford,Mungane,Male,cmunganeoh@behance.net,136 856 6674
Janessa,Leel,Female,jleeloi@fc2.com,493 533 7425
Maxi,Duffitt,Female,mduffittoj@desdev.cn,178 935 9560
Locke,Welling,Male,lwellingok@so-net.ne.jp,458 477 1981
Jacynth,Spoure,Female,jspoureol@live.com,805 804 2489
Loren,Brayfield,Female,lbrayfieldom@macromedia.com,297 263 8641
Flint,Carden,Male,fcardenon@pbs.org,843 674 9589
Catarina,Tomaszczyk,Female,ctomaszczykoo@nba.com,502 756 6629
Ettie,Mulgrew,Female,emulgrewop@dailymotion.com,100 357 1886
Damaris,Riepel,Female,driepeloq@amazon.co.jp,343 146 9777
Hoebart,McCumesky,Male,hmccumeskyor@smh.com.au,926 452 2311
Reggy,Goldingay,Male,rgoldingayos@who.int,678 661 5183
Baird,Riguard,Male,briguardot@google.co.jp,259 134 6765
Harlin,Johannesson,Male,hjohannessonou@mapquest.com,808 129 0002
Gena,McCurt,Female,gmccurtov@hhs.gov,189 377 7387
Cindie,Cambden,Female,ccambdenow@photobucket.com,279 628 0510
Abelard,Youle,Male,ayouleox@msu.edu,595 618 0188
Ulrike,Duck,Female,uduckoy@ucoz.com,935 814 2424
Hewet,Bech,Male,hbechoz@wiley.com,256 677 5042
Chandal,Codner,Female,ccodnerp0@ca.gov,800 537 1835
Randolph,Presslie,Male,rpressliep1@infoseek.co.jp,794 408 5526
Kriste,Viel,Female,kvielp2@google.ru,956 820 8930
Vincent,Prince,Male,vprincep3@wordpress.org,926 316 2725
Isa,Buttwell,Male,ibuttwellp4@sciencedirect.com,837 476 2017
Mikel,Imlach,Male,mimlachp5@bloomberg.com,110 232 3705
Avram,Sudworth,Male,asudworthp6@icio.us,305 171 8008
Caddric,Plose,Male,cplosep7@businesswire.com,894 725 9256
Delainey,De Biasio,Male,ddebiasiop8@simplemachines.org,382 873 3055
Phelia,Everall,Female,peverallp9@rakuten.co.jp,771 680 2749
Libbey,Kenion,Female,lkenionpa@imgur.com,976 365 2620
Olimpia,Learie,Female,oleariepb@techcrunch.com,914 230 2291
Ade,Scneider,Male,ascneiderpc@clickbank.net,611 877 1842
Rogers,Camps,Polygender,rcampspd@weibo.com,418 621 5414
Delmore,Cantua,Male,dcantuape@yelp.com,241 315 4531
Morten,Blaszczyk,Male,mblaszczykpf@home.pl,420 552 6284
Alberto,Maron,Male,amaronpg@youtu.be,703 267 7246
Earlie,Clayden,Male,eclaydenph@hao123.com,441 831 6438
Denice,Espinas,Female,despinaspi@facebook.com,291 365 0573
Dominick,Dumphy,Male,ddumphypj@phoca.cz,384 231 0151
Jerald,Morse,Male,jmorsepk@cloudflare.com,626 695 7370
Bertina,McCurtain,Bigender,bmccurtainpl@opera.com,243 844 5460
Nessi,Loddon,Female,nloddonpm@baidu.com,521 969 3921
Deedee,Witherspoon,Female,dwitherspoonpn@wiley.com,750 612 1907
Selig,Stops,Male,sstopspo@is.gd,257 583 7013
Jedd,Aggio,Male,jaggiopp@linkedin.com,385 269 4129
Normy,Willicott,Male,nwillicottpq@wordpress.com,426 741 8739
Sofie,Hultberg,Female,shultbergpr@hibu.com,819 398 2583
Harmony,Wyndham,Bigender,hwyndhamps@gmpg.org,829 669 6860
Rick,Dunguy,Male,rdunguypt@bbb.org,272 715 4086
Rodrick,Lodwig,Male,rlodwigpu@nyu.edu,329 101 0591
Bernardo,McRobbie,Genderfluid,bmcrobbiepv@skyrock.com,242 515 0167
Michaelina,Cunio,Female,mcuniopw@fda.gov,312 984 8515
Nicolis,Keld,Male,nkeldpx@ocn.ne.jp,402 649 8098
Elfreda,Sandwich,Female,esandwichpy@house.gov,228 177 7015
Zebulon,Kingsnorth,Non-binary,zkingsnorthpz@so-net.ne.jp,511 718 5375
Kandy,Dannel,Female,kdannelq0@paypal.com,732 265 1530
Shem,Blackstone,Male,sblackstoneq1@arizona.edu,438 466 5761
Rurik,Cleland,Male,rclelandq2@nps.gov,989 623 5930
Mureil,Fairbourn,Female,mfairbournq3@ed.gov,440 343 7799
Jobie,Antonelli,Genderqueer,jantonelliq4@mlb.com,632 723 9458
Tamarra,Benit,Agender,tbenitq5@archive.org,106 772 1129
Bronnie,Van Leeuwen,Male,bvanleeuwenq6@ihg.com,274 725 9237
Eamon,Bartlomiej,Male,ebartlomiejq7@dedecms.com,609 167 4401
Elfrieda,Fullager,Female,efullagerq8@slideshare.net,573 771 8620
Beatrice,Schubert,Female,bschubertq9@discuz.net,243 964 4529
Hephzibah,Weakley,Female,hweakleyqa@toplist.cz,224 276 3550
Eadmund,Fihelly,Male,efihellyqb@yelp.com,695 151 2874
Fanni,Goodlife,Female,fgoodlifeqc@zdnet.com,980 464 2752
Lucina,Shemilt,Female,lshemiltqd@posterous.com,179 695 4964
Eleonore,Broy,Female,ebroyqe@about.com,933 375 8230
Cletus,Brainsby,Male,cbrainsbyqf@trellian.com,761 905 8335
Ingrim,Biddle,Male,ibiddleqg@macromedia.com,581 756 4828
Netty,McFetridge,Agender,nmcfetridgeqh@goo.gl,613 775 2939
Charity,Pluthero,Female,cplutheroqi@miitbeian.gov.cn,843 266 9403
Shannen,Rushbrook,Female,srushbrookqj@ox.ac.uk,937 764 1066
Helen-elizabeth,Downs,Female,hdownsqk@nbcnews.com,318 623 6195
Edwina,Lloyd,Female,elloydql@kickstarter.com,814 920 5161
Rona,Hachard,Female,rhachardqm@dailymotion.com,931 206 7282
Aleta,Kissack,Genderqueer,akissackqn@ifeng.com,965 331 4819
Louisette,Williamson,Female,lwilliamsonqo@archive.org,101 965 8732
Vere,Anselmi,Genderfluid,vanselmiqp@oaic.gov.au,157 108 6808
Lora,Illidge,Female,lillidgeqq@sphinn.com,801 589 5719
Maure,Teideman,Female,mteidemanqr@simplemachines.org,328 540 6917
Camila,Malby,Female,cmalbyqs@discuz.net,838 260 4329
Roger,Berrington,Male,rberringtonqt@microsoft.com,921 228 6306
Tadeo,Praundlin,Male,tpraundlinqu@clickbank.net,287 156 3737
Sonnnie,Cheeke,Female,scheekeqv@nps.gov,634 122 9864
Welbie,Dockerty,Male,wdockertyqw@hud.gov,995 888 8666
Wayland,Gorthy,Male,wgorthyqx@artisteer.com,926 160 4653
Alysa,Wheildon,Female,awheildonqy@printfriendly.com,300 349 2125
Vivyan,Cochrane,Female,vcochraneqz@cnet.com,168 741 1563
Alfredo,Emmert,Male,aemmertr0@cpanel.net,316 621 2712
Gibb,Shutler,Male,gshutlerr1@wp.com,477 192 5535
Chicky,Le Moucheux,Male,clemoucheuxr2@examiner.com,648 224 3885
Tarrance,Cleever,Male,tcleeverr3@acquirethisname.com,610 440 5558
Carny,Asee,Male,caseer4@cisco.com,250 694 7017
Ula,Trumper,Genderqueer,utrumperr5@berkeley.edu,867 943 1882
Cthrine,Balsellie,Female,cbalsellier6@sciencedirect.com,621 559 2534
Tiebold,Isacq,Male,tisacqr7@comsenz.com,814 753 9711
Rolf,Quodling,Male,rquodlingr8@jiathis.com,826 239 6768
Clevie,Richardon,Male,crichardonr9@meetup.com,279 122 2040
Marika,Ure,Female,murera@flavors.me,900 564 7229
Valida,Bulluck,Female,vbulluckrb@chronoengine.com,226 282 4601
Jaymee,Patriskson,Female,jpatrisksonrc@yale.edu,519 789 9188
Amery,Blare,Male,ablarerd@ifeng.com,871 862 5864
Harmony,Ciottoi,Female,hciottoire@cargocollective.com,705 832 5457
Tessy,Clymer,Female,tclymerrf@yellowbook.com,536 480 5467
Katlin,Heningam,Female,kheningamrg@usda.gov,696 416 6637
Cindi,Gillivrie,Female,cgillivrierh@state.gov,212 328 5346
Valdemar,Curnnokk,Male,vcurnnokkri@youtube.com,947 125 1189
Gale,Ackenson,Male,gackensonrj@yellowbook.com,907 591 3401
Helga,Lenton,Female,hlentonrk@shutterfly.com,363 118 8973
Valaree,Cradock,Female,vcradockrl@disqus.com,115 146 1423
Perri,Litton,Polygender,plittonrm@mozilla.com,193 337 1872
Tisha,McCarty,Female,tmccartyrn@bbb.org,130 731 3200
Calhoun,Crangle,Genderqueer,ccranglero@blog.com,333 562 6797
Poul,Rentalll,Male,prentalllrp@artisteer.com,506 384 6569
Pegeen,Tabner,Female,ptabnerrq@clickbank.net,397 425 1951
Guendolen,Pordall,Female,gpordallrr@google.fr,963 947 8202
