first_name,last_name,gender,email,phone
Reginauld,Maffioni,Male,rmaffioni0@behance.net,679 199 4399
Anneliese,Bassill,Female,abassill1@aol.com,907 716 2799
Lester,O' Flaherty,Male,loflaherty2@upenn.edu,117 515 3448
Danny,Klimontovich,Male,dklimontovich3@domainmarket.com,307 305 3130
Renato,Jaffray,Male,rjaffray4@npr.org,543 311 5305
Rex,Sictornes,Male,rsictornes5@nhs.uk,345 530 3953
Sidonia,Joisce,Female,sjoisce6@amazon.co.uk,321 934 7903
Emalia,Berns,Female,eberns7@europa.eu,954 104 4218
Carlen,Kerner,Female,ckerner8@who.int,643 296 1220
Ronda,Sloane,Female,rsloane9@360.cn,428 281 6970
Mirabella,Schwandermann,Female,mschwandermanna@weebly.com,701 523 1010
Allyce,Danby,Female,adanbyb@gizmodo.com,272 408 9377
Cello,Letterick,Male,cletterickc@altervista.org,190 312 7901
Stella,Rutherford,Female,srutherfordd@admin.ch,239 269 5102
Bennie,Sach,Male,bsache@ebay.com,176 492 4862
Sari,Howsden,Female,showsdenf@artisteer.com,895 949 2144
Laughton,Backs,Male,lbacksg@bing.com,474 342 5063
Catharina,Lapslie,Female,clapslieh@jiathis.com,239 680 0239
Lyndell,Cheatle,Female,lcheatlei@blog.com,863 242 5092
Roobbie,Pengelley,Female,rpengelleyj@bbc.co.uk,699 624 5617
Urbano,Pendrid,Male,upendridk@google.es,975 320 9582
Maddy,Ughini,Male,mughinil@cdbaby.com,656 899 8166
Gav,Elderbrant,Male,gelderbrantm@amazon.de,327 121 2418
Dorree,Cheston,Female,dchestonn@tamu.edu,660 340 2336
Theresita,Cockley,Female,tcockleyo@walmart.com,815 594 9749
Diarmid,Valentine,Male,dvalentinep@deliciousdays.com,518 107 6974
Sandra,Coche,Female,scocheq@bbc.co.uk,959 628 2049
Lindsay,Larderot,Female,llarderotr@reverbnation.com,202 533 7664
Patin,Kilfeder,Male,pkilfeders@webeden.co.uk,339 345 7535
Morse,Simnell,Genderqueer,msimnellt@mail.ru,952 273 1616
Laurie,Malins,Male,lmalinsu@businesswire.com,176 353 2381
Claudius,Domeny,Male,cdomenyv@jalbum.net,256 498 1881
Mikol,Rhule,Male,mrhulew@unesco.org,247 750 3191
Northrup,McMenamin,Bigender,nmcmenaminx@taobao.com,419 809 0147
Ursula,Tumbelty,Genderqueer,utumbeltyy@networksolutions.com,821 190 8909
Cobb,Illston,Male,cillstonz@google.com.hk,871 219 6421
Eddie,Dyott,Male,edyott10@miibeian.gov.cn,558 536 6416
Godiva,Snyder,Female,gsnyder11@indiegogo.com,130 727 4193
Pavia,Basterfield,Female,pbasterfield12@sciencedirect.com,802 550 4100
Nyssa,Keneford,Female,nkeneford13@artisteer.com,979 206 0808
Nevins,Lattie,Male,nlattie14@posterous.com,860 572 6700
Karly,Yvens,Female,kyvens15@rambler.ru,764 227 9276
Saundra,Gomby,Male,sgomby16@prlog.org,864 125 8853
Sid,Diben,Male,sdiben17@techcrunch.com,529 513 6078
Annis,Eskell,Female,aeskell18@nyu.edu,473 903 9938
Stevana,Belding,Female,sbelding19@miitbeian.gov.cn,435 171 8323
Noel,Boshell,Male,nboshell1a@va.gov,280 275 3063
Clim,Folca,Male,cfolca1b@gmpg.org,874 315 3725
Sigismundo,Breeds,Male,sbreeds1c@barnesandnoble.com,768 584 8798
Davie,Deniscke,Male,ddeniscke1d@phpbb.com,863 323 4670
Becki,Tolworth,Female,btolworth1e@yelp.com,849 947 0666
Glendon,Dinning,Male,gdinning1f@psu.edu,648 379 0147
Blancha,Saer,Female,bsaer1g@tinypic.com,189 970 7725
Billy,Rickcord,Female,brickcord1h@harvard.edu,637 208 3520
Stacee,Pennuzzi,Polygender,spennuzzi1i@ucoz.ru,345 559 6668
Marylou,Dalglish,Female,mdalglish1j@g.co,170 705 5505
Gregoire,Benedek,Male,gbenedek1k@pcworld.com,108 760 2079
Del,Buske,Male,dbuske1l@purevolume.com,662 532 2422
Lauretta,Humes,Female,lhumes1m@statcounter.com,539 170 4283
Arabella,Mc Corley,Female,amccorley1n@purevolume.com,715 703 5835
Alexandre,Roches,Male,aroches1o@dmoz.org,513 257 3184
Marcel,Baike,Male,mbaike1p@blogspot.com,670 682 9288
Wolfie,Hun,Agender,whun1q@bloglines.com,919 591 5707
Sib,Roderham,Female,sroderham1r@toplist.cz,962 470 8755
Patrick,D'Aeth,Male,pdaeth1s@patch.com,975 306 1234
Rollins,Gauld,Male,rgauld1t@go.com,986 285 2238
Raynell,Greetham,Non-binary,rgreetham1u@list-manage.com,841 139 9454
Christy,Clausson,Female,cclausson1v@mediafire.com,480 865 8154
Yvon,McGooch,Male,ymcgooch1w@sciencedirect.com,857 319 9800
Ana,Bibbie,Female,abibbie1x@pen.io,809 994 0596
Guy,Elcocks,Male,gelcocks1y@patch.com,501 233 0201
Georgy,Pashbee,Male,gpashbee1z@dyndns.org,373 507 4583
Hugues,Duckett,Male,hduckett20@nature.com,277 434 8463
Kathe,Sproston,Female,ksproston21@telegraph.co.uk,363 676 5549
Koralle,Holworth,Female,kholworth22@bluehost.com,799 837 6068
Lishe,Kenrick,Genderfluid,lkenrick23@ed.gov,108 313 3479
Claudian,Gorghetto,Male,cgorghetto24@wix.com,209 834 2207
Rowan,Brightling,Male,rbrightling25@washington.edu,408 439 6644
Ortensia,Rathke,Female,orathke26@networkadvertising.org,541 867 6343
Doreen,Lapslie,Female,dlapslie27@1688.com,778 640 0667
Joey,Lalevee,Agender,jlalevee28@msn.com,911 118 9896
Catherin,Biaggetti,Female,cbiaggetti29@ustream.tv,714 551 2419
Kiel,Bloxam,Male,kbloxam2a@bloglines.com,928 188 4732
Joye,Copnall,Agender,jcopnall2b@prlog.org,169 316 3774
Randi,Janowicz,Bigender,rjanowicz2c@japanpost.jp,186 472 4668
Ira,Feltoe,Female,ifeltoe2d@mozilla.com,339 639 3650
Roddy,Berk,Male,rberk2e@army.mil,439 183 3009
Tabbie,Kieff,Agender,tkieff2f@mit.edu,580 359 9921
Hildagard,Jouanot,Female,hjouanot2g@ibm.com,116 333 7924
Allix,O'Cahey,Female,aocahey2h@jugem.jp,554 215 9199
Cary,Jerdon,Male,cjerdon2i@tuttocitta.it,395 655 7441
Saraann,Juliano,Female,sjuliano2j@sfgate.com,750 222 9280
Base,Dene,Male,bdene2k@unblog.fr,239 439 2182
Merrie,Slowly,Female,mslowly2l@twitpic.com,483 536 5622
Sam,Rutherfoord,Female,srutherfoord2m@umich.edu,777 998 6098
Gris,Blowick,Non-binary,gblowick2n@hexun.com,977 393 1332
Lorenza,Danieli,Female,ldanieli2o@storify.com,702 920 7120
Robinson,Curtain,Male,rcurtain2p@examiner.com,998 161 4080
Brice,Degoe,Male,bdegoe2q@t-online.de,654 960 9049
Gunter,O'Dee,Bigender,godee2r@state.gov,326 775 0096
Joellen,Woolnough,Female,jwoolnough2s@simplemachines.org,913 499 5631
Theodoric,Bach,Genderqueer,tbach2t@buzzfeed.com,473 221 3333
Kesley,Arpino,Female,karpino2u@naver.com,858 999 7003
Briana,Bedinn,Female,bbedinn2v@tamu.edu,545 849 1855
Geoffry,Clamp,Male,gclamp2w@surveymonkey.com,304 994 5815
Lian,Goldston,Female,lgoldston2x@nationalgeographic.com,458 373 2141
Ricoriki,Muddicliffe,Male,rmuddicliffe2y@addthis.com,210 376 4513
Cobb,Persitt,Male,cpersitt2z@google.de,566 823 5703
Lowrance,Woolstenholmes,Male,lwoolstenholmes30@yellowpages.com,625 594 7145
Wang,Chattey,Male,wchattey31@wisc.edu,842 137 3366
Raine,Silson,Female,rsilson32@wikimedia.org,364 527 0848
Aland,Gynn,Male,agynn33@ucoz.ru,458 952 7002
Chastity,Wandrach,Female,cwandrach34@miitbeian.gov.cn,829 510 5607
Noah,Leber,Male,nleber35@gov.uk,664 488 3279
Shannen,Haslum,Female,shaslum36@ocn.ne.jp,728 563 5518
Sherie,Briston,Female,sbriston37@t.co,518 868 9013
Merissa,Pendlington,Female,mpendlington38@squarespace.com,759 568 4462
Mallory,Simenot,Female,msimenot39@amazonaws.com,360 285 9156
Trevor,Moye,Male,tmoye3a@indiatimes.com,411 330 4052
Dacey,Lanfear,Female,dlanfear3b@fc2.com,979 628 4152
Palmer,Roobottom,Male,proobottom3c@imdb.com,826 850 2867
Wilmer,Verbruggen,Male,wverbruggen3d@dion.ne.jp,554 969 5891
Clarice,Dayne,Female,cdayne3e@reference.com,891 937 5119
Chilton,Braferton,Male,cbraferton3f@wikia.com,290 234 3282
Julee,McGeffen,Genderqueer,jmcgeffen3g@mayoclinic.com,876 189 4319
Nonnah,Radley,Female,nradley3h@diigo.com,494 558 7275
Angelita,Shead,Female,ashead3i@blogs.com,140 820 2594
Wolfy,Farbrother,Male,wfarbrother3j@t-online.de,611 780 0500
Melita,Frizell,Female,mfrizell3k@youtube.com,807 442 1186
Dino,Astbery,Male,dastbery3l@1688.com,448 507 9644
Daryl,Fripps,Genderqueer,dfripps3m@soundcloud.com,798 784 7184
Adriaens,Filochov,Female,afilochov3n@wikia.com,640 534 8973
Dyann,Scane,Female,dscane3o@ebay.com,562 789 0268
Ulrick,Hadye,Male,uhadye3p@statcounter.com,474 583 8803
Paulie,Stebbin,Male,pstebbin3q@mlb.com,283 867 8766
Lannie,MacKaig,Bigender,lmackaig3r@whitehouse.gov,868 843 2833
Bellina,Iddenden,Female,biddenden3s@instagram.com,720 188 4978
Victoria,Huchot,Female,vhuchot3t@hibu.com,603 687 5242
Gaylene,Segeswoeth,Female,gsegeswoeth3u@dyndns.org,246 528 9819
Almeda,Swinglehurst,Female,aswinglehurst3v@cnbc.com,690 476 3094
Hugo,Leopard,Male,hleopard3w@whitehouse.gov,287 274 7245
Elihu,Clemow,Male,eclemow3x@economist.com,745 849 9882
Adelle,Blasiak,Female,ablasiak3y@stumbleupon.com,455 990 4291
Matelda,Bodley,Female,mbodley3z@bbb.org,849 901 7088
Welbie,Reggiani,Male,wreggiani40@jiathis.com,864 147 5265
Dodi,Birtchnell,Female,dbirtchnell41@cbc.ca,294 605 5937
Kathryn,Lawlor,Female,klawlor42@digg.com,401 479 2056
Belvia,Renhard,Female,brenhard43@usatoday.com,197 888 0401
Bernie,Gobel,Male,bgobel44@1688.com,114 593 4473
Obadias,Paulin,Male,opaulin45@weibo.com,645 149 9811
Tadeas,Blackborn,Agender,tblackborn46@bing.com,666 897 0381
Cobb,Elph,Male,celph47@icq.com,197 353 2118
Jedd,Hadlington,Male,jhadlington48@ebay.co.uk,302 451 6509
Junia,Everington,Female,jeverington49@businessinsider.com,121 452 9843
Manya,Harsnep,Female,mharsnep4a@accuweather.com,206 936 8925
Lorna,Velte,Female,lvelte4b@1688.com,273 590 8264
Adelle,Leng,Female,aleng4c@illinois.edu,575 530 0308
Hashim,Bettis,Male,hbettis4d@bing.com,993 911 5797
Astra,Scneider,Female,ascneider4e@dion.ne.jp,896 360 6171
Bettine,Dyka,Female,bdyka4f@ed.gov,435 643 6672
Oliver,Sauter,Male,osauter4g@ocn.ne.jp,499 505 8658
Vinny,Ashwell,Female,vashwell4h@un.org,884 516 7974
Caitrin,Toderi,Bigender,ctoderi4i@columbia.edu,631 134 2144
Lucien,Peinton,Male,lpeinton4j@ibm.com,270 573 8621
Juliann,Wakeman,Female,jwakeman4k@icq.com,121 878 6128
Belinda,Beamond,Female,bbeamond4l@imageshack.us,369 460 3678
Mickey,Izen,Male,mizen4m@feedburner.com,616 186 6568
Alfons,Matresse,Male,amatresse4n@sciencedirect.com,385 440 2944
Storm,De Brett,Female,sdebrett4o@blogtalkradio.com,330 603 6724
Mathian,Spriggs,Male,mspriggs4p@army.mil,973 380 4732
Buiron,Westcar,Male,bwestcar4q@about.me,942 246 7497
Alfi,Leaves,Female,aleaves4r@telegraph.co.uk,499 149 2682
Tasha,Farnworth,Female,tfarnworth4s@amazon.com,953 730 9695
Ariel,Kilmister,Female,akilmister4t@canalblog.com,142 970 8292
Vladamir,Kneebone,Male,vkneebone4u@ameblo.jp,237 252 1579
Kingsley,Maguire,Male,kmaguire4v@godaddy.com,471 255 5895
Cloe,Briddle,Polygender,cbriddle4w@prlog.org,525 223 2197
Zane,Orringe,Male,zorringe4x@t-online.de,214 611 8572
Clerissa,Gerok,Female,cgerok4y@mac.com,508 986 1610
Ardra,Harkin,Female,aharkin4z@state.gov,120 530 4533
Nell,Cherryman,Genderfluid,ncherryman50@hao123.com,985 793 4758
Wendeline,Spendlove,Female,wspendlove51@exblog.jp,938 629 7348
Bianka,Borham,Female,bborham52@cbc.ca,554 917 1380
Sterling,Juorio,Bigender,sjuorio53@noaa.gov,552 671 6861
Penelopa,Bineham,Female,pbineham54@cnet.com,813 171 7185
Zara,Balleine,Female,zballeine55@parallels.com,967 726 9456
Arnaldo,Bauer,Male,abauer56@mashable.com,437 930 6896
Edi,Murby,Female,emurby57@psu.edu,210 911 0291
Calv,Hill,Male,chill58@japanpost.jp,431 663 3441
Erina,Melesk,Female,emelesk59@miitbeian.gov.cn,191 177 7773
Yvon,Pitcher,Genderfluid,ypitcher5a@addthis.com,470 415 2007
Elnora,Crosse,Bigender,ecrosse5b@cbsnews.com,683 522 0917
Udale,Walklott,Genderqueer,uwalklott5c@merriam-webster.com,346 558 3557
Jana,Keyser,Genderfluid,jkeyser5d@issuu.com,939 365 0779
Ginelle,Delves,Female,gdelves5e@cisco.com,543 572 7057
Iago,McCoughan,Male,imccoughan5f@miibeian.gov.cn,907 408 9491
Bastien,Shurey,Male,bshurey5g@yelp.com,998 272 0484
Glenn,Fearick,Female,gfearick5h@dropbox.com,755 412 4312
Mari,Lothean,Female,mlothean5i@apple.com,917 361 1948
Paulo,Dowse,Male,pdowse5j@twitter.com,592 986 4629
Gaby,Bernini,Male,gbernini5k@newsvine.com,166 631 6216
Cyndi,Howship,Female,chowship5l@histats.com,979 817 3208
Nil,Syrett,Male,nsyrett5m@ebay.com,409 506 0215
Nickolaus,Shotter,Male,nshotter5n@bloomberg.com,208 215 6229
Rand,Mowsley,Male,rmowsley5o@wunderground.com,639 158 2573
Arney,Kuzemka,Male,akuzemka5p@purevolume.com,921 586 8063
Rawley,Maylard,Male,rmaylard5q@techcrunch.com,959 903 4967
Erina,Anthoine,Female,eanthoine5r@tinypic.com,976 831 9896
Beryl,Paolozzi,Female,bpaolozzi5s@umich.edu,193 178 2073
Ellerey,Swindell,Non-binary,eswindell5t@newsvine.com,125 772 7202
Vincent,Salkeld,Male,vsalkeld5u@cbslocal.com,876 195 8836
Kathie,Griffe,Female,kgriffe5v@delicious.com,800 287 1251
Thaddus,Walwood,Male,twalwood5w@prnewswire.com,171 793 7826
Aimee,Quainton,Female,aquainton5x@elpais.com,512 512 7166
Hedwig,Pankettman,Female,hpankettman5y@samsung.com,856 589 2931
Armstrong,Grogono,Male,agrogono5z@answers.com,126 993 1541
Joachim,Verna,Male,jverna60@devhub.com,652 920 2267
Cesare,Lyons,Male,clyons61@rakuten.co.jp,523 154 2343
Jobye,Pantlin,Female,jpantlin62@engadget.com,838 400 9922
Axel,Balser,Male,abalser63@yellowbook.com,689 186 3614
Donovan,Boij,Male,dboij64@columbia.edu,560 821 6494
Lanette,Prowse,Female,lprowse65@google.cn,457 843 4517
Tyson,Greatbank,Male,tgreatbank66@constantcontact.com,894 846 7594
Nobie,Rivalant,Male,nrivalant67@foxnews.com,528 726 2956
Etienne,Kernell,Male,ekernell68@icio.us,663 776 2072
Babara,Lafflin,Female,blafflin69@microsoft.com,758 317 9561
Geordie,Hansel,Male,ghansel6a@dell.com,162 707 8115
Bevon,Isbell,Male,bisbell6b@ed.gov,777 971 3914
Eward,Gottschalk,Male,egottschalk6c@opensource.org,182 992 5583
Shandy,Sutliff,Female,ssutliff6d@list-manage.com,158 386 5710
Carolina,Brenton,Female,cbrenton6e@barnesandnoble.com,473 808 2208
Randie,Shapcote,Bigender,rshapcote6f@csmonitor.com,566 314 6488
Tracey,Edbrooke,Male,tedbrooke6g@pagesperso-orange.fr,505 221 7257
Rosalyn,Oakeby,Female,roakeby6h@youtube.com,630 888 1934
Donia,Greenside,Female,dgreenside6i@ucsd.edu,491 949 0874
Maren,Bleacher,Female,mbleacher6j@economist.com,232 934 6648
Klara,Bottrill,Female,kbottrill6k@ucla.edu,298 352 1380
Nikolaus,Tubritt,Male,ntubritt6l@pbs.org,361 597 9020
Jorey,Hainning,Genderqueer,jhainning6m@sogou.com,390 601 5503
Byrle,Kemetz,Male,bkemetz6n@cnn.com,787 322 0885
Ebeneser,McTrustram,Male,emctrustram6o@bloglovin.com,733 441 4330
Carter,Dewick,Male,cdewick6p@pen.io,131 163 7350
Onida,Mobbs,Female,omobbs6q@wp.com,433 965 2296
Rickie,Jamrowicz,Male,rjamrowicz6r@google.com.hk,682 613 9767
Hercules,Lamminam,Male,hlamminam6s@cornell.edu,855 157 0386
Godfrey,Jose,Male,gjose6t@hibu.com,864 800 3232
Vera,Saffen,Female,vsaffen6u@bandcamp.com,366 781 9840
Milzie,Farey,Female,mfarey6v@disqus.com,665 968 4896
Astra,Lindl,Female,alindl6w@reddit.com,254 393 6208
Urban,Chappelow,Male,uchappelow6x@rambler.ru,312 825 5271
Chanda,Worham,Female,cworham6y@princeton.edu,293 700 3459
Kane,Martinho,Male,kmartinho6z@blogs.com,216 552 8636
Aldric,Rigler,Male,arigler70@berkeley.edu,966 682 9870
Liv,Mapham,Female,lmapham71@biblegateway.com,544 722 6925
Leda,Raylton,Female,lraylton72@google.com,414 475 6669
Zondra,Tamlett,Bigender,ztamlett73@newsvine.com,742 118 4521
Bryana,Harbord,Female,bharbord74@naver.com,403 394 2283
Renata,Robke,Female,rrobke75@who.int,846 492 4059
Chrissy,Temby,Male,ctemby76@indiatimes.com,516 991 6741
Drucill,Narup,Female,dnarup77@un.org,340 360 0228
Colver,Harrop,Male,charrop78@studiopress.com,788 330 4369
Louella,Wiltshire,Female,lwiltshire79@blogtalkradio.com,795 176 9718
Freeland,Luckman,Male,fluckman7a@uiuc.edu,571 639 1682
Kevin,Falvey,Male,kfalvey7b@go.com,641 130 9360
Prentiss,Robers,Male,probers7c@boston.com,153 320 5307
Aldis,Lensch,Male,alensch7d@exblog.jp,375 995 4960
Esra,Deveraux,Male,edeveraux7e@gizmodo.com,738 983 8992
Marion,Southard,Male,msouthard7f@hexun.com,740 750 6152
Geoffrey,Dederick,Male,gdederick7g@elpais.com,272 468 4379
Raymond,Papes,Male,rpapes7h@icq.com,982 503 2646
Lawrence,Lammin,Male,llammin7i@devhub.com,607 249 2172
Aarika,Manuele,Female,amanuele7j@youtu.be,494 481 5789
Emelia,Sherwyn,Female,esherwyn7k@photobucket.com,684 211 0006
Rafaellle,Dungey,Male,rdungey7l@histats.com,423 994 8606
Keen,Duckinfield,Male,kduckinfield7m@sogou.com,212 450 6915
Tanhya,Matushenko,Female,tmatushenko7n@harvard.edu,658 936 1031
Bobbe,Jasiak,Non-binary,bjasiak7o@gov.uk,208 375 5268
Faith,MacMurray,Bigender,fmacmurray7p@smh.com.au,175 226 8357
Baily,Swannell,Male,bswannell7q@cargocollective.com,575 270 4237
Paige,Bleakman,Genderfluid,pbleakman7r@hibu.com,135 887 5595
Morgen,Folkes,Female,mfolkes7s@omniture.com,332 824 0885
Pierce,Schukert,Male,pschukert7t@marketwatch.com,857 179 3629
Daren,Roelofs,Male,droelofs7u@webmd.com,830 479 4176
Jillana,Tabourel,Genderqueer,jtabourel7v@google.co.uk,493 370 4944
Tracey,Bromwich,Male,tbromwich7w@technorati.com,146 928 8650
Tracy,Canas,Female,tcanas7x@fda.gov,812 326 9388
Stepha,Goreisr,Female,sgoreisr7y@un.org,402 994 0512
Travers,Hencke,Genderfluid,thencke7z@patch.com,950 251 3602
Mitchael,Mosedale,Male,mmosedale80@lulu.com,791 814 2348
Les,Bentzen,Male,lbentzen81@ox.ac.uk,779 815 8332
Carine,Foye,Female,cfoye82@si.edu,814 763 9791
Juieta,Sloy,Female,jsloy83@theatlantic.com,633 569 2181
Katheryn,Sancto,Female,ksancto84@clickbank.net,308 775 1444
Lonnie,Nettles,Female,lnettles85@weather.com,890 455 4852
Hank,Odda,Male,hodda86@bloomberg.com,269 262 1408
Lev,Guiet,Male,lguiet87@techcrunch.com,702 706 4674
Aretha,Heffy,Female,aheffy88@foxnews.com,647 681 3310
Vyky,Sissens,Genderfluid,vsissens89@blogs.com,270 421 2433
Cherish,Copelli,Female,ccopelli8a@ca.gov,869 183 3052
Yuri,Slate,Male,yslate8b@yellowpages.com,955 471 6611
Cozmo,Mc Queen,Male,cmcqueen8c@springer.com,645 772 3659
Inger,Jellybrand,Genderqueer,ijellybrand8d@posterous.com,999 982 0332
Bernadine,Antushev,Female,bantushev8e@naver.com,320 465 1357
Mauricio,Ovenden,Male,movenden8f@sina.com.cn,341 271 6523
Rurik,Backson,Male,rbackson8g@shareasale.com,295 133 5697
Tove,Brobeck,Female,tbrobeck8h@go.com,737 488 8376
Roma,Lamball,Male,rlamball8i@imgur.com,489 569 0047
Goddard,Lynett,Male,glynett8j@utexas.edu,829 221 3206
Chadwick,McCleod,Male,cmccleod8k@state.gov,503 927 0612
Talbot,Vanne,Male,tvanne8l@youku.com,572 218 9519
Kessia,Folini,Female,kfolini8m@stanford.edu,265 243 4043
Stevena,Klinck,Non-binary,sklinck8n@indiegogo.com,437 966 2723
Margareta,Florez,Female,mflorez8o@fda.gov,722 988 8749
Bertine,Yair,Female,byair8p@naver.com,702 248 0803
Tonnie,Passman,Non-binary,tpassman8q@oracle.com,372 189 9412
Farlay,Rudeyeard,Male,frudeyeard8r@wikipedia.org,432 393 6073
Angelo,Fritchley,Male,afritchley8s@statcounter.com,870 100 2305
Kakalina,Yes,Genderqueer,kyes8t@cdc.gov,854 844 4101
Thomas,Harman,Male,tharman8u@va.gov,453 615 2045
Simona,Albasiny,Female,salbasiny8v@indiegogo.com,370 137 6429
Alister,Waything,Male,awaything8w@phoca.cz,264 384 1512
Dewie,Smeuin,Male,dsmeuin8x@dailymail.co.uk,143 835 0268
Bar,Liddicoat,Male,bliddicoat8y@networkadvertising.org,420 578 9279
Kameko,Forrester,Female,kforrester8z@github.com,639 411 4027
Karlen,Lasslett,Female,klasslett90@technorati.com,528 979 2647
Hillyer,Demchen,Male,hdemchen91@scribd.com,218 619 0299
Bogart,Meere,Male,bmeere92@jimdo.com,610 714 4021
Ingrid,Pointing,Female,ipointing93@google.de,718 139 1052
Maureene,Emmerson,Female,memmerson94@bloglovin.com,914 218 3343
Kristien,Fairbourn,Female,kfairbourn95@stanford.edu,306 971 6757
Ciro,Empringham,Male,cempringham96@princeton.edu,522 488 2328
Martyn,Licciardello,Male,mlicciardello97@myspace.com,401 839 0940
Magnum,Miettinen,Male,mmiettinen98@fotki.com,851 610 5671
Shaun,Roderham,Male,sroderham99@theglobeandmail.com,833 501 5381
Mora,Airlie,Female,mairlie9a@weibo.com,368 739 4943
Henryetta,Upham,Female,hupham9b@vkontakte.ru,534 597 1220
Link,Corrington,Male,lcorrington9c@cam.ac.uk,442 168 0102
Thatcher,Petkov,Non-binary,tpetkov9d@moonfruit.com,611 893 0253
Eva,Caizley,Genderqueer,ecaizley9e@themeforest.net,750 691 7371
Rafi,Mellem,Non-binary,rmellem9f@phoca.cz,392 337 3436
Nichole,Halso,Male,nhalso9g@businessinsider.com,276 147 2698
Johnathan,Skedge,Male,jskedge9h@multiply.com,518 701 0304
Lishe,Jocic,Polygender,ljocic9i@illinois.edu,567 497 9289
Erny,Marc,Polygender,emarc9j@cnbc.com,346 566 1218
Karie,Ramsdell,Non-binary,kramsdell9k@odnoklassniki.ru,687 499 7908
Nadine,M'Quhan,Female,nmquhan9l@dailymail.co.uk,876 551 6008
Spenser,Rapps,Male,srapps9m@gov.uk,566 944 7969
Daniel,Ivanyutin,Male,divanyutin9n@intel.com,578 500 1503
Sherilyn,Loadsman,Bigender,sloadsman9o@github.io,183 748 7831
Burtie,Blaxley,Male,bblaxley9p@nsw.gov.au,255 605 7109
Row,Whitlaw,Female,rwhitlaw9q@hc360.com,319 382 4654
Jordain,Rounding,Female,jrounding9r@mozilla.org,725 816 0062
Joscelin,Marrows,Female,jmarrows9s@360.cn,916 641 3866
Kiley,Holson,Female,kholson9t@java.com,218 391 5019
Homer,Gounod,Male,hgounod9u@wordpress.com,331 524 5848
Joleen,Oldcroft,Female,joldcroft9v@cbsnews.com,174 616 3122
Desirae,Chominski,Female,dchominski9w@sfgate.com,217 166 7645
Seymour,Ropkins,Male,sropkins9x@elpais.com,339 973 6033
Cariotta,Yglesias,Female,cyglesias9y@deviantart.com,385 411 8206
Ddene,Jarlmann,Female,djarlmann9z@businessinsider.com,586 120 0482
Rafaellle,Lewendon,Male,rlewendona0@elegantthemes.com,338 170 2507
Zahara,Grimwad,Female,zgrimwada1@cmu.edu,933 164 0051
Cristian,Ride,Male,cridea2@flavors.me,365 997 3173
Nady,Joseph,Genderqueer,njosepha3@over-blog.com,991 652 7237
Sherline,Narbett,Female,snarbetta4@networkadvertising.org,164 460 8511
Moritz,Keeves,Male,mkeevesa5@businessweek.com,356 133 9818
Daveen,Rapps,Female,drappsa6@businessweek.com,865 336 5089
Benedetta,Dulany,Female,bdulanya7@utexas.edu,930 166 9982
Kristien,Kirlin,Female,kkirlina8@whitehouse.gov,325 731 0829
Bronny,Kausche,Male,bkauschea9@mashable.com,689 894 1152
Dylan,Bladge,Male,dbladgeaa@miibeian.gov.cn,343 573 0958
Luther,Bowlas,Male,lbowlasab@msu.edu,182 995 8486
Reynolds,Roskell,Male,rroskellac@msu.edu,543 791 3385
Emyle,Kalker,Female,ekalkerad@gnu.org,254 927 2395
Wash,Loton,Male,wlotonae@harvard.edu,496 193 3524
Roxanne,Faers,Genderqueer,rfaersaf@ow.ly,818 985 8258
Meryl,Parkeson,Male,mparkesonag@nature.com,266 438 6074
Erek,Frossell,Male,efrossellah@shinystat.com,519 711 7358
Nicola,Clinning,Male,nclinningai@example.com,401 691 5818
Iris,Fruin,Female,ifruinaj@dell.com,110 731 4161
Imelda,Durdy,Female,idurdyak@digg.com,673 648 5469
Herman,Lead,Male,hleadal@illinois.edu,136 826 7395
Shermy,Delahunty,Male,sdelahuntyam@nbcnews.com,492 712 5060
Andeee,Bree,Female,abreean@home.pl,958 417 1728
Durand,Jostan,Male,djostanao@artisteer.com,400 326 3111
Irving,Le Brom,Male,ilebromap@friendfeed.com,934 294 9812
Tuesday,Beardall,Female,tbeardallaq@sbwire.com,971 847 5775
Celene,Dukelow,Bigender,cdukelowar@163.com,141 888 7839
Cathy,Overshott,Female,covershottas@gnu.org,834 415 4733
Leicester,Petyankin,Polygender,lpetyankinat@stumbleupon.com,550 268 0544
Berget,Feathers,Female,bfeathersau@elegantthemes.com,947 827 9664
Miranda,Kennifick,Female,mkennifickav@amazon.co.uk,547 974 3555
Orin,Pozzi,Male,opozziaw@baidu.com,737 641 6884
Eduardo,Denizet,Male,edenizetax@hao123.com,104 308 0356
Audi,Mayger,Female,amaygeray@soundcloud.com,416 649 7384
Davon,Dillintone,Male,ddillintoneaz@tmall.com,565 987 3809
Brodie,Geindre,Male,bgeindreb0@free.fr,334 559 5579
Deane,Brierly,Female,dbrierlyb1@networksolutions.com,176 447 3540
Cacilie,Flawn,Female,cflawnb2@auda.org.au,686 346 8998
Lishe,Worrill,Female,lworrillb3@tmall.com,571 560 7166
Magdalen,Oliveira,Female,moliveirab4@ow.ly,913 933 2994
Marilin,Harfoot,Agender,mharfootb5@nih.gov,416 321 5250
Ollie,Ivachyov,Genderqueer,oivachyovb6@globo.com,534 597 9981
Drake,Dodell,Male,ddodellb7@google.ca,890 572 1123
Lavinie,Halahan,Female,lhalahanb8@wunderground.com,639 565 4163
Toni,Enos,Female,tenosb9@cocolog-nifty.com,558 688 7559
Hershel,Warn,Polygender,hwarnba@youtu.be,242 526 5904
Yvon,Jurisic,Male,yjurisicbb@cisco.com,809 916 5146
Berrie,Gilphillan,Female,bgilphillanbc@ucsd.edu,568 387 1979
Marius,Linne,Male,mlinnebd@mozilla.com,153 809 2268
Margette,Axtell,Female,maxtellbe@yelp.com,187 292 3155
Corissa,Romaint,Female,cromaintbf@mapquest.com,555 742 2651
Terencio,Andress,Male,tandressbg@geocities.jp,901 512 4224
Lois,Ison,Genderqueer,lisonbh@de.vu,540 462 5440
Cherin,Jeandillou,Female,cjeandilloubi@stanford.edu,153 588 2195
Marius,Casali,Male,mcasalibj@storify.com,563 140 9510
Hinze,Janacek,Male,hjanacekbk@scientificamerican.com,293 149 4519
Ellissa,Ash,Female,eashbl@edublogs.org,753 837 6034
Skelly,Eversfield,Male,seversfieldbm@t-online.de,354 215 9789
Trudey,Shiril,Genderqueer,tshirilbn@addthis.com,254 588 1275
Anna-diane,Grabbam,Non-binary,agrabbambo@dailymail.co.uk,536 766 8448
Kipp,Frie,Female,kfriebp@sitemeter.com,965 730 5525
Tiphany,Halpine,Female,thalpinebq@bravesites.com,408 465 9189
Blinni,Bellson,Female,bbellsonbr@skype.com,590 581 5993
Haily,Delahunty,Male,hdelahuntybs@pcworld.com,476 578 7823
Orsola,Vala,Female,ovalabt@bandcamp.com,613 525 8532
Ken,Laise,Male,klaisebu@oakley.com,455 286 0177
Rene,Lawlance,Female,rlawlancebv@bloomberg.com,421 192 2292
Curt,Nevison,Male,cnevisonbw@pinterest.com,988 894 9516
Elnore,Burghall,Female,eburghallbx@squidoo.com,457 167 9177
Charlie,Paolone,Male,cpaoloneby@japanpost.jp,468 318 3955
Englebert,Kennford,Male,ekennfordbz@eventbrite.com,159 854 5586
Hiram,Borrows,Male,hborrowsc0@1und1.de,945 483 6182
Marylinda,Jeff,Female,mjeffc1@archive.org,473 511 2147
Jarret,Fruchon,Male,jfruchonc2@naver.com,849 953 6595
Sabina,Mousdall,Female,smousdallc3@google.nl,282 796 1208
Lezlie,Cornner,Female,lcornnerc4@over-blog.com,670 467 8995
Bat,Hadigate,Male,bhadigatec5@wsj.com,213 408 9461
Ofelia,McWilliam,Female,omcwilliamc6@telegraph.co.uk,426 716 5269
Duky,Colquhoun,Male,dcolquhounc7@is.gd,412 150 0832
Rory,Woodcroft,Female,rwoodcroftc8@tinypic.com,251 280 9590
Leonidas,Gilfether,Male,lgilfetherc9@cbslocal.com,644 417 1366
Marcos,Gregorowicz,Male,mgregorowiczca@constantcontact.com,451 860 9182
Giraud,Ivachyov,Male,givachyovcb@163.com,657 166 9182
Babette,Conville,Agender,bconvillecc@mayoclinic.com,399 659 3556
Eimile,Elvish,Female,eelvishcd@mayoclinic.com,816 235 5609
Marco,Gouthier,Male,mgouthierce@webeden.co.uk,157 216 0742
Murdock,Padgham,Male,mpadghamcf@ebay.co.uk,601 880 7666
Aile,Tzuker,Female,atzukercg@desdev.cn,630 615 3435
Edan,Feron,Male,eferonch@meetup.com,189 341 3241
Caitlin,Brabbs,Female,cbrabbsci@i2i.jp,345 270 9479
Fanni,Petters,Female,fpetterscj@bizjournals.com,914 440 9142
Jacob,Brislan,Male,jbrislanck@canalblog.com,747 572 1336
Townsend,Veness,Male,tvenesscl@xinhuanet.com,298 287 0254
Sheila,Burgwin,Female,sburgwincm@noaa.gov,224 576 8131
Wynn,Stennings,Male,wstenningscn@nps.gov,385 380 8241
Nelly,Spohr,Agender,nspohrco@arizona.edu,327 377 0973
Tome,Jakubovitch,Male,tjakubovitchcp@addtoany.com,585 429 9899
Larina,Ogus,Genderqueer,loguscq@answers.com,842 218 0606
Delora,Jenner,Female,djennercr@wired.com,163 343 5126
Tabatha,Pinxton,Female,tpinxtoncs@google.co.jp,235 937 4932
Jerry,Newlan,Female,jnewlanct@reverbnation.com,948 237 1083
Rafael,Girodon,Male,rgirodoncu@unc.edu,145 238 8842
Desiree,Verrico,Female,dverricocv@google.ru,229 235 1337
Vanny,Stuehmeyer,Female,vstuehmeyercw@com.com,732 987 4117
Jessee,Cuddy,Male,jcuddycx@moonfruit.com,462 187 9106
Tyne,Dike,Female,tdikecy@unc.edu,974 823 8052
Dulcea,Hamsley,Female,dhamsleycz@engadget.com,132 562 8645
Bellina,Pollicatt,Female,bpollicattd0@fema.gov,918 813 6948
Cele,Smye,Female,csmyed1@umich.edu,100 974 6421
Aarika,Tolliday,Female,atollidayd2@usda.gov,720 211 1723
Glenine,Potteridge,Female,gpotteridged3@businesswire.com,208 817 7326
Winston,Tookill,Male,wtookilld4@toplist.cz,239 974 1358
Nerty,Pudney,Female,npudneyd5@examiner.com,431 305 4033
Gayler,Dutch,Male,gdutchd6@nydailynews.com,891 357 3736
Elbert,Ingerith,Male,eingerithd7@apache.org,260 699 3290
Nevin,Hamlett,Male,nhamlettd8@latimes.com,269 568 1534
Andris,Rubinivitz,Male,arubinivitzd9@mediafire.com,847 139 4857
Donnamarie,Scuse,Female,dscuseda@sitemeter.com,879 506 2701
Kitty,Coe,Female,kcoedb@wisc.edu,299 626 1669
Bob,Searston,Male,bsearstondc@google.fr,273 432 3399
Kelly,Vader,Female,kvaderdd@theguardian.com,606 242 2420
Issie,Meecher,Female,imeecherde@soundcloud.com,646 707 6418
Callean,Dorsey,Male,cdorseydf@stumbleupon.com,279 153 7523
Alyda,Elms,Genderqueer,aelmsdg@si.edu,502 668 4901
Rakel,Caldeyroux,Female,rcaldeyrouxdh@pcworld.com,158 985 4563
Ramona,Shilburne,Female,rshilburnedi@nba.com,825 472 7985
Clark,McMoyer,Male,cmcmoyerdj@friendfeed.com,508 669 5183
Alethea,Andryushchenko,Female,aandryushchenkodk@aboutads.info,218 532 7619
Sondra,Ragg,Female,sraggdl@soundcloud.com,760 869 2779
Colene,Robrow,Female,crobrowdm@hc360.com,687 897 8130
Prescott,Alben,Male,palbendn@google.com.hk,235 384 3839
Garrard,Ryder,Male,gryderdo@unc.edu,245 662 4841
Emily,Kolak,Female,ekolakdp@europa.eu,883 458 8619
Rayshell,Jansson,Female,rjanssondq@pagesperso-orange.fr,433 319 5866
Sophronia,Eul,Female,seuldr@howstuffworks.com,900 754 9274
Marguerite,Rumbold,Female,mrumboldds@lycos.com,474 334 6190
Delmor,Ballance,Male,dballancedt@zimbio.com,722 772 8865
Maude,Bohlens,Female,mbohlensdu@reverbnation.com,331 295 3760
Happy,Middup,Female,hmiddupdv@oaic.gov.au,809 716 4306
Miner,Bentham,Male,mbenthamdw@phoca.cz,719 701 4817
Town,Loynes,Genderqueer,tloynesdx@kickstarter.com,601 122 4541
Delinda,Sore,Female,dsoredy@youtu.be,596 597 1416
Shalna,Sempill,Female,ssempilldz@eventbrite.com,809 283 7190
Jason,Yirrell,Male,jyirrelle0@theglobeandmail.com,460 363 1464
Tabbie,Buckthought,Male,tbuckthoughte1@mac.com,367 661 5517
Joaquin,Kervin,Male,jkervine2@google.com.br,389 640 8253
Matthus,Labern,Male,mlaberne3@hugedomains.com,464 134 9644
Willy,Conigsby,Female,wconigsbye4@tumblr.com,640 845 4918
Bearnard,Screase,Male,bscreasee5@bloomberg.com,927 973 5417
Vina,Florey,Female,vfloreye6@jugem.jp,749 579 5966
Darcy,Emnoney,Male,demnoneye7@google.co.uk,264 585 9170
Ilario,McCaskill,Male,imccaskille8@cdbaby.com,870 176 1027
Eryn,Betancourt,Female,ebetancourte9@webeden.co.uk,866 398 8836
Rodney,Dobbson,Male,rdobbsonea@mapquest.com,190 970 4260
Berget,Hollingby,Female,bhollingbyeb@nationalgeographic.com,906 299 2935
Denice,Pipet,Female,dpipetec@php.net,912 986 4877
Orv,Hazeldene,Male,ohazeldeneed@taobao.com,961 662 4282
Gae,Beswick,Female,gbeswickee@oaic.gov.au,818 139 6531
Wright,Brampton,Male,wbramptonef@go.com,788 197 5246
Ozzie,Pucknell,Male,opucknelleg@who.int,406 614 2200
Charles,Blaksley,Male,cblaksleyeh@themeforest.net,717 239 7608
Alisha,Muneely,Female,amuneelyei@qq.com,578 556 3876
Cindie,Mebes,Female,cmebesej@wordpress.org,338 919 7065
Tim,Chatten,Female,tchattenek@goo.gl,244 434 0035
Erminie,Fearnyough,Female,efearnyoughel@imgur.com,358 371 3108
Stanwood,Enever,Male,seneverem@aol.com,484 333 4577
Corinna,Mattecot,Female,cmattecoten@scientificamerican.com,880 121 7231
Austina,Humber,Female,ahumbereo@washingtonpost.com,338 601 0061
Rebbecca,Handke,Female,rhandkeep@salon.com,507 859 7064
Cassie,Axelby,Male,caxelbyeq@about.com,891 472 1300
Rene,Lovering,Female,rloveringer@comcast.net,662 975 6357
Mathias,Braybrooke,Male,mbraybrookees@prweb.com,569 838 5996
Nady,Newell,Female,nnewellet@e-recht24.de,504 372 9804
Kitty,Sargent,Female,ksargenteu@va.gov,512 927 7635
Julee,Beetlestone,Female,jbeetlestoneev@newsvine.com,217 368 0999
Ode,Buttrum,Male,obuttrumew@usda.gov,160 825 7032
Nollie,Defrain,Female,ndefrainex@mapy.cz,141 957 4091
Jennica,Henstone,Female,jhenstoneey@wisc.edu,853 189 7879
Kristo,Norman,Male,knormanez@kickstarter.com,773 856 4276
Kass,Laise,Female,klaisef0@google.com,920 371 7998
Willis,Sporton,Male,wsportonf1@1688.com,722 434 8973
Jess,Belk,Male,jbelkf2@devhub.com,930 590 6890
Aeriell,Cosser,Female,acosserf3@ebay.co.uk,578 835 0154
Albina,Dabels,Female,adabelsf4@feedburner.com,981 460 5558
Dael,Hickford,Female,dhickfordf5@photobucket.com,460 920 8456
Mayor,Ringwood,Male,mringwoodf6@miibeian.gov.cn,179 627 0216
Shadow,Harme,Male,sharmef7@marketwatch.com,654 876 0139
Mia,Windeatt,Female,mwindeattf8@github.io,106 630 9813
Otto,Colerick,Male,ocolerickf9@nifty.com,474 996 7019
Agata,Esplin,Female,aesplinfa@youtube.com,711 522 2241
Roxane,Bernadot,Female,rbernadotfb@virginia.edu,559 461 8822
Jock,Empleton,Male,jempletonfc@addtoany.com,877 234 4222
Kathryn,Zorener,Female,kzorenerfd@who.int,148 936 9081
Druci,Antunez,Female,dantunezfe@edublogs.org,955 793 8123
Ivie,Raistrick,Female,iraistrickff@blogtalkradio.com,301 196 1719
Findley,Putten,Male,fputtenfg@163.com,674 146 0894
Lukas,Castenda,Male,lcastendafh@sina.com.cn,469 379 8677
Fernanda,Sire,Non-binary,fsirefi@uol.com.br,817 454 7154
Ferdy,Abram,Male,fabramfj@cargocollective.com,634 181 4489
Jennee,Filippucci,Female,jfilippuccifk@oaic.gov.au,119 196 6578
Gene,Iannitti,Female,giannittifl@reuters.com,351 700 7342
Normand,Warmisham,Male,nwarmishamfm@google.pl,612 992 5808
Kristien,McIsaac,Female,kmcisaacfn@facebook.com,603 250 0938
Kalli,Fevers,Female,kfeversfo@icio.us,407 836 1194
Dame,Robus,Male,drobusfp@webmd.com,177 246 9191
Barn,Weathey,Male,bweatheyfq@dell.com,300 476 8153
Geno,Midghall,Male,gmidghallfr@arstechnica.com,385 733 6130
Obie,Hayers,Male,ohayersfs@examiner.com,153 705 1871
Jillene,Romanski,Female,jromanskift@yelp.com,564 681 2838
Moyra,Dudgeon,Genderfluid,mdudgeonfu@ning.com,998 393 8238
Astrix,Hackley,Female,ahackleyfv@ed.gov,991 372 3242
Ileane,Ferrey,Female,iferreyfw@amazon.com,931 505 1979
Waite,Peinke,Male,wpeinkefx@com.com,274 165 0998
Hogan,Shailer,Male,hshailerfy@chicagotribune.com,396 112 5348
Perren,Diter,Male,pditerfz@cocolog-nifty.com,296 406 3619
Leonardo,Fairrie,Male,lfairrieg0@aboutads.info,951 274 6743
Ailene,Ashton,Female,aashtong1@google.cn,176 788 3358
Brook,Farrants,Non-binary,bfarrantsg2@columbia.edu,647 717 8509
Maximo,Ilive,Male,miliveg3@nasa.gov,463 464 9136
Tyrus,Smalecombe,Genderfluid,tsmalecombeg4@moonfruit.com,234 470 2174
Orin,Broader,Male,obroaderg5@usda.gov,984 163 2083
Hazel,McEneny,Female,hmcenenyg6@upenn.edu,515 132 5743
Patty,Silkston,Female,psilkstong7@barnesandnoble.com,597 475 7896
Valery,Scandrick,Non-binary,vscandrickg8@homestead.com,486 339 0945
Rennie,Coggles,Female,rcogglesg9@sogou.com,186 647 7200
Filip,Erskine,Male,ferskinega@bizjournals.com,324 438 4616
Toma,Hartopp,Female,thartoppgb@constantcontact.com,940 825 4678
Jasper,Binne,Male,jbinnegc@slideshare.net,254 937 6940
Neddie,Moresby,Polygender,nmoresbygd@instagram.com,438 513 3533
Avictor,Garbar,Male,agarbarge@wix.com,289 931 6770
Allister,Yarnold,Male,ayarnoldgf@aol.com,542 956 4979
Guglielmo,Castellan,Agender,gcastellangg@census.gov,285 318 4534
Arron,Whittlesea,Male,awhittleseagh@narod.ru,312 519 2918
Wallas,Kinsell,Bigender,wkinsellgi@blogspot.com,454 108 2049
Mendel,Pensom,Male,mpensomgj@nature.com,231 960 7792
Jodi,Gittens,Female,jgittensgk@intel.com,299 260 9649
Mayer,Meadway,Male,mmeadwaygl@ca.gov,747 912 2491
Evaleen,Bathoe,Female,ebathoegm@discuz.net,704 198 3102
Reade,Wyld,Male,rwyldgn@answers.com,812 969 3024
Waly,Florez,Female,wflorezgo@ifeng.com,714 236 7042
Tobias,Saing,Male,tsainggp@ihg.com,711 851 2248
Nealson,Pietasch,Male,npietaschgq@ezinearticles.com,244 946 5654
Alia,Wrates,Female,awratesgr@newyorker.com,944 868 5396
Hugibert,Corlett,Male,hcorlettgs@walmart.com,931 872 7577
Micky,Lukianovich,Female,mlukianovichgt@clickbank.net,430 797 9932
Karlotta,Paviour,Female,kpaviourgu@irs.gov,703 398 3592
Evanne,Lathan,Female,elathangv@wordpress.com,922 501 4749
Lombard,Chapell,Male,lchapellgw@taobao.com,472 523 5609
Oswell,Pacher,Male,opachergx@photobucket.com,728 768 3283
Brigida,Luffman,Female,bluffmangy@tmall.com,559 434 1755
Olenolin,Glasbey,Male,oglasbeygz@yelp.com,732 752 1171
Moyna,Heustace,Female,mheustaceh0@ihg.com,391 802 3953
Leshia,Doale,Female,ldoaleh1@wix.com,213 190 1129
Allx,Ajean,Female,aajeanh2@vistaprint.com,780 867 6413
Wiatt,Pauletto,Male,wpaulettoh3@virginia.edu,645 788 5099
Bibi,Aldred,Polygender,baldredh4@chronoengine.com,217 655 8723
Ashely,Heinecke,Female,aheineckeh5@yelp.com,257 627 4138
Naomi,Jancar,Female,njancarh6@cloudflare.com,758 418 2688
Elke,Leete,Female,eleeteh7@rakuten.co.jp,212 744 7001
Gilemette,Espinay,Female,gespinayh8@nsw.gov.au,305 669 7114
Leopold,Giraldo,Male,lgiraldoh9@businesswire.com,726 149 2492
Eugenius,Hawkes,Male,ehawkesha@sciencedirect.com,679 621 5518
Lonni,MacCostye,Female,lmaccostyehb@themeforest.net,716 763 4387
Andeee,Scuse,Female,ascusehc@hexun.com,642 708 5216
Dallas,Capitano,Non-binary,dcapitanohd@ehow.com,237 876 8064
Cathy,Faers,Female,cfaershe@usatoday.com,146 158 5065
Leola,Sammars,Non-binary,lsammarshf@pen.io,756 373 5390
Ortensia,Mc Grath,Female,omcgrathhg@nsw.gov.au,957 762 3787
Tressa,Stanway,Female,tstanwayhh@tamu.edu,172 583 5516
Hillard,Pfertner,Male,hpfertnerhi@wikia.com,653 286 8836
Calli,Adamsky,Female,cadamskyhj@spotify.com,837 395 4376
Krispin,Whitington,Male,kwhitingtonhk@ocn.ne.jp,264 433 5222
Ramsay,Hadeke,Male,rhadekehl@dell.com,650 268 5638
Gianni,Worters,Bigender,gwortershm@networkadvertising.org,706 273 6869
Donalt,Kingshott,Male,dkingshotthn@dell.com,881 252 2600
Rowland,Griffey,Male,rgriffeyho@springer.com,778 865 7934
Valaria,Langston,Female,vlangstonhp@behance.net,326 512 0916
Thedric,Corness,Male,tcornesshq@businessweek.com,609 276 4043
Killian,Chantillon,Male,kchantillonhr@cloudflare.com,427 820 6246
Kippie,Straffon,Genderqueer,kstraffonhs@angelfire.com,674 527 6178
Hiram,Emmanuele,Male,hemmanueleht@jalbum.net,400 106 8345
Clayton,Brandin,Male,cbrandinhu@usgs.gov,457 583 2334
Mattie,Bawden,Female,mbawdenhv@seesaa.net,953 690 5077
Jethro,Borer,Male,jborerhw@woothemes.com,247 484 2596
Rhoda,Maps,Female,rmapshx@businessweek.com,884 482 0448
Lorinda,McGarva,Female,lmcgarvahy@merriam-webster.com,993 129 8166
Dredi,Willoughey,Female,dwillougheyhz@chron.com,519 190 0708
Rorke,Derington,Male,rderingtoni0@ebay.co.uk,272 950 1415
Rivkah,Wycliff,Female,rwycliffi1@ycombinator.com,511 430 2912
Bourke,Bassano,Male,bbassanoi2@usgs.gov,389 903 1996
Heath,Worral,Male,hworrali3@java.com,861 728 5964
Petra,Clayhill,Female,pclayhilli4@over-blog.com,926 913 1864
Robbin,Siflet,Female,rsifleti5@issuu.com,889 769 6050
Kendra,Block,Female,kblocki6@sbwire.com,131 406 2232
Elihu,MacPike,Male,emacpikei7@oracle.com,524 252 3551
Georgina,Dislee,Female,gdisleei8@oakley.com,939 726 5701
Thomasina,Sambeck,Female,tsambecki9@nydailynews.com,645 124 2979
Abagail,Stidson,Female,astidsonia@utexas.edu,887 970 4567
Doti,MacGeffen,Female,dmacgeffenib@yandex.ru,339 462 0631
Stillman,Georgievski,Male,sgeorgievskiic@amazon.com,125 787 9430
Trudi,Ibeson,Female,tibesonid@bing.com,290 709 8528
Lynnelle,Wallbanks,Female,lwallbanksie@cbc.ca,603 307 9503
Conant,Lamdin,Male,clamdinif@yellowpages.com,724 794 4994
Gianna,Georgievski,Female,ggeorgievskiig@tuttocitta.it,653 816 1292
Meier,Ambridge,Male,mambridgeih@nature.com,846 351 2266
Zared,Murford,Male,zmurfordii@goodreads.com,717 833 2583
Roda,Dudny,Female,rdudnyij@acquirethisname.com,703 654 9507
Toby,Benzing,Male,tbenzingik@fc2.com,562 982 1358
Barb,Philipot,Female,bphilipotil@biglobe.ne.jp,821 208 5310
Caterina,Goacher,Female,cgoacherim@tmall.com,500 113 7763
Edie,Mattisssen,Agender,emattisssenin@alexa.com,898 185 1099
Brendis,Meininking,Male,bmeininkingio@instagram.com,666 990 2464
Sarge,Bengle,Male,sbengleip@stumbleupon.com,931 556 1371
Melania,Crannell,Female,mcrannelliq@moonfruit.com,504 503 8175
Else,Postans,Female,epostansir@businessweek.com,102 293 1017
Devlin,Bein,Male,dbeinis@newsvine.com,944 996 7615
Jorge,Cunliffe,Male,jcunliffeit@guardian.co.uk,281 713 5276
Layney,Tomaschke,Female,ltomaschkeiu@oracle.com,944 157 9713
Marline,Gounod,Female,mgounodiv@tumblr.com,429 247 2161
Lamond,Bathoe,Male,lbathoeiw@narod.ru,941 456 8522
Shellysheldon,Kynforth,Male,skynforthix@howstuffworks.com,257 821 3250
Jacqueline,Wathall,Female,jwathalliy@godaddy.com,514 996 3591
Lorilee,Corpe,Female,lcorpeiz@latimes.com,388 177 2603
Olimpia,Jakobssen,Genderqueer,ojakobssenj0@ucoz.ru,918 305 7910
Kristofor,Hanton,Male,khantonj1@google.es,853 167 3250
Emmalyn,Henriksson,Female,ehenrikssonj2@mail.ru,303 677 0314
Kirstyn,Casella,Female,kcasellaj3@reverbnation.com,369 619 2750
Gaelan,Scaplehorn,Male,gscaplehornj4@bandcamp.com,385 167 2438
Ardenia,Rought,Female,aroughtj5@aol.com,113 733 6083
Rheba,McGrae,Female,rmcgraej6@bandcamp.com,539 508 6487
Lorry,De Mico,Male,ldemicoj7@va.gov,635 849 5315
Cyb,Dyshart,Female,cdyshartj8@irs.gov,746 784 3277
Eleanor,Wingeat,Female,ewingeatj9@globo.com,286 418 0821
Teirtza,Le Pruvost,Female,tlepruvostja@bandcamp.com,861 576 8977
Mallory,Jiruca,Male,mjirucajb@china.com.cn,289 634 2474
Gabriel,Gustus,Female,ggustusjc@reuters.com,180 981 4259
Michell,Kilgallon,Female,mkilgallonjd@example.com,914 449 7850
Aluino,Kremer,Male,akremerje@nsw.gov.au,106 108 7322
Aurora,Thunnercliff,Female,athunnercliffjf@bizjournals.com,606 480 5444
Raffaello,Oxton,Male,roxtonjg@usgs.gov,204 887 9120
Courtnay,Ghidini,Female,cghidinijh@dmoz.org,901 717 7779
Hagan,Giggie,Male,hgiggieji@gnu.org,327 452 4861
Valdemar,Balch,Male,vbalchjj@tuttocitta.it,178 692 6384
Zsa zsa,Mascall,Female,zmascalljk@edublogs.org,276 826 3911
Antons,Dassindale,Male,adassindalejl@va.gov,555 828 5433
Ugo,Sparey,Male,uspareyjm@hugedomains.com,342 988 3156
Marion,Le feaver,Male,mlefeaverjn@ovh.net,409 368 2764
Philippa,Bertl,Female,pbertljo@dedecms.com,614 275 8524
Carlyle,Danielli,Male,cdaniellijp@moonfruit.com,671 873 2647
Remus,Marthen,Male,rmarthenjq@bravesites.com,825 499 4844
Violante,Fodden,Female,vfoddenjr@hp.com,193 183 4144
Eirena,Moquin,Bigender,emoquinjs@printfriendly.com,936 515 0544
Orella,Erdis,Female,oerdisjt@paginegialle.it,292 867 5960
Sascha,Lamonby,Male,slamonbyju@disqus.com,176 214 7314
Elizabet,Speakman,Female,espeakmanjv@comsenz.com,699 726 5440
Sofie,Selliman,Female,ssellimanjw@nsw.gov.au,931 759 5536
Miran,Boddis,Female,mboddisjx@wordpress.com,819 881 0519
Wyatan,Grieve,Male,wgrievejy@free.fr,325 203 7942
Gibby,Champniss,Male,gchampnissjz@nydailynews.com,808 934 3084
Evelin,Arsmith,Male,earsmithk0@mit.edu,504 999 5330
Amalie,Blewis,Female,ablewisk1@surveymonkey.com,890 609 5420
Symon,Pordall,Male,spordallk2@studiopress.com,766 758 4085
Terri,Mushawe,Male,tmushawek3@marriott.com,816 692 6144
Farrah,Schankel,Female,fschankelk4@pinterest.com,792 420 0581
Brodie,Filmer,Male,bfilmerk5@behance.net,913 299 0200
Matt,Kelleher,Male,mkelleherk6@zimbio.com,725 854 3708
Tamarra,Vanyakin,Female,tvanyakink7@usgs.gov,568 441 3755
Waylon,Langstrath,Male,wlangstrathk8@indiegogo.com,287 542 2787
Cris,Kniveton,Bigender,cknivetonk9@boston.com,859 192 3656
Sammie,Koopman,Male,skoopmanka@ameblo.jp,958 991 4945
Claudius,Joyce,Male,cjoycekb@oaic.gov.au,165 999 3540
Peirce,Conklin,Male,pconklinkc@time.com,570 742 1265
Duffie,Curzey,Male,dcurzeykd@theglobeandmail.com,304 506 5022
Glennie,Surguine,Female,gsurguineke@springer.com,322 909 7429
Lucina,Merriman,Female,lmerrimankf@hatena.ne.jp,435 556 0475
Iormina,Fraschetti,Female,ifraschettikg@ucoz.ru,152 931 5974
Barrie,Roose,Genderqueer,broosekh@telegraph.co.uk,530 549 2773
Daniella,Chaperling,Female,dchaperlingki@facebook.com,209 245 3991
Drucie,Highton,Female,dhightonkj@ucoz.ru,364 502 4629
Tanitansy,Yashin,Female,tyashinkk@deviantart.com,395 422 0921
Paula,Chaplyn,Female,pchaplynkl@china.com.cn,809 370 2004
Nolana,Swinyard,Female,nswinyardkm@prnewswire.com,843 777 2615
Micky,Keatley,Male,mkeatleykn@cdc.gov,367 790 6593
Stesha,Felgat,Female,sfelgatko@whitehouse.gov,937 883 3842
Nick,Fallis,Male,nfalliskp@amazonaws.com,233 804 5174
Berrie,Beckhurst,Female,bbeckhurstkq@slate.com,293 447 5251
Alick,Ajean,Male,aajeankr@miibeian.gov.cn,864 238 0380
Allyn,Makin,Female,amakinks@meetup.com,463 528 7801
Theresita,Ronci,Female,troncikt@fastcompany.com,202 514 5840
Durant,Bromilow,Male,dbromilowku@indiegogo.com,968 420 0188
Jane,Frenzl,Female,jfrenzlkv@people.com.cn,314 443 9716
Mildred,Glassford,Female,mglassfordkw@hubpages.com,781 675 6429
Rainer,Stallworth,Male,rstallworthkx@nba.com,238 206 5707
Ashlin,Tranmer,Bigender,atranmerky@go.com,488 171 0180
Gustav,Kingcott,Male,gkingcottkz@nhs.uk,409 424 6105
Linet,Clemon,Female,lclemonl0@slate.com,822 461 9326
Blondelle,Balwin,Non-binary,bbalwinl1@quantcast.com,214 541 1074
Domenic,Danes,Non-binary,ddanesl2@addtoany.com,404 426 5181
Germaine,Josefsohn,Male,gjosefsohnl3@wikispaces.com,708 212 2695
Rawley,Dalyell,Male,rdalyelll4@kickstarter.com,391 329 6447
Wendel,Braithwait,Male,wbraithwaitl5@google.com,382 488 0254
Gun,Huggons,Male,ghuggonsl6@webs.com,380 599 8697
Seth,Ferreli,Male,sferrelil7@vk.com,697 445 2238
Karalynn,Bagworth,Female,kbagworthl8@ed.gov,872 939 6367
Florance,Thamelt,Female,fthameltl9@va.gov,325 379 6985
Karina,Roos,Female,kroosla@myspace.com,884 183 4912
Dame,Tullot,Male,dtullotlb@si.edu,287 486 7452
Peg,Harness,Female,pharnesslc@stumbleupon.com,505 739 5085
Sylvia,Nutty,Genderfluid,snuttyld@vimeo.com,347 163 2596
Sid,Dodsworth,Male,sdodsworthle@indiegogo.com,118 442 7321
Sukey,Dewfall,Female,sdewfalllf@livejournal.com,768 323 0068
Arni,Hollingshead,Bigender,ahollingsheadlg@oakley.com,407 334 8637
Vanda,Hourican,Female,vhouricanlh@icio.us,950 381 6011
Biddie,Halwill,Female,bhalwillli@hugedomains.com,865 609 7485
Gwenni,Cowgill,Female,gcowgilllj@miitbeian.gov.cn,912 785 9468
Lorena,Chaudret,Female,lchaudretlk@de.vu,163 805 0447
Terrie,Labusch,Bigender,tlabuschll@networkadvertising.org,229 284 7222
Niko,Riddell,Male,nriddelllm@ucla.edu,391 750 7004
Evanne,Rosenblath,Female,erosenblathln@ehow.com,129 239 6439
Wolfgang,Edel,Male,wedello@elpais.com,561 226 0432
Francois,Cornilleau,Male,fcornilleaulp@bigcartel.com,708 258 1161
Reba,Janaway,Female,rjanawaylq@nydailynews.com,763 560 8225
Isadora,Eitter,Female,ieitterlr@paypal.com,387 214 7580
Catharina,Brunini,Female,cbruninils@scientificamerican.com,290 972 1722
Marjie,Tiddeman,Female,mtiddemanlt@youtu.be,682 494 8631
Enrique,Davy,Male,edavylu@google.nl,475 628 6566
Chip,Sherrell,Male,csherrelllv@accuweather.com,287 454 0203
Oberon,Bearward,Male,obearwardlw@springer.com,310 491 7855
Pansy,Kofax,Female,pkofaxlx@cdbaby.com,353 167 2254
Letta,McNerlin,Female,lmcnerlinly@usatoday.com,806 742 5006
Dolores,Kneeshaw,Female,dkneeshawlz@theguardian.com,927 389 2326
Brent,Massei,Male,bmasseim0@google.de,409 651 0095
Alexi,Chinnick,Genderqueer,achinnickm1@pbs.org,721 213 0083
Wang,Grigorkin,Male,wgrigorkinm2@istockphoto.com,617 403 6734
Berkie,Lamlin,Male,blamlinm3@geocities.com,874 490 4101
Ibby,Yorke,Female,iyorkem4@tuttocitta.it,220 716 9218
Lamar,Haggerstone,Male,lhaggerstonem5@skyrock.com,111 661 4536
Vinny,Mettricke,Non-binary,vmettrickem6@canalblog.com,490 714 7920
Clayborne,Durbyn,Male,cdurbynm7@chicagotribune.com,941 283 3130
Todd,Jarmaine,Male,tjarmainem8@house.gov,312 572 1295
Tull,Markie,Agender,tmarkiem9@java.com,103 587 5385
Kore,McQuillen,Female,kmcquillenma@spiegel.de,559 269 5086
Benny,Kinnoch,Male,bkinnochmb@cloudflare.com,679 360 8974
Meara,Curtis,Genderqueer,mcurtismc@yahoo.co.jp,860 842 3843
Grant,Dimmick,Male,gdimmickmd@who.int,807 988 3766
Mischa,Karlqvist,Male,mkarlqvistme@ovh.net,944 647 4563
Valina,Drydale,Female,vdrydalemf@epa.gov,196 534 5869
Elsbeth,Tipperton,Female,etippertonmg@cisco.com,466 554 9842
Lorena,Bleasby,Female,lbleasbymh@yelp.com,838 643 2544
Zorah,Fawcett,Female,zfawcettmi@altervista.org,939 973 0904
Dot,Betham,Female,dbethammj@wsj.com,898 324 6661
Aldo,Gardner,Bigender,agardnermk@addtoany.com,292 284 7772
Arther,Vant,Genderfluid,avantml@paginegialle.it,464 732 5313
Crissy,Hamby,Female,chambymm@yahoo.com,881 263 8130
Barris,Falks,Male,bfalksmn@google.co.uk,570 621 7283
Sapphira,Dudenie,Female,sdudeniemo@hp.com,583 482 0914
Joscelin,Sautter,Female,jsauttermp@weebly.com,292 746 1141
Welsh,Stetlye,Male,wstetlyemq@shutterfly.com,671 834 5043
Dell,Vaadeland,Female,dvaadelandmr@mayoclinic.com,707 318 9946
Alyse,Elsworth,Female,aelsworthms@intel.com,940 494 3722
Deane,Ponsford,Agender,dponsfordmt@ovh.net,768 865 1013
Cleon,Heasly,Male,cheaslymu@pbs.org,446 907 6492
Iorgo,Hawkridge,Male,ihawkridgemv@gizmodo.com,372 900 0107
Ynez,Wayon,Female,ywayonmw@upenn.edu,546 142 3338
Jackson,Knowlden,Male,jknowldenmx@paypal.com,456 781 3666
Meggi,Storry,Female,mstorrymy@wsj.com,221 236 4929
Izzy,Screech,Male,iscreechmz@aboutads.info,487 791 1886
Tracee,Parzis,Female,tparzisn0@tumblr.com,729 213 4961
Rabi,Stanbrooke,Polygender,rstanbrooken1@narod.ru,191 977 6508
Nickolas,Beincken,Male,nbeinckenn2@ihg.com,783 465 0320
Farly,Coate,Male,fcoaten3@qq.com,486 398 4365
Katheryn,Gaitley,Female,kgaitleyn4@a8.net,200 490 1314
Joann,Seydlitz,Genderfluid,jseydlitzn5@github.io,646 988 2770
Pincus,Page,Male,ppagen6@vinaora.com,952 539 6100
Ros,Muldrew,Female,rmuldrewn7@clickbank.net,104 298 4506
Nicki,Dupey,Female,ndupeyn8@virginia.edu,583 165 2703
Bernetta,Sawers,Agender,bsawersn9@mtv.com,462 364 8302
Maxy,Thorald,Male,mthoraldna@utexas.edu,933 554 9864
Thurstan,Gouck,Male,tgoucknb@businesswire.com,660 931 4994
Gabbie,Bertson,Male,gbertsonnc@wikia.com,167 983 0301
Germayne,Pawlyn,Male,gpawlynnd@cdbaby.com,806 173 1905
Rene,Robjant,Bigender,rrobjantne@rediff.com,602 620 4392
Antonetta,Aldritt,Female,aaldrittnf@slideshare.net,632 592 8174
Nikola,Dayment,Bigender,ndaymentng@illinois.edu,184 361 0445
Carroll,Gallihawk,Female,cgallihawknh@studiopress.com,141 424 8266
Warner,Grivori,Male,wgrivorini@arstechnica.com,347 185 3792
Elnore,Tupman,Female,etupmannj@angelfire.com,791 151 1729
Emylee,Ead,Female,eeadnk@multiply.com,924 950 7909
Rania,Puttnam,Female,rputtnamnl@technorati.com,325 772 3756
Kania,Orrocks,Female,korrocksnm@fc2.com,212 517 0607
Malchy,Aliberti,Genderqueer,malibertinn@etsy.com,413 701 3906
Cristionna,Calender,Female,ccalenderno@theglobeandmail.com,678 769 4702
Patrice,Shakeshaft,Male,pshakeshaftnp@friendfeed.com,686 341 7550
Thane,Lenin,Male,tleninnq@dropbox.com,499 738 6586
Cullen,Fairhall,Male,cfairhallnr@macromedia.com,135 320 8484
Paxon,Thoma,Male,pthomans@army.mil,966 450 4948
Gracie,Ertel,Female,gertelnt@wordpress.org,273 599 4581
Montgomery,Lobell,Male,mlobellnu@fda.gov,219 843 2791
Charmion,Ryding,Female,crydingnv@exblog.jp,784 994 7749
Leonanie,Arcase,Female,larcasenw@dion.ne.jp,756 848 7347
Samaria,Moff,Agender,smoffnx@marketwatch.com,483 308 5439
Deeann,Crosser,Female,dcrosserny@tiny.cc,752 139 7693
Aloisia,Coysh,Female,acoyshnz@wufoo.com,384 231 8730
Vladamir,Duiguid,Genderfluid,vduiguido0@naver.com,521 860 7809
Matthus,Brass,Male,mbrasso1@harvard.edu,550 513 5854
Curtice,Lorens,Male,clorenso2@goodreads.com,713 766 5394
Magdaia,Lowdwell,Female,mlowdwello3@narod.ru,483 106 7303
Page,Cardow,Female,pcardowo4@xing.com,369 242 2587
Laurel,Lockhurst,Female,llockhursto5@fda.gov,573 999 0858
Ainslee,Thying,Female,athyingo6@prweb.com,905 142 2122
Harley,O'Mailey,Male,homaileyo7@harvard.edu,115 825 3999
Leeland,Whetton,Male,lwhettono8@homestead.com,700 452 3262
Kerwin,Downe,Male,kdowneo9@weebly.com,763 509 4837
Gus,Giraldon,Female,ggiraldonoa@abc.net.au,282 978 8893
Jennilee,Sebire,Female,jsebireob@joomla.org,358 326 6068
Erica,Gitthouse,Female,egitthouseoc@bizjournals.com,432 830 0418
Alley,Jenney,Bigender,ajenneyod@google.ca,925 261 5229
Stern,Vaines,Male,svainesoe@springer.com,219 170 4261
Turner,Thibodeaux,Male,tthibodeauxof@columbia.edu,582 311 9053
Thibaud,Barracks,Agender,tbarracksog@eventbrite.com,892 406 2340
Arin,Sharville,Male,asharvilleoh@upenn.edu,251 129 2775
Antonino,Larderot,Male,alarderotoi@columbia.edu,503 484 5685
Franciskus,Shelbourne,Male,fshelbourneoj@nps.gov,809 418 4988
Estelle,Rivallant,Female,erivallantok@thetimes.co.uk,952 684 7540
Nickie,Picheford,Female,npichefordol@noaa.gov,541 577 2088
Tonie,Liddicoat,Female,tliddicoatom@networksolutions.com,386 324 6607
Erich,Camamile,Male,ecamamileon@t-online.de,174 217 7417
Kelsy,Solomon,Female,ksolomonoo@squidoo.com,538 926 9201
Sibley,Sargant,Female,ssargantop@walmart.com,276 134 5186
Orelia,Wivell,Female,owivelloq@gravatar.com,188 524 4965
Somerset,Keyzman,Bigender,skeyzmanor@noaa.gov,156 442 1434
Rubie,Mouncey,Female,rmounceyos@wunderground.com,132 155 6542
Noni,Kamen,Female,nkamenot@creativecommons.org,846 676 1592
Cicily,Sibbet,Female,csibbetou@cbc.ca,765 802 8854
Dionne,Iacovuzzi,Female,diacovuzziov@deliciousdays.com,405 546 6982
Bernadene,Malzard,Female,bmalzardow@shareasale.com,896 248 3170
Jeremie,Mapam,Male,jmapamox@addtoany.com,241 401 5273
Nikolaos,Hayth,Male,nhaythoy@eepurl.com,647 562 2774
Theodoric,Ducarne,Male,tducarneoz@4shared.com,678 883 9493
Mala,Albury,Female,malburyp0@barnesandnoble.com,185 901 8299
Thorin,Crammy,Male,tcrammyp1@sogou.com,104 918 6331
Giustino,Asty,Male,gastyp2@timesonline.co.uk,613 538 8886
Sheff,Mold,Male,smoldp3@paypal.com,163 900 6662
Hubie,Dumberell,Male,hdumberellp4@twitpic.com,495 189 1918
Kala,Laffling,Female,klafflingp5@cbsnews.com,203 678 6961
Stafani,Tuley,Female,stuleyp6@ameblo.jp,782 883 8713
Noami,Klagges,Female,nklaggesp7@dagondesign.com,281 252 6109
Blakelee,Eberlein,Female,beberleinp8@eventbrite.com,775 250 0245
Artie,Broadbury,Male,abroadburyp9@washingtonpost.com,403 513 9125
Kristopher,Espinola,Male,kespinolapa@ed.gov,114 276 6290
Che,Salterne,Male,csalternepb@simplemachines.org,399 674 8161
Lennie,Bougen,Male,lbougenpc@bloglines.com,181 282 0927
Sauveur,Barnham,Male,sbarnhampd@auda.org.au,983 889 0429
Kinnie,Durtnall,Male,kdurtnallpe@purevolume.com,536 887 4732
Batholomew,Firsby,Male,bfirsbypf@fastcompany.com,931 205 7377
Finlay,Drain,Male,fdrainpg@mlb.com,881 177 1066
Aretha,Robertsson,Female,arobertssonph@liveinternet.ru,411 474 4905
Guillema,Shayes,Female,gshayespi@biglobe.ne.jp,223 300 1506
Rick,Castille,Male,rcastillepj@cisco.com,112 103 2935
Meggi,Phillpot,Non-binary,mphillpotpk@scribd.com,469 158 6229
Anthiathia,FitzGilbert,Female,afitzgilbertpl@biglobe.ne.jp,965 928 7474
Claudius,Senescall,Male,csenescallpm@ning.com,809 813 9041
Lorettalorna,Blaisdale,Female,lblaisdalepn@mysql.com,869 643 1840
Merilyn,Mowen,Female,mmowenpo@spiegel.de,870 163 6346
Benoite,Danslow,Female,bdanslowpp@psu.edu,345 800 4343
Else,Canto,Female,ecantopq@indiegogo.com,554 328 0556
Kristy,Roches,Female,krochespr@webs.com,436 852 8773
Brion,Foulgham,Genderqueer,bfoulghamps@mozilla.com,289 915 3543
Grannie,Mathet,Male,gmathetpt@tinyurl.com,897 814 6130
Sheela,Fortin,Female,sfortinpu@typepad.com,191 932 2388
Byran,Kerrey,Male,bkerreypv@constantcontact.com,399 823 0781
Pierce,Paxeford,Male,ppaxefordpw@nsw.gov.au,847 816 1101
Mathilde,Shillito,Female,mshillitopx@altervista.org,474 713 1279
Lisetta,Ouldcott,Genderfluid,louldcottpy@google.com.br,979 525 3444
Monti,Seyler,Male,mseylerpz@1und1.de,195 504 2081
Brooks,Brydone,Male,bbrydoneq0@imgur.com,188 905 2498
Andrea,Battie,Male,abattieq1@wisc.edu,195 116 6501
Ros,Butterfield,Female,rbutterfieldq2@princeton.edu,126 624 9546
Antin,Walder,Male,awalderq3@dyndns.org,452 287 1664
Urbano,Watton,Male,uwattonq4@independent.co.uk,111 769 8414
Juliette,Postins,Female,jpostinsq5@hostgator.com,485 763 3634
Cariotta,Brasted,Female,cbrastedq6@pen.io,227 704 3940
Dennie,Noice,Male,dnoiceq7@abc.net.au,520 354 8245
Chandler,Wildor,Male,cwildorq8@prweb.com,202 859 9240
Piggy,Falkinder,Male,pfalkinderq9@dropbox.com,522 511 5781
Felice,Rodrigues,Male,frodriguesqa@nydailynews.com,423 961 7036
Dugald,Burg,Male,dburgqb@plala.or.jp,383 304 1760
Alvin,Jayes,Male,ajayesqc@biblegateway.com,670 661 1844
Vernon,Skillen,Male,vskillenqd@upenn.edu,616 454 6107
Romonda,Rickcord,Female,rrickcordqe@msn.com,355 568 1166
Harbert,Enns,Male,hennsqf@last.fm,939 635 2197
Kristos,Reskelly,Male,kreskellyqg@walmart.com,413 177 6837
Dunstan,Rawkesby,Male,drawkesbyqh@rediff.com,915 159 3256
Meggi,Hintze,Female,mhintzeqi@gmpg.org,443 805 5584
Corry,Spinige,Female,cspinigeqj@yellowbook.com,805 600 3906
Juieta,Greystock,Female,jgreystockqk@yale.edu,461 210 1168
Pepita,Emslie,Female,pemslieql@unc.edu,313 571 2532
Atalanta,Kleinholz,Female,akleinholzqm@tiny.cc,864 998 8371
Robin,Rimer,Female,rrimerqn@google.it,606 139 5007
Isak,Eble,Male,iebleqo@unblog.fr,251 238 5130
Nickolai,O'Hartagan,Male,nohartaganqp@utexas.edu,389 496 5742
Gene,Million,Female,gmillionqq@posterous.com,268 163 6703
Lilas,Scutchings,Female,lscutchingsqr@printfriendly.com,623 525 8191
Lebbie,Powland,Female,lpowlandqs@goo.ne.jp,462 994 7751
Solly,Clapson,Male,sclapsonqt@ning.com,822 642 7787
Shamus,Farran,Agender,sfarranqu@nymag.com,918 411 3835
Baldwin,Mazillius,Male,bmazilliusqv@state.gov,957 905 8470
Maressa,Lumsdall,Female,mlumsdallqw@hud.gov,598 757 5493
Patty,Littleover,Male,plittleoverqx@is.gd,481 947 1168
Bonnie,Palmby,Female,bpalmbyqy@so-net.ne.jp,885 140 6786
Dalt,Kersley,Male,dkersleyqz@dropbox.com,208 536 7227
Celisse,Godbehere,Female,cgodbeherer0@google.com.hk,634 754 9206
Patsy,Goodanew,Female,pgoodanewr1@typepad.com,970 577 2987
Gradey,Ramel,Male,gramelr2@wikispaces.com,831 531 3142
Caspar,Baskerville,Male,cbaskerviller3@about.me,944 453 2250
Ianthe,Schwaiger,Female,ischwaigerr4@infoseek.co.jp,745 192 2929
Byrann,Fenners,Male,bfennersr5@360.cn,384 494 1381
Gaylor,Levens,Male,glevensr6@people.com.cn,854 210 2260
Norri,Halton,Female,nhaltonr7@digg.com,270 336 5824
Ferrel,Dudhill,Male,fdudhillr8@mac.com,444 300 1985
Linn,Boyson,Male,lboysonr9@ucoz.ru,803 371 3803
Otho,Hanrott,Male,ohanrottra@mit.edu,463 542 7650
Far,McConville,Male,fmcconvillerb@mozilla.org,265 854 2769
Aliza,Tolemache,Female,atolemacherc@tinyurl.com,805 384 0394
Jandy,Tissiman,Female,jtissimanrd@sun.com,310 619 1581
Kaleb,Riddoch,Male,kriddochre@yale.edu,622 550 7522
Robinet,Hearty,Male,rheartyrf@ifeng.com,798 965 7723
Godwin,MacAnellye,Male,gmacanellyerg@slashdot.org,701 808 9222
Mae,Goodale,Female,mgoodalerh@wikipedia.org,868 957 5390
Kermy,Panchen,Non-binary,kpanchenri@irs.gov,523 885 4854
Worthy,Norsworthy,Male,wnorsworthyrj@mac.com,138 105 3363
Jerrie,Castells,Female,jcastellsrk@ucla.edu,170 367 3137
Sorcha,Giraudot,Female,sgiraudotrl@delicious.com,148 130 9318
Ortensia,Nissle,Female,onisslerm@google.de,935 529 5340
Rebecca,Peiser,Female,rpeiserrn@paginegialle.it,911 759 1225
Ellene,De Blase,Female,edeblasero@privacy.gov.au,879 994 0950
Alexander,Andrieu,Polygender,aandrieurp@yahoo.co.jp,627 909 0383
Baron,Abbatini,Male,babbatinirq@blogspot.com,553 373 9473
Dominic,Bolley,Agender,dbolleyrr@answers.com,306 583 9804
