first_name,last_name,gender,email,phone
Vidovik,Janaud,Male,vjanaud0@comcast.net,883 552 6728
May,Vassel,Genderfluid,mvassel1@cnn.com,906 984 5392
Antons,Janecki,Male,ajanecki2@china.com.cn,544 827 3894
Hercules,Ledgley,Male,hledgley3@slideshare.net,477 866 4863
Beryl,Spoerl,Female,bspoerl4@homestead.com,492 252 0649
Kathryn,Mussettini,Female,kmussettini5@hao123.com,250 609 3397
Manon,Vannuccini,Female,mvannuccini6@naver.com,605 289 1253
Kayla,Yakovliv,Female,kyakovliv7@stanford.edu,243 673 5032
Mariele,Pettersen,Female,mpettersen8@homestead.com,848 150 1874
Cedric,Bygott,Male,cbygott9@harvard.edu,476 390 0270
Curt,Hurry,Male,churrya@amazon.co.uk,236 841 3215
Chandra,Puckrin,Female,cpuckrinb@berkeley.edu,132 784 8832
Pieter,Coakley,Male,pcoakleyc@quantcast.com,235 586 6149
Ky,Godney,Male,kgodneyd@odnoklassniki.ru,873 903 4254
Olivero,Spawforth,Agender,ospawforthe@sfgate.com,270 146 1929
Althea,MacAllaster,Female,amacallasterf@vkontakte.ru,218 906 1073
Aldus,Plett,Male,aplettg@shinystat.com,920 983 5978
Blanca,Braybrook,Female,bbraybrookh@vistaprint.com,889 903 6844
Rafaello,MacCahey,Male,rmaccaheyi@booking.com,624 754 5619
Turner,Fidal,Male,tfidalj@jalbum.net,490 841 9782
Thomasine,Dolby,Non-binary,tdolbyk@digg.com,926 841 6500
Shawnee,Jardein,Female,sjardeinl@businesswire.com,768 504 3136
Nicolai,Christoffels,Male,nchristoffelsm@ucla.edu,663 714 5367
Gaspar,Harkes,Male,gharkesn@ocn.ne.jp,959 258 1392
Rafe,Forestall,Male,rforestallo@xrea.com,866 108 6011
Herschel,Ducham,Male,hduchamp@sciencedaily.com,101 541 8757
Yoshiko,Dalgliesh,Non-binary,ydalglieshq@comsenz.com,618 997 9237
Jeremy,Doley,Male,jdoleyr@prnewswire.com,879 963 4849
Ginelle,Brookwood,Female,gbrookwoods@admin.ch,254 290 2599
Keefe,Toping,Male,ktopingt@so-net.ne.jp,537 102 7064
Devora,Cowope,Female,dcowopeu@senate.gov,952 352 7240
Merola,Salerg,Female,msalergv@phpbb.com,303 193 8960
Waring,Luberti,Polygender,wlubertiw@ezinearticles.com,859 111 6016
Jackson,Coomer,Male,jcoomerx@bloglines.com,928 528 0420
Nike,Scandrett,Female,nscandretty@baidu.com,440 988 0593
Margaux,Ellett,Female,mellettz@webmd.com,734 450 0874
Lucien,Feckey,Male,lfeckey10@smugmug.com,556 524 6255
Nalani,Frapwell,Female,nfrapwell11@blogs.com,539 497 5937
Florinda,Ruzicka,Female,fruzicka12@mysql.com,643 426 6158
Quintilla,Dives,Female,qdives13@spotify.com,908 643 3855
Bernadette,Rothermel,Female,brothermel14@ft.com,407 824 9791
Shaine,Janoch,Polygender,sjanoch15@newsvine.com,177 667 9832
Dorelia,Botham,Female,dbotham16@webmd.com,247 410 8107
Alyse,Matias,Female,amatias17@nature.com,550 654 9854
Georgie,Boni,Female,gboni18@weebly.com,912 221 5078
Barrie,Klimczak,Female,bklimczak19@privacy.gov.au,861 824 8661
Kathy,Beddie,Female,kbeddie1a@woothemes.com,173 372 6289
Jehanna,Eakins,Female,jeakins1b@simplemachines.org,839 991 7996
Clement,MacAlester,Male,cmacalester1c@goo.ne.jp,577 292 7887
Hoyt,Bointon,Male,hbointon1d@dropbox.com,679 121 9263
Stevy,Kernes,Male,skernes1e@apple.com,531 813 5146
Noell,O'Sirin,Female,nosirin1f@hp.com,403 437 6410
Reinaldos,Tong,Male,rtong1g@ehow.com,683 365 2280
Horatius,Hewes,Male,hhewes1h@blogs.com,169 524 2647
Issy,Dalziel,Female,idalziel1i@bing.com,290 103 9321
Chrissy,Eddisforth,Polygender,ceddisforth1j@slideshare.net,904 968 3359
Matthus,Petschelt,Male,mpetschelt1k@mapquest.com,818 744 6110
Kilian,Waskett,Male,kwaskett1l@oracle.com,669 391 8726
Orren,Ivantyev,Male,oivantyev1m@g.co,252 495 0384
Arlee,Philip,Female,aphilip1n@salon.com,195 298 0834
Abbott,Dugall,Male,adugall1o@mlb.com,845 862 5303
Karena,Buxton,Female,kbuxton1p@csmonitor.com,400 478 6001
Cull,Roskams,Male,croskams1q@nationalgeographic.com,357 725 9914
Lane,Bridewell,Male,lbridewell1r@admin.ch,361 346 5242
Patrice,Ingleson,Male,pingleson1s@cdbaby.com,822 758 8003
Lothaire,Cohr,Male,lcohr1t@google.co.jp,887 373 8022
Nancy,Undrill,Female,nundrill1u@goodreads.com,386 963 6938
Bobby,Parmiter,Female,bparmiter1v@histats.com,421 696 5720
Cletus,Rapier,Male,crapier1w@bigcartel.com,191 981 2612
Gabie,Alcott,Female,galcott1x@jugem.jp,668 971 5211
Dorrie,Shallcroff,Female,dshallcroff1y@dailymail.co.uk,746 385 8093
Thekla,Saphir,Female,tsaphir1z@squidoo.com,372 893 4677
Irina,Capron,Female,icapron20@wikia.com,679 165 2586
Lisetta,Rickeard,Female,lrickeard21@facebook.com,328 884 6104
Miranda,Metterick,Female,mmetterick22@gizmodo.com,576 565 0853
Eldin,Ormshaw,Male,eormshaw23@about.com,760 406 9185
Ebeneser,Ruperto,Male,eruperto24@last.fm,266 133 0006
Mariette,Trorey,Female,mtrorey25@ycombinator.com,562 297 0851
Isobel,Marcussen,Female,imarcussen26@tripod.com,439 652 0748
Chevalier,Letson,Male,cletson27@psu.edu,880 503 6702
Dania,Checci,Polygender,dchecci28@over-blog.com,471 601 3398
Scottie,Hatt,Male,shatt29@usnews.com,321 548 6340
Adolph,Cheyne,Male,acheyne2a@globo.com,390 191 1232
Melina,Kemball,Female,mkemball2b@mlb.com,576 836 3556
Anabel,Atmore,Female,aatmore2c@acquirethisname.com,115 841 2890
Alex,Liddiatt,Male,aliddiatt2d@redcross.org,989 756 3749
Christopher,Luther,Male,cluther2e@taobao.com,678 799 4330
Michal,Arnowitz,Polygender,marnowitz2f@loc.gov,455 884 0677
Odetta,Burdekin,Female,oburdekin2g@163.com,460 732 8077
Dyanna,Savege,Genderqueer,dsavege2h@mac.com,776 635 8443
Dex,Heffernan,Male,dheffernan2i@gmpg.org,572 472 8143
Milly,Clues,Female,mclues2j@eventbrite.com,761 424 1720
Penny,Flack,Female,pflack2k@blogspot.com,203 184 4579
Borg,Longbone,Male,blongbone2l@loc.gov,980 617 0719
Orelee,Rudkin,Female,orudkin2m@wix.com,280 152 4264
Barrie,Smee,Female,bsmee2n@un.org,847 147 1052
Derwin,McCraine,Male,dmccraine2o@barnesandnoble.com,119 154 7508
Jareb,Folkerd,Polygender,jfolkerd2p@ustream.tv,639 559 5834
Marcella,Passmore,Female,mpassmore2q@wikipedia.org,989 736 9857
Nicole,Briffett,Female,nbriffett2r@oakley.com,240 970 0198
Shana,Gaskin,Female,sgaskin2s@wordpress.com,579 416 3232
Arte,Dickin,Male,adickin2t@google.cn,814 426 5493
Shanda,Bernlin,Female,sbernlin2u@umich.edu,182 475 8829
Annette,Belsher,Female,abelsher2v@springer.com,807 641 1814
Robers,Nossent,Male,rnossent2w@networksolutions.com,876 402 9572
Wallie,Ludee,Female,wludee2x@economist.com,646 629 7509
Erminie,Muttock,Female,emuttock2y@msu.edu,211 433 8800
Poul,Asquith,Male,pasquith2z@over-blog.com,178 707 9027
Judi,Braniff,Female,jbraniff30@rediff.com,480 435 2556
Benjy,Lark,Male,blark31@google.co.jp,130 579 3123
Roxanne,Justun,Female,rjustun32@nba.com,912 969 0413
Craggy,Gelletly,Male,cgelletly33@wikia.com,417 988 7978
Aldwin,Watmore,Male,awatmore34@bravesites.com,743 535 7512
Bard,Orrill,Male,borrill35@hud.gov,133 592 8304
Inglebert,Labarre,Male,ilabarre36@pen.io,757 713 8348
Alonzo,Ineson,Male,aineson37@merriam-webster.com,214 752 6856
Hamil,Wickwarth,Male,hwickwarth38@msn.com,869 621 7678
Britta,Jewett,Female,bjewett39@wsj.com,935 972 6261
Berty,Ansell,Male,bansell3a@domainmarket.com,797 235 1308
Dasi,Berford,Genderfluid,dberford3b@netscape.com,461 863 0022
Leone,Pymar,Female,lpymar3c@shareasale.com,441 998 0671
Lissi,Beazey,Female,lbeazey3d@google.nl,332 909 7638
Rudolfo,Northen,Male,rnorthen3e@theglobeandmail.com,372 754 5271
Lauri,Larn,Female,llarn3f@imageshack.us,336 167 4482
Christoffer,Ebdin,Male,cebdin3g@cargocollective.com,460 600 3993
Alic,Dispencer,Male,adispencer3h@nydailynews.com,893 640 3859
Min,Forker,Female,mforker3i@elegantthemes.com,889 723 3853
Cherye,Gallemore,Female,cgallemore3j@arstechnica.com,653 808 9313
Etan,Rosbrough,Male,erosbrough3k@stumbleupon.com,849 439 0765
Zak,Skerritt,Male,zskerritt3l@ustream.tv,411 792 4648
Aurore,Bris,Female,abris3m@oakley.com,394 446 0064
Pepe,Malinowski,Male,pmalinowski3n@ifeng.com,303 536 5683
Bertina,Dainton,Female,bdainton3o@google.com.au,260 299 0533
Lucho,Louder,Genderfluid,llouder3p@qq.com,786 275 1032
Ari,Rottcher,Male,arottcher3q@i2i.jp,632 702 3767
Ruthann,Butters,Female,rbutters3r@earthlink.net,132 971 8833
Arlen,Duhig,Male,aduhig3s@webeden.co.uk,385 879 2769
Trixi,Bardsley,Bigender,tbardsley3t@spiegel.de,701 734 4160
Gal,Mateev,Genderfluid,gmateev3u@census.gov,857 947 2645
Therese,Summerley,Polygender,tsummerley3v@un.org,834 294 8774
Godard,Cabedo,Male,gcabedo3w@youtube.com,538 889 1958
Ravid,Laffling,Male,rlaffling3x@topsy.com,669 352 3994
Lonny,Miguel,Male,lmiguel3y@vk.com,941 132 8214
Errick,Dodson,Male,edodson3z@princeton.edu,742 797 5294
Tybi,Snalum,Female,tsnalum40@tamu.edu,958 506 0326
Damara,Merrell,Female,dmerrell41@gmpg.org,697 926 2389
Benyamin,O'Hoolahan,Male,bohoolahan42@icio.us,560 769 3369
Charo,Lindman,Female,clindman43@ebay.co.uk,120 372 1237
Ursa,Swaffield,Female,uswaffield44@tripod.com,483 360 3475
Christoffer,Marchington,Male,cmarchington45@pbs.org,868 535 8884
Elwood,Brokenshaw,Male,ebrokenshaw46@posterous.com,436 242 6099
Leon,Scone,Male,lscone47@wordpress.org,910 930 2361
Demetris,Henlon,Male,dhenlon48@rambler.ru,304 717 3153
Michaela,Culley,Female,mculley49@buzzfeed.com,571 611 0378
Genna,Ianinotti,Female,gianinotti4a@g.co,555 813 6675
Cindi,Tweedie,Female,ctweedie4b@sitemeter.com,743 706 5555
Bran,Cellier,Male,bcellier4c@simplemachines.org,928 711 1459
Alina,Paffitt,Female,apaffitt4d@behance.net,314 795 2251
Franny,Corrado,Female,fcorrado4e@rambler.ru,985 695 0775
Laurena,Feacham,Female,lfeacham4f@trellian.com,122 298 9085
Eli,Halso,Male,ehalso4g@imdb.com,763 911 5110
Frayda,Pudney,Female,fpudney4h@cbslocal.com,967 478 6196
Kelsi,Tomaszynski,Female,ktomaszynski4i@weebly.com,904 814 3289
Randell,Leicester,Male,rleicester4j@europa.eu,486 573 9346
Arnie,Bertolin,Male,abertolin4k@blog.com,696 221 0138
Birdie,Whiteland,Female,bwhiteland4l@who.int,803 338 9712
Alana,Twohig,Female,atwohig4m@moonfruit.com,801 135 8626
Addi,Dutch,Female,adutch4n@uol.com.br,567 192 2074
Valera,Verson,Female,vverson4o@yale.edu,618 452 9991
Lena,Heath,Female,lheath4p@posterous.com,748 613 0897
Verine,Klaus,Female,vklaus4q@biglobe.ne.jp,446 594 0301
Marian,Couth,Agender,mcouth4r@china.com.cn,465 348 7053
Emlen,Helliker,Male,ehelliker4s@latimes.com,820 228 8857
Frederigo,Wombwell,Male,fwombwell4t@usatoday.com,331 178 6418
Dwain,Quinnet,Male,dquinnet4u@nifty.com,140 666 3688
Sheela,Pedrol,Female,spedrol4v@rambler.ru,612 294 0843
Kizzie,Pescud,Female,kpescud4w@ox.ac.uk,706 863 0654
Joycelin,Knibley,Female,jknibley4x@fastcompany.com,593 600 1327
Hanny,McCauley,Female,hmccauley4y@toplist.cz,647 622 0526
Drucie,Bearman,Female,dbearman4z@artisteer.com,104 520 9030
Jehu,Oake,Male,joake50@japanpost.jp,982 982 7680
Didi,Haydon,Female,dhaydon51@moonfruit.com,262 848 8134
Gwenny,Rameau,Female,grameau52@squidoo.com,141 392 0147
Mada,MacGiffin,Female,mmacgiffin53@whitehouse.gov,922 896 8627
Stacee,Mayworth,Male,smayworth54@geocities.com,852 648 7684
Ricki,Alfuso,Female,ralfuso55@umn.edu,903 607 2458
Darcy,Allatt,Male,dallatt56@icq.com,277 532 5640
Andeee,Bembrigg,Female,abembrigg57@printfriendly.com,119 529 0098
Erv,Valentine,Polygender,evalentine58@angelfire.com,129 272 3767
Devi,Greeson,Female,dgreeson59@mail.ru,297 472 9697
Tonya,Coger,Female,tcoger5a@ibm.com,421 105 9339
Anjanette,Ettritch,Female,aettritch5b@cnet.com,173 374 4074
Corine,Painswick,Female,cpainswick5c@acquirethisname.com,298 673 6692
Woodrow,Petrakov,Male,wpetrakov5d@yelp.com,177 618 0341
Lonni,Nickless,Female,lnickless5e@jiathis.com,489 831 7064
Earlie,Flaxman,Male,eflaxman5f@tripod.com,936 439 0057
Benedict,Reddlesden,Male,breddlesden5g@php.net,709 871 7233
Rafe,Westraw,Male,rwestraw5h@scribd.com,900 355 2986
Averell,Berthelet,Male,aberthelet5i@github.io,857 241 3197
Warde,Lindback,Male,wlindback5j@walmart.com,961 623 8717
Greg,Arpin,Male,garpin5k@gov.uk,200 958 5203
Anabella,Karmel,Female,akarmel5l@un.org,316 402 2196
Lucky,Proudman,Female,lproudman5m@clickbank.net,684 356 3153
Mick,Britzius,Male,mbritzius5n@chicagotribune.com,754 289 4189
Mallissa,Rickaert,Female,mrickaert5o@cyberchimps.com,909 653 3319
Arlene,Rain,Female,arain5p@ovh.net,886 689 0947
Rosabelle,Scoffham,Female,rscoffham5q@blinklist.com,533 823 5769
Corny,Powell,Female,cpowell5r@tinypic.com,613 171 9274
Odelia,Vossgen,Female,ovossgen5s@fastcompany.com,278 376 8165
Gery,Sutehall,Male,gsutehall5t@biblegateway.com,869 157 2110
Ryon,Ramel,Male,rramel5u@1688.com,801 842 2891
Scotty,Emmens,Male,semmens5v@businesswire.com,722 945 0461
Hasheem,Macconachy,Male,hmacconachy5w@opera.com,278 533 7000
Marven,Casebourne,Male,mcasebourne5x@facebook.com,515 530 8695
Peggy,Ovize,Female,povize5y@sciencedaily.com,105 851 5106
Mordy,Trawin,Male,mtrawin5z@bandcamp.com,723 299 3189
Say,Collar,Male,scollar60@auda.org.au,623 203 5523
Kean,Shevlane,Bigender,kshevlane61@weebly.com,732 472 0701
Jori,Robjant,Female,jrobjant62@miitbeian.gov.cn,607 506 6711
Sidney,Stirtle,Male,sstirtle63@who.int,804 171 3683
Sadye,Urien,Female,surien64@ycombinator.com,769 917 8074
Nobe,Sign,Male,nsign65@paypal.com,156 859 8507
Casar,Lennon,Male,clennon66@flickr.com,852 101 7444
Windy,Rodenhurst,Female,wrodenhurst67@slate.com,300 190 8669
Rourke,McIvor,Male,rmcivor68@webnode.com,583 699 6291
Somerset,Aspinal,Male,saspinal69@telegraph.co.uk,715 395 8722
Miller,French,Male,mfrench6a@mtv.com,467 734 8662
Wake,Allward,Male,wallward6b@craigslist.org,830 938 0872
Monah,Brantl,Female,mbrantl6c@shinystat.com,634 421 4167
Merrill,Pafford,Male,mpafford6d@diigo.com,310 480 6718
Sawyer,Kellington,Male,skellington6e@earthlink.net,471 201 9218
Honor,Kezourec,Female,hkezourec6f@adobe.com,118 932 6454
Darrin,Pietrasik,Male,dpietrasik6g@technorati.com,738 145 7444
Emmit,Lear,Male,elear6h@vistaprint.com,759 944 6187
Frazier,Holgan,Male,fholgan6i@imdb.com,772 453 0430
Lolly,Neasam,Female,lneasam6j@washingtonpost.com,690 689 6804
Eyde,Brader,Female,ebrader6k@shinystat.com,631 973 4549
Godfree,Doornbos,Male,gdoornbos6l@youtu.be,578 948 9714
Paton,Denerley,Bigender,pdenerley6m@xing.com,963 789 5154
Ericka,Huebner,Female,ehuebner6n@archive.org,645 799 4951
Fran,Padilla,Male,fpadilla6o@ihg.com,957 342 6095
Burk,Alkins,Male,balkins6p@is.gd,172 496 2588
Errol,Horche,Male,ehorche6q@mlb.com,452 135 0410
Felice,Groves,Male,fgroves6r@xrea.com,832 542 8721
Pren,Mosen,Male,pmosen6s@youku.com,255 308 1880
Gib,Luckey,Male,gluckey6t@mlb.com,368 296 0907
Wenda,Ramshaw,Agender,wramshaw6u@ucoz.com,462 879 7346
Aleen,Haensel,Female,ahaensel6v@toplist.cz,207 815 4023
Flore,Raraty,Female,fraraty6w@loc.gov,300 257 7070
Risa,Corro,Female,rcorro6x@auda.org.au,746 781 4466
Enrika,Nisen,Female,enisen6y@ezinearticles.com,797 734 7345
Harris,Ive,Genderfluid,hive6z@msu.edu,904 169 4237
Adda,Caesmans,Female,acaesmans70@blogspot.com,894 575 9590
Lawton,Danilenko,Male,ldanilenko71@yelp.com,222 288 7874
Bald,Dublin,Male,bdublin72@rakuten.co.jp,408 479 9256
Humberto,Vowden,Male,hvowden73@google.pl,160 353 2623
Lefty,Children,Bigender,lchildren74@chicagotribune.com,209 423 9161
Kenon,MacSkeagan,Male,kmacskeagan75@google.ca,954 852 2208
Jen,Treend,Bigender,jtreend76@wordpress.org,652 387 8714
Muhammad,Calderwood,Male,mcalderwood77@walmart.com,343 861 7697
Starlene,Bwye,Female,sbwye78@harvard.edu,485 514 8141
Karry,Gulston,Female,kgulston79@lycos.com,786 563 5132
Elaine,Darnborough,Female,edarnborough7a@cbc.ca,905 508 2342
Frank,Larmuth,Female,flarmuth7b@example.com,522 146 4187
Alexis,Garlicke,Female,agarlicke7c@indiegogo.com,995 240 2262
Wylma,Lackner,Female,wlackner7d@go.com,723 255 3307
Khalil,Letchmore,Male,kletchmore7e@sourceforge.net,491 447 8041
Kin,Gullefant,Male,kgullefant7f@hao123.com,589 129 4670
Tibold,Staterfield,Male,tstaterfield7g@blogger.com,625 561 3165
Abram,Cowdery,Male,acowdery7h@state.gov,752 691 8731
Nicolle,Laban,Female,nlaban7i@live.com,122 123 9052
Karleen,Dell,Female,kdell7j@geocities.jp,715 159 8872
Basil,Tunaclift,Male,btunaclift7k@xinhuanet.com,646 118 9461
Constancy,Lingner,Female,clingner7l@mail.ru,997 319 4943
Stephen,Ascroft,Male,sascroft7m@yahoo.com,125 920 9312
Launce,Keers,Male,lkeers7n@craigslist.org,774 748 7421
Ogden,Benjamin,Male,obenjamin7o@merriam-webster.com,583 328 4892
Godwin,Bachnic,Male,gbachnic7p@mlb.com,706 712 3683
Mischa,Ganing,Male,mganing7q@irs.gov,244 698 5786
Kathryn,O'Mullally,Female,komullally7r@accuweather.com,561 432 6013
Gisele,Skiggs,Female,gskiggs7s@earthlink.net,202 843 6049
Wilow,Britee,Female,wbritee7t@boston.com,481 287 1508
Saw,Meagher,Male,smeagher7u@about.com,221 818 0952
Geoff,Petzolt,Male,gpetzolt7v@ocn.ne.jp,690 458 8297
Eugenie,Giller,Female,egiller7w@simplemachines.org,846 200 9144
Fergus,Fayerbrother,Male,ffayerbrother7x@youku.com,204 384 1283
Lissi,Bontein,Female,lbontein7y@wiley.com,107 383 1524
Lynn,Denerley,Female,ldenerley7z@eventbrite.com,155 210 9434
Alicea,Hiland,Female,ahiland80@shop-pro.jp,367 253 4494
Lucias,Mannie,Male,lmannie81@liveinternet.ru,677 791 7531
Silas,Cowser,Male,scowser82@aboutads.info,662 906 2440
Martie,Northwood,Female,mnorthwood83@stanford.edu,810 583 8267
Gilli,Redgate,Female,gredgate84@cam.ac.uk,934 858 7998
Samson,Durdle,Male,sdurdle85@pagesperso-orange.fr,286 966 0898
Fifi,Gentile,Genderqueer,fgentile86@discovery.com,441 312 5277
Kurt,Toner,Male,ktoner87@rediff.com,164 683 6890
Kaspar,Adamski,Male,kadamski88@japanpost.jp,940 825 0998
Miner,Magne,Male,mmagne89@google.com.br,745 413 5668
Donovan,Winteringham,Male,dwinteringham8a@java.com,524 542 3880
Shelagh,Shervil,Female,sshervil8b@cdc.gov,466 405 1151
Hartley,Crab,Male,hcrab8c@home.pl,861 189 9760
Max,Vaar,Male,mvaar8d@newsvine.com,859 678 3650
Barbara,Maccree,Female,bmaccree8e@hatena.ne.jp,525 710 4998
Nevin,Blundon,Male,nblundon8f@tinyurl.com,368 978 6034
Josephina,Nassau,Female,jnassau8g@wiley.com,703 294 3996
Huntington,Filer,Male,hfiler8h@google.ca,982 745 5657
Heall,Pardal,Male,hpardal8i@elegantthemes.com,662 494 9935
Elysha,Pawlett,Female,epawlett8j@mediafire.com,465 488 5143
Hirsch,Honatsch,Genderfluid,hhonatsch8k@craigslist.org,196 925 1456
Forrest,Lowdiane,Male,flowdiane8l@loc.gov,908 693 8527
Alvan,Dahl,Male,adahl8m@devhub.com,865 813 7623
Rockie,Dacey,Male,rdacey8n@hexun.com,885 937 9529
Saxe,Chawner,Male,schawner8o@google.com,982 566 8165
Micah,Bertelsen,Male,mbertelsen8p@java.com,617 458 0459
Giustino,Ollcott,Male,gollcott8q@archive.org,416 387 4044
Lyda,Mollett,Genderqueer,lmollett8r@yellowbook.com,293 953 2840
Ralf,Braidon,Male,rbraidon8s@baidu.com,862 254 7814
Fannie,Fairleigh,Female,ffairleigh8t@fastcompany.com,327 711 4183
Cornie,Scattergood,Female,cscattergood8u@ocn.ne.jp,451 739 8156
Forrest,Bryns,Male,fbryns8v@youtube.com,870 913 5898
Josselyn,Mortell,Female,jmortell8w@usatoday.com,632 316 6856
Carce,Lanchester,Male,clanchester8x@a8.net,252 557 1873
Baxy,Goldine,Male,bgoldine8y@cdbaby.com,752 192 1846
Harwilll,Morphey,Male,hmorphey8z@multiply.com,663 203 2774
Ermentrude,Fraczak,Female,efraczak90@hp.com,480 911 3452
Gavra,Antonescu,Female,gantonescu91@chron.com,852 518 3552
Ward,Ygou,Male,wygou92@smugmug.com,971 766 8029
Andie,Mitchelhill,Female,amitchelhill93@reddit.com,771 287 4544
Gerick,Conkling,Male,gconkling94@hatena.ne.jp,952 971 8846
Angy,Samuel,Female,asamuel95@biglobe.ne.jp,902 672 3611
Carma,Morritt,Female,cmorritt96@reverbnation.com,741 206 1454
Faustina,Fendt,Female,ffendt97@vkontakte.ru,584 639 0876
Etheline,Codlin,Female,ecodlin98@dedecms.com,540 274 9737
Hartwell,Rigden,Male,hrigden99@geocities.jp,445 346 0932
Garrett,Moakes,Male,gmoakes9a@blogs.com,179 521 6785
Evita,Chambers,Female,echambers9b@i2i.jp,296 545 9659
Hubey,Kybert,Male,hkybert9c@etsy.com,595 118 2782
Vassily,Campes,Male,vcampes9d@over-blog.com,542 561 2032
Aliza,Atley,Female,aatley9e@nbcnews.com,249 912 4685
Eden,Lorans,Non-binary,elorans9f@51.la,830 660 2872
Emery,Welsby,Male,ewelsby9g@blogtalkradio.com,447 880 6000
Kristofer,Crisford,Male,kcrisford9h@adobe.com,782 577 7820
Hersch,Drohun,Male,hdrohun9i@multiply.com,650 850 1175
Felike,Shapero,Male,fshapero9j@amazon.co.jp,597 408 4929
Eldon,Braikenridge,Male,ebraikenridge9k@t.co,788 760 7804
Elysha,Whittle,Female,ewhittle9l@bloomberg.com,906 381 8043
Moishe,Najera,Male,mnajera9m@upenn.edu,446 920 2550
Sholom,Boase,Male,sboase9n@pinterest.com,719 378 6965
Herold,Rodenburgh,Male,hrodenburgh9o@amazon.de,842 400 9183
Cordy,Leadston,Male,cleadston9p@walmart.com,341 305 7115
Shelley,Pippard,Female,spippard9q@parallels.com,883 878 6177
Delmer,Dawbury,Male,ddawbury9r@businessinsider.com,648 564 1356
Cori,Redmore,Female,credmore9s@ed.gov,842 342 4151
Caryl,Chartman,Female,cchartman9t@spiegel.de,160 642 8990
Yancey,Danks,Genderqueer,ydanks9u@nba.com,502 162 7258
Rozina,Kabsch,Female,rkabsch9v@marriott.com,514 623 6273
Shayla,Feather,Female,sfeather9w@ameblo.jp,979 121 8547
Rayner,Rapport,Male,rrapport9x@sun.com,243 120 1415
Eachelle,Foad,Female,efoad9y@ted.com,954 956 4917
Griselda,Gresswell,Female,ggresswell9z@phoca.cz,812 832 3234
Amber,Toulamain,Female,atoulamaina0@ovh.net,604 316 2328
Lotty,Mathan,Female,lmathana1@de.vu,202 432 6420
Aubrey,Nannini,Male,ananninia2@vk.com,348 867 2528
Bryana,Letch,Female,bletcha3@fastcompany.com,374 403 6541
Afton,Bouttell,Female,abouttella4@newyorker.com,343 514 4239
Marcy,Duly,Female,mdulya5@bravesites.com,343 522 8228
Tommie,Vine,Female,tvinea6@msn.com,465 700 5452
Stanislas,Wilsdon,Male,swilsdona7@cbsnews.com,176 327 0050
Madelle,Wixey,Agender,mwixeya8@linkedin.com,324 745 1252
Malorie,Bennison,Female,mbennisona9@si.edu,290 397 8113
Christos,Gibbetts,Male,cgibbettsaa@feedburner.com,168 176 5683
Rickie,Hanner,Female,rhannerab@europa.eu,296 593 8525
Quinlan,Featenby,Male,qfeatenbyac@youtube.com,910 700 5048
Dilly,Soars,Male,dsoarsad@chron.com,442 638 2841
Marlena,Leads,Female,mleadsae@craigslist.org,809 246 6890
Deena,Placido,Female,dplacidoaf@tumblr.com,610 504 4700
Zoe,Shields,Female,zshieldsag@bing.com,117 836 6238
Manolo,Gibard,Male,mgibardah@sogou.com,325 564 7588
Tomasina,Thieme,Female,tthiemeai@guardian.co.uk,433 703 1781
Gladi,Kidds,Female,gkiddsaj@liveinternet.ru,966 572 8695
Kathie,Abramino,Female,kabraminoak@dmoz.org,708 566 2161
Retha,Sporrij,Female,rsporrijal@samsung.com,482 645 7172
Boigie,Kaveney,Male,bkaveneyam@dailymail.co.uk,515 980 6554
Vick,Bliven,Male,vblivenan@cam.ac.uk,837 941 0078
Rosalia,Costi,Female,rcostiao@rambler.ru,693 921 7299
Kayne,Birds,Genderqueer,kbirdsap@linkedin.com,530 435 2467
Blakeley,Dionsetto,Female,bdionsettoaq@jimdo.com,225 385 6784
Reyna,Kemer,Genderqueer,rkemerar@nature.com,519 553 4621
Asher,Kinig,Male,akinigas@walmart.com,198 821 5612
Mariquilla,Wanne,Female,mwanneat@bbb.org,366 424 4853
Clotilda,Billo,Female,cbilloau@msu.edu,418 173 6455
Claudius,Norster,Genderqueer,cnorsterav@latimes.com,790 570 6504
Courtney,McArdle,Male,cmcardleaw@clickbank.net,475 510 6313
Trixi,Magog,Female,tmagogax@spotify.com,629 822 8421
Wood,Hamon,Male,whamonay@va.gov,846 405 1600
Will,Pizey,Male,wpizeyaz@networksolutions.com,111 646 1505
Edward,Milvarnie,Male,emilvarnieb0@europa.eu,301 661 1547
Garnette,Garrison,Female,ggarrisonb1@answers.com,170 777 9676
Van,Palliser,Male,vpalliserb2@java.com,738 649 5489
Susanetta,Groomebridge,Genderfluid,sgroomebridgeb3@msu.edu,893 678 8619
Birgit,Tamblingson,Female,btamblingsonb4@gizmodo.com,587 876 3623
Benji,Servante,Male,bservanteb5@blogspot.com,142 849 9010
Gina,Ciardo,Female,gciardob6@senate.gov,381 898 3692
Hayley,Bunney,Female,hbunneyb7@i2i.jp,149 960 1738
Zonnya,Benfell,Female,zbenfellb8@uiuc.edu,476 505 0761
Iorgos,Weigh,Male,iweighb9@pbs.org,151 675 5418
Clair,Bartod,Male,cbartodba@rediff.com,799 663 4335
Trish,Cahn,Agender,tcahnbb@etsy.com,586 486 2796
Glenna,Gauson,Female,ggausonbc@ed.gov,800 409 0943
Rheba,Gaytor,Female,rgaytorbd@army.mil,970 101 5328
Conroy,Pecht,Polygender,cpechtbe@patch.com,650 925 0254
Curry,Cundey,Male,ccundeybf@studiopress.com,799 552 0611
Deanna,Di Meo,Female,ddimeobg@geocities.jp,969 747 2010
Margarethe,Radloff,Female,mradloffbh@slashdot.org,228 235 5258
Dex,Feeham,Male,dfeehambi@gravatar.com,910 380 8446
Bernadette,Danielkiewicz,Female,bdanielkiewiczbj@wsj.com,464 761 6194
Carolan,Jacklin,Female,cjacklinbk@webeden.co.uk,525 169 6617
Gennifer,Knapp,Female,gknappbl@google.it,801 404 6456
Kellen,Grzelczak,Female,kgrzelczakbm@hibu.com,317 509 6297
Lief,Beardsdale,Male,lbeardsdalebn@gnu.org,912 839 1032
Willis,Sutworth,Agender,wsutworthbo@lulu.com,107 593 2658
Iorgos,Dand,Male,idandbp@mapy.cz,809 643 4404
Florian,Cordelle,Male,fcordellebq@wikispaces.com,678 258 3818
Norah,Jordison,Female,njordisonbr@omniture.com,532 926 4178
Allen,McIlmorow,Male,amcilmorowbs@i2i.jp,850 803 5883
Ailyn,Kitchingman,Female,akitchingmanbt@blinklist.com,450 633 0693
Waverley,Snugg,Non-binary,wsnuggbu@stumbleupon.com,322 341 2808
Eduard,Ebi,Male,eebibv@java.com,272 723 0894
Anatollo,Gavaghan,Male,agavaghanbw@discuz.net,940 546 8774
Gallagher,Strongman,Male,gstrongmanbx@about.me,159 427 2036
Damiano,Thomasen,Genderqueer,dthomasenby@google.co.jp,862 332 0745
Kain,Petrolli,Male,kpetrollibz@nifty.com,764 667 3771
Gustav,Meeson,Male,gmeesonc0@friendfeed.com,662 912 6286
Wren,Riddlesden,Female,wriddlesdenc1@admin.ch,735 756 1856
Timothea,Neesam,Female,tneesamc2@wordpress.com,550 806 1276
Dacie,Zanussii,Female,dzanussiic3@rediff.com,277 518 6637
Alistair,Giraudeau,Male,agiraudeauc4@nydailynews.com,232 858 2784
Sosanna,Malt,Female,smaltc5@facebook.com,868 236 8746
Ignace,Pirnie,Male,ipirniec6@imgur.com,307 359 1379
Juana,Thursfield,Female,jthursfieldc7@stumbleupon.com,492 676 4099
Rowe,Bagworth,Female,rbagworthc8@cnbc.com,504 318 9283
Walther,Penkethman,Male,wpenkethmanc9@smugmug.com,433 900 6236
Trista,Scoullar,Female,tscoullarca@microsoft.com,353 277 0745
Shara,Pavy,Female,spavycb@addthis.com,711 214 9966
Bogey,Antonazzi,Male,bantonazzicc@home.pl,766 283 1894
Alexandre,Blanchard,Male,ablanchardcd@oaic.gov.au,122 314 0854
Emili,Weekland,Female,eweeklandce@typepad.com,876 537 6223
Trudey,Borlease,Female,tborleasecf@ocn.ne.jp,461 947 4777
Lanita,Willers,Female,lwillerscg@abc.net.au,354 250 8465
Cathie,Cruddas,Female,ccruddasch@cbslocal.com,831 832 7977
Carlin,Melbourn,Female,cmelbournci@ted.com,822 825 6248
Eva,Comizzoli,Bigender,ecomizzolicj@i2i.jp,825 467 2338
Silvan,Basil,Male,sbasilck@xing.com,408 598 8858
Misty,Bruyntjes,Female,mbruyntjescl@hhs.gov,103 911 9097
Constantina,Koubu,Female,ckoubucm@soup.io,938 860 1194
Herc,Kaesmakers,Male,hkaesmakerscn@state.tx.us,132 837 9875
Tobin,Noddles,Male,tnoddlesco@themeforest.net,572 821 6044
Bob,Franklen,Male,bfranklencp@noaa.gov,393 602 5905
Randi,Jakubski,Female,rjakubskicq@intel.com,630 518 8847
Reinhold,Bourke,Male,rbourkecr@mozilla.org,881 325 2688
Bear,Delamaine,Male,bdelamainecs@myspace.com,295 410 8111
Ardath,Seagar,Female,aseagarct@aboutads.info,338 149 3046
Kendre,Emson,Female,kemsoncu@rakuten.co.jp,798 565 7703
Arlena,Antonikov,Female,aantonikovcv@php.net,786 239 6208
Yetty,Cabel,Female,ycabelcw@irs.gov,689 534 3434
Karl,Sigward,Agender,ksigwardcx@redcross.org,196 743 5050
Yancy,Aurelius,Male,yaureliuscy@japanpost.jp,573 247 5477
Irene,Gourlie,Female,igourliecz@reverbnation.com,251 968 1436
Fey,Edgcombe,Female,fedgcombed0@joomla.org,863 589 3590
Elaine,Dall,Polygender,edalld1@craigslist.org,608 169 8916
Candice,Bartlomieczak,Female,cbartlomieczakd2@quantcast.com,966 109 9456
Xenia,Pawelski,Female,xpawelskid3@who.int,569 809 2265
Caressa,Stirland,Female,cstirlandd4@wufoo.com,178 872 8238
Shaylynn,Flagg,Female,sflaggd5@51.la,236 167 5317
Yolane,Danell,Female,ydanelld6@adobe.com,625 781 1584
Martynne,Mussen,Female,mmussend7@nydailynews.com,305 893 5763
Livvy,Mathivat,Female,lmathivatd8@networksolutions.com,831 644 3072
Britt,Axell,Male,baxelld9@bbc.co.uk,162 342 0474
Chucho,Sumner,Male,csumnerda@google.fr,435 989 2089
Byrle,Beauchamp,Male,bbeauchampdb@house.gov,574 862 9573
Gustave,Coleman,Male,gcolemandc@earthlink.net,111 766 2524
Yancy,Morrowe,Male,ymorrowedd@uiuc.edu,424 976 4770
Farand,Webber,Genderqueer,fwebberde@baidu.com,614 555 8404
Hamish,Gleader,Male,hgleaderdf@indiegogo.com,216 283 5214
Trudy,Dick,Genderqueer,tdickdg@biglobe.ne.jp,483 652 2964
Kalli,Timny,Genderqueer,ktimnydh@hibu.com,614 968 5575
Gaylor,Borel,Male,gboreldi@hexun.com,899 748 2504
Dill,Mc Corley,Male,dmccorleydj@networkadvertising.org,830 523 3386
Eben,Heppenspall,Male,eheppenspalldk@netvibes.com,728 999 2472
Linzy,Bedburrow,Female,lbedburrowdl@themeforest.net,946 962 3802
Rhoda,Whettleton,Female,rwhettletondm@businessinsider.com,119 208 2972
Manuel,Malthouse,Male,mmalthousedn@google.ca,484 897 8652
Dacia,Scamal,Female,dscamaldo@bloglovin.com,854 899 2974
Harlen,Doggerell,Male,hdoggerelldp@seattletimes.com,692 481 6016
Mella,Rummery,Female,mrummerydq@rakuten.co.jp,693 557 0915
Fran,Barkworth,Male,fbarkworthdr@list-manage.com,987 388 1333
Royal,Baise,Male,rbaiseds@studiopress.com,681 355 2111
Berny,Jeynes,Male,bjeynesdt@yellowbook.com,451 432 2599
Drake,Feirn,Male,dfeirndu@de.vu,624 623 1434
Valentine,Heberden,Male,vheberdendv@cbc.ca,665 787 2112
Alfonse,Hebditch,Male,ahebditchdw@senate.gov,688 595 4161
Baxie,Trinder,Genderfluid,btrinderdx@spiegel.de,882 812 9116
Wandie,Patullo,Female,wpatullody@amazon.co.jp,584 633 9505
Xymenes,Beadman,Non-binary,xbeadmandz@irs.gov,487 699 8378
Janith,Maile,Female,jmailee0@a8.net,872 942 1250
Newton,Gooday,Male,ngoodaye1@etsy.com,386 986 4193
Esra,Dadd,Male,edadde2@gmpg.org,824 781 4063
Dasi,Shawell,Female,dshawelle3@netlog.com,942 159 6221
Aurlie,Regenhardt,Female,aregenhardte4@zdnet.com,819 225 5311
Flin,Tudhope,Agender,ftudhopee5@discuz.net,591 644 8215
Dianne,Sineath,Genderfluid,dsineathe6@moonfruit.com,552 498 9779
Evvy,Leah,Female,eleahe7@nasa.gov,832 167 4095
Lorilee,Luetchford,Female,lluetchforde8@clickbank.net,423 189 6449
Bernard,Gerber,Male,bgerbere9@columbia.edu,173 723 9866
Dana,Bridgeland,Female,dbridgelandea@rediff.com,138 479 4544
Dione,Kachel,Female,dkacheleb@wikispaces.com,805 982 9157
Arvie,Kesey,Male,akeseyec@free.fr,786 887 8638
Philipa,Gagin,Female,pgagined@noaa.gov,375 770 1556
Cam,Campling,Female,ccamplingee@cdbaby.com,367 748 3542
Atalanta,O'Scollee,Female,aoscolleeef@about.com,769 497 8777
Bradford,McGeachey,Male,bmcgeacheyeg@dropbox.com,271 522 2210
Jocelin,Mac Geaney,Female,jmacgeaneyeh@goo.ne.jp,389 455 9712
Kiel,Rens,Male,krensei@howstuffworks.com,764 940 8699
Reeba,Zecchinelli,Female,rzecchinelliej@boston.com,612 440 6724
Breena,Woods,Female,bwoodsek@webnode.com,761 943 3420
Saleem,Jenicek,Male,sjenicekel@unesco.org,374 516 3184
Harriet,O' Kelleher,Female,hokelleherem@vistaprint.com,247 473 8491
Lucian,Youhill,Non-binary,lyouhillen@tinypic.com,360 913 8704
Brandy,Fillan,Male,bfillaneo@nyu.edu,636 358 2209
Jeane,Doogan,Female,jdooganep@salon.com,318 855 7920
Si,Gabbett,Genderqueer,sgabbetteq@xrea.com,857 721 5947
Albie,Coyish,Male,acoyisher@prweb.com,988 594 5939
Farah,Withams,Female,fwithamses@omniture.com,794 231 2913
Ashton,Kidney,Male,akidneyet@smugmug.com,834 968 8129
Natalya,Brunelleschi,Female,nbrunelleschieu@dot.gov,309 948 1530
Lula,Kleint,Female,lkleintev@theatlantic.com,169 953 4634
Bunny,Standingford,Female,bstandingfordew@dot.gov,967 195 5144
Chevalier,Daburn,Male,cdaburnex@toplist.cz,242 655 9940
Brew,Betun,Male,bbetuney@hatena.ne.jp,927 451 1622
Drew,Elfes,Genderfluid,delfesez@dropbox.com,337 438 4808
Tonye,Houtby,Female,thoutbyf0@bloomberg.com,267 150 5460
Hamlin,Illingsworth,Male,hillingsworthf1@npr.org,130 847 6507
Linoel,Hartness,Male,lhartnessf2@washingtonpost.com,409 288 3590
Ario,Absolom,Male,aabsolomf3@ucla.edu,833 916 0738
Kenon,McGaw,Male,kmcgawf4@usda.gov,663 321 4050
Jule,Buckney,Male,jbuckneyf5@oakley.com,627 556 5077
Aurlie,Margaret,Female,amargaretf6@telegraph.co.uk,639 192 6964
Dannel,Frude,Male,dfrudef7@irs.gov,792 974 5051
Briana,Benneyworth,Female,bbenneyworthf8@virginia.edu,189 560 6799
Gray,Emberson,Male,gembersonf9@statcounter.com,699 649 1866
Letitia,Neligan,Female,lneliganfa@ftc.gov,462 946 6016
Olympie,Hynard,Female,ohynardfb@joomla.org,352 530 6966
Chantalle,Dessaur,Female,cdessaurfc@multiply.com,784 813 5751
Law,Mathison,Male,lmathisonfd@illinois.edu,586 777 5818
Guntar,Crucitti,Male,gcrucittife@washingtonpost.com,203 821 7919
Washington,Matignon,Genderfluid,wmatignonff@uol.com.br,446 309 9735
Orlan,Musla,Male,omuslafg@nydailynews.com,265 473 8059
Mitch,McCrohon,Male,mmccrohonfh@who.int,301 701 6350
Jen,McTaggart,Female,jmctaggartfi@europa.eu,393 354 9599
Angus,Curryer,Male,acurryerfj@nifty.com,353 232 5932
Noelyn,Antunes,Female,nantunesfk@ebay.co.uk,152 176 1541
Efrem,Gemlett,Male,egemlettfl@dedecms.com,968 894 4973
Muffin,Lawtie,Male,mlawtiefm@tamu.edu,505 805 4079
Magdaia,Alessandrini,Female,malessandrinifn@delicious.com,949 872 6709
Thorpe,Mutlow,Genderfluid,tmutlowfo@wikimedia.org,130 242 1812
Sharleen,Tidswell,Female,stidswellfp@blogs.com,325 777 1447
Carney,Braybrooke,Male,cbraybrookefq@wordpress.com,564 373 8258
Inesita,Stott,Female,istottfr@example.com,406 774 3468
Adey,Abdon,Female,aabdonfs@t.co,238 660 7384
Bastian,Neilus,Male,bneilusft@army.mil,363 439 0832
Vanya,Ianiello,Female,vianiellofu@cbslocal.com,895 921 2958
Lambert,Pisco,Male,lpiscofv@ezinearticles.com,205 921 8471
Valenka,Ayer,Female,vayerfw@buzzfeed.com,642 516 5622
Nertie,Mignot,Genderfluid,nmignotfx@unicef.org,769 718 2918
Cathrin,Bettis,Female,cbettisfy@kickstarter.com,463 332 4307
Cherri,Paddeley,Female,cpaddeleyfz@japanpost.jp,617 742 5339
Jerrine,Abramowitch,Non-binary,jabramowitchg0@sciencedaily.com,813 283 5638
Hamel,Bosomworth,Male,hbosomworthg1@webnode.com,463 871 3760
Lin,Schermick,Male,lschermickg2@mac.com,894 469 0112
Milissent,Sumshon,Female,msumshong3@mapquest.com,709 536 9836
Eloise,Halleday,Bigender,ehalledayg4@hibu.com,893 839 4963
Kitti,Unwins,Female,kunwinsg5@dot.gov,575 821 7256
Gayla,O'Lynn,Female,golynng6@nba.com,393 398 0739
Ber,Tesauro,Male,btesaurog7@myspace.com,270 579 7566
Lelah,Munby,Female,lmunbyg8@alibaba.com,941 559 2859
Dunstan,Stables,Male,dstablesg9@cnn.com,999 968 6628
Wynn,Brychan,Male,wbrychanga@ehow.com,141 910 5682
Roderick,Cona,Male,rconagb@reddit.com,244 953 5105
Liesa,McNally,Female,lmcnallygc@cocolog-nifty.com,123 598 5803
Revkah,Switland,Female,rswitlandgd@youku.com,170 270 3562
Tildy,Engledow,Female,tengledowge@senate.gov,951 865 1968
Kalle,Dudbridge,Male,kdudbridgegf@washington.edu,441 542 9782
Marcie,De Andisie,Non-binary,mdeandisiegg@opensource.org,731 358 9600
Garry,Arend,Male,garendgh@meetup.com,534 162 1746
Sal,Willson,Male,swillsongi@squarespace.com,114 659 0052
Shurwood,Norridge,Male,snorridgegj@nps.gov,940 174 8033
Vivianne,Seven,Female,vsevengk@tinyurl.com,833 697 2714
Kain,Quelch,Male,kquelchgl@cisco.com,140 857 4904
Tilda,Filipov,Female,tfilipovgm@pen.io,902 734 3679
Lucila,Lazonby,Female,llazonbygn@jiathis.com,128 811 4007
Michelina,Caunt,Female,mcauntgo@princeton.edu,533 901 0659
Ronny,Staning,Female,rstaninggp@ifeng.com,734 332 2413
Brant,Cocke,Male,bcockegq@dagondesign.com,350 200 8234
Lucias,Colebourne,Male,lcolebournegr@imgur.com,351 308 2402
Rustin,Leet,Male,rleetgs@fda.gov,934 345 7283
Halie,Brazil,Female,hbrazilgt@biglobe.ne.jp,530 458 1919
Friedrick,Ganniclifft,Male,fganniclifftgu@bloglovin.com,594 409 7301
Lesya,Cranke,Bigender,lcrankegv@wufoo.com,285 239 4527
Lois,Crafter,Female,lcraftergw@acquirethisname.com,317 147 6160
Jan,Guard,Male,jguardgx@yellowbook.com,190 265 0785
Salvador,Pol,Male,spolgy@hhs.gov,341 635 4138
Mychal,Cuel,Male,mcuelgz@stumbleupon.com,702 223 1984
Loren,Tattershall,Male,ltattershallh0@cmu.edu,351 678 9688
Enrika,Kyffin,Female,ekyffinh1@merriam-webster.com,610 686 2552
Moira,Woodhead,Female,mwoodheadh2@vk.com,309 906 2763
Ramona,Marl,Female,rmarlh3@epa.gov,351 830 8808
Rafe,Rykert,Male,rrykerth4@mozilla.org,210 931 6514
Emili,Tucsell,Female,etucsellh5@mtv.com,317 173 8965
Marie,Toyer,Female,mtoyerh6@marriott.com,977 327 1519
Osbert,Eberdt,Male,oeberdth7@bravesites.com,209 142 8359
Baillie,Dorran,Male,bdorranh8@sfgate.com,109 351 7390
Quintin,Extil,Male,qextilh9@kickstarter.com,632 574 7612
Franny,Seeler,Non-binary,fseelerha@ameblo.jp,570 263 7198
Haily,Thornton,Male,hthorntonhb@zimbio.com,538 858 3974
Alys,Tiron,Female,atironhc@nhs.uk,779 795 4325
Eachelle,Shortland,Female,eshortlandhd@imgur.com,354 526 8781
Rory,Bamlett,Female,rbamletthe@epa.gov,623 973 1854
Durward,Speares,Male,dspeareshf@elpais.com,504 324 3804
Wit,Baldini,Male,wbaldinihg@csmonitor.com,733 741 7398
Lonnard,Havard,Agender,lhavardhh@alexa.com,756 947 1606
Glendon,O'Donoghue,Male,godonoghuehi@tiny.cc,333 819 9607
Matti,Clemanceau,Female,mclemanceauhj@simplemachines.org,581 764 7916
Almeria,Brannan,Female,abrannanhk@sakura.ne.jp,514 405 2273
Carole,Feaviour,Female,cfeaviourhl@globo.com,403 642 8475
Rochella,Shipway,Genderqueer,rshipwayhm@blogs.com,901 865 2650
Marty,Turbefield,Female,mturbefieldhn@europa.eu,137 582 0514
Malanie,Keady,Genderfluid,mkeadyho@cnn.com,274 205 0448
Viola,Spragge,Female,vspraggehp@toplist.cz,552 279 5722
Wells,Benardet,Male,wbenardethq@slate.com,880 277 3592
Dionysus,Rosengart,Male,drosengarthr@ycombinator.com,178 291 5243
Tomlin,Puckring,Male,tpuckringhs@businessweek.com,832 335 8977
Viki,Bramich,Bigender,vbramichht@bloglines.com,532 946 9227
Foster,Gillman,Male,fgillmanhu@tinypic.com,414 432 6954
Wilfred,Antonowicz,Agender,wantonowiczhv@51.la,786 284 5458
Shellie,Ciric,Genderqueer,scirichw@behance.net,907 450 0771
Charlotte,Willan,Female,cwillanhx@adobe.com,473 871 5816
Lance,Legrave,Male,llegravehy@smugmug.com,390 499 0282
Rowen,Mateescu,Male,rmateescuhz@ted.com,116 377 9410
Giraud,Grigaut,Male,ggrigauti0@pbs.org,799 306 6471
Gerianna,Marshal,Non-binary,gmarshali1@yelp.com,338 363 2537
Adler,McSperron,Male,amcsperroni2@intel.com,107 874 2476
Elwyn,Edelheit,Male,eedelheiti3@jiathis.com,519 983 6045
Lanny,Hildred,Male,lhildredi4@exblog.jp,185 827 1929
Konstantin,Bultitude,Male,kbultitudei5@mapquest.com,930 668 3964
Randie,Hiscoe,Female,rhiscoei6@bing.com,931 789 9928
Bancroft,Barnby,Male,bbarnbyi7@printfriendly.com,604 179 3688
Aili,MacAloren,Female,amacaloreni8@blogs.com,534 549 9532
Joete,Checchi,Genderfluid,jchecchii9@wix.com,984 604 8311
Debi,Serjent,Female,dserjentia@parallels.com,752 149 1481
Matty,MacGeaney,Female,mmacgeaneyib@unicef.org,189 302 3231
Priscella,McGregor,Female,pmcgregoric@globo.com,649 359 6182
Starlene,Kinchley,Female,skinchleyid@reuters.com,125 544 3015
Porty,Ommanney,Male,pommanneyie@xinhuanet.com,360 932 8762
Rosanne,Linkleter,Female,rlinkleterif@stanford.edu,628 789 3600
Lester,Chomiszewski,Male,lchomiszewskiig@oaic.gov.au,216 576 4878
Nerty,Shillitoe,Female,nshillitoeih@virginia.edu,765 189 5178
Emeline,Caren,Female,ecarenii@photobucket.com,820 157 8285
Dexter,Sprigin,Bigender,dspriginij@netvibes.com,941 795 3263
Hestia,Bearcock,Female,hbearcockik@blogger.com,125 536 6857
Elnar,Prestland,Male,eprestlandil@imdb.com,841 535 1546
Tiffi,Witchalls,Female,twitchallsim@uiuc.edu,765 269 0800
Vincent,Brodest,Male,vbrodestin@si.edu,844 904 3524
Kailey,McInerney,Female,kmcinerneyio@multiply.com,141 333 4250
Raf,Frenchum,Non-binary,rfrenchumip@barnesandnoble.com,173 718 0313
Barbee,Coot,Polygender,bcootiq@cnn.com,115 834 9563
Bird,Ubsdale,Female,bubsdaleir@squarespace.com,715 730 3017
Willi,Farrall,Female,wfarrallis@go.com,411 836 1034
Lisa,Stillwell,Female,lstillwellit@parallels.com,959 420 7302
Deanna,Cocksedge,Female,dcocksedgeiu@adobe.com,516 319 0697
Trace,Creamer,Male,tcreameriv@state.gov,703 483 6882
Ximenes,Goldman,Genderqueer,xgoldmaniw@sphinn.com,180 453 9612
Duncan,Cull,Bigender,dcullix@flickr.com,970 865 9529
Doe,Hearn,Female,dhearniy@themeforest.net,171 956 2614
Trevar,Nolleth,Male,tnollethiz@seesaa.net,786 845 5521
Simonne,Jenking,Female,sjenkingj0@a8.net,456 222 6446
Nathalia,Greggersen,Female,ngreggersenj1@booking.com,666 199 4118
Fleurette,Vitte,Female,fvittej2@berkeley.edu,920 713 7526
Franchot,Biddleston,Male,fbiddlestonj3@google.pl,383 197 2760
Gayler,Shackesby,Male,gshackesbyj4@who.int,543 737 5563
Ezechiel,Meadows,Male,emeadowsj5@ca.gov,757 116 0605
Maryanna,Frew,Polygender,mfrewj6@nyu.edu,690 547 6061
Ramona,Hollingsby,Non-binary,rhollingsbyj7@pbs.org,523 434 2248
Francklyn,Airdrie,Male,fairdriej8@xinhuanet.com,213 478 9448
Alta,Barge,Female,abargej9@businessinsider.com,828 695 4816
Dara,McShee,Female,dmcsheeja@businessinsider.com,983 519 9989
Emelen,Raulin,Male,eraulinjb@theatlantic.com,620 935 8165
Rosella,Belcher,Female,rbelcherjc@xrea.com,587 759 6823
Lock,Belasco,Non-binary,lbelascojd@usatoday.com,988 709 0410
Wylie,Blethyn,Male,wblethynje@nydailynews.com,684 477 7795
Bradly,Bruff,Male,bbruffjf@purevolume.com,161 932 5134
Ami,Dow,Female,adowjg@dell.com,483 708 4067
Rosie,Kilshaw,Female,rkilshawjh@cpanel.net,916 245 3099
Dorothee,Stockey,Bigender,dstockeyji@live.com,576 740 7826
Marris,Bagnal,Female,mbagnaljj@lulu.com,845 491 0846
Derrek,Rolfini,Male,drolfinijk@fastcompany.com,152 292 9749
Dalston,Hubach,Male,dhubachjl@google.co.jp,914 459 1637
Antonin,Caff,Male,acaffjm@time.com,480 493 8625
Humfrid,Schimann,Male,hschimannjn@biglobe.ne.jp,849 474 6378
Sutherland,Tolcher,Male,stolcherjo@unblog.fr,598 756 1538
Willi,Syder,Male,wsyderjp@printfriendly.com,156 620 4312
Vivian,Scutt,Female,vscuttjq@guardian.co.uk,400 767 7828
Andrus,Kiloh,Male,akilohjr@usa.gov,997 227 4450
Melloney,Loweth,Female,mlowethjs@nationalgeographic.com,342 640 8703
Dorolisa,Turford,Female,dturfordjt@indiegogo.com,568 297 3417
Germana,Gian,Female,ggianju@usa.gov,206 616 3679
Berte,McSharry,Female,bmcsharryjv@booking.com,566 336 9338
Ignatius,Cahan,Genderqueer,icahanjw@csmonitor.com,377 341 6302
Weylin,Broome,Male,wbroomejx@jigsy.com,362 783 8915
Arty,Robottom,Male,arobottomjy@cocolog-nifty.com,402 978 0907
Jonas,Blew,Male,jblewjz@phpbb.com,574 373 7290
Ferdinand,Monkleigh,Male,fmonkleighk0@over-blog.com,103 396 5015
Lesli,Cutteridge,Female,lcutteridgek1@hc360.com,419 762 7377
Tailor,L'Amie,Male,tlamiek2@nps.gov,361 521 3811
Minerva,Furbank,Female,mfurbankk3@latimes.com,643 303 1602
Egan,Orringe,Genderfluid,eorringek4@cargocollective.com,720 393 8065
Donal,Garbott,Male,dgarbottk5@epa.gov,887 351 4726
Corabel,Hollidge,Female,chollidgek6@xinhuanet.com,586 279 6222
Cassandry,Yatman,Bigender,cyatmank7@photobucket.com,732 458 7136
Coralyn,Jelliman,Female,cjellimank8@amazon.de,162 255 2539
Sigrid,Heasley,Female,sheasleyk9@washingtonpost.com,654 684 3239
Terrie,Worsfield,Female,tworsfieldka@odnoklassniki.ru,480 855 3324
Rheta,Gwin,Female,rgwinkb@xing.com,946 847 9187
Riley,Lonsdale,Male,rlonsdalekc@posterous.com,979 649 3203
Dory,Ripper,Male,dripperkd@tinyurl.com,139 205 4208
Abran,Redhouse,Male,aredhouseke@about.com,659 271 9207
Riley,Kaubisch,Male,rkaubischkf@last.fm,864 474 7581
Stanford,Sedgmond,Male,ssedgmondkg@sbwire.com,723 996 1935
Rodolph,Enrique,Male,renriquekh@bing.com,661 547 5682
Denys,McNirlin,Male,dmcnirlinki@nhs.uk,778 554 0687
Priscilla,Baynam,Female,pbaynamkj@multiply.com,451 101 1112
Hasty,Prichard,Male,hprichardkk@deliciousdays.com,426 780 9172
Emilie,Oattes,Female,eoatteskl@gravatar.com,331 122 4335
Mart,Pillinger,Male,mpillingerkm@addtoany.com,493 367 6875
Sybila,Faulkener,Polygender,sfaulkenerkn@wikimedia.org,544 244 2124
Ardelle,Flippelli,Female,aflippelliko@surveymonkey.com,883 688 6195
Darb,Sackey,Male,dsackeykp@ihg.com,827 122 6256
Doloritas,Riccelli,Female,driccellikq@shareasale.com,771 797 3168
Elisa,Pozzo,Female,epozzokr@blogs.com,288 688 6365
Trever,Hatherell,Male,thatherellks@cloudflare.com,660 715 9093
Adelbert,Piaggia,Male,apiaggiakt@nifty.com,448 692 9429
Sharity,Picken,Female,spickenku@bloomberg.com,549 769 5142
Teador,O'Doherty,Male,todohertykv@illinois.edu,447 951 7443
Katrinka,Martusewicz,Female,kmartusewiczkw@bravesites.com,356 242 0314
Russ,Hansford,Male,rhansfordkx@sun.com,608 808 2134
Mady,McDonand,Female,mmcdonandky@freewebs.com,770 256 8271
Giacopo,Rupp,Male,gruppkz@wp.com,746 314 4834
Ripley,Loveguard,Male,rloveguardl0@un.org,243 310 6350
Dorelia,Meiklem,Female,dmeikleml1@cbc.ca,785 778 2694
Edi,Gardiner,Female,egardinerl2@opera.com,302 594 9094
Riobard,Posselwhite,Male,rposselwhitel3@addtoany.com,612 852 6688
Kayne,Arbuckle,Male,karbucklel4@pbs.org,513 635 2193
Bennie,Pogue,Male,bpoguel5@patch.com,807 573 2384
Mord,Trayton,Genderfluid,mtraytonl6@icq.com,316 310 3987
Gavin,Crumbleholme,Male,gcrumbleholmel7@umich.edu,566 315 5594
Tallulah,McManamen,Female,tmcmanamenl8@home.pl,612 726 1936
Arabelle,Budleigh,Female,abudleighl9@bandcamp.com,366 102 0377
Floris,Hamel,Female,fhamella@tripadvisor.com,489 966 4123
Moritz,Upsale,Male,mupsalelb@weibo.com,609 745 2183
Bill,Kedwell,Agender,bkedwelllc@wisc.edu,165 806 0367
Wilton,Castanyer,Male,wcastanyerld@tripadvisor.com,907 101 8392
Payton,Regus,Male,pregusle@reverbnation.com,645 291 1057
Taffy,Barclay,Female,tbarclaylf@dell.com,140 964 5434
Roobbie,Repp,Female,rrepplg@macromedia.com,525 859 0225
Maximilien,Works,Male,mworkslh@ask.com,535 860 0576
Ronna,Culligan,Female,rculliganli@bizjournals.com,719 224 4881
Ahmed,Scotchmer,Male,ascotchmerlj@ifeng.com,651 182 7944
Niko,Ortsmann,Male,nortsmannlk@jugem.jp,204 361 5160
Jennica,Noel,Female,jnoelll@yahoo.com,313 602 3044
Holly-anne,Fautly,Female,hfautlylm@reuters.com,994 554 8238
Auroora,Gentreau,Female,agentreauln@seattletimes.com,188 843 8668
Amalea,Eadmeads,Non-binary,aeadmeadslo@umn.edu,445 979 3517
Annora,Arents,Female,aarentslp@chronoengine.com,127 921 5472
Janaye,Hadigate,Female,jhadigatelq@state.tx.us,788 634 7962
Cathlene,Beauchop,Female,cbeauchoplr@telegraph.co.uk,612 188 7230
Braden,Winslett,Male,bwinslettls@google.co.uk,375 936 9866
Rainer,Tackle,Male,rtacklelt@nydailynews.com,917 444 1873
Eudora,Yarnton,Female,eyarntonlu@sitemeter.com,184 662 7506
Lazar,Vernazza,Male,lvernazzalv@scribd.com,143 504 0198
Barbe,Cutchee,Female,bcutcheelw@businesswire.com,130 302 2006
Gaven,Hrinishin,Male,ghrinishinlx@biblegateway.com,230 744 6366
Kare,Berzins,Female,kberzinsly@free.fr,781 413 3728
Willetta,Ogden,Female,wogdenlz@bluehost.com,286 249 2627
Thorstein,Linde,Male,tlindem0@google.co.uk,345 714 4667
Esmaria,Cawcutt,Female,ecawcuttm1@domainmarket.com,101 823 9725
Mathilde,Geaney,Female,mgeaneym2@unesco.org,634 382 5783
Fiona,Sneezem,Female,fsneezemm3@uiuc.edu,430 767 7991
Roxane,Thurbon,Non-binary,rthurbonm4@multiply.com,997 551 1287
Arnold,Moorhouse,Male,amoorhousem5@fema.gov,115 676 6466
Kandace,Conrard,Female,kconrardm6@fastcompany.com,133 623 1905
Farrand,Mawne,Female,fmawnem7@gov.uk,695 102 8207
Riva,Schuck,Female,rschuckm8@phpbb.com,501 155 0743
Piper,Eppson,Female,peppsonm9@wisc.edu,520 887 2613
Fifine,Wheal,Female,fwhealma@china.com.cn,969 134 6248
Pippo,Matousek,Male,pmatousekmb@smugmug.com,850 842 4990
Nonie,MacConneely,Female,nmacconneelymc@nsw.gov.au,610 626 5544
Olva,Bruyntjes,Female,obruyntjesmd@netlog.com,408 457 9991
Charmane,Tonge,Female,ctongeme@free.fr,494 606 6046
Nancie,Verna,Female,nvernamf@google.it,218 506 2036
Karita,Wilfling,Female,kwilflingmg@youtube.com,363 671 2104
Dalila,Connochie,Female,dconnochiemh@topsy.com,718 979 3599
Franky,Maccrae,Male,fmaccraemi@cbsnews.com,552 950 6813
Gun,Grinaway,Male,ggrinawaymj@i2i.jp,943 534 4479
Lucila,Vurley,Female,lvurleymk@blogs.com,747 380 4689
Agosto,Tucknott,Male,atucknottml@ezinearticles.com,907 115 9881
Kora,Bowness,Female,kbownessmm@cnet.com,498 827 6715
Noel,Helleker,Female,nhellekermn@tamu.edu,805 559 5437
Massimo,Christol,Male,mchristolmo@phpbb.com,754 379 1497
Brittni,Schuchmacher,Female,bschuchmachermp@mozilla.com,149 135 1916
Rolfe,Bernakiewicz,Male,rbernakiewiczmq@twitpic.com,533 190 9727
Loy,Labrenz,Male,llabrenzmr@yahoo.co.jp,963 544 1524
Therine,Manson,Female,tmansonms@huffingtonpost.com,702 558 3478
Roddie,Setterthwait,Male,rsetterthwaitmt@scientificamerican.com,472 299 9592
Sheena,Vinall,Female,svinallmu@cocolog-nifty.com,743 842 1627
Dara,Rainer,Female,drainermv@shareasale.com,929 881 5654
Anna-diane,Maith,Female,amaithmw@bravesites.com,440 579 4442
Aleta,Rollo,Female,arollomx@ycombinator.com,611 337 8700
Quinta,Lister,Female,qlistermy@microsoft.com,341 934 0874
Nero,Hackinge,Male,nhackingemz@opensource.org,978 136 0506
Ollie,Hiscoke,Female,ohiscoken0@europa.eu,556 754 8152
Lezley,Cattlow,Male,lcattlown1@jalbum.net,872 658 6146
Casandra,Bythway,Female,cbythwayn2@usa.gov,460 592 3827
Blaine,Gamlen,Polygender,bgamlenn3@house.gov,252 942 5367
Archibaldo,Deverick,Male,adeverickn4@un.org,283 657 6163
Vernice,Stallybrass,Female,vstallybrassn5@scientificamerican.com,548 806 4571
Bentley,Cardow,Male,bcardown6@meetup.com,717 961 1806
Lonee,Bowden,Female,lbowdenn7@nydailynews.com,895 598 4944
Wilma,Sawford,Female,wsawfordn8@comcast.net,374 745 7248
Daffi,Beedham,Non-binary,dbeedhamn9@bbb.org,322 665 3905
Graham,Zanneli,Male,gzannelina@chronoengine.com,355 559 9794
Danette,Puddan,Female,dpuddannb@reverbnation.com,436 453 5714
Tamera,Scouse,Female,tscousenc@arizona.edu,420 837 4546
Sid,Kohen,Male,skohennd@github.com,598 882 5264
Gretta,Gavaghan,Female,ggavaghanne@ycombinator.com,474 927 6928
Stillmann,Habbes,Male,shabbesnf@psu.edu,611 712 8650
Cindra,Gallienne,Female,cgallienneng@godaddy.com,495 230 5201
Aurie,Hendriks,Female,ahendriksnh@howstuffworks.com,541 516 8888
Gunner,Marjoram,Male,gmarjoramni@wordpress.org,761 986 5616
Bondie,Want,Male,bwantnj@bing.com,310 138 3551
Garret,Fogarty,Male,gfogartynk@irs.gov,497 102 0279
Yovonnda,Oley,Female,yoleynl@moonfruit.com,626 708 8440
Kennedy,Leroy,Male,kleroynm@cdc.gov,793 210 3501
Jamal,Aiken,Male,jaikennn@mail.ru,112 904 1813
Russell,Michael,Male,rmichaelno@facebook.com,796 787 1098
Vyky,MacLese,Female,vmaclesenp@usda.gov,861 117 5682
Titus,Jekel,Polygender,tjekelnq@exblog.jp,280 712 7552
Carlie,McInulty,Polygender,cmcinultynr@google.co.jp,907 915 9088
Denney,Potell,Male,dpotellns@aol.com,539 789 7250
Jaimie,Chaucer,Genderqueer,jchaucernt@latimes.com,590 355 5074
Bartholomeus,Grigoryov,Male,bgrigoryovnu@creativecommons.org,768 250 0098
Whit,Picard,Male,wpicardnv@smugmug.com,267 420 2595
Dottie,Aingell,Female,daingellnw@bbc.co.uk,131 370 4084
Christin,Flanders,Female,cflandersnx@wordpress.com,146 729 3888
Deni,Roark,Non-binary,droarkny@rambler.ru,215 314 8909
Barry,Kamiyama,Non-binary,bkamiyamanz@shop-pro.jp,915 643 3913
Lucie,Pidgen,Female,lpidgeno0@pcworld.com,620 930 2728
Odie,Tooth,Male,otootho1@yellowbook.com,508 349 9080
Maggie,Leah,Female,mleaho2@simplemachines.org,894 974 2844
Maggie,Hekkert,Female,mhekkerto3@blogger.com,137 213 1972
Barty,Esch,Male,bescho4@spiegel.de,888 297 4285
Link,Fice,Male,lficeo5@oracle.com,897 355 0598
Celene,Barnett,Female,cbarnetto6@exblog.jp,131 949 4744
Obediah,Hanburry,Male,ohanburryo7@taobao.com,243 383 3730
Alie,Fisk,Female,afisko8@netscape.com,742 436 8783
Killy,Olver,Male,kolvero9@networkadvertising.org,610 823 6259
Pate,Riggott,Agender,priggottoa@squarespace.com,534 174 5664
Aubry,Orpwood,Female,aorpwoodob@oakley.com,551 771 7470
Carree,Oleszcuk,Female,coleszcukoc@msu.edu,173 180 8264
Arie,Jurek,Genderfluid,ajurekod@rambler.ru,783 771 6538
Adolphe,Few,Male,afewoe@marketwatch.com,604 919 4904
Robbin,Kestell,Female,rkestellof@sohu.com,296 139 3829
Reggie,Lamonby,Female,rlamonbyog@free.fr,716 244 5875
Cissiee,Vasser,Female,cvasseroh@state.gov,514 522 5474
Bette,Lawerence,Female,blawerenceoi@facebook.com,645 583 0985
Stacee,Owbrick,Male,sowbrickoj@slideshare.net,554 128 8503
Leonid,Baty,Male,lbatyok@washington.edu,772 521 0532
Graig,Saterthwait,Male,gsaterthwaitol@whitehouse.gov,269 445 8445
Yettie,Whight,Bigender,ywhightom@blogger.com,309 857 6337
Hephzibah,Walbrook,Female,hwalbrookon@latimes.com,652 855 8922
Chelsey,Benoit,Female,cbenoitoo@phoca.cz,913 426 8440
Janina,McClymont,Female,jmcclymontop@slashdot.org,834 908 8662
Letti,Saby,Female,lsabyoq@admin.ch,195 942 6703
Jacquie,Pycock,Female,jpycockor@mapquest.com,120 822 0515
Annadiane,Maykin,Female,amaykinos@w3.org,710 208 6394
Lana,Doogan,Female,ldooganot@creativecommons.org,730 563 9495
Lara,Cluley,Female,lcluleyou@hexun.com,711 512 6890
Fancy,Dwire,Female,fdwireov@stumbleupon.com,991 559 1336
Evvie,Gronav,Female,egronavow@jimdo.com,523 370 8575
Sven,Noen,Male,snoenox@google.com.au,841 921 0557
Abey,Bashford,Male,abashfordoy@zimbio.com,337 214 8252
Ealasaid,Patillo,Female,epatillooz@abc.net.au,567 493 8856
Aloisia,Winn,Female,awinnp0@over-blog.com,512 836 4380
Toiboid,Careless,Male,tcarelessp1@webeden.co.uk,767 164 7131
Randi,Alcalde,Female,ralcaldep2@desdev.cn,454 886 4142
Dorothy,Dilnot,Female,ddilnotp3@wikipedia.org,639 406 3660
Adara,Ixor,Female,aixorp4@ebay.co.uk,422 773 9560
Miltie,Rountree,Male,mrountreep5@marriott.com,356 863 2933
Samantha,Harrad,Female,sharradp6@hud.gov,618 963 9265
Kassandra,Kenan,Female,kkenanp7@mit.edu,114 735 5954
Ashla,Phil,Female,aphilp8@sfgate.com,489 307 5349
Link,todor,Male,ltodorp9@cpanel.net,445 524 9162
Delcine,Ree,Female,dreepa@cdc.gov,306 244 2166
Tamar,Khidr,Female,tkhidrpb@engadget.com,726 368 7699
Nealy,Cann,Male,ncannpc@paginegialle.it,540 457 5878
Arlen,Yanshin,Male,ayanshinpd@hubpages.com,938 949 1620
Devora,Ingley,Female,dingleype@prnewswire.com,630 756 1072
Victoria,Twelvetree,Female,vtwelvetreepf@sina.com.cn,964 800 1739
Tyne,Mixworthy,Female,tmixworthypg@trellian.com,830 408 5247
Tallou,Naisby,Female,tnaisbyph@blogger.com,587 488 6186
Mignonne,Hessenthaler,Female,mhessenthalerpi@thetimes.co.uk,570 986 1485
Geordie,Eilhersen,Male,geilhersenpj@discovery.com,924 329 1223
Merla,Callear,Female,mcallearpk@chicagotribune.com,693 602 3174
Sylvester,Simao,Male,ssimaopl@wp.com,367 282 2639
Sal,Langelay,Male,slangelaypm@homestead.com,530 712 8222
Issie,Bletsor,Female,ibletsorpn@jimdo.com,938 220 8707
Evelin,Van Arsdall,Male,evanarsdallpo@ed.gov,305 142 1932
Dirk,Potten,Male,dpottenpp@opensource.org,953 164 3496
Sande,Bumpass,Female,sbumpasspq@msu.edu,225 144 2509
Camala,Stitle,Female,cstitlepr@dailymotion.com,986 994 6798
Carolyn,Halwood,Female,chalwoodps@dell.com,997 121 0707
Brnaba,Maddra,Male,bmaddrapt@webeden.co.uk,523 168 0805
Celestia,Norwell,Female,cnorwellpu@yahoo.com,907 559 7202
Janine,Hambleton,Female,jhambletonpv@free.fr,171 455 6409
Randal,Bratt,Male,rbrattpw@wp.com,395 122 3908
Jone,Hotchkin,Male,jhotchkinpx@apache.org,847 757 8783
Prinz,Lindores,Male,plindorespy@usnews.com,606 541 1703
Samuel,Grennan,Male,sgrennanpz@cnet.com,618 874 7221
Vernen,Malan,Male,vmalanq0@mtv.com,544 224 4668
Kathleen,Shorte,Polygender,kshorteq1@slideshare.net,773 879 2965
Johann,Boat,Male,jboatq2@guardian.co.uk,958 691 7566
Jeanine,English,Female,jenglishq3@ocn.ne.jp,106 790 4439
Hetty,Lankford,Genderfluid,hlankfordq4@rambler.ru,401 426 2036
Denise,Richly,Polygender,drichlyq5@weather.com,154 172 4447
Cindy,Gerard,Female,cgerardq6@wikipedia.org,778 731 2856
Ahmad,Buzine,Male,abuzineq7@unesco.org,802 380 4573
Fanny,Flintiff,Female,fflintiffq8@army.mil,968 606 0088
Etheline,MacCahee,Female,emaccaheeq9@ucoz.com,913 536 1647
Ermanno,Kybert,Male,ekybertqa@wp.com,402 738 4692
Sidonnie,Orrin,Genderqueer,sorrinqb@nps.gov,873 984 7290
Keenan,Micklewright,Male,kmicklewrightqc@vkontakte.ru,583 400 0264
Rosabelle,Bigadike,Bigender,rbigadikeqd@t.co,385 732 2572
Kirbee,Karp,Genderqueer,kkarpqe@shareasale.com,127 579 5820
Shelby,Spirritt,Male,sspirrittqf@walmart.com,710 554 6210
Josselyn,Arnaud,Female,jarnaudqg@indiatimes.com,953 486 2275
Isabella,Zaniolini,Genderqueer,izanioliniqh@statcounter.com,790 424 8263
Noami,O'Logan,Female,nologanqi@dedecms.com,802 267 4022
Laurette,Doucette,Agender,ldoucetteqj@discuz.net,588 755 9792
Arther,Purdey,Male,apurdeyqk@cafepress.com,609 918 6823
Marigold,Legge,Female,mleggeql@icq.com,974 318 6893
Torin,Le Fevre,Male,tlefevreqm@ted.com,784 132 8469
Celestina,Morat,Female,cmoratqn@yelp.com,833 756 7876
Ashia,Ballay,Female,aballayqo@paypal.com,453 569 2846
Lawrence,Dingivan,Male,ldingivanqp@amazonaws.com,213 733 4007
Erhard,Ashplant,Male,eashplantqq@illinois.edu,992 511 2878
Thaine,Sexcey,Male,tsexceyqr@pbs.org,706 812 6534
John,Newbury,Male,jnewburyqs@dedecms.com,177 904 2173
Ardys,Nigh,Female,anighqt@constantcontact.com,358 393 2247
Rafaello,Mc Caughen,Male,rmccaughenqu@elpais.com,519 936 6748
Eden,Ponde,Female,epondeqv@furl.net,126 918 5214
Olenka,Geke,Female,ogekeqw@blogger.com,927 296 8471
Evangelina,Fairholme,Polygender,efairholmeqx@edublogs.org,859 759 0567
Noam,Orteau,Male,norteauqy@drupal.org,803 138 5801
Duane,McVey,Male,dmcveyqz@who.int,498 882 1576
Melvyn,Suthren,Male,msuthrenr0@freewebs.com,214 482 3644
Kellsie,Kleinfeld,Female,kkleinfeldr1@webnode.com,836 774 7490
Nan,Maxfield,Female,nmaxfieldr2@java.com,531 991 6951
Giffer,Falcus,Male,gfalcusr3@who.int,744 198 4079
Rollins,Simioni,Male,rsimionir4@multiply.com,156 485 2437
Dieter,Dilon,Male,ddilonr5@mapy.cz,816 814 4733
Emerson,Lamyman,Male,elamymanr6@yellowpages.com,467 760 3704
Mariam,Bennie,Polygender,mbennier7@tmall.com,840 818 3101
Janaye,McClaren,Agender,jmcclarenr8@google.cn,368 617 0126
Noland,Statton,Male,nstattonr9@ucoz.com,861 794 8965
Kanya,Williment,Female,kwillimentra@flavors.me,781 872 9452
Gilberto,Daens,Male,gdaensrb@cam.ac.uk,955 340 9020
Kris,Lashmar,Male,klashmarrc@google.pl,202 296 2666
Farra,Phalip,Female,fphaliprd@last.fm,768 644 3560
Elia,Dorrance,Male,edorrancere@discovery.com,490 839 7030
Laurette,Kitchenman,Female,lkitchenmanrf@latimes.com,620 775 0905
Salmon,Garvan,Male,sgarvanrg@cloudflare.com,568 318 0943
Bea,Aldrick,Female,baldrickrh@ca.gov,625 409 4044
Lynsey,Showt,Female,lshowtri@walmart.com,101 869 2730
Jobye,Fenners,Female,jfennersrj@usda.gov,690 477 8116
Faythe,Gainseford,Female,fgainsefordrk@webnode.com,569 627 0750
Orel,Elwood,Female,oelwoodrl@goo.ne.jp,447 525 6109
Pooh,Gallard,Genderqueer,pgallardrm@yellowbook.com,372 965 9449
Leonidas,Folomkin,Male,lfolomkinrn@nifty.com,265 351 0050
Oliviero,Winters,Male,owintersro@nifty.com,948 651 3814
Pall,McDiarmid,Agender,pmcdiarmidrp@taobao.com,803 677 3766
Port,Kloisner,Genderfluid,pkloisnerrq@netvibes.com,498 902 9547
Galvan,Strathe,Male,gstratherr@census.gov,491 684 9980
