first_name,last_name,gender,email,phone
Rolf,Vibert,Male,rvibert0@nyu.edu,996 212 7482
Wilhelmine,Allison,Female,wallison1@geocities.com,328 604 5531
Rafaelia,Ebsworth,Bigender,rebsworth2@simplemachines.org,871 124 4554
Margaux,Flintuff,Female,mflintuff3@hubpages.com,578 654 6636
Bennett,Faircloth,Male,bfaircloth4@google.cn,788 406 2720
Livy,Rivlin,Female,lrivlin5@ebay.com,699 677 9845
Maggy,Eales,Female,meales6@home.pl,926 617 8170
Berti,Constant,Male,bconstant7@goodreads.com,539 530 2278
Ennis,Brayley,Male,ebrayley8@cornell.edu,352 823 0387
Flossie,Acedo,Female,facedo9@ebay.com,314 370 2151
Brion,Duggleby,Genderfluid,bdugglebya@sphinn.com,618 707 3733
Tuesday,Gioani,Female,tgioanib@wired.com,491 786 3009
Giulietta,Shurrock,Female,gshurrockc@nytimes.com,818 154 2917
Corliss,McPhaden,Female,cmcphadend@a8.net,774 623 3777
Ossie,Misken,Male,omiskene@jimdo.com,969 494 1372
Miles,Beaby,Male,mbeabyf@paypal.com,321 457 7493
Irvin,Pulford,Male,ipulfordg@state.gov,233 286 6349
Joy,Domm,Female,jdommh@bravesites.com,559 282 5452
Drusi,Seery,Female,dseeryi@weebly.com,634 483 1809
Juliette,Archambault,Female,jarchambaultj@google.fr,916 185 0268
Lay,Bavister,Male,lbavisterk@mlb.com,772 860 5352
Moyna,Fasler,Female,mfaslerl@dedecms.com,580 912 8529
Rae,Sanbrook,Female,rsanbrookm@theguardian.com,621 208 6231
Maible,Folomin,Female,mfolominn@wiley.com,414 349 3114
Onofredo,Priestley,Male,opriestleyo@techcrunch.com,477 460 0397
Ignatius,Fullegar,Male,ifullegarp@ow.ly,154 816 0287
Jayme,Weson,Female,jwesonq@blinklist.com,337 955 4760
Augustine,McGuane,Female,amcguaner@reference.com,938 951 5197
Haily,Forder,Female,hforders@constantcontact.com,946 623 3135
Amii,Petteford,Agender,apettefordt@yolasite.com,493 855 9096
Gardener,Hacquel,Male,ghacquelu@ycombinator.com,287 652 2189
Libby,Domel,Female,ldomelv@wix.com,232 194 5123
Chantal,Liccardi,Female,cliccardiw@mediafire.com,907 364 4026
Cash,Bulter,Male,cbulterx@archive.org,554 882 4291
Darcey,Akrigg,Female,dakriggy@mozilla.com,462 988 6353
Winnifred,Jepperson,Female,wjeppersonz@earthlink.net,133 400 5942
Clayborn,Frostick,Male,cfrostick10@moonfruit.com,785 772 3605
Chevy,Allin,Male,callin11@google.ru,145 532 1408
Lucais,Bullocke,Male,lbullocke12@goodreads.com,624 559 4845
Woody,Dahler,Male,wdahler13@sun.com,952 976 3290
Alain,Richemond,Male,arichemond14@independent.co.uk,341 932 7419
Sheryl,Bemment,Female,sbemment15@csmonitor.com,378 633 0362
Hadlee,Comelini,Male,hcomelini16@newsvine.com,850 921 8992
Rosa,Heddon,Female,rheddon17@yahoo.co.jp,705 262 0385
Robby,Woollacott,Male,rwoollacott18@friendfeed.com,264 830 6070
Sheilah,Wadworth,Female,swadworth19@noaa.gov,963 105 7597
Berget,Collihole,Female,bcollihole1a@canalblog.com,168 610 1037
Millard,Gallgher,Male,mgallgher1b@studiopress.com,845 930 2618
Pippo,Arnson,Male,parnson1c@tripadvisor.com,175 595 4637
Averill,Adcock,Non-binary,aadcock1d@cafepress.com,584 484 7784
Ambrosi,McEwen,Male,amcewen1e@prnewswire.com,638 128 3286
Shaine,Attryde,Female,sattryde1f@guardian.co.uk,590 655 7094
Marla,Thorndycraft,Female,mthorndycraft1g@networksolutions.com,790 935 2685
Truman,Hawken,Genderfluid,thawken1h@state.gov,161 120 6309
Jordanna,Dorin,Female,jdorin1i@freewebs.com,384 327 9663
Giffie,Dunnico,Male,gdunnico1j@nbcnews.com,115 450 8512
Binny,Bootell,Female,bbootell1k@who.int,606 473 3180
Kipp,Gaine,Female,kgaine1l@sitemeter.com,777 917 9597
Dolf,Presland,Male,dpresland1m@netvibes.com,194 780 1554
Orton,Root,Male,oroot1n@bandcamp.com,105 946 4838
Lawton,O'Scollain,Male,loscollain1o@arstechnica.com,268 121 9405
Bradford,McRobert,Male,bmcrobert1p@ning.com,627 231 1977
Tadio,Ormes,Male,tormes1q@usda.gov,130 147 8274
Otes,Crimin,Male,ocrimin1r@360.cn,147 722 9321
Northrop,Hardcastle,Male,nhardcastle1s@alibaba.com,168 451 5333
Willem,Schwand,Male,wschwand1t@de.vu,938 901 1853
Rubie,Halley,Female,rhalley1u@tripod.com,212 894 2171
Hayyim,Jarrel,Polygender,hjarrel1v@myspace.com,476 541 4538
Thia,Daine,Female,tdaine1w@google.es,903 761 9365
Charis,Bantham,Female,cbantham1x@cdc.gov,615 364 8035
Stevena,Egle,Bigender,segle1y@cornell.edu,281 347 4887
Phineas,Varfalameev,Male,pvarfalameev1z@free.fr,107 883 5885
Marjy,Churches,Female,mchurches20@va.gov,993 183 8836
Kendal,Hamsley,Male,khamsley21@github.com,615 331 3292
Katee,Arsey,Female,karsey22@flickr.com,688 440 8492
Kurt,Crinidge,Male,kcrinidge23@house.gov,896 994 0655
Colas,Mattsson,Male,cmattsson24@cisco.com,792 566 5700
Leland,Ahren,Female,lahren25@pcworld.com,215 561 6029
Evania,MacKaile,Female,emackaile26@miitbeian.gov.cn,528 597 2479
Vitia,Payler,Female,vpayler27@who.int,527 610 3349
Aryn,Vinter,Agender,avinter28@seesaa.net,518 569 0896
Trumann,Insole,Male,tinsole29@slashdot.org,436 340 2319
Rickie,Traves,Male,rtraves2a@craigslist.org,528 866 3559
Gayla,Estrella,Female,gestrella2b@sourceforge.net,476 551 3921
Niels,MacGiolla Pheadair,Male,nmacgiollapheadair2c@ted.com,976 798 6709
Bernete,Spelling,Female,bspelling2d@jalbum.net,814 730 3899
Gustie,Yelland,Female,gyelland2e@cam.ac.uk,931 771 0879
Corilla,Gossage,Female,cgossage2f@youtu.be,934 198 4628
Maddie,Rookesby,Male,mrookesby2g@washington.edu,655 381 1496
Haleigh,Porritt,Male,hporritt2h@domainmarket.com,214 410 7317
Jarvis,Le Brun,Male,jlebrun2i@about.me,431 451 4286
Ricky,Leipnik,Male,rleipnik2j@japanpost.jp,547 455 8431
Alden,Gheeorghie,Male,agheeorghie2k@eepurl.com,784 440 2981
Bevin,Bolin,Male,bbolin2l@imdb.com,336 419 9443
Ross,Pool,Male,rpool2m@indiegogo.com,129 490 3717
Weider,Huckle,Male,whuckle2n@cocolog-nifty.com,900 695 7620
Sandra,Sudy,Female,ssudy2o@google.com.br,613 387 6578
Stefa,Szabo,Female,sszabo2p@senate.gov,830 506 0145
Payton,Garmons,Male,pgarmons2q@nymag.com,991 456 9225
Damara,Caltera,Non-binary,dcaltera2r@wikia.com,839 244 9068
Pren,Elcoate,Male,pelcoate2s@wordpress.com,256 254 2594
Vincent,Mapam,Male,vmapam2t@w3.org,739 397 9663
Miguelita,Rogan,Genderfluid,mrogan2u@digg.com,264 854 9447
Sheryl,Haycraft,Female,shaycraft2v@posterous.com,536 930 2471
Kassandra,Murr,Female,kmurr2w@utexas.edu,667 785 7266
Kendrick,Gipp,Genderfluid,kgipp2x@theglobeandmail.com,232 379 9272
Hendrick,Stuckey,Male,hstuckey2y@rambler.ru,480 292 4052
Carey,Becerro,Male,cbecerro2z@ebay.com,422 874 2321
Guy,Christoffels,Male,gchristoffels30@webnode.com,747 843 0982
Dion,Brea,Male,dbrea31@deviantart.com,719 945 1349
Titus,Flanner,Male,tflanner32@hp.com,947 542 0937
Dory,Tunny,Male,dtunny33@last.fm,485 728 5285
Booth,Attenbrough,Male,battenbrough34@csmonitor.com,126 461 6192
Betsy,Merigon,Female,bmerigon35@comsenz.com,730 577 7306
Irwinn,Scatchard,Male,iscatchard36@wordpress.org,443 135 2272
Mindy,Blaycock,Genderfluid,mblaycock37@time.com,606 252 3394
Thaddeus,Glawsop,Male,tglawsop38@cargocollective.com,673 749 3657
Jamesy,Hazeldene,Male,jhazeldene39@wisc.edu,525 293 4254
Alley,Capehorn,Male,acapehorn3a@ftc.gov,978 203 5776
Giff,Mouncey,Male,gmouncey3b@mashable.com,461 307 8646
Celina,McDill,Female,cmcdill3c@delicious.com,791 811 2169
Land,Kirtlan,Male,lkirtlan3d@upenn.edu,447 176 3467
Kassi,Menel,Female,kmenel3e@people.com.cn,776 503 2848
Cassandry,Guesford,Female,cguesford3f@ezinearticles.com,836 908 0611
Griff,De Paepe,Male,gdepaepe3g@harvard.edu,734 183 7322
Garrick,Gwin,Male,ggwin3h@themeforest.net,937 938 2876
Esra,Kalinsky,Male,ekalinsky3i@techcrunch.com,365 754 8690
Corrine,Larsen,Female,clarsen3j@list-manage.com,746 898 9394
Benson,Bridgwater,Male,bbridgwater3k@newsvine.com,469 457 1538
Cam,Pardie,Male,cpardie3l@techcrunch.com,504 828 5785
Jessey,Banfill,Male,jbanfill3m@kickstarter.com,670 782 8595
Emmy,Phillipps,Male,ephillipps3n@xinhuanet.com,704 208 0937
Bud,Dysert,Male,bdysert3o@exblog.jp,155 653 8082
Renato,Rackham,Male,rrackham3p@rambler.ru,935 461 1453
Murielle,Khrishtafovich,Female,mkhrishtafovich3q@buzzfeed.com,447 936 9329
Godfrey,Shewon,Non-binary,gshewon3r@utexas.edu,342 768 1520
Jeana,Dawton,Female,jdawton3s@miibeian.gov.cn,908 495 9727
Cynthie,Clayworth,Female,cclayworth3t@soup.io,909 926 4409
Sheff,Given,Male,sgiven3u@irs.gov,488 919 5582
Esra,Leeds,Male,eleeds3v@eventbrite.com,178 802 6044
Olivero,Bordman,Male,obordman3w@acquirethisname.com,582 783 9534
Che,Flatley,Male,cflatley3x@ovh.net,252 888 0724
Jefferey,Poltone,Male,jpoltone3y@privacy.gov.au,103 766 6480
Flossy,Speeks,Female,fspeeks3z@reference.com,678 638 0395
Anna-diane,Farden,Agender,afarden40@java.com,988 737 7276
Crichton,Stoyle,Male,cstoyle41@ehow.com,218 720 0888
Ruthe,Mellenby,Female,rmellenby42@linkedin.com,130 193 2563
Allen,Oxenden,Male,aoxenden43@cnbc.com,360 879 3434
Con,Cockayme,Male,ccockayme44@storify.com,681 514 0180
Kendell,Levitt,Male,klevitt45@apache.org,780 876 5567
Cecil,Schafer,Male,cschafer46@microsoft.com,264 507 4139
Opalina,Dwyer,Female,odwyer47@rediff.com,558 224 5006
Brandise,Windross,Female,bwindross48@netvibes.com,182 225 7036
Eachelle,Sparshutt,Agender,esparshutt49@linkedin.com,836 320 6019
Cicely,Gilliam,Female,cgilliam4a@jalbum.net,699 737 7066
Ramonda,Kingstne,Female,rkingstne4b@myspace.com,501 760 7210
Anne-corinne,Tapply,Genderfluid,atapply4c@ehow.com,841 798 5495
Dorey,Wandrach,Female,dwandrach4d@360.cn,503 855 2872
Ursulina,Halliberton,Female,uhalliberton4e@odnoklassniki.ru,532 216 7705
Derek,Nial,Male,dnial4f@dagondesign.com,870 792 1878
Othello,Kliche,Male,okliche4g@un.org,432 115 6905
Quint,Kobelt,Male,qkobelt4h@unblog.fr,748 492 7315
Lexi,Du Hamel,Female,lduhamel4i@abc.net.au,915 486 4062
Elston,Firman,Male,efirman4j@phoca.cz,125 617 2811
Curry,Brumble,Male,cbrumble4k@smugmug.com,425 378 0637
Audrie,Woodyatt,Female,awoodyatt4l@amazon.co.jp,380 472 8160
Valentin,Wittrington,Male,vwittrington4m@mayoclinic.com,281 871 5102
Casandra,Sante,Female,csante4n@ihg.com,374 451 3623
Madelin,Adriani,Female,madriani4o@sitemeter.com,353 819 1916
Shayne,Haggar,Female,shaggar4p@bbc.co.uk,455 997 2698
Palmer,Louca,Male,plouca4q@barnesandnoble.com,894 628 5466
Stafford,Lindblom,Male,slindblom4r@stanford.edu,874 176 8274
Kylen,McTrustram,Female,kmctrustram4s@jimdo.com,230 360 3689
Sosanna,Eckart,Female,seckart4t@loc.gov,684 358 7763
Mohandis,L'Hommeau,Male,mlhommeau4u@hao123.com,479 835 5062
Fabien,Jobin,Male,fjobin4v@csmonitor.com,162 688 7815
Ruprecht,Tue,Male,rtue4w@thetimes.co.uk,182 692 3542
Inga,Stiggers,Female,istiggers4x@sciencedaily.com,885 700 7741
Bobby,Lauthian,Female,blauthian4y@skyrock.com,656 734 0754
Amabelle,Ceschini,Genderfluid,aceschini4z@princeton.edu,854 654 1647
Ody,Sabbins,Male,osabbins50@twitter.com,350 332 9912
Joshuah,Paylor,Male,jpaylor51@upenn.edu,328 731 9885
Dareen,Thatcham,Female,dthatcham52@noaa.gov,677 224 5088
Peyton,Anderbrugge,Genderqueer,panderbrugge53@hexun.com,250 795 5840
Layla,Murty,Female,lmurty54@weebly.com,959 651 6116
Jimmie,Hoff,Male,jhoff55@baidu.com,295 703 3653
Carlen,Gail,Genderqueer,cgail56@chicagotribune.com,411 290 0399
Shadow,Copperwaite,Male,scopperwaite57@unc.edu,714 828 4138
Walt,Damsell,Male,wdamsell58@answers.com,162 149 2420
Wenona,Gaukrodge,Female,wgaukrodge59@nydailynews.com,615 384 7280
Hieronymus,Moyser,Male,hmoyser5a@answers.com,387 785 9209
Tony,Biddleston,Female,tbiddleston5b@virginia.edu,603 969 0144
Roseline,Malafe,Female,rmalafe5c@jigsy.com,390 301 8878
Lexy,Le-Good,Female,llegood5d@china.com.cn,396 537 6393
Bartolemo,Catterick,Male,bcatterick5e@dot.gov,323 206 4107
Abbey,Woolf,Male,awoolf5f@mlb.com,193 249 6737
Jourdain,Flaunier,Male,jflaunier5g@about.com,622 988 4249
Rollin,Cadogan,Male,rcadogan5h@xrea.com,691 162 0123
Babbette,Gatesman,Female,bgatesman5i@examiner.com,967 980 8038
Cort,Baumler,Male,cbaumler5j@msn.com,407 803 0272
Maryl,Symcox,Bigender,msymcox5k@webs.com,741 772 8745
Farlee,Humphrys,Male,fhumphrys5l@a8.net,701 360 6160
Gibb,Silwood,Male,gsilwood5m@blogs.com,490 844 3946
Vallie,Imlen,Female,vimlen5n@gravatar.com,475 642 8064
Giacinta,Townend,Female,gtownend5o@microsoft.com,677 766 9651
Nerte,Roubottom,Female,nroubottom5p@cpanel.net,692 663 8130
Juline,Livezey,Female,jlivezey5q@mapquest.com,866 422 4654
Brandais,Keaysell,Female,bkeaysell5r@i2i.jp,393 106 5699
Thorin,Lavender,Male,tlavender5s@timesonline.co.uk,423 634 0049
Cati,Mathet,Female,cmathet5t@who.int,601 400 1465
Annabela,Harkins,Female,aharkins5u@who.int,303 439 4371
Waylan,Duckhouse,Male,wduckhouse5v@independent.co.uk,470 578 5233
Jolene,Vize,Female,jvize5w@sohu.com,376 619 5448
Harald,Burling,Male,hburling5x@cloudflare.com,371 176 0798
Junette,Ludee,Female,jludee5y@mozilla.org,966 399 2302
Marcela,Ram,Female,mram5z@tamu.edu,306 919 5549
Melina,Burrass,Female,mburrass60@cloudflare.com,111 530 5628
Rogers,Perrygo,Male,rperrygo61@omniture.com,994 308 8630
Toby,Sellors,Bigender,tsellors62@istockphoto.com,615 287 8909
Ulysses,Olenichev,Male,uolenichev63@va.gov,151 451 1047
Barb,Reville,Female,breville64@fastcompany.com,531 306 8866
Aurel,Westnedge,Female,awestnedge65@liveinternet.ru,243 248 2101
Les,McGloin,Male,lmcgloin66@nhs.uk,990 140 2379
Maurine,Capelle,Female,mcapelle67@patch.com,191 377 8328
Marcy,Heddon,Female,mheddon68@redcross.org,753 163 0201
Andrej,Woodham,Male,awoodham69@ted.com,623 347 3074
Mischa,Readshall,Male,mreadshall6a@examiner.com,643 911 9048
Tamqrah,Wolseley,Female,twolseley6b@home.pl,423 539 9003
Arlen,Tante,Male,atante6c@imageshack.us,726 624 8062
Katharina,Dreinan,Female,kdreinan6d@microsoft.com,723 835 3969
Drud,Quittonden,Male,dquittonden6e@seattletimes.com,808 651 3410
Bartholomeus,Caulder,Male,bcaulder6f@paginegialle.it,995 858 5509
Marielle,Wheelwright,Female,mwheelwright6g@wikispaces.com,480 345 9086
Maury,Bilbrooke,Agender,mbilbrooke6h@dot.gov,483 171 6852
Veriee,Tutin,Female,vtutin6i@bbb.org,736 832 6886
Anthiathia,Kesley,Female,akesley6j@addthis.com,224 861 4122
Noe,Talkington,Male,ntalkington6k@cdbaby.com,806 843 4435
Jada,Dunkley,Female,jdunkley6l@miitbeian.gov.cn,553 474 2275
Mathian,Paten,Male,mpaten6m@biglobe.ne.jp,137 368 4690
Granger,Dabney,Male,gdabney6n@microsoft.com,331 855 3069
Puff,Goldring,Male,pgoldring6o@tamu.edu,865 409 8763
Talbot,Sword,Male,tsword6p@macromedia.com,797 143 1094
Bab,Dowdeswell,Female,bdowdeswell6q@reuters.com,757 885 3462
Flore,Wreak,Female,fwreak6r@princeton.edu,989 251 5778
Rufe,Headland,Male,rheadland6s@thetimes.co.uk,176 874 7683
Terra,Vigrass,Non-binary,tvigrass6t@slashdot.org,630 690 3906
Barbra,McGrail,Female,bmcgrail6u@bandcamp.com,535 248 1765
Adams,Bernasek,Genderqueer,abernasek6v@t.co,563 939 5591
Eustace,O'Duane,Male,eoduane6w@irs.gov,515 290 2456
Sara,MacInnes,Female,smacinnes6x@opera.com,246 395 4976
Sandye,Everley,Female,severley6y@ask.com,842 754 7419
Auberon,Basnall,Male,abasnall6z@msn.com,464 592 2432
Sandra,Relton,Female,srelton70@printfriendly.com,617 341 5236
Avril,Pasek,Female,apasek71@google.ru,410 824 6919
Stephan,Cops,Male,scops72@booking.com,899 434 0704
Harmon,Caramuscia,Male,hcaramuscia73@washingtonpost.com,283 666 9926
Ario,Screeton,Male,ascreeton74@github.com,690 873 4758
Madelin,Dimsdale,Female,mdimsdale75@squidoo.com,626 102 3714
Lorene,Hannigane,Female,lhannigane76@shop-pro.jp,648 981 3407
Rudie,Noades,Male,rnoades77@flickr.com,979 223 6919
Killie,Wear,Male,kwear78@soup.io,444 257 8448
Amber,Cristoforo,Female,acristoforo79@linkedin.com,958 182 9262
Eldridge,Bastian,Male,ebastian7a@omniture.com,581 227 5479
Darcy,McHugh,Female,dmchugh7b@ocn.ne.jp,403 321 0693
Jo-ann,Bagguley,Bigender,jbagguley7c@tiny.cc,986 441 8747
Miles,Weddell,Genderfluid,mweddell7d@netlog.com,389 260 8451
Micky,Candie,Male,mcandie7e@wordpress.com,502 979 7631
Lazare,Hellikes,Polygender,lhellikes7f@examiner.com,741 567 5079
Katti,Wand,Female,kwand7g@usda.gov,266 307 2257
Luci,O'Tuohy,Female,lotuohy7h@mail.ru,710 938 5546
Pauline,Baroc,Female,pbaroc7i@posterous.com,304 759 1240
Lil,Mc Mechan,Female,lmcmechan7j@goo.ne.jp,707 565 6915
Bogart,Rosentholer,Male,brosentholer7k@disqus.com,945 658 4062
Mariette,Repp,Female,mrepp7l@china.com.cn,742 271 1281
Sheffie,Aitken,Male,saitken7m@pbs.org,465 647 6214
Freedman,Carlesso,Male,fcarlesso7n@blogtalkradio.com,194 983 5245
Tomkin,Sebright,Male,tsebright7o@nymag.com,151 673 3434
Tiffany,Orton,Female,torton7p@csmonitor.com,324 594 7821
Honoria,Jiru,Genderfluid,hjiru7q@jimdo.com,259 359 8702
Salaidh,Elgram,Female,selgram7r@unesco.org,152 171 9145
Bartram,Pinfold,Male,bpinfold7s@tripadvisor.com,809 627 4653
Abraham,Giorgini,Agender,agiorgini7t@tripadvisor.com,806 691 8411
Trip,Baumford,Male,tbaumford7u@sciencedirect.com,150 822 5346
Alayne,Dye,Female,adye7v@archive.org,645 309 0608
Meriel,Farfolomeev,Female,mfarfolomeev7w@blogger.com,680 443 5439
Carey,Worboys,Female,cworboys7x@ning.com,247 338 5360
Mae,Garmans,Female,mgarmans7y@go.com,427 980 8624
Aimil,Dedman,Female,adedman7z@nature.com,806 122 1260
Eustace,Gibbin,Male,egibbin80@tmall.com,874 850 6604
Parnell,Chiechio,Male,pchiechio81@quantcast.com,390 318 9816
Dinah,McGillacoell,Female,dmcgillacoell82@godaddy.com,328 234 0932
Jennica,Woolaghan,Polygender,jwoolaghan83@networkadvertising.org,887 928 5067
Valaree,Wafer,Female,vwafer84@statcounter.com,537 746 6353
Antin,Ortler,Male,aortler85@marketwatch.com,748 472 6598
Leesa,Brackstone,Polygender,lbrackstone86@dropbox.com,385 930 9603
Christiano,Scraney,Male,cscraney87@rakuten.co.jp,322 894 8506
Davidson,Fritzer,Male,dfritzer88@skyrock.com,804 701 2383
Flossy,Scoyles,Female,fscoyles89@vimeo.com,491 341 0647
Rivalee,Bloggett,Female,rbloggett8a@blog.com,698 448 8295
Michelle,Lanmeid,Female,mlanmeid8b@dropbox.com,961 347 1007
Thorpe,Klimes,Male,tklimes8c@illinois.edu,380 443 1565
Sawyer,Gisburn,Male,sgisburn8d@parallels.com,528 429 4759
Tova,Gherarducci,Female,tgherarducci8e@craigslist.org,672 813 6260
Farris,Klauber,Male,fklauber8f@bloglovin.com,212 288 8487
Nathan,Boucher,Male,nboucher8g@de.vu,403 492 7207
Carie,MacKeig,Female,cmackeig8h@oakley.com,885 222 9186
Raine,Heavy,Agender,rheavy8i@cbc.ca,819 843 3139
Ryann,Sterling,Non-binary,rsterling8j@marketwatch.com,937 614 0772
Morly,Scrigmour,Male,mscrigmour8k@cloudflare.com,605 458 8891
Wolfgang,Rule,Male,wrule8l@usnews.com,725 765 8062
Jefferey,Whiting,Male,jwhiting8m@java.com,626 127 1566
Barthel,Malling,Male,bmalling8n@bbc.co.uk,892 574 3041
Vivien,Awty,Female,vawty8o@virginia.edu,974 874 0279
Alessandro,Bootes,Male,abootes8p@nhs.uk,941 106 0355
Di,Gowdy,Genderfluid,dgowdy8q@umn.edu,785 513 3852
Ervin,Raspison,Male,eraspison8r@nih.gov,529 848 7952
Latrina,McGerr,Female,lmcgerr8s@netlog.com,831 597 3371
Ron,Lambol,Male,rlambol8t@nih.gov,119 821 8685
Mommy,Rames,Female,mrames8u@wordpress.com,926 448 3053
Christiana,Bummfrey,Female,cbummfrey8v@netvibes.com,189 674 5939
Rikki,Sarton,Agender,rsarton8w@springer.com,202 759 1674
Gretna,Weddell,Female,gweddell8x@hugedomains.com,675 342 6770
Amandy,Muffett,Female,amuffett8y@ustream.tv,372 951 9796
Winthrop,Corris,Polygender,wcorris8z@mapquest.com,577 364 5609
Murielle,Philippe,Female,mphilippe90@last.fm,789 611 2958
Coleman,Monnery,Male,cmonnery91@squidoo.com,738 231 0669
Almira,Dradey,Female,adradey92@huffingtonpost.com,634 707 9479
Sarah,Muscroft,Female,smuscroft93@so-net.ne.jp,330 592 6643
Torrance,McFarlan,Non-binary,tmcfarlan94@goo.ne.jp,666 567 7961
Lannie,Birds,Male,lbirds95@zdnet.com,999 787 6839
Vinni,Kingsnod,Female,vkingsnod96@thetimes.co.uk,392 461 8641
Dniren,Czapla,Female,dczapla97@bigcartel.com,632 193 0835
Krystyna,Viegas,Female,kviegas98@who.int,960 306 4883
Lanette,Jacquot,Female,ljacquot99@washington.edu,322 731 5252
Web,Rustadge,Male,wrustadge9a@about.com,986 247 6571
Saidee,Matelaitis,Female,smatelaitis9b@spotify.com,863 955 0447
Pennie,Darlow,Male,pdarlow9c@abc.net.au,691 105 3781
Alma,Abramovici,Female,aabramovici9d@unesco.org,597 618 9181
Abelard,Macauley,Male,amacauley9e@jiathis.com,525 489 6847
Amalia,Alcott,Female,aalcott9f@dot.gov,222 483 0940
Gayelord,Whenman,Agender,gwhenman9g@purevolume.com,203 631 5792
Yank,McPherson,Male,ymcpherson9h@facebook.com,612 552 8749
Tomi,Deaton,Female,tdeaton9i@hatena.ne.jp,818 334 9819
Vlad,Whate,Male,vwhate9j@si.edu,930 796 3512
Rupert,Muttitt,Male,rmuttitt9k@amazon.co.jp,357 347 1589
Moise,Danilyuk,Polygender,mdanilyuk9l@bing.com,643 488 8786
Odille,Henric,Female,ohenric9m@ucla.edu,146 211 4444
Dona,Jannings,Female,djannings9n@bandcamp.com,166 670 0131
Cristie,Merman,Female,cmerman9o@youtube.com,421 396 9740
Frazer,Ninnoli,Male,fninnoli9p@wix.com,753 919 3577
Leonidas,Le Conte,Male,lleconte9q@columbia.edu,466 555 1383
Gabriela,Gumme,Female,ggumme9r@tinyurl.com,398 632 0830
Leanora,Cumbes,Female,lcumbes9s@arstechnica.com,920 180 9507
Maura,Mabone,Female,mmabone9t@wp.com,225 387 5675
Fair,Filoniere,Male,ffiloniere9u@networksolutions.com,942 956 9281
Justen,Lefever,Male,jlefever9v@harvard.edu,705 663 2681
Lucio,Alejo,Male,lalejo9w@goo.ne.jp,346 210 3173
Haydon,O'Flaherty,Male,hoflaherty9x@shareasale.com,290 107 2467
Chery,McKendo,Female,cmckendo9y@google.com.br,455 787 5013
Camile,Kitchener,Female,ckitchener9z@goo.gl,955 569 8941
Ozzy,Spivie,Male,ospiviea0@1und1.de,869 598 1320
Rochella,Haly,Female,rhalya1@cocolog-nifty.com,741 974 5354
Thornie,MacCombe,Male,tmaccombea2@npr.org,219 821 0286
Ettore,Woodcock,Male,ewoodcocka3@g.co,603 653 6445
Kenneth,Skillicorn,Male,kskillicorna4@freewebs.com,810 629 1549
Dulcinea,Chick,Genderqueer,dchicka5@joomla.org,381 533 7867
Stephanie,Gartshore,Female,sgartshorea6@tumblr.com,525 753 7352
Gerri,Gudahy,Female,ggudahya7@fotki.com,599 171 6732
Lira,Naton,Female,lnatona8@utexas.edu,471 212 7768
Babita,Kenrack,Female,bkenracka9@ox.ac.uk,914 429 9718
Reggis,Corey,Male,rcoreyaa@stanford.edu,177 251 1076
Birdie,Schofield,Female,bschofieldab@odnoklassniki.ru,176 649 2605
Wright,Tebbitt,Male,wtebbittac@technorati.com,820 391 6000
Elayne,Jewell,Female,ejewellad@wired.com,430 516 4914
Louella,Wickwar,Female,lwickwarae@marriott.com,279 632 1029
Orlando,Nicolson,Male,onicolsonaf@plala.or.jp,287 405 7958
Vivian,Jelphs,Female,vjelphsag@mashable.com,511 152 5888
Svend,Downer,Male,sdownerah@pen.io,179 490 4834
Nertie,Colnett,Female,ncolnettai@purevolume.com,798 308 7486
Myrwyn,Russell,Male,mrussellaj@constantcontact.com,476 377 7428
Darryl,Ditter,Female,dditterak@mozilla.com,268 593 4365
Mordy,Cornhill,Male,mcornhillal@msn.com,167 271 3233
Eliot,Arkow,Male,earkowam@tiny.cc,384 705 6679
Clerissa,Buckberry,Female,cbuckberryan@typepad.com,999 441 4883
Jacky,Sherlock,Non-binary,jsherlockao@cloudflare.com,165 263 5200
Padraic,Chaudhry,Male,pchaudhryap@smugmug.com,976 175 5066
Jesus,Marson,Male,jmarsonaq@creativecommons.org,441 828 3094
Yvor,Riggs,Male,yriggsar@delicious.com,904 916 4526
Karola,Willacot,Female,kwillacotas@t.co,310 776 8300
Fernande,Longley,Female,flongleyat@reddit.com,533 761 5166
Frances,Bullcock,Female,fbullcockau@thetimes.co.uk,772 474 4383
Talbert,Brandacci,Male,tbrandacciav@cpanel.net,537 930 1334
Corney,Chapelhow,Polygender,cchapelhowaw@phpbb.com,453 881 1674
Felix,Towson,Male,ftowsonax@buzzfeed.com,310 796 3592
Drew,Summerbell,Male,dsummerbellay@zimbio.com,510 151 9722
Anabal,Camoletto,Female,acamolettoaz@craigslist.org,305 472 1207
Lydon,Barus,Male,lbarusb0@jigsy.com,475 798 2192
Tamra,Cantopher,Female,tcantopherb1@issuu.com,619 365 9490
Ramonda,Chivers,Female,rchiversb2@so-net.ne.jp,199 973 0193
Agace,Deddum,Genderfluid,adeddumb3@reuters.com,368 851 6261
Christine,Buncombe,Female,cbuncombeb4@histats.com,492 361 1495
Haily,Knappen,Female,hknappenb5@geocities.jp,413 192 2122
Ivory,Reneke,Female,irenekeb6@cnet.com,155 591 9213
Virginia,Lownie,Female,vlownieb7@forbes.com,796 306 0264
Anet,Dunseath,Female,adunseathb8@mayoclinic.com,795 401 0553
Lowe,Kemmett,Male,lkemmettb9@scientificamerican.com,217 898 4830
Stefania,Lamble,Female,slambleba@harvard.edu,612 618 6032
Jillian,Iacobucci,Female,jiacobuccibb@jalbum.net,901 266 8680
Kaela,Fleis,Female,kfleisbc@jimdo.com,685 199 9223
Dyan,Edmondson,Female,dedmondsonbd@dot.gov,433 358 1528
Marji,Lafflina,Female,mlafflinabe@artisteer.com,650 796 6150
Florrie,McCart,Agender,fmccartbf@amazon.com,798 999 0663
Kristos,de Najera,Male,kdenajerabg@businessinsider.com,694 532 1961
Mellie,Cellier,Female,mcellierbh@eepurl.com,690 997 8678
Amitie,Adrianello,Female,aadrianellobi@cnet.com,296 484 9989
Brenn,Knibley,Female,bknibleybj@newsvine.com,464 674 3474
Heath,Antonazzi,Male,hantonazzibk@ft.com,202 691 5164
Joelle,Glanvill,Female,jglanvillbl@people.com.cn,400 255 2803
Kassia,MacAskill,Female,kmacaskillbm@reference.com,759 355 8448
Dee,Simmonite,Female,dsimmonitebn@google.pl,201 830 5983
Curtice,Bavin,Male,cbavinbo@chron.com,770 175 5556
Pet,Godbehere,Female,pgodbeherebp@telegraph.co.uk,420 802 8013
Cornall,Rabley,Male,crableybq@earthlink.net,760 820 7552
Barr,Morriarty,Male,bmorriartybr@google.com,756 971 1114
Arman,Ferrandez,Male,aferrandezbs@phpbb.com,599 408 6861
Ricard,Wackett,Male,rwackettbt@printfriendly.com,621 802 7071
Daniel,Mollindinia,Male,dmollindiniabu@deviantart.com,225 514 4552
Laureen,Yockney,Female,lyockneybv@myspace.com,320 273 3864
Hebert,Tee,Male,hteebw@yelp.com,544 268 0349
Mac,Spriddle,Male,mspriddlebx@blogtalkradio.com,445 509 7336
Robinette,Querrard,Female,rquerrardby@about.me,425 826 4765
Frederique,Haselwood,Female,fhaselwoodbz@drupal.org,230 401 1210
Jori,Wickson,Female,jwicksonc0@yahoo.co.jp,522 102 7075
Gail,Sweetland,Female,gsweetlandc1@wordpress.com,997 895 5983
Juanita,Jones,Female,jjonesc2@xrea.com,223 391 5591
Husein,Isakovitch,Male,hisakovitchc3@rakuten.co.jp,126 348 1594
Zia,Peddel,Female,zpeddelc4@ox.ac.uk,597 609 5846
Lucio,Attyeo,Male,lattyeoc5@sitemeter.com,986 221 0626
Madalyn,Mountlow,Female,mmountlowc6@mapquest.com,143 840 0342
Gothart,Grivori,Male,ggrivoric7@last.fm,545 129 0339
Evelina,Bason,Female,ebasonc8@xinhuanet.com,727 494 6501
Kelsey,Rawling,Male,krawlingc9@twitpic.com,276 504 6560
Roze,Lomis,Female,rlomisca@mashable.com,201 537 0432
Honoria,Lighten,Female,hlightencb@amazon.co.uk,922 832 5449
Burlie,Tattersfield,Male,btattersfieldcc@blogspot.com,314 221 7555
Vitoria,Marqyes,Female,vmarqyescd@uol.com.br,232 898 7076
Roy,Joseff,Male,rjoseffce@rediff.com,900 494 6979
Even,Kennham,Male,ekennhamcf@archive.org,137 928 6845
Ancell,Dusey,Male,aduseycg@weebly.com,542 931 4970
Humfrey,Gairdner,Male,hgairdnerch@shinystat.com,313 406 6059
Lona,Berthe,Female,lbertheci@usatoday.com,178 537 6017
Ellerey,Antrim,Genderfluid,eantrimcj@adobe.com,847 953 6548
Verna,Chstney,Female,vchstneyck@acquirethisname.com,862 540 1562
Alie,Suttill,Female,asuttillcl@toplist.cz,392 899 1708
Ferdie,Norcock,Male,fnorcockcm@msn.com,767 664 5798
Tandi,Duesberry,Female,tduesberrycn@surveymonkey.com,244 848 7378
Jeralee,De la Perrelle,Female,jdelaperrelleco@bing.com,337 221 3767
Nicko,Le - Count,Male,nlecountcp@rambler.ru,289 645 7646
Mattie,Orrocks,Male,morrockscq@upenn.edu,130 388 0265
Ingaberg,Masi,Female,imasicr@mashable.com,794 557 1542
Genia,Mathers,Female,gmatherscs@mysql.com,219 724 7395
Claus,Milliken,Male,cmillikenct@uiuc.edu,627 278 7833
Tiffi,Stening,Female,tsteningcu@epa.gov,883 244 4114
Lanae,Coryndon,Genderfluid,lcoryndoncv@ibm.com,186 704 1324
Bertine,McCosh,Female,bmccoshcw@fc2.com,977 455 7836
Michael,Ludmann,Male,mludmanncx@posterous.com,313 156 0971
Toiboid,Hext,Male,thextcy@weibo.com,985 933 6188
Angeli,McGrane,Male,amcgranecz@sourceforge.net,684 188 3652
Leonard,Gorling,Male,lgorlingd0@dropbox.com,354 910 8418
Milissent,Schriren,Female,mschrirend1@tiny.cc,605 232 1269
Jordon,Jude,Male,jjuded2@google.de,139 854 0546
Dahlia,Lerway,Agender,dlerwayd3@furl.net,527 981 3836
Fabien,Hammarberg,Male,fhammarbergd4@storify.com,631 209 5906
Nat,Kenna,Genderfluid,nkennad5@bizjournals.com,174 623 7963
Foster,Fasson,Polygender,ffassond6@imageshack.us,188 723 1748
Faith,Kas,Female,fkasd7@ucoz.com,714 198 4871
Jen,Golley,Female,jgolleyd8@tuttocitta.it,626 100 5203
Katrina,Shew,Female,kshewd9@multiply.com,390 752 1516
Jocelyne,Blaisdale,Female,jblaisdaleda@digg.com,752 188 6055
Dennison,Rump,Genderqueer,drumpdb@imageshack.us,452 487 5613
Cindy,Coolbear,Female,ccoolbeardc@time.com,455 262 1491
Merv,Compfort,Male,mcompfortdd@xrea.com,355 327 5597
Kenneth,Huddles,Male,khuddlesde@xinhuanet.com,940 340 0264
Melli,Battersby,Female,mbattersbydf@reverbnation.com,683 917 1496
Vlad,Masterton,Male,vmastertondg@ca.gov,818 579 5520
Kareem,Cruce,Male,kcrucedh@so-net.ne.jp,504 271 7728
Fernando,Wylie,Male,fwyliedi@boston.com,798 767 9934
Daune,Meanwell,Female,dmeanwelldj@dmoz.org,417 344 7527
Dulcine,Ashmore,Female,dashmoredk@i2i.jp,853 784 9170
Pearline,Pessel,Female,ppesseldl@hexun.com,399 281 5683
Tiebold,Finby,Male,tfinbydm@themeforest.net,623 275 1301
Mathias,Drugan,Male,mdrugandn@technorati.com,227 896 4957
Letitia,Petford,Bigender,lpetforddo@statcounter.com,399 423 8093
Guglielma,Hutcheson,Female,ghutchesondp@vinaora.com,472 867 0290
Ario,Dye,Non-binary,adyedq@is.gd,112 348 0543
Melita,Smellie,Female,msmelliedr@sourceforge.net,981 391 7983
Jayme,Georgius,Female,jgeorgiusds@adobe.com,220 537 9228
Elyse,d'Arcy,Female,edarcydt@edublogs.org,521 708 1530
Maximilien,Mulcock,Male,mmulcockdu@amazon.co.uk,878 585 4806
Josias,Bartlam,Male,jbartlamdv@tamu.edu,858 597 9691
Fara,Hurling,Female,fhurlingdw@latimes.com,949 723 5858
Lanni,Kleen,Female,lkleendx@freewebs.com,341 847 3948
Bevvy,Pattesall,Female,bpattesalldy@statcounter.com,220 891 2823
Maxwell,Chesney,Male,mchesneydz@economist.com,815 883 8871
Lorens,Forre,Male,lforree0@desdev.cn,803 923 4259
Pernell,Walpole,Male,pwalpolee1@wordpress.org,943 943 5955
Colby,Guswell,Male,cguswelle2@simplemachines.org,901 589 8206
Lenci,Jansema,Non-binary,ljansemae3@sbwire.com,108 556 3927
Gavra,Brashier,Female,gbrashiere4@adobe.com,178 794 0026
Lowrance,Hakonsson,Male,lhakonssone5@nbcnews.com,322 459 6942
Phillida,Courtois,Genderqueer,pcourtoise6@opera.com,424 932 2267
Charlena,Bourley,Female,cbourleye7@bbb.org,534 210 4494
Mohammed,Lewing,Male,mlewinge8@sohu.com,349 922 8645
Nathan,Coombes,Male,ncoombese9@deliciousdays.com,706 934 0981
Onfre,Steinson,Male,osteinsonea@gov.uk,109 924 2770
Immanuel,Karoly,Male,ikarolyeb@sakura.ne.jp,423 701 5762
Corny,Pickerell,Female,cpickerellec@dot.gov,203 456 6197
Parry,Gofton,Non-binary,pgoftoned@ameblo.jp,877 511 1575
Phip,Barme,Male,pbarmeee@berkeley.edu,257 520 3182
Dunn,Pimerick,Male,dpimerickef@sitemeter.com,706 320 8766
Shanda,Crennan,Female,scrennaneg@hao123.com,373 966 5013
Hermine,Edwinson,Female,hedwinsoneh@stanford.edu,825 467 9389
Ellissa,Menel,Female,emenelei@issuu.com,786 362 0665
Christiane,Hymus,Female,chymusej@over-blog.com,245 976 7693
Wynnie,Smallpiece,Female,wsmallpieceek@clickbank.net,958 113 1121
Craig,Bedbury,Male,cbedburyel@smugmug.com,386 653 6117
Amery,Frankham,Male,afrankhamem@thetimes.co.uk,266 762 0270
Kerstin,Vasyunichev,Female,kvasyunicheven@amazon.co.jp,853 968 6231
Laurel,Petronis,Female,lpetroniseo@techcrunch.com,769 671 3155
Laura,Saltwell,Female,lsaltwellep@ucoz.com,451 996 7131
Juli,Canellas,Female,jcanellaseq@dedecms.com,204 418 5418
Francois,Newarte,Male,fnewarteer@hhs.gov,840 336 3627
Gertruda,Lionel,Female,glioneles@squarespace.com,512 821 3448
Hester,Ilyuchyov,Female,hilyuchyovet@rediff.com,128 326 6883
Sherye,Caldow,Non-binary,scaldoweu@mail.ru,877 564 1845
Tedie,Law,Male,tlawev@abc.net.au,345 863 7900
Timothee,Drain,Male,tdrainew@msn.com,463 159 9765
Wat,Piggrem,Male,wpiggremex@mail.ru,305 230 7096
Marlon,Brindle,Non-binary,mbrindleey@trellian.com,723 811 7288
Melli,Daventry,Female,mdaventryez@discovery.com,943 391 8123
Constance,Herculson,Female,cherculsonf0@altervista.org,404 454 5251
Allx,Sciacovelli,Female,asciacovellif1@mediafire.com,967 993 1319
Yoshiko,Bolden,Female,yboldenf2@blog.com,936 334 4297
Matti,Burfield,Female,mburfieldf3@guardian.co.uk,318 265 9078
Stacy,Morales,Male,smoralesf4@ox.ac.uk,509 624 6230
Dianemarie,Esberger,Female,desbergerf5@mapy.cz,177 197 2825
Stavro,Cardon,Male,scardonf6@google.fr,532 330 5149
Veronique,Gadesby,Female,vgadesbyf7@networkadvertising.org,611 331 0252
Stephanus,Donneely,Male,sdonneelyf8@weibo.com,334 520 0143
Tanney,Meagh,Male,tmeaghf9@vistaprint.com,995 804 2997
Coralyn,Cluatt,Female,ccluattfa@intel.com,266 381 6980
Brose,Harnott,Male,bharnottfb@utexas.edu,561 999 9891
Karney,Barthot,Male,kbarthotfc@techcrunch.com,923 977 7432
Ruthe,Andrag,Female,randragfd@etsy.com,283 751 0970
Faustine,Hamshere,Female,fhamsherefe@chronoengine.com,986 269 2379
Emmye,Dewis,Female,edewisff@drupal.org,912 480 4708
Thorsten,Bigg,Male,tbiggfg@va.gov,988 767 1433
Obediah,Trunkfield,Male,otrunkfieldfh@ebay.co.uk,317 767 5222
Alden,Itscowicz,Male,aitscowiczfi@cnbc.com,310 896 1575
Celestina,Vasile,Female,cvasilefj@toplist.cz,673 729 0215
Bride,Siemon,Female,bsiemonfk@jigsy.com,879 800 7639
Sonni,Upcott,Female,supcottfl@xrea.com,128 574 5683
Peirce,Taffs,Male,ptaffsfm@symantec.com,407 317 7825
Lynn,Render,Male,lrenderfn@surveymonkey.com,451 354 3362
Phil,Chalice,Female,pchalicefo@microsoft.com,525 947 7983
Isadore,MacGauhy,Male,imacgauhyfp@google.de,154 142 1786
Lorant,Winspire,Male,lwinspirefq@tamu.edu,714 524 9062
Cissy,Yokelman,Female,cyokelmanfr@issuu.com,571 326 8022
Jayme,Lecky,Male,jleckyfs@creativecommons.org,162 169 6334
Risa,Humbey,Female,rhumbeyft@harvard.edu,320 860 3903
Eolande,Seater,Female,eseaterfu@blog.com,976 202 4640
Barbara,Pray,Female,bprayfv@berkeley.edu,532 254 9955
Elene,Quinney,Female,equinneyfw@infoseek.co.jp,746 704 4683
Hussein,Demonge,Male,hdemongefx@dot.gov,429 647 7681
Jason,Clayden,Genderfluid,jclaydenfy@wisc.edu,214 640 2951
Tonnie,Moine,Male,tmoinefz@omniture.com,944 297 8726
Jocko,Stannering,Male,jstanneringg0@bluehost.com,875 160 1745
Coralyn,Zanioletti,Female,czaniolettig1@nationalgeographic.com,560 507 4777
Renate,Casetti,Agender,rcasettig2@g.co,488 473 1638
Ardys,Gomm,Female,agommg3@angelfire.com,697 235 5086
Vladimir,Petyanin,Male,vpetyaning4@addthis.com,517 779 0871
Ruthann,Blackater,Female,rblackaterg5@desdev.cn,869 354 5963
Letizia,Verissimo,Female,lverissimog6@homestead.com,782 709 7347
Marianne,Crowson,Female,mcrowsong7@seesaa.net,222 192 9967
Neal,Gouldie,Male,ngouldieg8@themeforest.net,925 857 0057
Gottfried,Sumnall,Male,gsumnallg9@psu.edu,866 451 6932
Lenna,Lyptratt,Female,llyptrattga@creativecommons.org,842 765 6147
Lelah,Halloway,Female,lhallowaygb@domainmarket.com,826 810 5216
Siward,Calam,Male,scalamgc@virginia.edu,539 269 4591
Judas,Yakovich,Male,jyakovichgd@reddit.com,711 907 8829
Rochella,Lindfors,Female,rlindforsge@howstuffworks.com,941 617 9501
Dun,Parriss,Male,dparrissgf@intel.com,865 112 0736
Latrina,McQuirk,Female,lmcquirkgg@trellian.com,248 584 8926
Jaime,Hince,Male,jhincegh@about.me,417 304 0570
Tom,Bartens,Male,tbartensgi@opera.com,115 296 0306
Shirl,Cullinane,Female,scullinanegj@usa.gov,259 927 0715
Lonee,Hartas,Female,lhartasgk@msn.com,187 686 0871
Pet,Scardafield,Female,pscardafieldgl@hud.gov,956 139 1597
Marcia,Stubbs,Genderqueer,mstubbsgm@sciencedaily.com,851 193 0250
Giusto,Bruni,Male,gbrunign@howstuffworks.com,912 784 2960
Jeth,Cowlam,Male,jcowlamgo@netvibes.com,697 185 9449
Vanny,O'Hanlon,Female,vohanlongp@last.fm,740 390 3096
Wilek,Allcroft,Male,wallcroftgq@histats.com,439 753 8566
Linette,Seeds,Female,lseedsgr@ucoz.com,822 929 3677
Dorita,Kinney,Female,dkinneygs@phpbb.com,894 588 1038
Ashton,Pionter,Male,apiontergt@google.com,805 866 2988
Flinn,Barry,Male,fbarrygu@livejournal.com,281 434 9654
Bondy,Celiz,Male,bcelizgv@google.nl,574 516 2496
Nanine,Mongeot,Female,nmongeotgw@squarespace.com,969 322 5232
Ivar,Lorek,Male,ilorekgx@acquirethisname.com,430 127 2240
Ariel,Quakley,Female,aquakleygy@gizmodo.com,414 608 6907
Noell,Swarbrigg,Female,nswarbrigggz@ovh.net,424 586 1258
Jodee,Douthwaite,Female,jdouthwaiteh0@google.nl,470 778 3071
Bartholomew,Georges,Male,bgeorgesh1@scientificamerican.com,994 368 8078
Avery,Whacket,Male,awhacketh2@google.com.br,929 502 5918
Koren,Giovannardi,Female,kgiovannardih3@baidu.com,740 488 9006
Noble,Kitchenside,Male,nkitchensideh4@twitter.com,729 830 8248
Alicea,Kezourec,Female,akezourech5@mit.edu,511 478 1063
Sarge,Bubbings,Male,sbubbingsh6@aboutads.info,160 701 6548
Auberta,Wiburn,Female,awiburnh7@spiegel.de,446 827 3612
Pietrek,Ivanyushkin,Male,pivanyushkinh8@wikimedia.org,392 317 4992
Rebecca,Cawt,Genderqueer,rcawth9@acquirethisname.com,630 644 2570
Skyler,Bowle,Male,sbowleha@rambler.ru,520 786 3784
Mill,Guwer,Male,mguwerhb@google.com.br,162 916 0296
Sheryl,Brezlaw,Female,sbrezlawhc@photobucket.com,748 532 0972
Bee,Farrens,Female,bfarrenshd@wikia.com,536 675 6415
Alla,Threader,Female,athreaderhe@cnn.com,754 463 2770
Brad,Fitzpayn,Male,bfitzpaynhf@fema.gov,757 907 7050
Temple,Truitt,Male,ttruitthg@usnews.com,514 824 0797
Abbie,Avrahm,Female,aavrahmhh@ustream.tv,605 253 5615
Augusto,Trousdell,Male,atrousdellhi@nytimes.com,717 320 5316
Page,Hawking,Female,phawkinghj@businessweek.com,596 940 6937
Mattheus,Ranscomb,Male,mranscombhk@guardian.co.uk,955 755 7782
Ibbie,Arnott,Female,iarnotthl@desdev.cn,125 787 5180
Harmonia,Braghini,Female,hbraghinihm@delicious.com,605 436 5555
Keir,MacGettigen,Male,kmacgettigenhn@hubpages.com,726 650 0436
Franklyn,Dyers,Male,fdyersho@mediafire.com,742 199 4300
Christoforo,Noonan,Bigender,cnoonanhp@msu.edu,723 556 5815
Rosina,Navein,Female,rnaveinhq@github.io,826 727 8273
Danice,Houselee,Female,dhouseleehr@examiner.com,398 450 9544
Dina,Woodley,Female,dwoodleyhs@jalbum.net,640 626 7431
Bendite,Puttnam,Female,bputtnamht@netscape.com,809 680 3261
Evin,Caddell,Male,ecaddellhu@home.pl,984 150 6712
Orv,Rozzier,Male,orozzierhv@nih.gov,381 641 6461
Nikola,Gouldthorpe,Male,ngouldthorpehw@tumblr.com,849 566 9931
Seward,Suttaby,Male,ssuttabyhx@nature.com,942 998 6517
Ettore,Devoy,Male,edevoyhy@godaddy.com,306 967 0679
Nadia,Biggadike,Bigender,nbiggadikehz@apple.com,208 257 8262
Redford,Middleton,Male,rmiddletoni0@rambler.ru,853 672 9502
Dael,Fere,Female,dferei1@sourceforge.net,834 363 9381
Boigie,Jahnke,Male,bjahnkei2@reddit.com,830 961 3014
Yanaton,Utteridge,Male,yutteridgei3@freewebs.com,317 282 6648
Kristoforo,Scarborough,Male,kscarboroughi4@shop-pro.jp,478 503 8215
Susannah,Matveichev,Female,smatveichevi5@time.com,724 755 3496
Tally,Moss,Male,tmossi6@dagondesign.com,772 542 3951
Lindy,Olander,Female,lolanderi7@earthlink.net,916 831 9454
Jayson,Whaites,Male,jwhaitesi8@senate.gov,853 307 2043
Moishe,Pennetta,Male,mpennettai9@issuu.com,119 180 3852
Andreana,De la Barre,Female,adelabarreia@chronoengine.com,264 508 8024
Mandy,Hancorn,Female,mhancornib@wired.com,785 773 1355
Winnie,Keling,Female,wkelingic@phpbb.com,662 677 0810
Lorain,Else,Female,lelseid@state.tx.us,983 735 8054
Oralla,Mosley,Female,omosleyie@google.cn,820 691 8179
Chrisy,Sokale,Male,csokaleif@wikia.com,310 970 9684
Angelita,Archard,Female,aarchardig@blogspot.com,645 726 7239
Reynold,Kolis,Male,rkolisih@umich.edu,952 388 6236
Colly,Maureen,Female,cmaureenii@furl.net,344 968 7750
Lane,Hehir,Male,lhehirij@google.com.br,900 909 6877
John,O'Doireidh,Male,jodoireidhik@google.nl,503 296 0667
Thorsten,Carthy,Male,tcarthyil@marriott.com,430 456 6635
Scarface,Branno,Male,sbrannoim@hp.com,924 503 4052
Mavra,Mont,Bigender,mmontin@webs.com,959 244 2529
Sylas,Shimmin,Male,sshimminio@jiathis.com,940 928 3129
Mattheus,Rockcliff,Male,mrockcliffip@patch.com,865 434 5013
Hurleigh,Spelsbury,Male,hspelsburyiq@google.it,180 612 2927
Dru,Desborough,Male,ddesboroughir@hubpages.com,202 287 9219
Pauline,Welbeck,Female,pwelbeckis@dmoz.org,331 331 8646
Molly,Annear,Genderqueer,mannearit@indiegogo.com,243 825 1926
Evie,Pantling,Female,epantlingiu@techcrunch.com,728 457 1914
Gaylor,Cahill,Male,gcahilliv@mac.com,167 381 6368
Eloisa,Press,Female,epressiw@comsenz.com,296 663 2257
Andras,Felder,Male,afelderix@sakura.ne.jp,545 247 8597
Bank,Ellard,Male,bellardiy@google.com.hk,875 375 7693
Sinclare,Scourgie,Male,sscourgieiz@chicagotribune.com,486 761 8079
Erwin,Cradduck,Male,ecradduckj0@macromedia.com,493 459 9607
Stefan,Woodcroft,Male,swoodcroftj1@state.gov,188 373 4685
Terry,Tulloch,Male,ttullochj2@google.ru,335 989 4249
Calla,Ponsford,Female,cponsfordj3@washington.edu,879 921 7027
Jacintha,Gwinn,Female,jgwinnj4@histats.com,788 677 4429
Veronika,Heinz,Female,vheinzj5@ask.com,361 958 3633
Antone,Stenhouse,Male,astenhousej6@surveymonkey.com,578 299 2481
Courtnay,Rosingdall,Male,crosingdallj7@twitpic.com,978 294 9631
Ollie,Luchetti,Female,oluchettij8@meetup.com,631 200 1506
Vi,Benzi,Female,vbenzij9@businessinsider.com,416 255 2013
Abie,Redington,Male,aredingtonja@uol.com.br,399 232 2844
Kennie,Becom,Male,kbecomjb@domainmarket.com,944 571 5089
Ninette,Olenikov,Female,nolenikovjc@tmall.com,859 884 9735
Olivette,Pretsel,Female,opretseljd@cargocollective.com,748 579 7202
Sharia,Wallenger,Female,swallengerje@forbes.com,416 592 6997
Dorolice,Bumpus,Female,dbumpusjf@e-recht24.de,859 831 4208
Delmar,Pasquale,Male,dpasqualejg@1und1.de,440 645 2869
Jenine,Westhead,Female,jwestheadjh@discuz.net,281 818 8590
Brena,Bettington,Female,bbettingtonji@japanpost.jp,584 567 6630
Duffie,Ladbrook,Male,dladbrookjj@intel.com,828 165 1706
Stephan,Goulthorp,Male,sgoulthorpjk@tripadvisor.com,371 701 0877
Chickie,Plevin,Female,cplevinjl@stumbleupon.com,980 775 9900
Roxi,Sweetmore,Female,rsweetmorejm@samsung.com,900 842 3644
Merna,Guess,Female,mguessjn@ox.ac.uk,587 917 6324
Paten,Shury,Male,pshuryjo@blogtalkradio.com,480 863 5136
Consolata,Fawloe,Polygender,cfawloejp@hostgator.com,313 440 4108
Fanni,Ambrose,Female,fambrosejq@independent.co.uk,219 838 4668
Salomon,Presdie,Male,spresdiejr@dell.com,755 766 7387
Mic,Crimpe,Male,mcrimpejs@latimes.com,357 542 7168
Row,Bradnick,Female,rbradnickjt@behance.net,539 559 2928
Lin,Chipchase,Male,lchipchaseju@skyrock.com,646 964 3001
Henryetta,O'Brian,Female,hobrianjv@msn.com,898 387 2725
Bren,Hazelby,Genderqueer,bhazelbyjw@spiegel.de,571 906 2675
Malissia,Grimme,Female,mgrimmejx@usgs.gov,840 630 4370
Alastair,Brookesbie,Male,abrookesbiejy@dedecms.com,972 739 6594
Lillian,Marde,Female,lmardejz@independent.co.uk,702 713 7680
Hertha,Haucke,Female,hhauckek0@shop-pro.jp,779 674 7354
Benson,Fabbro,Male,bfabbrok1@un.org,402 530 7552
Wynn,Paolino,Male,wpaolinok2@goo.gl,369 684 8481
Deanne,McCulley,Female,dmcculleyk3@nbcnews.com,606 551 2820
Kurtis,Screen,Male,kscreenk4@sciencedaily.com,538 397 4678
Rozanne,Bras,Female,rbrask5@imageshack.us,340 741 5605
Levin,Prattington,Male,lprattingtonk6@lycos.com,635 556 4205
Georgianne,Burnep,Female,gburnepk7@marriott.com,549 454 9612
Gabi,Andrasch,Female,gandraschk8@nasa.gov,788 397 0337
Sigrid,Lowle,Female,slowlek9@privacy.gov.au,349 623 4689
Alma,Yesipov,Female,ayesipovka@buzzfeed.com,842 682 1699
Findlay,Divver,Male,fdivverkb@hhs.gov,613 967 4381
Florri,Farnell,Female,ffarnellkc@omniture.com,866 653 6124
Preston,Pincked,Male,ppinckedkd@macromedia.com,141 103 8556
Marthe,Donhardt,Female,mdonhardtke@howstuffworks.com,187 366 5398
Christalle,Dunsire,Female,cdunsirekf@wikipedia.org,377 815 3836
Falito,Burleton,Male,fburletonkg@cornell.edu,481 881 8199
Fawnia,Kunzelmann,Female,fkunzelmannkh@altervista.org,677 480 9826
Idelle,Pennone,Female,ipennoneki@irs.gov,288 835 9027
Emanuele,Alexandersson,Male,ealexanderssonkj@live.com,636 574 5571
Timmi,Gillcrist,Female,tgillcristkk@nhs.uk,683 766 9654
Chaunce,Carstairs,Male,ccarstairskl@hexun.com,689 480 7351
Kally,Kellett,Female,kkellettkm@woothemes.com,985 864 9087
Ferrell,MacGuffog,Male,fmacguffogkn@latimes.com,501 933 6086
Farica,Preskett,Female,fpreskettko@free.fr,464 875 3006
Floyd,Heffernon,Male,fheffernonkp@yellowbook.com,828 761 7452
Codie,Willars,Male,cwillarskq@springer.com,649 826 1403
Hanan,Dackombe,Bigender,hdackombekr@bandcamp.com,626 863 8494
Cynthy,Utridge,Female,cutridgeks@pbs.org,719 476 2224
Goldy,Lortzing,Female,glortzingkt@yahoo.com,845 288 7814
Philbert,Antyukhin,Male,pantyukhinku@freewebs.com,804 387 9857
Toddy,Kilbourn,Male,tkilbournkv@businessinsider.com,259 197 7984
Anny,Durram,Female,adurramkw@slideshare.net,617 297 7564
Devinne,Dach,Female,ddachkx@zimbio.com,798 350 1373
Clemmy,Stanman,Male,cstanmanky@a8.net,220 800 2244
Miles,Plascott,Polygender,mplascottkz@cisco.com,608 295 1662
Fee,Giacometti,Male,fgiacomettil0@army.mil,183 505 4551
Jo-anne,Fishbie,Female,jfishbiel1@elpais.com,664 233 9659
Kattie,Gullick,Non-binary,kgullickl2@ox.ac.uk,878 543 4930
Lennard,Prendergrass,Male,lprendergrassl3@tuttocitta.it,595 566 6766
Ryon,Sullivan,Male,rsullivanl4@vimeo.com,901 313 0814
Vale,Drohane,Male,vdrohanel5@multiply.com,590 368 5589
Winne,Clapham,Female,wclaphaml6@weebly.com,240 171 0264
Eustacia,Vane,Female,evanel7@amazon.co.jp,942 471 5176
Karly,Dutt,Female,kduttl8@tripod.com,691 621 6496
Caryl,Vouls,Male,cvoulsl9@reuters.com,838 186 3024
Ignacius,Brahm,Male,ibrahmla@parallels.com,801 426 1524
Derek,Normaville,Male,dnormavillelb@rediff.com,120 457 1217
Farris,Boughtwood,Male,fboughtwoodlc@nih.gov,818 127 2441
Rana,Mayworth,Female,rmayworthld@liveinternet.ru,705 564 5497
Poul,Benjafield,Male,pbenjafieldle@wufoo.com,876 303 4908
Derek,Capell,Male,dcapelllf@home.pl,337 427 7392
Andrew,Hallowes,Male,ahalloweslg@skyrock.com,913 611 5745
Kimmie,Lumly,Female,klumlylh@goo.ne.jp,648 525 7297
Elwin,Baston,Male,ebastonli@wikispaces.com,858 718 5095
Merilee,Jenoure,Bigender,mjenourelj@ycombinator.com,230 578 5808
Odilia,Pimer,Female,opimerlk@eepurl.com,502 931 3003
Gracie,Rowan,Polygender,growanll@tripadvisor.com,197 529 0350
Vannie,Crosham,Female,vcroshamlm@toplist.cz,221 352 0951
Zachariah,Lafflina,Male,zlafflinaln@vkontakte.ru,408 373 7365
Corilla,Cattle,Female,ccattlelo@ifeng.com,339 632 6481
Lucine,Sygroves,Female,lsygroveslp@a8.net,113 662 3851
Alexandros,Lutz,Genderqueer,alutzlq@cloudflare.com,440 177 2105
Elwira,Whibley,Female,ewhibleylr@discovery.com,258 892 4745
Gannon,Nutbeem,Male,gnutbeemls@opera.com,914 386 3487
Leland,Tomei,Female,ltomeilt@icq.com,570 907 1751
Janna,Frarey,Non-binary,jfrareylu@altervista.org,113 444 6584
Emelda,Littleproud,Female,elittleproudlv@mayoclinic.com,852 408 9291
Fidole,Ellerbeck,Male,fellerbecklw@freewebs.com,732 705 0096
Corrie,Ciubutaro,Female,cciubutarolx@seesaa.net,356 657 8249
Rollie,Prozescky,Male,rprozesckyly@newsvine.com,915 839 9050
Etty,Benez,Female,ebenezlz@economist.com,235 815 3522
Niel,Reinhart,Male,nreinhartm0@example.com,364 136 4659
Jerrilee,Brookesbie,Female,jbrookesbiem1@prnewswire.com,162 683 2313
Melodie,Filipychev,Female,mfilipychevm2@cbsnews.com,457 290 8569
Kiersten,Spiaggia,Female,kspiaggiam3@cnet.com,938 608 3012
Arv,Leathart,Male,aleathartm4@miibeian.gov.cn,512 527 6702
Curry,Mapledorum,Genderfluid,cmapledorumm5@who.int,872 947 2575
Elfrida,Brake,Female,ebrakem6@360.cn,530 861 5149
Biron,Kinsman,Male,bkinsmanm7@usnews.com,706 690 3157
Hewitt,Hessentaler,Male,hhessentalerm8@cam.ac.uk,931 313 1375
Lucien,Bedbury,Male,lbedburym9@google.ru,406 957 2544
Jenna,Battabee,Female,jbattabeema@loc.gov,578 768 5319
Arley,Chaffin,Male,achaffinmb@wikispaces.com,778 135 3018
Brannon,Yeats,Male,byeatsmc@domainmarket.com,932 934 4659
Idelle,McGrah,Female,imcgrahmd@bbb.org,964 163 8205
Brody,Airds,Male,bairdsme@livejournal.com,300 851 1553
Esteban,Randlesome,Male,erandlesomemf@wikipedia.org,864 638 3445
Mickie,Cordier,Female,mcordiermg@desdev.cn,149 641 1543
Dallas,O' Dornan,Male,dodornanmh@ucoz.ru,452 814 5319
Amara,Leaming,Female,aleamingmi@si.edu,713 583 8867
Beckie,Kuhne,Female,bkuhnemj@statcounter.com,865 376 3692
Bonita,Tincombe,Female,btincombemk@state.gov,929 610 1655
Brad,Trundle,Male,btrundleml@netvibes.com,474 586 6896
Linnie,Papachristophorou,Female,lpapachristophoroumm@sun.com,521 663 3680
Eduino,Jeratt,Male,ejerattmn@blogs.com,689 685 4850
Bailey,Rutgers,Male,brutgersmo@fda.gov,638 883 0357
Susann,Emmines,Female,semminesmp@dmoz.org,642 841 5130
Jelene,Dreamer,Female,jdreamermq@stanford.edu,325 705 8520
Shepard,Becom,Male,sbecommr@shinystat.com,376 888 7833
Mozes,Guidini,Male,mguidinims@purevolume.com,623 538 9900
Agnola,Seer,Bigender,aseermt@google.com,135 887 9631
Elwira,Goggey,Female,egoggeymu@1und1.de,334 821 9909
Amalee,Kimm,Genderfluid,akimmmv@npr.org,714 856 2547
Allene,Klimsch,Female,aklimschmw@ovh.net,564 667 2756
Neill,Hurlestone,Male,nhurlestonemx@bing.com,598 729 2205
Lynna,Sykes,Female,lsykesmy@epa.gov,517 801 5232
Neely,Craghead,Female,ncragheadmz@rambler.ru,935 707 9576
Abagail,Wyche,Female,awychen0@wisc.edu,331 554 1619
Bettina,Codman,Genderfluid,bcodmann1@github.io,868 995 6199
Maisey,Ramsden,Female,mramsdenn2@dailymail.co.uk,501 673 7312
Linet,Pimm,Female,lpimmn3@slate.com,508 261 9955
Basile,Eldridge,Male,beldridgen4@wikispaces.com,419 267 4333
Susanne,Medgewick,Female,smedgewickn5@cafepress.com,500 746 9073
Theo,Rafe,Male,trafen6@uol.com.br,313 918 0819
Giustino,Mikalski,Male,gmikalskin7@zimbio.com,876 607 6790
Jobye,Gethins,Female,jgethinsn8@amazonaws.com,653 907 7413
Marie-jeanne,Walcher,Female,mwalchern9@t-online.de,980 786 6052
Letisha,Pund,Female,lpundna@naver.com,428 730 1248
Carlynne,Ferrie,Female,cferrienb@w3.org,691 973 1060
Jilleen,Roche,Female,jrochenc@telegraph.co.uk,484 735 2935
Fianna,Hacquoil,Female,fhacquoilnd@nhs.uk,110 601 1617
Paulette,Rash,Female,prashne@clickbank.net,438 183 2030
Ede,Wragg,Non-binary,ewraggnf@liveinternet.ru,371 127 7960
Winnie,Jeffcock,Male,wjeffcockng@facebook.com,220 791 4112
Nady,Tomkins,Female,ntomkinsnh@admin.ch,348 529 3976
Garfield,Lourenco,Male,glourenconi@nba.com,738 924 3330
Meridel,Brushfield,Female,mbrushfieldnj@list-manage.com,130 559 6173
Eal,Gurden,Male,egurdennk@toplist.cz,921 472 9228
Ilsa,Easman,Female,ieasmannl@nih.gov,222 733 2550
Fowler,Goldwater,Male,fgoldwaternm@biglobe.ne.jp,844 572 4136
Liliane,Hurling,Female,lhurlingnn@lycos.com,545 439 6418
Mack,Trayte,Male,mtrayteno@discovery.com,946 504 6262
Lyndel,Tomson,Female,ltomsonnp@umich.edu,404 915 9243
Ruben,Dwelly,Male,rdwellynq@amazon.co.jp,638 550 9717
Cornelia,Rillett,Polygender,crillettnr@amazon.co.jp,110 385 7993
Sarene,Morley,Bigender,smorleyns@deliciousdays.com,101 537 4408
Blancha,Crebott,Female,bcrebottnt@simplemachines.org,976 618 5921
Selle,Friatt,Female,sfriattnu@squarespace.com,428 152 7705
Kimberlyn,Worledge,Female,kworledgenv@nih.gov,591 902 3867
Briano,McCreary,Bigender,bmccrearynw@ucla.edu,214 204 8182
Cirstoforo,Tabert,Male,ctabertnx@nytimes.com,983 498 5076
Gaylene,Shallo,Bigender,gshallony@hatena.ne.jp,348 884 5240
Karylin,Gocher,Female,kgochernz@sakura.ne.jp,226 966 1630
Sheff,Ollis,Male,solliso0@msn.com,813 104 4241
Jocelyne,Jachtym,Genderfluid,jjachtymo1@netvibes.com,284 551 5728
Tremaine,Fenich,Male,tfenicho2@census.gov,224 650 7513
Markus,Coultard,Male,mcoultardo3@ezinearticles.com,755 483 4420
Brigitte,Molan,Female,bmolano4@livejournal.com,502 239 9456
Moore,Grishukov,Male,mgrishukovo5@shutterfly.com,580 720 4060
Wiatt,Calverley,Male,wcalverleyo6@dedecms.com,988 889 7668
Timothee,Giscken,Agender,tgisckeno7@infoseek.co.jp,500 694 2903
Lyn,Ruddiforth,Female,lruddifortho8@usda.gov,369 254 6057
Trent,Locard,Male,tlocardo9@mail.ru,804 388 8281
Evered,Southam,Male,esouthamoa@mapquest.com,234 480 3716
Eugenius,Capper,Male,ecapperob@apple.com,767 758 5454
Lilli,Epsley,Female,lepsleyoc@dyndns.org,246 802 8877
Christopher,Sinncock,Male,csinncockod@miibeian.gov.cn,907 403 7428
Ariel,Veryard,Male,averyardoe@shop-pro.jp,177 260 5935
Agnesse,Lamperd,Agender,alamperdof@jimdo.com,968 580 1009
Charlene,Striker,Female,cstrikerog@stanford.edu,719 540 4959
Eliot,Foker,Male,efokeroh@hostgator.com,243 528 7627
Taber,Miell,Male,tmielloi@symantec.com,640 591 5681
Arnie,Crittal,Male,acrittaloj@uol.com.br,519 811 6927
Kellen,Janew,Female,kjanewok@bloglines.com,727 843 2957
Darin,Fitzharris,Male,dfitzharrisol@dell.com,583 307 3195
Eileen,Priditt,Female,epridittom@cyberchimps.com,922 709 1583
Kris,Legan,Bigender,kleganon@vkontakte.ru,270 137 6336
Nanine,Else,Female,nelseoo@soup.io,970 249 8730
Der,Fausset,Male,dfaussetop@miibeian.gov.cn,899 441 2598
Reuben,Royste,Male,rroysteoq@state.gov,152 797 5196
Ervin,Clemmitt,Genderfluid,eclemmittor@ucla.edu,968 186 0161
Giles,Piele,Agender,gpieleos@noaa.gov,456 320 1334
Dorree,MacShane,Female,dmacshaneot@xrea.com,651 483 5484
Delcine,Gounin,Polygender,dgouninou@behance.net,255 684 0056
Roch,Hritzko,Female,rhritzkoov@wired.com,324 847 4183
Waite,Rarity,Male,wrarityow@senate.gov,745 570 7008
Obediah,Skitch,Male,oskitchox@webeden.co.uk,588 886 4764
Brit,Leband,Female,blebandoy@domainmarket.com,516 675 5946
Elroy,Whyler,Polygender,ewhyleroz@cnbc.com,545 764 7995
Inger,MacInnes,Female,imacinnesp0@adobe.com,445 688 7676
Idalina,Simester,Female,isimesterp1@thetimes.co.uk,258 351 9619
Brianna,Stairs,Female,bstairsp2@privacy.gov.au,140 811 5566
Lezley,Bartoloma,Male,lbartolomap3@oracle.com,434 184 6420
Rosalie,Firby,Female,rfirbyp4@icio.us,238 535 4687
Claribel,Korneev,Female,ckorneevp5@fotki.com,765 433 7237
Art,Yokelman,Male,ayokelmanp6@vinaora.com,606 285 5456
Aksel,Jarmyn,Male,ajarmynp7@domainmarket.com,825 885 3958
Clio,Shilliday,Female,cshillidayp8@istockphoto.com,529 722 7769
Dahlia,Bowton,Female,dbowtonp9@reddit.com,716 399 9967
Nils,Clears,Male,nclearspa@discuz.net,565 515 5884
Tiertza,Stut,Female,tstutpb@topsy.com,585 829 3107
Murial,Verring,Female,mverringpc@shareasale.com,581 412 6917
Linzy,Maher,Female,lmaherpd@wix.com,673 173 0246
Sarina,Reede,Female,sreedepe@mozilla.org,361 729 2945
Gabby,Schinetti,Male,gschinettipf@dedecms.com,215 715 1218
Georgine,Robjents,Female,grobjentspg@forbes.com,996 921 9308
Marcellus,Regus,Male,mregusph@loc.gov,407 473 9478
Rogerio,Dionisii,Male,rdionisiipi@bbc.co.uk,838 347 3857
Cathie,Wadley,Bigender,cwadleypj@ameblo.jp,550 474 8797
Demetre,Knell,Male,dknellpk@stumbleupon.com,566 784 1243
Maude,Crosgrove,Female,mcrosgrovepl@baidu.com,658 526 7466
Sigismond,Stebbins,Male,sstebbinspm@de.vu,114 744 7613
Verney,Mossman,Male,vmossmanpn@google.com.hk,671 822 2703
Augustine,Guthrie,Male,aguthriepo@hp.com,775 254 6178
Evangelia,Choat,Polygender,echoatpp@squidoo.com,793 301 5210
Roxane,Barnes,Female,rbarnespq@google.fr,340 333 8507
Del,Crafter,Female,dcrafterpr@weather.com,392 116 3826
Shae,Mitchall,Male,smitchallps@google.pl,616 750 4498
Leif,Sworne,Male,lswornept@indiatimes.com,597 184 5526
Dulcine,Sivess,Female,dsivesspu@bizjournals.com,244 192 1582
Rianon,Camfield,Female,rcamfieldpv@ucoz.com,966 624 5340
Trixy,Kovnot,Female,tkovnotpw@cbc.ca,171 173 6458
Sabra,Brock,Female,sbrockpx@spiegel.de,658 646 6973
Martin,Finlay,Male,mfinlaypy@google.fr,311 951 8536
Shandeigh,Huckstepp,Female,shuckstepppz@alexa.com,361 413 5181
Valli,Brelsford,Female,vbrelsfordq0@sun.com,728 323 5424
Linnie,Camplin,Non-binary,lcamplinq1@engadget.com,821 636 9628
Dennie,Santon,Male,dsantonq2@meetup.com,504 116 2018
Perl,Hardie,Female,phardieq3@buzzfeed.com,999 282 2462
Briggs,Flement,Male,bflementq4@ask.com,889 178 6416
Harold,Graine,Male,hgraineq5@dion.ne.jp,421 172 9819
Erastus,Charlwood,Male,echarlwoodq6@jalbum.net,914 706 7081
Brietta,Peer,Female,bpeerq7@state.gov,392 255 0443
Dusty,Visick,Female,dvisickq8@adobe.com,864 749 4333
Lanni,Blase,Female,lblaseq9@google.fr,389 668 1740
Tiffany,Ludovici,Female,tludoviciqa@hatena.ne.jp,263 398 9782
Lanny,Boughtwood,Female,lboughtwoodqb@abc.net.au,731 997 4078
Carmelle,Reddel,Female,creddelqc@cbc.ca,197 876 9443
Kylynn,Eldrid,Female,keldridqd@vkontakte.ru,399 182 8582
Ricca,Crudgington,Female,rcrudgingtonqe@dot.gov,307 398 2720
Poppy,Nestoruk,Female,pnestorukqf@eventbrite.com,238 938 7803
Verena,Boggas,Female,vboggasqg@barnesandnoble.com,202 976 5114
Devonna,Aspden,Female,daspdenqh@imageshack.us,704 698 0235
Gisella,Bourtoumieux,Female,gbourtoumieuxqi@mozilla.com,121 314 7443
Marcelline,Strete,Female,mstreteqj@sitemeter.com,661 739 2399
Alexia,Resun,Female,aresunqk@tumblr.com,587 932 0157
Mariel,Alyokhin,Female,malyokhinql@stanford.edu,506 226 0899
Doralyn,Plume,Female,dplumeqm@icq.com,493 367 1683
Jozef,Laurenson,Male,jlaurensonqn@networkadvertising.org,792 491 9640
Lewiss,Maskrey,Non-binary,lmaskreyqo@macromedia.com,912 948 6046
Dieter,Bonhill,Male,dbonhillqp@wp.com,438 389 1037
Redd,O'Halligan,Male,rohalliganqq@dropbox.com,311 860 5004
Franchot,Elia,Male,feliaqr@list-manage.com,787 397 9873
Zared,Voff,Agender,zvoffqs@msu.edu,580 335 5736
Darb,Giovani,Non-binary,dgiovaniqt@youku.com,910 649 4015
Nicky,Hambrook,Bigender,nhambrookqu@archive.org,467 464 2551
Milicent,Lepard,Female,mlepardqv@typepad.com,692 863 3324
Dru,Deinhardt,Female,ddeinhardtqw@soup.io,354 768 9496
Alva,Skett,Male,askettqx@last.fm,454 596 0306
Jania,Kupis,Female,jkupisqy@reuters.com,172 985 8122
Abbie,Joris,Genderfluid,ajorisqz@gmpg.org,114 623 0977
Mariel,Beevers,Female,mbeeversr0@hubpages.com,101 444 5308
Noelle,Wasling,Female,nwaslingr1@go.com,857 212 6882
Misty,Di Filippo,Female,mdifilippor2@blog.com,158 404 4808
Henrie,Bosket,Female,hbosketr3@usda.gov,385 571 2950
Theresa,Pill,Female,tpillr4@wix.com,269 678 7536
Lilian,Blackshaw,Female,lblackshawr5@ed.gov,169 478 5939
Biron,Raspel,Male,braspelr6@google.nl,630 442 6046
Sinclare,Frackiewicz,Male,sfrackiewiczr7@twitpic.com,849 716 9598
Clifford,Autrie,Male,cautrier8@cbc.ca,281 309 0029
Sheelah,Covotti,Female,scovottir9@t.co,330 458 4521
Leroi,Verdy,Male,lverdyra@washington.edu,313 876 8904
Anne,Danels,Female,adanelsrb@goo.ne.jp,393 231 0694
Harlan,Alliberton,Polygender,hallibertonrc@opensource.org,626 127 2824
Mahala,Clifforth,Female,mclifforthrd@sourceforge.net,589 297 1741
Hamish,Burnsides,Male,hburnsidesre@java.com,187 543 0115
Lilllie,Guttridge,Female,lguttridgerf@miibeian.gov.cn,352 717 6206
Benito,Akid,Male,bakidrg@bravesites.com,780 653 6142
Derk,Burroughes,Male,dburroughesrh@microsoft.com,732 344 7941
Darlene,Lambie,Female,dlambieri@vimeo.com,768 307 4550
Shurwood,Laxen,Male,slaxenrj@networksolutions.com,672 598 2423
Lilian,Dodd,Female,ldoddrk@dot.gov,237 111 9162
Maxim,Phillip,Male,mphilliprl@gnu.org,340 708 5019
Page,Hammel,Male,phammelrm@youtu.be,804 324 0558
Yoshiko,Liver,Female,yliverrn@shareasale.com,151 157 4591
Sharlene,Maker,Polygender,smakerro@nba.com,308 590 3822
Constance,Roff,Female,croffrp@yale.edu,638 193 9163
Birch,Hembling,Male,bhemblingrq@nytimes.com,826 427 2350
Gussy,Kedge,Female,gkedgerr@nbcnews.com,861 364 0547
