first_name,last_name,gender,email,phone
Burlie,Queen,Male,bqueen0@ow.ly,795 298 4264
Bambie,Bourchier,Female,bbourchier1@uiuc.edu,285 619 6629
Erskine,Penna,Male,epenna2@princeton.edu,539 956 1728
Susanetta,Bonus,Genderfluid,sbonus3@cargocollective.com,872 308 1726
Sallyanne,Arundell,Female,sarundell4@discovery.com,718 718 1418
Gabriellia,Matuszewski,Female,gmatuszewski5@squidoo.com,451 497 0521
Lesya,Niave,Female,lniave6@ox.ac.uk,907 956 3551
Layne,Wildbore,Genderqueer,lwildbore7@nytimes.com,540 781 5019
Galina,Favell,Female,gfavell8@eepurl.com,110 233 6509
Tandy,Biffen,Female,tbiffen9@ow.ly,244 259 7647
Orran,McAreavey,Male,omcareaveya@ifeng.com,115 816 2103
Daryle,Giurio,Male,dgiuriob@independent.co.uk,765 894 4710
Aili,Massy,Female,amassyc@census.gov,112 255 3805
Kingsly,Soares,Male,ksoaresd@nps.gov,995 611 3279
Ruthann,Carnier,Female,rcarniere@google.com.hk,182 912 8970
Harriett,Caze,Female,hcazef@artisteer.com,764 821 1547
Deny,Cholton,Female,dcholtong@technorati.com,267 609 8466
Winifred,Stammler,Female,wstammlerh@skype.com,906 515 1153
Bobbi,Nutbean,Female,bnutbeani@google.de,384 574 3020
Evvy,Simpkiss,Female,esimpkissj@sphinn.com,100 329 9984
Clerc,Gibbin,Agender,cgibbink@bing.com,878 819 1960
Ailee,Howlings,Female,ahowlingsl@macromedia.com,277 458 6473
Margareta,Hogbourne,Female,mhogbournem@bluehost.com,378 525 6719
Jennine,Dearn,Female,jdearnn@smugmug.com,145 474 4261
Ingar,Tellesson,Male,itellessono@meetup.com,220 259 1934
Robinetta,Ewenson,Female,rewensonp@mysql.com,105 749 1122
Antoinette,Rigmond,Female,arigmondq@youtu.be,525 972 0323
Sharai,Duchatel,Female,sduchatelr@netscape.com,902 616 1234
George,Ditchett,Male,gditchetts@statcounter.com,202 544 9895
Baxie,Cherm,Male,bchermt@archive.org,552 522 3797
Cathie,Kolyagin,Female,ckolyaginu@blogs.com,681 724 1457
Adelaida,Curbishley,Female,acurbishleyv@addtoany.com,178 439 2461
Kenny,Cumberledge,Male,kcumberledgew@intel.com,823 601 6526
Dayle,Spinola,Female,dspinolax@uiuc.edu,398 290 1033
Mellisent,Trumpeter,Female,mtrumpetery@parallels.com,816 212 7415
Lane,Shurrock,Female,lshurrockz@squidoo.com,671 114 9161
Ingra,Spreag,Male,ispreag10@xrea.com,525 883 5103
Elaine,Songust,Female,esongust11@wikia.com,524 405 3987
Kort,Cumbers,Male,kcumbers12@nps.gov,582 370 6016
Nan,Whelpton,Genderqueer,nwhelpton13@weibo.com,308 269 3615
Bradford,Minchella,Male,bminchella14@mapy.cz,267 867 8300
Abbe,Lacy,Male,alacy15@mapy.cz,282 573 6606
Dominica,Crolly,Female,dcrolly16@netlog.com,285 892 2894
Ken,Crinion,Male,kcrinion17@webs.com,899 445 0851
Umberto,Bowring,Male,ubowring18@narod.ru,465 787 8353
Thurstan,Benediktovich,Genderqueer,tbenediktovich19@ifeng.com,200 455 1742
Ulla,Gilhooly,Female,ugilhooly1a@forbes.com,174 679 7970
Garland,Diprose,Female,gdiprose1b@washingtonpost.com,767 897 9950
Bari,Ratcliff,Bigender,bratcliff1c@washington.edu,100 946 1505
Sheba,Thorneloe,Female,sthorneloe1d@moonfruit.com,677 528 2576
Catlee,Northway,Female,cnorthway1e@yahoo.co.jp,514 653 0218
Devi,Fairhall,Female,dfairhall1f@mac.com,723 922 4454
Domingo,Roseblade,Male,droseblade1g@infoseek.co.jp,577 154 6158
Baxie,Rodbourne,Male,brodbourne1h@hc360.com,447 529 8218
Worth,Hagard,Male,whagard1i@dedecms.com,625 605 4537
Ernestine,Spadari,Polygender,espadari1j@pbs.org,956 733 3892
Lela,Mee,Female,lmee1k@constantcontact.com,202 466 3912
Corie,Heikkinen,Female,cheikkinen1l@si.edu,353 274 7182
Eleanore,Aggus,Female,eaggus1m@alexa.com,634 138 8679
Poul,Saile,Male,psaile1n@flickr.com,117 453 1866
Adara,Tolhurst,Female,atolhurst1o@cafepress.com,437 574 5116
Liuka,Grigorey,Female,lgrigorey1p@is.gd,988 592 7708
Lissy,Shaughnessy,Female,lshaughnessy1q@people.com.cn,788 513 0924
Gwenette,Forber,Female,gforber1r@infoseek.co.jp,428 274 4344
Kali,Hancox,Female,khancox1s@soup.io,550 781 1053
Margot,Atlay,Female,matlay1t@lulu.com,744 713 7345
Foss,Ricci,Male,fricci1u@360.cn,462 622 7422
Remus,Manoelli,Male,rmanoelli1v@wsj.com,404 962 9003
Lilias,Putterill,Female,lputterill1w@irs.gov,718 616 6539
Octavia,Crotch,Female,ocrotch1x@cloudflare.com,408 360 5892
Krystle,McNirlin,Female,kmcnirlin1y@icio.us,165 296 0106
Dietrich,Penniell,Bigender,dpenniell1z@trellian.com,840 677 0073
Yevette,Yeardley,Female,yyeardley20@phpbb.com,369 273 6465
Jarrett,Skiplorne,Male,jskiplorne21@lulu.com,249 501 1388
Donnamarie,Petrov,Female,dpetrov22@merriam-webster.com,304 453 2245
Edee,Emett,Female,eemett23@miibeian.gov.cn,124 901 4439
Morty,Stollery,Male,mstollery24@ask.com,408 683 0711
Nancee,Garvey,Bigender,ngarvey25@feedburner.com,251 234 3417
Kent,Milland,Male,kmilland26@4shared.com,616 245 8170
Gaston,Kindell,Male,gkindell27@walmart.com,273 135 3853
Cecilius,Cammacke,Male,ccammacke28@mapy.cz,969 547 2034
Hewett,Tallyn,Male,htallyn29@ucsd.edu,943 189 1537
Theodor,Duddan,Male,tduddan2a@newsvine.com,975 143 1769
Fredrick,Haycroft,Male,fhaycroft2b@example.com,207 607 4035
Magnum,Miner,Male,mminer2c@studiopress.com,632 932 7936
Dilan,Son,Genderqueer,dson2d@wiley.com,186 182 6290
Silva,Donaghy,Female,sdonaghy2e@printfriendly.com,770 976 9365
Leroi,Tetla,Male,ltetla2f@skyrock.com,516 491 2166
Sigfrid,Dennerley,Male,sdennerley2g@google.com.hk,842 366 5455
Domenico,Divall,Male,ddivall2h@purevolume.com,124 738 7840
Arnaldo,Stothard,Male,astothard2i@umich.edu,817 873 5947
Chaddy,Warre,Male,cwarre2j@gov.uk,567 513 7060
Becca,O'Lagen,Female,bolagen2k@unesco.org,800 634 7948
Nicole,Tembridge,Female,ntembridge2l@dion.ne.jp,293 471 6697
Hailey,Hamblett,Male,hhamblett2m@imdb.com,700 827 2645
Lowe,Llewellin,Male,lllewellin2n@vimeo.com,315 447 6219
Archibald,Forrestall,Male,aforrestall2o@xrea.com,893 836 7322
Randell,Geerdts,Male,rgeerdts2p@usa.gov,194 930 7930
Oralee,Brundrett,Non-binary,obrundrett2q@mapy.cz,605 807 1025
Karine,Yglesias,Female,kyglesias2r@a8.net,912 908 4819
Harrie,McGown,Female,hmcgown2s@bigcartel.com,144 401 9395
Hamil,Osbaldstone,Male,hosbaldstone2t@techcrunch.com,887 746 3754
Cayla,Huortic,Female,chuortic2u@cisco.com,677 230 5174
Zachery,Milier,Genderfluid,zmilier2v@kickstarter.com,999 571 9431
Magdalene,Spens,Female,mspens2w@opera.com,416 240 2810
Fionna,Aynsley,Female,faynsley2x@youtu.be,246 749 4469
Gerhardine,Hartman,Female,ghartman2y@berkeley.edu,789 297 7537
Kandy,Sked,Female,ksked2z@freewebs.com,726 176 0452
Barbette,Broggini,Female,bbroggini30@storify.com,469 667 1097
Corrianne,Yearsley,Female,cyearsley31@wikia.com,558 996 3562
Domingo,Findlater,Male,dfindlater32@123-reg.co.uk,209 314 7193
Willey,Eamer,Male,weamer33@addtoany.com,552 281 2543
Skippy,Midner,Male,smidner34@pcworld.com,589 683 2320
Kristopher,Raynard,Male,kraynard35@mozilla.org,121 883 2404
Valenka,Waghorn,Female,vwaghorn36@indiegogo.com,558 324 8463
Morgan,Terron,Female,mterron37@networksolutions.com,144 816 8660
Herb,Finlason,Male,hfinlason38@free.fr,276 524 7478
Jay,Le Barr,Male,jlebarr39@google.ru,341 398 7546
Dickie,Frusher,Male,dfrusher3a@51.la,710 999 5954
Guillema,Heindrick,Female,gheindrick3b@kickstarter.com,362 307 8644
Viviene,Llopis,Polygender,vllopis3c@oaic.gov.au,661 546 8421
Steffen,Domerq,Male,sdomerq3d@economist.com,626 310 2455
Sloane,Lovart,Male,slovart3e@hatena.ne.jp,733 665 9805
Cristionna,Morehall,Female,cmorehall3f@alibaba.com,757 888 5195
Wolfie,Arrington,Male,warrington3g@mtv.com,665 730 6258
Bondie,Hassan,Male,bhassan3h@quantcast.com,562 878 2016
Tyrone,Guthrie,Male,tguthrie3i@moonfruit.com,247 436 1038
Cacilia,Manthroppe,Female,cmanthroppe3j@biblegateway.com,707 220 6084
Rosalyn,Durtnall,Polygender,rdurtnall3k@jimdo.com,266 593 0526
Milton,Rizzillo,Male,mrizzillo3l@comsenz.com,336 773 9877
Korry,Bruggen,Female,kbruggen3m@twitpic.com,798 933 0091
Matilda,Lazare,Female,mlazare3n@infoseek.co.jp,165 829 4076
Sabine,Pfaff,Female,spfaff3o@posterous.com,844 615 2169
Balduin,Hourihane,Male,bhourihane3p@geocities.jp,775 667 7140
Nathan,Dunlap,Male,ndunlap3q@technorati.com,377 743 2488
Collie,Bramstom,Female,cbramstom3r@meetup.com,911 102 7003
Nils,Pavelin,Male,npavelin3s@hugedomains.com,582 490 2792
Avril,Edmonson,Female,aedmonson3t@arizona.edu,211 750 5143
Trevor,Astlet,Male,tastlet3u@prnewswire.com,659 477 2277
Rowney,Bartczak,Male,rbartczak3v@irs.gov,812 578 1358
Lyman,Eccersley,Male,leccersley3w@addtoany.com,575 679 1020
Cristie,Brissenden,Female,cbrissenden3x@friendfeed.com,753 653 8232
Shaun,Isbell,Male,sisbell3y@cpanel.net,582 185 1202
Mariquilla,McCaughan,Female,mmccaughan3z@free.fr,626 813 5964
Vilma,Kettles,Female,vkettles40@tamu.edu,250 261 8134
Thibaut,Witul,Male,twitul41@51.la,810 606 7042
Sullivan,Morriss,Male,smorriss42@biglobe.ne.jp,801 720 8962
Bethena,Guyonneau,Female,bguyonneau43@msu.edu,536 281 0421
Megen,Behrens,Female,mbehrens44@psu.edu,218 198 2203
Ina,Catlin,Female,icatlin45@comcast.net,625 237 1511
Maddi,Cisland,Female,mcisland46@blogger.com,265 986 5977
Olympia,Gregorace,Female,ogregorace47@gnu.org,545 550 8611
Ahmad,Quarrell,Male,aquarrell48@sohu.com,560 753 8080
Casper,Antognozzii,Male,cantognozzii49@google.com.hk,951 267 0602
Gillan,Estcourt,Female,gestcourt4a@amazon.com,804 730 0459
Peterus,Wimpey,Male,pwimpey4b@behance.net,613 490 4036
Katusha,Bannester,Agender,kbannester4c@google.co.jp,232 610 9064
Claudetta,Balducci,Female,cbalducci4d@bizjournals.com,179 364 4516
Dwayne,Vignal,Male,dvignal4e@yandex.ru,152 204 2502
Stephine,Brazear,Female,sbrazear4f@examiner.com,330 269 4529
Alfy,Flewin,Male,aflewin4g@nydailynews.com,140 503 1929
Elana,Pattemore,Female,epattemore4h@nydailynews.com,559 341 5276
Rik,Adnam,Male,radnam4i@twitter.com,297 443 8502
Lindsy,Boughtwood,Female,lboughtwood4j@wisc.edu,561 763 6850
Imogen,Rowland,Non-binary,irowland4k@istockphoto.com,288 124 5256
Corenda,Kundert,Female,ckundert4l@chronoengine.com,494 365 3194
Vallie,Hartas,Female,vhartas4m@dagondesign.com,799 632 3092
Maurise,Gilloran,Genderfluid,mgilloran4n@boston.com,289 296 4330
Darrel,Dadd,Male,ddadd4o@dot.gov,343 597 9637
Rafaelita,Gosford,Female,rgosford4p@cpanel.net,503 587 5720
Shantee,Cavanaugh,Female,scavanaugh4q@google.ru,702 984 5945
Les,Haydock,Male,lhaydock4r@prnewswire.com,849 155 9429
Woodrow,Chrystal,Male,wchrystal4s@rakuten.co.jp,491 626 2209
Ring,Veld,Male,rveld4t@tumblr.com,320 677 1101
Brittan,Hickenbottom,Female,bhickenbottom4u@time.com,802 626 0840
Eldin,Fritzer,Male,efritzer4v@tuttocitta.it,479 300 8760
Jessika,Greensall,Female,jgreensall4w@unicef.org,454 683 7662
Arlyn,Clarson,Female,aclarson4x@phpbb.com,156 578 9563
Merrielle,Wikey,Female,mwikey4y@europa.eu,872 975 3021
Filmer,Peggs,Male,fpeggs4z@slideshare.net,337 251 5535
Tera,McTurley,Female,tmcturley50@usgs.gov,815 135 9744
Waldon,Yakubowicz,Male,wyakubowicz51@soundcloud.com,694 659 8201
Alfredo,Worman,Male,aworman52@tripadvisor.com,931 803 8779
Siegfried,Lambie,Male,slambie53@google.com.au,832 754 8438
Gwennie,Kemish,Agender,gkemish54@about.com,828 301 7935
Babbie,Carnell,Female,bcarnell55@a8.net,817 655 0673
Erinn,Bedson,Non-binary,ebedson56@aboutads.info,952 182 9437
Kalina,Northover,Female,knorthover57@hud.gov,822 813 5905
Newton,Leathem,Male,nleathem58@com.com,313 947 6720
Lucien,Siveyer,Male,lsiveyer59@apache.org,737 757 4591
Halsy,Vamplus,Male,hvamplus5a@ucoz.com,939 913 8294
Janeta,Cater,Female,jcater5b@jiathis.com,942 450 7161
Jae,Winsbury,Male,jwinsbury5c@xrea.com,201 207 1803
Cully,Kilroy,Male,ckilroy5d@dedecms.com,591 147 4669
Bili,Sainsbury-Brown,Genderqueer,bsainsburybrown5e@salon.com,646 817 0215
Vonnie,Refford,Female,vrefford5f@upenn.edu,544 558 0351
Rockie,Danigel,Male,rdanigel5g@unblog.fr,507 538 4996
Minetta,Pane,Female,mpane5h@1und1.de,233 985 4102
Hogan,Wandrich,Male,hwandrich5i@google.com,811 477 8637
Ertha,Simoneschi,Polygender,esimoneschi5j@blogs.com,214 516 0554
Loutitia,Hutable,Female,lhutable5k@reddit.com,472 466 3636
Neale,Prisley,Non-binary,nprisley5l@abc.net.au,856 899 9067
Roselin,Biggerdike,Female,rbiggerdike5m@tinypic.com,375 262 2693
Antonino,Baty,Male,abaty5n@phoca.cz,721 104 7736
Osbert,Luckin,Male,oluckin5o@adobe.com,124 289 8550
Jamil,Dudley,Male,jdudley5p@stumbleupon.com,262 702 6044
Gunar,Dickerson,Male,gdickerson5q@berkeley.edu,666 319 1022
Sherline,Townby,Female,stownby5r@ocn.ne.jp,352 160 0157
Koralle,Ogus,Female,kogus5s@tmall.com,275 118 9562
Gal,Cuncarr,Male,gcuncarr5t@uiuc.edu,842 504 8523
Malory,Keelinge,Female,mkeelinge5u@theglobeandmail.com,948 499 6185
Pet,Pickaver,Female,ppickaver5v@ask.com,375 279 9575
Corey,Babbidge,Female,cbabbidge5w@delicious.com,503 958 0229
Fernande,Savins,Polygender,fsavins5x@constantcontact.com,773 859 5136
Shell,Grandison,Female,sgrandison5y@live.com,493 460 2001
Solly,Beveredge,Male,sbeveredge5z@cisco.com,456 832 1914
Veronike,Ashpole,Genderqueer,vashpole60@paypal.com,186 568 3871
Palm,Heineke,Polygender,pheineke61@boston.com,588 447 7061
Nathaniel,Awmack,Male,nawmack62@adobe.com,602 407 5914
Wilfrid,Witter,Male,wwitter63@lycos.com,768 193 4153
Jared,Levinge,Male,jlevinge64@odnoklassniki.ru,370 857 9255
Candice,Grayston,Female,cgrayston65@clickbank.net,818 508 2370
Albrecht,Montilla,Male,amontilla66@elegantthemes.com,341 193 9472
Filip,Eastwood,Male,feastwood67@google.fr,956 720 6831
Freeland,Calverley,Male,fcalverley68@adobe.com,446 393 0693
Onida,Gionettitti,Female,ogionettitti69@a8.net,294 221 8043
Bary,Strang,Male,bstrang6a@hostgator.com,435 309 0293
Wilton,Mohammed,Male,wmohammed6b@unesco.org,155 856 4306
Sibella,Tiley,Female,stiley6c@bizjournals.com,621 708 6776
Eryn,De Cristoforo,Genderfluid,edecristoforo6d@tripod.com,339 138 6650
Kipp,Yeskov,Male,kyeskov6e@wisc.edu,563 328 0207
Carolina,Castagna,Female,ccastagna6f@washingtonpost.com,342 149 6262
Sayers,Zeale,Male,szeale6g@twitter.com,170 656 2987
Allie,Sutherns,Male,asutherns6h@auda.org.au,797 195 1376
Tracey,Piesold,Female,tpiesold6i@netvibes.com,777 737 2057
Kellen,Marriage,Female,kmarriage6j@home.pl,608 686 5720
Keslie,Osband,Female,kosband6k@networksolutions.com,438 442 8980
Neysa,Gley,Female,ngley6l@surveymonkey.com,100 972 7838
Garik,Thrussell,Male,gthrussell6m@imgur.com,202 638 0154
Benedict,Tales,Genderqueer,btales6n@ask.com,169 258 9506
Byrann,Niave,Male,bniave6o@w3.org,482 312 3497
Darda,Moules,Female,dmoules6p@nifty.com,795 802 3117
Hebert,Bridgwater,Male,hbridgwater6q@netlog.com,111 310 5511
Melly,Obispo,Female,mobispo6r@amazon.co.uk,468 523 3106
Errol,Cordelet,Male,ecordelet6s@edublogs.org,849 242 1222
Opal,Kiehl,Female,okiehl6t@google.fr,788 434 1149
Rodger,Yurkov,Male,ryurkov6u@skyrock.com,880 208 6651
Demetra,Battram,Female,dbattram6v@1und1.de,818 470 3955
Stephanie,Simms,Female,ssimms6w@theatlantic.com,355 846 4969
Templeton,Bicksteth,Male,tbicksteth6x@deliciousdays.com,236 211 5627
Winifield,Hunnywell,Male,whunnywell6y@barnesandnoble.com,609 800 7118
Pier,Curro,Female,pcurro6z@disqus.com,321 485 5689
Orland,Cellone,Male,ocellone70@washington.edu,222 976 6677
Janos,Tatlow,Male,jtatlow71@icio.us,219 418 3726
Fernandina,Kingcote,Non-binary,fkingcote72@japanpost.jp,262 122 8210
Sophi,Kerfod,Female,skerfod73@de.vu,881 564 0441
Eadith,Kirkwood,Female,ekirkwood74@xing.com,405 581 2059
Cam,Coogan,Male,ccoogan75@tripod.com,147 484 2496
Heidi,Lohmeyer,Female,hlohmeyer76@imgur.com,709 923 9824
Theo,Pitkeathly,Female,tpitkeathly77@cbsnews.com,592 874 2509
Bobbie,Rysdale,Male,brysdale78@wikipedia.org,868 308 5352
Gasper,Parcall,Male,gparcall79@com.com,640 204 4249
Lauretta,Ebbett,Female,lebbett7a@mysql.com,694 698 6138
Eal,Apthorpe,Male,eapthorpe7b@vinaora.com,872 257 3192
Jehu,Robertis,Male,jrobertis7c@omniture.com,125 461 0217
Feodor,Danilchenko,Male,fdanilchenko7d@stanford.edu,852 506 6014
Barbee,Sole,Female,bsole7e@amazonaws.com,167 839 6952
Doloritas,Ledward,Female,dledward7f@1und1.de,765 301 4113
Orelee,Selby,Agender,oselby7g@dropbox.com,640 704 4330
Salvidor,Housen,Male,shousen7h@latimes.com,589 538 2988
Israel,Boule,Male,iboule7i@dion.ne.jp,558 626 1248
Iolanthe,Janeway,Female,ijaneway7j@netscape.com,446 712 0667
Martyn,Pley,Male,mpley7k@ucoz.ru,444 502 5641
Lulu,Stribbling,Female,lstribbling7l@rakuten.co.jp,191 718 6102
Rosina,Rawsthorn,Female,rrawsthorn7m@ovh.net,450 824 0141
Rhea,Yglesia,Female,ryglesia7n@meetup.com,112 605 0534
Lisetta,Verring,Non-binary,lverring7o@cmu.edu,187 169 7410
Clerissa,Lawrey,Female,clawrey7p@dell.com,623 112 0486
Archibold,McCooke,Male,amccooke7q@mayoclinic.com,311 686 6894
Noll,Insull,Male,ninsull7r@apple.com,995 358 6808
Collie,Andrzejowski,Female,candrzejowski7s@statcounter.com,339 780 6397
Pace,Claque,Male,pclaque7t@biglobe.ne.jp,689 564 7360
Danielle,Broomfield,Genderqueer,dbroomfield7u@simplemachines.org,614 850 5968
Jaime,Cluitt,Female,jcluitt7v@diigo.com,940 476 0855
Nita,Mumby,Female,nmumby7w@gravatar.com,437 154 8258
Roxine,Trustie,Female,rtrustie7x@squarespace.com,711 806 0330
Ignacio,Bakey,Male,ibakey7y@sourceforge.net,971 363 6882
Janice,Ummfrey,Female,jummfrey7z@pen.io,849 489 3305
Kellby,Alennikov,Genderfluid,kalennikov80@eventbrite.com,766 543 0594
Kipp,Nossent,Male,knossent81@theguardian.com,344 730 2599
Elliot,Espasa,Male,eespasa82@webmd.com,958 712 4838
Jami,Austin,Female,jaustin83@ihg.com,240 196 6806
Karim,Riggey,Male,kriggey84@patch.com,693 682 8129
Vladimir,Cridlin,Male,vcridlin85@mlb.com,928 869 4354
Jesse,Crossfeld,Male,jcrossfeld86@mtv.com,383 374 6264
Lennie,Boik,Male,lboik87@icq.com,235 983 9017
Sherman,Revelle,Male,srevelle88@weather.com,896 241 2863
Ermentrude,Faulds,Female,efaulds89@cnn.com,264 407 8457
Aguie,McPartling,Male,amcpartling8a@naver.com,159 279 8855
Opaline,Broggio,Genderqueer,obroggio8b@bloomberg.com,862 383 0935
Corrie,Bootman,Female,cbootman8c@ed.gov,455 191 9091
Marlowe,Cashmore,Male,mcashmore8d@t-online.de,667 687 3022
Benedikt,Tennick,Male,btennick8e@livejournal.com,308 275 9965
Kingsley,Wessell,Male,kwessell8f@xinhuanet.com,488 717 5521
Town,De Hooge,Male,tdehooge8g@psu.edu,456 178 4812
Constantin,Allawy,Polygender,callawy8h@jiathis.com,762 936 7469
Brendon,Bayless,Male,bbayless8i@nydailynews.com,106 678 1689
Erick,McGinlay,Male,emcginlay8j@whitehouse.gov,807 512 3426
Evered,Athy,Male,eathy8k@jugem.jp,203 731 3223
Kelley,Wurz,Female,kwurz8l@fema.gov,344 548 3299
Franni,Vaszoly,Agender,fvaszoly8m@shop-pro.jp,331 157 2292
Marten,Britnell,Male,mbritnell8n@washington.edu,790 700 5210
Lynnette,Rosbotham,Female,lrosbotham8o@ft.com,240 911 2555
Byram,Cotterell,Male,bcotterell8p@nih.gov,261 388 5497
Grover,Oliphard,Genderqueer,goliphard8q@vimeo.com,201 139 1745
Ebenezer,Lloyd,Male,elloyd8r@photobucket.com,954 536 1763
Roanna,Dedam,Female,rdedam8s@blogspot.com,943 406 2040
Magdalene,McGlue,Female,mmcglue8t@pen.io,686 536 9624
Gail,Blythin,Male,gblythin8u@craigslist.org,975 975 4836
Jeffy,Leckie,Male,jleckie8v@alexa.com,622 883 5799
Yorgos,Mengue,Male,ymengue8w@mtv.com,271 133 0721
Leonora,Behrens,Female,lbehrens8x@pen.io,227 829 4148
Roderick,Fawcus,Genderfluid,rfawcus8y@house.gov,638 452 5695
Dorine,Swetmore,Female,dswetmore8z@washingtonpost.com,504 763 0200
Farrell,Charlewood,Male,fcharlewood90@senate.gov,753 216 7878
Edwina,Cragell,Female,ecragell91@mit.edu,587 510 7610
Tades,Chinnery,Male,tchinnery92@icq.com,193 775 3234
Alica,Filby,Female,afilby93@yandex.ru,708 514 0817
Kent,Stutter,Male,kstutter94@acquirethisname.com,140 223 6557
Vilma,Richardson,Female,vrichardson95@naver.com,161 208 1066
Nelli,Maddison,Female,nmaddison96@t.co,155 251 4388
Pen,Danhel,Female,pdanhel97@infoseek.co.jp,962 594 0233
Patty,Gallanders,Male,pgallanders98@tumblr.com,938 979 9446
Jamey,Inkle,Male,jinkle99@instagram.com,756 505 4077
Noak,Brislane,Male,nbrislane9a@reference.com,516 270 8179
Danny,Coultas,Female,dcoultas9b@dagondesign.com,960 505 1171
Nikos,Duchesne,Male,nduchesne9c@hao123.com,469 968 3058
Eustace,Gladwell,Male,egladwell9d@1und1.de,420 656 0386
Farrand,Heddan,Female,fheddan9e@bbb.org,941 845 9742
Taite,Pasmore,Male,tpasmore9f@51.la,218 583 0676
Cherilynn,Hadaway,Female,chadaway9g@vinaora.com,569 866 5654
Cesya,Screen,Female,cscreen9h@smh.com.au,248 603 2695
Jo-ann,Coger,Female,jcoger9i@dailymotion.com,680 988 0616
Hamnet,Dorbin,Male,hdorbin9j@google.co.uk,885 417 3187
Claudie,Boughton,Female,cboughton9k@fotki.com,474 558 3369
Georgi,Breming,Male,gbreming9l@army.mil,554 474 8314
Darby,Shuker,Male,dshuker9m@zimbio.com,916 112 9273
Julius,Cornfield,Male,jcornfield9n@mayoclinic.com,959 587 8516
Vinni,Gawke,Female,vgawke9o@hatena.ne.jp,379 587 4176
Saul,Dellenbrok,Male,sdellenbrok9p@berkeley.edu,986 516 1416
Allys,Wittrington,Female,awittrington9q@sbwire.com,664 400 5307
Maureene,Mawtus,Female,mmawtus9r@shinystat.com,228 812 3294
Garreth,Klehyn,Male,gklehyn9s@msn.com,221 593 4865
Maurizia,Christensen,Female,mchristensen9t@mashable.com,978 767 5773
Rosie,Murton,Polygender,rmurton9u@amazon.com,349 752 6858
Bernadette,MacAscaidh,Genderqueer,bmacascaidh9v@walmart.com,547 652 4914
Tiertza,Plank,Female,tplank9w@nationalgeographic.com,144 435 1615
Beverly,Noon,Female,bnoon9x@nba.com,709 406 3322
Worden,Arias,Male,warias9y@blogger.com,857 349 6666
Reynolds,Filipovic,Male,rfilipovic9z@comcast.net,232 906 8380
Fowler,Shorten,Male,fshortena0@fda.gov,448 990 9194
Trish,Bettlestone,Female,tbettlestonea1@cyberchimps.com,315 266 7755
Bent,Baudoux,Male,bbaudouxa2@sohu.com,370 342 2938
Adham,Challis,Male,achallisa3@paginegialle.it,656 393 8308
Jeri,Ramsbotham,Female,jramsbothama4@noaa.gov,755 818 0302
Waiter,Crowder,Male,wcrowdera5@berkeley.edu,285 518 8137
Lowrance,Bailiss,Male,lbailissa6@patch.com,442 231 1212
Giustina,Easen,Female,geasena7@mit.edu,718 492 9889
Wesley,Hurle,Male,whurlea8@walmart.com,687 383 1637
Marcel,Paramore,Male,mparamorea9@loc.gov,122 825 0608
Clem,Keavy,Male,ckeavyaa@printfriendly.com,278 146 7949
Tootsie,Caesmans,Female,tcaesmansab@eepurl.com,221 429 9957
Madel,Girardoni,Female,mgirardoniac@barnesandnoble.com,512 381 7701
Sidoney,Hullins,Female,shullinsad@nyu.edu,164 392 5469
Bailie,Wooland,Male,bwoolandae@com.com,270 415 0475
Chico,Joblin,Male,cjoblinaf@jugem.jp,805 812 1437
Leanna,Geldard,Female,lgeldardag@cmu.edu,977 684 9685
Travus,Olennikov,Male,tolennikovah@myspace.com,945 404 1853
Abbott,Dran,Male,adranai@myspace.com,688 774 8135
Addy,Mirrlees,Male,amirrleesaj@bravesites.com,637 912 7916
Margaux,Bairnsfather,Female,mbairnsfatherak@latimes.com,385 217 8466
Waiter,Bench,Male,wbenchal@whitehouse.gov,514 771 3186
Egan,Prestedge,Male,eprestedgeam@go.com,875 377 0711
Alyse,Prate,Female,apratean@bloglines.com,488 721 0488
Cindee,Preshaw,Female,cpreshawao@tamu.edu,519 606 9875
Cull,Casillas,Male,ccasillasap@craigslist.org,759 605 7871
Stanly,Mattussevich,Male,smattussevichaq@sun.com,431 293 2167
Ulrick,Lomb,Male,ulombar@eventbrite.com,565 255 9567
Antoinette,Zanassi,Female,azanassias@typepad.com,803 328 3408
Livvy,Prozescky,Polygender,lprozesckyat@trellian.com,820 506 0673
Francyne,Fetherston,Female,ffetherstonau@goodreads.com,116 711 9247
Horten,Philbrick,Male,hphilbrickav@behance.net,298 386 1527
Leah,Coulston,Female,lcoulstonaw@wisc.edu,845 937 4876
Nero,Cokayne,Male,ncokayneax@senate.gov,770 259 5000
Ferrell,Darrigoe,Male,fdarrigoeay@admin.ch,229 118 0773
Tamiko,Ketton,Female,tkettonaz@histats.com,692 840 0732
Brenna,Robelow,Female,brobelowb0@imageshack.us,316 565 5266
Gertrudis,Harms,Non-binary,gharmsb1@behance.net,742 982 3998
Hart,Rosenfelder,Male,hrosenfelderb2@tamu.edu,874 802 5609
Lane,Peer,Male,lpeerb3@merriam-webster.com,652 165 0837
Jacob,Blinman,Male,jblinmanb4@admin.ch,628 559 6974
Holly-anne,Johncey,Female,hjohnceyb5@huffingtonpost.com,685 783 7440
Karl,Slinger,Male,kslingerb6@unesco.org,787 332 6057
Meris,Riccardini,Female,mriccardinib7@businessweek.com,798 712 0119
Shayne,Duckers,Male,sduckersb8@studiopress.com,862 366 5186
Orsola,Alvar,Female,oalvarb9@jigsy.com,491 517 2975
Marvin,Kindleside,Male,mkindlesideba@wordpress.com,505 197 9060
Ermin,Dominelli,Male,edominellibb@columbia.edu,201 272 7935
Matias,Schanke,Male,mschankebc@123-reg.co.uk,768 912 8411
Millard,Daingerfield,Genderqueer,mdaingerfieldbd@youtube.com,373 244 9528
Kelley,Bilbery,Female,kbilberybe@blogs.com,600 318 7759
Lotta,Callington,Female,lcallingtonbf@vistaprint.com,915 571 4730
Lorilee,Bidder,Female,lbidderbg@smh.com.au,769 680 8887
Aigneis,Guarin,Female,aguarinbh@bluehost.com,376 679 0610
Bartolomeo,Georger,Male,bgeorgerbi@cbsnews.com,731 720 4014
Adolf,Kester,Male,akesterbj@icio.us,376 304 9108
Madeleine,Tregenza,Female,mtregenzabk@arstechnica.com,147 628 6951
Morry,Demschke,Male,mdemschkebl@trellian.com,587 925 3134
Lowrance,Lange,Male,llangebm@cisco.com,126 286 8504
Mead,Lawrenz,Female,mlawrenzbn@forbes.com,717 982 0387
Matthew,Couve,Male,mcouvebo@phpbb.com,136 261 3663
Rik,O'Drought,Male,rodroughtbp@w3.org,464 304 3394
Martha,Shoulders,Female,mshouldersbq@usda.gov,300 333 9836
Dotty,Edgcumbe,Female,dedgcumbebr@alibaba.com,279 841 8425
Frans,Brownrigg,Male,fbrownriggbs@reuters.com,324 522 0681
Tish,Lafont,Female,tlafontbt@netlog.com,872 517 8102
Payton,Heaphy,Male,pheaphybu@twitter.com,373 684 6446
Godart,Mustoe,Male,gmustoebv@ebay.com,826 847 8802
Jase,Clemmitt,Agender,jclemmittbw@acquirethisname.com,850 195 8275
Boone,Doumic,Male,bdoumicbx@so-net.ne.jp,701 742 4210
Selie,Ancliff,Non-binary,sancliffby@github.io,993 220 3470
Herb,Kalkhoven,Male,hkalkhovenbz@sitemeter.com,307 820 1550
Kym,Souch,Female,ksouchc0@bbb.org,512 594 1328
Kyle,Nye,Male,knyec1@pagesperso-orange.fr,367 310 0861
Meaghan,Fautly,Female,mfautlyc2@feedburner.com,315 699 2791
Trent,Gieraths,Male,tgierathsc3@walmart.com,921 735 2043
Rodrick,Matejovsky,Male,rmatejovskyc4@whitehouse.gov,337 615 5374
Gordie,Gaffer,Male,ggafferc5@soup.io,132 102 8280
Iver,Duigan,Male,iduiganc6@google.com.hk,607 260 0397
Ned,McGifford,Male,nmcgiffordc7@foxnews.com,127 935 0105
Oliy,Bingley,Female,obingleyc8@google.fr,904 403 8145
Garrek,Abade,Male,gabadec9@parallels.com,209 115 8433
Tabby,Tallowin,Male,ttallowinca@skype.com,379 516 9994
Rube,Kliemchen,Male,rkliemchencb@prlog.org,242 265 9271
Adelbert,Blaiklock,Male,ablaiklockcc@photobucket.com,162 406 9302
Gibbie,Longmead,Male,glongmeadcd@meetup.com,360 727 9304
Tracie,Ferriday,Male,tferridayce@mit.edu,487 700 1445
Yul,Hayesman,Polygender,yhayesmancf@friendfeed.com,223 257 4301
Christiana,McLugaish,Female,cmclugaishcg@newsvine.com,598 901 8055
Neda,McElwee,Female,nmcelweech@discovery.com,967 383 4587
Mike,Clubley,Male,mclubleyci@networksolutions.com,502 713 1968
Dehlia,Whatling,Female,dwhatlingcj@netscape.com,562 642 9326
Rozamond,Jan,Female,rjanck@hostgator.com,685 967 5700
Carilyn,Milburn,Female,cmilburncl@edublogs.org,501 511 1528
Lilith,Piotr,Female,lpiotrcm@google.cn,251 587 9463
Thekla,Paolotto,Genderfluid,tpaolottocn@tripadvisor.com,292 699 1261
Robby,Dafter,Female,rdafterco@tumblr.com,523 743 0196
Mirna,Sumpton,Female,msumptoncp@artisteer.com,617 347 2183
Griffin,Brazelton,Male,gbrazeltoncq@vimeo.com,145 958 7555
Evelin,Gillcrist,Male,egillcristcr@auda.org.au,201 641 3234
Laraine,Broe,Female,lbroecs@gravatar.com,328 962 6983
Jerrome,Brasier,Male,jbrasierct@soundcloud.com,361 973 5683
Henry,Stapleford,Male,hstaplefordcu@hibu.com,983 127 1069
Fredrika,Siddens,Female,fsiddenscv@dailymotion.com,916 154 0388
Johnna,Huzzay,Female,jhuzzaycw@census.gov,647 961 4864
Reinaldos,MacArdle,Male,rmacardlecx@miibeian.gov.cn,921 625 6279
Oran,Petyt,Male,opetytcy@vimeo.com,568 267 6616
Rosemaria,Crookes,Female,rcrookescz@technorati.com,977 222 2955
Sigismund,Stirling,Non-binary,sstirlingd0@noaa.gov,377 380 9263
Rivkah,Stannett,Female,rstannettd1@army.mil,642 961 2150
Kippie,Redolfi,Male,kredolfid2@joomla.org,547 760 9087
Berri,Oleszkiewicz,Female,boleszkiewiczd3@lulu.com,627 620 7315
Kaela,Kincaid,Female,kkincaidd4@hao123.com,272 143 3067
Chaddie,Haffard,Male,chaffardd5@vimeo.com,148 524 4742
Shaylynn,Westover,Female,swestoverd6@mit.edu,280 901 9883
Barb,Primrose,Bigender,bprimrosed7@kickstarter.com,722 569 9879
Ginevra,Wynn,Female,gwynnd8@blogger.com,409 657 6268
Natalina,Phuprate,Female,nphuprated9@princeton.edu,339 238 8349
Lilia,Mahmood,Female,lmahmoodda@berkeley.edu,713 874 8422
Pail,Labell,Male,plabelldb@tinyurl.com,896 382 1344
Milly,Stailey,Female,mstaileydc@sbwire.com,123 349 4995
Muffin,Luckin,Female,mluckindd@linkedin.com,566 160 7453
Garwood,Sabate,Genderqueer,gsabatede@plala.or.jp,936 796 1734
Kristen,Poynor,Female,kpoynordf@theguardian.com,641 590 0044
Amerigo,Forsbey,Male,aforsbeydg@zimbio.com,517 858 3339
Ewan,Lucas,Male,elucasdh@chicagotribune.com,610 208 7198
Judd,Hallum,Genderfluid,jhallumdi@mashable.com,545 205 5160
Bear,Mulqueen,Male,bmulqueendj@mail.ru,266 724 6169
Karlotta,Syson,Female,ksysondk@cnbc.com,910 461 4945
Cristina,Dykes,Female,cdykesdl@a8.net,837 282 0660
Octavia,Netherclift,Female,onethercliftdm@cbsnews.com,629 983 0841
Rhoda,Baddoe,Female,rbaddoedn@state.gov,749 134 8803
Zorina,MacKowle,Female,zmackowledo@bing.com,782 898 8235
Allistir,Kenworthey,Male,akenwortheydp@fastcompany.com,959 697 3300
Odelinda,Heinonen,Female,oheinonendq@scribd.com,577 948 3227
Morlee,McEachern,Male,mmceacherndr@hexun.com,567 175 4915
Andrey,Yoxen,Male,ayoxends@yale.edu,739 419 3236
Antons,Wallworke,Male,awallworkedt@stanford.edu,861 726 9941
Darin,Attril,Male,dattrildu@samsung.com,184 798 5801
Bernardo,Sumption,Male,bsumptiondv@example.com,240 121 9692
Miller,Spurdon,Male,mspurdondw@stanford.edu,795 714 3988
Arlin,Dayce,Male,adaycedx@goo.gl,436 970 5361
Cherie,O' Mara,Female,comarady@fema.gov,323 850 5807
Drusy,Andrewartha,Non-binary,dandrewarthadz@barnesandnoble.com,679 328 6417
Benedikt,Weatherhogg,Male,bweatherhogge0@nationalgeographic.com,335 584 3896
Inga,Sloy,Female,isloye1@cmu.edu,158 829 0528
Luce,Warricker,Male,lwarrickere2@cbc.ca,920 958 8523
Stefanie,Eacott,Female,seacotte3@amazon.com,960 119 3157
Willy,MacTrustam,Bigender,wmactrustame4@symantec.com,651 982 1226
Brook,Buckhurst,Female,bbuckhurste5@jalbum.net,697 718 8112
Joletta,Bolin,Female,jboline6@ocn.ne.jp,185 462 4896
Kris,Eymor,Male,keymore7@com.com,390 933 1765
Bevon,Hamil,Male,bhamile8@free.fr,585 266 1860
Bartlet,Midghall,Polygender,bmidghalle9@so-net.ne.jp,197 561 2787
Emanuele,Michie,Male,emichieea@youtube.com,760 504 4198
Adora,Canfer,Female,acanfereb@ameblo.jp,172 732 7830
Etienne,Braiden,Male,ebraidenec@g.co,871 286 1607
Beau,O'Gormley,Male,bogormleyed@usa.gov,538 392 8410
Priscilla,Dorwood,Female,pdorwoodee@sciencedirect.com,828 591 3305
Harrison,Simenon,Male,hsimenonef@howstuffworks.com,231 810 9453
Jamie,Gerling,Male,jgerlingeg@nih.gov,987 420 4587
Vivian,Bridell,Female,vbridelleh@cloudflare.com,189 721 3895
Eydie,Ianson,Female,eiansonei@angelfire.com,293 102 4017
Tobi,Davidovicz,Female,tdavidoviczej@surveymonkey.com,575 576 9515
Sacha,Gostling,Female,sgostlingek@hp.com,369 780 6982
Edan,Blenkharn,Male,eblenkharnel@technorati.com,465 669 3170
Norri,Bougourd,Female,nbougourdem@elegantthemes.com,192 797 0003
Louise,Devonish,Polygender,ldevonishen@dell.com,910 533 4354
Aurie,Lawlie,Female,alawlieeo@list-manage.com,266 135 6904
Quinn,Paliser,Female,qpaliserep@google.com.br,939 723 3521
Lars,Rydings,Genderqueer,lrydingseq@wired.com,182 513 3209
Joete,Staning,Bigender,jstaninger@nydailynews.com,779 565 4634
Lexie,Trippick,Female,ltrippickes@altervista.org,866 967 9925
Nannette,Sacher,Female,nsacheret@yellowbook.com,466 272 0149
Lona,Allan,Female,lallaneu@apache.org,613 513 6588
Grata,Millett,Genderqueer,gmillettev@shareasale.com,899 850 0424
Cris,Crossgrove,Male,ccrossgroveew@mail.ru,338 274 1524
Lesya,McGeachy,Female,lmcgeachyex@spiegel.de,861 294 5523
Ulrikaumeko,Durram,Female,udurramey@usatoday.com,394 698 4787
Chris,Beavon,Male,cbeavonez@ycombinator.com,794 577 5622
Marilee,Tomala,Female,mtomalaf0@xing.com,590 355 9989
Elsbeth,Vasentsov,Female,evasentsovf1@chicagotribune.com,719 205 8412
Madelon,Twinborough,Bigender,mtwinboroughf2@tuttocitta.it,594 189 7837
Sella,Beamont,Female,sbeamontf3@t-online.de,498 543 7817
Burgess,Caselli,Male,bcasellif4@umn.edu,267 715 8341
Catharina,Bateup,Female,cbateupf5@over-blog.com,219 506 4183
Adeline,Goodered,Female,agooderedf6@ow.ly,760 688 6970
Herculie,Bispham,Male,hbisphamf7@spotify.com,595 618 0568
Forrester,Turney,Male,fturneyf8@mysql.com,800 834 1562
Fax,Evill,Male,fevillf9@51.la,640 767 9078
Britte,Longstreet,Female,blongstreetfa@flavors.me,709 279 0871
Jewell,Briereton,Genderfluid,jbrieretonfb@kickstarter.com,746 666 6655
Park,Folger,Male,pfolgerfc@bigcartel.com,106 523 9324
Fanchon,Mee,Female,fmeefd@twitter.com,213 428 6344
Miguel,Jennions,Male,mjennionsfe@privacy.gov.au,860 965 5176
Lennie,Boatwright,Male,lboatwrightff@twitpic.com,182 727 5236
Link,Lissimore,Male,llissimorefg@4shared.com,142 175 0320
Jeffy,Flippen,Male,jflippenfh@live.com,685 211 4687
Christine,Batson,Female,cbatsonfi@scientificamerican.com,358 387 8519
Lenka,Lighten,Female,llightenfj@mozilla.com,410 158 1936
Avivah,Ipwell,Female,aipwellfk@hp.com,556 369 1680
Rodrigo,Tamblyn,Male,rtamblynfl@cpanel.net,839 153 8443
Ilario,McKeran,Male,imckeranfm@goo.gl,241 337 1346
Jaclin,Locarno,Polygender,jlocarnofn@constantcontact.com,731 498 3206
Elbertine,MacMeekan,Female,emacmeekanfo@answers.com,274 663 9211
Jase,Degan,Male,jdeganfp@webmd.com,368 969 0682
Celie,McKeaveney,Female,cmckeaveneyfq@imageshack.us,777 567 8514
Dana,Mawdsley,Female,dmawdsleyfr@indiatimes.com,296 981 8106
Karel,Frankish,Female,kfrankishfs@examiner.com,296 275 7517
Kahaleel,Floweth,Male,kflowethft@flavors.me,734 642 3994
Gareth,Wormleighton,Male,gwormleightonfu@tinyurl.com,444 242 2958
Dare,Brignall,Male,dbrignallfv@blogs.com,766 791 4297
Chrysa,Dominiak,Female,cdominiakfw@feedburner.com,840 770 2131
Ashien,Starmont,Female,astarmontfx@utexas.edu,165 971 8867
Windy,Shillinglaw,Genderfluid,wshillinglawfy@adobe.com,698 634 1440
Stella,Wittke,Female,swittkefz@forbes.com,569 527 7659
Bambie,Spottiswoode,Female,bspottiswoodeg0@t-online.de,794 834 0861
Nyssa,Nend,Female,nnendg1@army.mil,425 943 1124
Lizzie,Renad,Female,lrenadg2@hubpages.com,592 609 5167
Stewart,Jurisch,Male,sjurischg3@zimbio.com,343 794 2806
Aymer,Keilty,Male,akeiltyg4@weibo.com,214 969 9805
Simon,Besse,Male,sbesseg5@about.com,953 442 2824
Dennison,Oates,Genderqueer,doatesg6@wired.com,309 475 0368
Raven,McCartney,Female,rmccartneyg7@odnoklassniki.ru,338 553 2659
Brandy,Pollins,Male,bpollinsg8@dell.com,180 638 3792
Court,Gosnoll,Male,cgosnollg9@timesonline.co.uk,633 744 6578
Skye,Cowles,Male,scowlesga@google.ru,157 455 8332
Marian,Tildesley,Female,mtildesleygb@w3.org,690 434 6876
Alfred,Verdey,Bigender,averdeygc@cbsnews.com,311 693 1475
De,Tizard,Female,dtizardgd@prnewswire.com,316 308 4279
Aluino,Urquhart,Genderqueer,aurquhartge@example.com,652 107 9321
Elmer,Lehr,Male,elehrgf@chron.com,174 252 9727
Ramonda,Edney,Bigender,redneygg@ca.gov,521 840 1619
Chauncey,Alison,Male,calisongh@tumblr.com,337 114 0308
Kata,Grishkov,Female,kgrishkovgi@nytimes.com,938 743 1595
Eugenie,Sommerland,Female,esommerlandgj@soundcloud.com,606 682 2345
Allys,Ridwood,Female,aridwoodgk@zimbio.com,512 789 5807
Lorry,Pinckstone,Male,lpinckstonegl@google.co.jp,304 670 4073
Cindra,Kimble,Female,ckimblegm@cmu.edu,217 514 9701
Berkley,Leyton,Male,bleytongn@spiegel.de,766 527 0050
Zolly,Waldocke,Male,zwaldockego@hibu.com,240 988 9666
Belia,Pool,Female,bpoolgp@cmu.edu,677 607 9078
Marcelline,Tarr,Female,mtarrgq@tmall.com,294 813 7329
Storm,Lidgertwood,Female,slidgertwoodgr@hatena.ne.jp,558 639 6039
Elisabet,Berceros,Female,ebercerosgs@upenn.edu,113 814 3186
Lothario,Ballister,Male,lballistergt@domainmarket.com,800 152 8646
Anastasie,Dryden,Female,adrydengu@ebay.com,951 735 7082
Correy,Martynov,Female,cmartynovgv@pagesperso-orange.fr,480 617 6975
Liuka,Daddow,Female,ldaddowgw@jimdo.com,960 507 7297
Bogart,Asbery,Male,basberygx@china.com.cn,171 167 6276
David,Elsdon,Male,delsdongy@mail.ru,689 413 6451
Nathaniel,Forsaith,Male,nforsaithgz@phpbb.com,910 963 8878
Read,Toderi,Male,rtoderih0@trellian.com,687 631 4519
Mychal,Pautot,Male,mpautoth1@yahoo.co.jp,522 395 8578
Fredrick,Pelham,Male,fpelhamh2@blogspot.com,889 420 1273
Mathian,Bassham,Male,mbasshamh3@dot.gov,123 263 9022
Michele,Paladino,Male,mpaladinoh4@businesswire.com,442 455 8999
Barry,MacCrann,Genderqueer,bmaccrannh5@csmonitor.com,803 139 5089
Carlina,Schruurs,Female,cschruursh6@nyu.edu,242 161 6277
Rubia,Lewing,Female,rlewingh7@1und1.de,950 706 8135
Leela,Devonport,Female,ldevonporth8@auda.org.au,648 406 8142
Jilleen,Duckitt,Genderfluid,jduckitth9@4shared.com,132 533 8077
Chlo,Lettsom,Female,clettsomha@guardian.co.uk,575 141 9688
Timmie,Klain,Male,tklainhb@mit.edu,931 540 1725
Winny,Faloon,Agender,wfaloonhc@cisco.com,921 354 9195
Keefer,Wollard,Male,kwollardhd@usnews.com,887 776 7033
Hilton,Shekle,Male,hsheklehe@oaic.gov.au,359 709 6731
Tucker,Antonomoli,Male,tantonomolihf@angelfire.com,592 478 5236
Arly,McNevin,Female,amcnevinhg@nytimes.com,552 893 9847
Boot,Vanderplas,Male,bvanderplashh@homestead.com,107 318 8697
Kassi,Kleingrub,Female,kkleingrubhi@4shared.com,215 262 4906
Devon,Bourgourd,Female,dbourgourdhj@sohu.com,691 283 4378
Gertrude,Martinon,Female,gmartinonhk@yahoo.com,202 963 3083
Maribeth,Jeannel,Female,mjeannelhl@stanford.edu,491 721 1781
Maren,McGilvary,Female,mmcgilvaryhm@wix.com,718 697 4897
Opaline,Crowcombe,Female,ocrowcombehn@hubpages.com,688 295 6732
Luise,Clarabut,Female,lclarabutho@army.mil,203 696 4055
Port,Doring,Male,pdoringhp@lycos.com,588 956 1142
Brooke,Smithies,Male,bsmithieshq@unc.edu,996 929 7248
Mattheus,Gateland,Male,mgatelandhr@loc.gov,723 749 2491
Bucky,Mulvaney,Male,bmulvaneyhs@huffingtonpost.com,604 174 8836
Lurlene,Lowndsborough,Female,llowndsboroughht@china.com.cn,385 278 4785
Freda,Millions,Female,fmillionshu@edublogs.org,102 487 8606
Nolly,Hadwin,Male,nhadwinhv@ask.com,663 368 4136
Beryl,Ipsgrave,Female,bipsgravehw@amazon.de,632 427 0444
Velma,Bagnall,Female,vbagnallhx@europa.eu,276 570 7981
Gaven,Dunseath,Male,gdunseathhy@yahoo.com,186 907 9983
Shane,Clink,Male,sclinkhz@skype.com,306 559 0380
Jerrine,Gillis,Female,jgillisi0@people.com.cn,892 562 8676
Harcourt,Isley,Male,hisleyi1@wikimedia.org,902 372 3244
Bernette,Knifton,Female,bkniftoni2@wufoo.com,284 450 0755
Kristos,Beet,Male,kbeeti3@jiathis.com,954 299 9780
Sandro,Corder,Male,scorderi4@prlog.org,189 112 7884
Babbette,Goodridge,Female,bgoodridgei5@bloomberg.com,979 630 8067
Clare,Goranov,Female,cgoranovi6@usda.gov,568 929 9943
Darb,Vazquez,Female,dvazquezi7@noaa.gov,992 360 4929
Elroy,Augie,Male,eaugiei8@e-recht24.de,820 891 7452
Randie,Smallpeice,Male,rsmallpeicei9@techcrunch.com,745 462 8430
Astrix,Tomaello,Female,atomaelloia@icio.us,132 527 2516
Egbert,Hulson,Male,ehulsonib@tmall.com,644 167 1172
Rowen,Caghan,Male,rcaghanic@cam.ac.uk,232 923 5147
Christiana,Normanville,Female,cnormanvilleid@bloomberg.com,611 524 0822
Chase,Prowting,Male,cprowtingie@wufoo.com,996 385 0330
Chloette,Flatt,Female,cflattif@ox.ac.uk,755 239 5613
Fay,Mackerness,Female,fmackernessig@utexas.edu,542 643 4871
Wally,Hubane,Female,whubaneih@addtoany.com,207 689 3381
Nev,Defrain,Genderqueer,ndefrainii@weebly.com,908 210 9886
Melvin,Dowle,Male,mdowleij@wikipedia.org,614 799 5235
Oliver,Stagg,Male,ostaggik@zdnet.com,950 561 3946
William,McCourt,Male,wmccourtil@europa.eu,584 701 7429
Traci,Hanrott,Female,thanrottim@gov.uk,824 538 8636
Natty,Amar,Female,namarin@blog.com,976 307 6302
Wolf,Bantham,Bigender,wbanthamio@wiley.com,899 246 9335
Saunder,Bleasdille,Male,sbleasdilleip@biblegateway.com,975 359 5600
Dinny,Turmell,Female,dturmelliq@free.fr,475 128 6607
Hallie,Strachan,Female,hstrachanir@google.fr,440 422 9707
Lorianna,Burtonwood,Female,lburtonwoodis@census.gov,745 992 2085
Ursuline,Neeves,Female,uneevesit@webmd.com,320 879 9004
Daveta,Burnhill,Female,dburnhilliu@upenn.edu,752 255 9328
Marena,Lowater,Female,mlowateriv@gov.uk,432 454 8784
Halsy,Tutton,Male,htuttoniw@noaa.gov,130 116 9839
Cilka,Patching,Agender,cpatchingix@webnode.com,302 865 1253
Noach,Warry,Male,nwarryiy@guardian.co.uk,976 136 6449
Cullie,Baumann,Male,cbaumanniz@spotify.com,637 330 3210
Lalo,Eilles,Agender,leillesj0@wikispaces.com,431 809 0276
Kyrstin,Cusack,Female,kcusackj1@wikispaces.com,413 343 4475
Gennifer,Midghall,Female,gmidghallj2@ezinearticles.com,315 800 9264
Karena,Van der Kruijs,Female,kvanderkruijsj3@live.com,677 823 8687
Franchot,Nestoruk,Male,fnestorukj4@com.com,432 151 8966
Ceil,Streatfield,Non-binary,cstreatfieldj5@imgur.com,305 178 2058
Aurie,Leadley,Female,aleadleyj6@japanpost.jp,461 644 9176
Ellene,Steels,Genderqueer,esteelsj7@hc360.com,416 623 5503
Jamey,Macenzy,Male,jmacenzyj8@dailymotion.com,781 788 6849
Tallia,Doward,Female,tdowardj9@about.me,362 464 2111
Aldin,Baelde,Male,abaeldeja@pinterest.com,726 424 1315
Dayna,Ansty,Polygender,danstyjb@devhub.com,933 563 8695
Vanny,Lambard,Female,vlambardjc@booking.com,663 840 3563
Larry,Semerad,Male,lsemeradjd@nydailynews.com,844 142 3419
Ewell,Katte,Male,ekatteje@alibaba.com,679 805 2608
Anallise,Shorte,Female,ashortejf@wunderground.com,668 603 0855
Charmian,Aseef,Female,caseefjg@unicef.org,429 536 0865
Theressa,Pinchen,Female,tpinchenjh@ask.com,327 862 5339
Vivyan,Stronghill,Female,vstronghillji@cbslocal.com,783 299 4860
Carmine,Bucksey,Male,cbuckseyjj@mozilla.org,985 604 7468
Nikki,Wofenden,Male,nwofendenjk@admin.ch,814 568 7110
Ulberto,Grayling,Male,ugraylingjl@ftc.gov,751 799 9134
Marijo,Stealy,Female,mstealyjm@whitehouse.gov,214 303 5906
Verile,Duxbury,Female,vduxburyjn@wired.com,541 220 9864
Denys,Wildbore,Female,dwildborejo@comsenz.com,347 430 3852
Arch,Yapp,Male,ayappjp@google.ru,206 182 5667
Corey,Murtagh,Male,cmurtaghjq@mac.com,220 632 0492
Adolphus,Mattiuzzi,Male,amattiuzzijr@uol.com.br,294 782 4203
Sayer,Terris,Male,sterrisjs@hostgator.com,775 910 3354
Filbert,Sydes,Male,fsydesjt@usgs.gov,271 451 2533
Ricky,Crossland,Male,rcrosslandju@amazon.co.jp,159 328 4589
Marina,Wratten,Female,mwrattenjv@fc2.com,158 407 8622
Broddie,Dwelley,Male,bdwelleyjw@google.com.hk,813 556 7495
Damon,Norvill,Male,dnorvilljx@shop-pro.jp,405 664 4775
Bard,Pervoe,Male,bpervoejy@hubpages.com,499 104 7252
Sheryl,Valsler,Female,svalslerjz@nydailynews.com,630 569 1449
Evelina,Bice,Female,ebicek0@slideshare.net,769 449 4002
Danit,Janicek,Female,djanicekk1@mediafire.com,782 936 0662
Dael,Kinsey,Male,dkinseyk2@arstechnica.com,595 397 6592
Harald,Fulton,Male,hfultonk3@wired.com,655 734 2075
Kanya,Arlow,Female,karlowk4@boston.com,180 152 2304
Dru,Brookesbie,Female,dbrookesbiek5@rediff.com,717 137 5883
Wallie,Peeter,Male,wpeeterk6@timesonline.co.uk,426 744 7614
Devin,MacCosto,Male,dmaccostok7@zdnet.com,138 214 3010
Vivien,Gianulli,Female,vgianullik8@prweb.com,541 434 8843
Abbie,Daniele,Polygender,adanielek9@biglobe.ne.jp,533 845 1293
Marion,Grayland,Male,mgraylandka@bloglovin.com,937 729 0445
Francis,Dani,Male,fdanikb@berkeley.edu,198 957 1140
Barton,Fieldhouse,Male,bfieldhousekc@theglobeandmail.com,131 219 0797
Sherri,Ecles,Female,secleskd@parallels.com,977 710 8720
Maridel,Swanger,Female,mswangerke@narod.ru,647 602 4148
Odelia,Polle,Female,opollekf@google.nl,795 493 1134
Horatia,Acosta,Female,hacostakg@army.mil,308 325 4761
Barbaraanne,Skellion,Female,bskellionkh@de.vu,407 105 2129
Shawn,Liddard,Female,sliddardki@seattletimes.com,275 702 1959
Errol,Murcott,Male,emurcottkj@imageshack.us,689 839 9341
Grethel,Zupa,Female,gzupakk@booking.com,765 590 9838
Carling,Reece,Male,creecekl@ycombinator.com,332 578 6869
Correy,Klesel,Male,ckleselkm@jiathis.com,532 149 9570
Hayyim,Cubbon,Male,hcubbonkn@nhs.uk,529 102 2770
Ellette,Coda,Female,ecodako@dmoz.org,401 692 8636
Emlynn,Trubshawe,Female,etrubshawekp@i2i.jp,904 752 1114
Bone,Moreinis,Male,bmoreiniskq@geocities.com,131 276 9238
Vergil,Polhill,Non-binary,vpolhillkr@fotki.com,539 753 9471
Aleece,McGhee,Female,amcgheeks@disqus.com,186 381 4888
Missie,Stolze,Genderfluid,mstolzekt@npr.org,203 178 4942
Wendy,Apps,Female,wappsku@comsenz.com,802 488 9512
Gertie,Dengate,Female,gdengatekv@sfgate.com,181 222 7470
Lorri,Karle,Female,lkarlekw@homestead.com,394 197 0366
Meredeth,Hallatt,Male,mhallattkx@nhs.uk,427 589 8501
Blythe,Dillicate,Female,bdillicateky@goo.ne.jp,420 823 2847
Fidelity,Poon,Genderqueer,fpoonkz@mayoclinic.com,444 307 4374
Meryl,Abethell,Female,mabethelll0@theatlantic.com,298 791 1131
Nollie,Cockell,Female,ncockelll1@cafepress.com,567 115 6796
Astrid,Pennock,Genderfluid,apennockl2@tinypic.com,316 364 7742
Rochelle,Spadazzi,Female,rspadazzil3@goodreads.com,466 713 8753
King,Mouncey,Male,kmounceyl4@infoseek.co.jp,746 339 2813
Ethan,Carvil,Male,ecarvill5@webeden.co.uk,669 422 4826
Sela,Buchett,Genderqueer,sbuchettl6@youtube.com,957 533 8376
Ramsey,Gillion,Male,rgillionl7@meetup.com,574 268 7916
Carly,Swinford,Female,cswinfordl8@state.gov,411 845 5874
Reagen,Brownbridge,Male,rbrownbridgel9@webnode.com,199 357 9702
Annamaria,Coke,Female,acokela@rambler.ru,449 595 4475
Ruthy,Gwioneth,Female,rgwionethlb@ucoz.ru,355 751 8458
Ilyse,Flanaghan,Female,iflanaghanlc@nytimes.com,518 624 1071
Lanna,Tingle,Female,ltingleld@behance.net,933 288 5797
Dianemarie,Larvor,Female,dlarvorle@vk.com,803 999 6545
Del,Matchett,Male,dmatchettlf@washington.edu,585 803 3886
Harmonie,Woller,Non-binary,hwollerlg@cnbc.com,574 283 5723
Leupold,McPeeters,Male,lmcpeeterslh@mapquest.com,384 336 7072
Salomo,Firth,Male,sfirthli@mayoclinic.com,944 401 8528
Ad,Toovey,Male,atooveylj@taobao.com,579 544 7291
Helen,Spellacy,Female,hspellacylk@ifeng.com,562 324 8996
Addison,Hargroves,Male,ahargrovesll@twitpic.com,712 191 6847
Tripp,Witson,Genderqueer,twitsonlm@reuters.com,721 748 7329
Dougie,Spowart,Male,dspowartln@princeton.edu,133 423 8870
Tressa,Flawith,Polygender,tflawithlo@tripod.com,715 506 6339
Kaleena,Membry,Female,kmembrylp@goo.gl,623 459 7608
Tannie,Murfill,Male,tmurfilllq@ycombinator.com,421 580 5000
Murray,Ferrar,Male,mferrarlr@rambler.ru,500 865 5967
Nissie,Claybourne,Female,nclaybournels@clickbank.net,446 813 4364
Gardener,Aimable,Male,gaimablelt@infoseek.co.jp,137 709 6532
Josefina,Cumberpatch,Female,jcumberpatchlu@nsw.gov.au,299 358 5781
Belvia,Teas,Female,bteaslv@netvibes.com,506 113 7167
Wynnie,Higgan,Female,whigganlw@storify.com,936 547 1708
August,Neenan,Male,aneenanlx@goodreads.com,644 217 2459
Robin,Shingler,Genderfluid,rshinglerly@umich.edu,106 702 6806
Noreen,Barthrop,Female,nbarthroplz@taobao.com,724 189 2098
Inge,Stellino,Genderqueer,istellinom0@netscape.com,437 684 6312
Gracia,Domengue,Female,gdomenguem1@delicious.com,721 730 0772
Everard,Zuanelli,Male,ezuanellim2@bluehost.com,601 253 6265
Bebe,Lello,Female,blellom3@tinypic.com,296 229 8170
Merv,Bowman,Male,mbowmanm4@mozilla.com,819 746 7615
Issiah,McKeag,Male,imckeagm5@ocn.ne.jp,350 362 9520
Denna,Dauney,Genderfluid,ddauneym6@ameblo.jp,884 190 0391
Wilie,Golland,Female,wgollandm7@huffingtonpost.com,717 480 3343
Arthur,Hubbucke,Agender,ahubbuckem8@sun.com,781 737 9893
Hailey,Ricoald,Male,hricoaldm9@kickstarter.com,954 312 8211
Hirsch,Valentine,Male,hvalentinema@bluehost.com,443 230 8377
Clary,Geffinger,Female,cgeffingermb@mac.com,160 319 0424
Gratia,Cosser,Female,gcossermc@cbsnews.com,625 866 4121
Kerrin,Killough,Female,kkilloughmd@google.it,245 894 5974
Royall,Huddleston,Male,rhuddlestonme@nifty.com,757 758 8242
Cirstoforo,Winckworth,Male,cwinckworthmf@japanpost.jp,108 456 0274
Ruben,Jerrold,Male,rjerroldmg@mediafire.com,987 793 5076
Artemus,Winnard,Male,awinnardmh@about.com,745 780 1398
Deck,Pennetta,Male,dpennettami@tripod.com,249 818 6638
Sanson,Alden,Male,saldenmj@joomla.org,760 614 5107
Judas,Cramphorn,Male,jcramphornmk@youtu.be,191 823 7176
Neely,Ings,Female,ningsml@zdnet.com,204 237 8498
Carly,Godehard.sf,Male,cgodehardsfmm@biglobe.ne.jp,423 293 1809
Gawain,Kavanagh,Male,gkavanaghmn@wikia.com,631 437 0966
Joey,Kauscher,Male,jkauschermo@hugedomains.com,636 111 2312
Trstram,Boyton,Male,tboytonmp@goodreads.com,792 593 5155
Anallese,Buston,Female,abustonmq@issuu.com,980 402 0826
Hugibert,Puleston,Bigender,hpulestonmr@wikia.com,139 753 2869
Sibby,Gaspar,Female,sgasparms@ucoz.ru,705 243 2601
Birgit,Micka,Female,bmickamt@sakura.ne.jp,438 903 0083
Karalee,Rigglesford,Female,krigglesfordmu@yelp.com,567 359 0215
Monroe,Wonfar,Male,mwonfarmv@newyorker.com,842 317 9428
Yard,Linn,Male,ylinnmw@livejournal.com,595 357 0403
Liz,Lighten,Female,llightenmx@merriam-webster.com,537 318 0125
Jeannie,Bernaert,Female,jbernaertmy@google.it,278 889 5661
Haleigh,Hazleton,Female,hhazletonmz@businesswire.com,201 654 8006
Vance,Wozencroft,Male,vwozencroftn0@merriam-webster.com,882 970 2298
Elinor,Darlaston,Female,edarlastonn1@nhs.uk,667 121 5560
Kikelia,Uccello,Female,kuccellon2@smh.com.au,666 371 4741
Paxton,Palluschek,Male,ppalluschekn3@multiply.com,734 170 8427
Chantalle,Lanham,Female,clanhamn4@tinyurl.com,472 238 9823
Billie,Birch,Male,bbirchn5@kickstarter.com,263 614 5896
Emmet,Locker,Male,elockern6@tiny.cc,182 125 5909
Annissa,Dainton,Female,adaintonn7@jalbum.net,326 594 3218
Ernesta,Marden,Female,emardenn8@sfgate.com,510 189 1543
Roanna,Loddon,Agender,rloddonn9@fotki.com,878 745 2125
Webb,Brithman,Male,wbrithmanna@xing.com,678 713 1879
Weber,Gwillim,Male,wgwillimnb@bbb.org,245 579 9641
Yvonne,Coe,Female,ycoenc@aboutads.info,459 788 1040
Shepard,Parsall,Male,sparsallnd@intel.com,631 857 6428
Twila,Forsdike,Female,tforsdikene@gnu.org,748 401 7812
Wright,Belford,Male,wbelfordnf@ed.gov,983 963 6611
Hayyim,Nichols,Male,hnicholsng@adobe.com,716 737 3244
Henrieta,Fownes,Female,hfownesnh@cbsnews.com,963 928 9973
Teodora,Lenox,Female,tlenoxni@msn.com,220 423 5234
Caz,Strudwick,Male,cstrudwicknj@typepad.com,532 775 3579
Kipper,Dixson,Male,kdixsonnk@digg.com,612 959 4670
Webster,Docker,Male,wdockernl@canalblog.com,583 282 8404
Mata,Arrington,Male,marringtonnm@mail.ru,142 400 2518
Staffard,Jurkowski,Male,sjurkowskinn@biglobe.ne.jp,588 486 1333
Beckie,Wortman,Female,bwortmanno@cbslocal.com,179 812 6430
Meaghan,Frowde,Female,mfrowdenp@i2i.jp,745 970 2805
Ailbert,Burwell,Male,aburwellnq@mac.com,105 272 3632
Estrella,Divall,Female,edivallnr@booking.com,859 350 7477
Lucie,Scouler,Female,lscoulerns@booking.com,313 171 7518
Parnell,Poppy,Male,ppoppynt@java.com,411 853 1648
Melina,Proughten,Female,mproughtennu@timesonline.co.uk,839 318 4794
Waite,Born,Male,wbornnv@dyndns.org,824 743 3551
Leland,Higgoe,Male,lhiggoenw@hp.com,746 211 4607
Erin,Gisburn,Female,egisburnnx@storify.com,802 439 7948
Bellina,Stailey,Female,bstaileyny@blinklist.com,203 492 9335
Sibilla,Sheers,Female,ssheersnz@soundcloud.com,545 522 2949
Mozelle,Mouse,Genderfluid,mmouseo0@tripadvisor.com,475 325 6439
Coreen,Astley,Female,castleyo1@spiegel.de,329 540 8389
Tawsha,Glasner,Female,tglasnero2@cbslocal.com,579 852 2224
Constantine,Follitt,Male,cfollitto3@businessweek.com,144 218 4331
Fletch,Dallicott,Male,fdallicotto4@unc.edu,231 326 9815
Tabbie,Blewis,Bigender,tblewiso5@wsj.com,974 729 5604
Eveleen,Doram,Non-binary,edoramo6@merriam-webster.com,583 294 5097
Catherina,Leggat,Female,cleggato7@51.la,847 289 9290
Darin,Dineges,Male,ddinegeso8@bloglines.com,927 120 0506
Jeanna,Praten,Female,jprateno9@naver.com,915 714 3488
Ddene,Elverston,Female,delverstonoa@unblog.fr,408 781 8104
Westleigh,Prince,Male,wprinceob@wikimedia.org,186 659 7142
Graig,Seely,Male,gseelyoc@gravatar.com,640 723 2797
Deeanne,Bethel,Female,dbethelod@arstechnica.com,325 837 2625
Gerry,Timmes,Genderqueer,gtimmesoe@artisteer.com,351 494 7229
Gladi,Agg,Female,gaggof@umn.edu,924 255 2591
Lee,Waterdrinker,Female,lwaterdrinkerog@oaic.gov.au,381 900 1118
Yorgo,Korbmaker,Male,ykorbmakeroh@wordpress.com,646 572 1464
Jenn,Kelson,Genderqueer,jkelsonoi@ucsd.edu,437 324 6939
Ervin,Corryer,Male,ecorryeroj@cam.ac.uk,362 711 0938
Dolph,Grimes,Male,dgrimesok@123-reg.co.uk,689 979 9228
Tait,Milbourne,Male,tmilbourneol@addthis.com,410 443 1500
Pebrook,Brauner,Male,pbraunerom@a8.net,528 362 3583
Harv,Hanton,Male,hhantonon@sphinn.com,894 101 7213
Ketti,Jersh,Female,kjershoo@java.com,819 498 4549
Meredith,Fackney,Male,mfackneyop@themeforest.net,876 327 6059
Bent,Asson,Male,bassonoq@simplemachines.org,180 218 9420
Ardelis,Britt,Female,abrittor@delicious.com,934 626 5200
Terry,Penk,Male,tpenkos@51.la,539 498 6490
Loydie,Doxey,Male,ldoxeyot@bbb.org,225 756 3736
Dougie,Giottini,Male,dgiottiniou@edublogs.org,785 690 4764
Tommie,Percy,Polygender,tpercyov@i2i.jp,523 954 9787
Billy,Vanshin,Male,bvanshinow@thetimes.co.uk,743 132 0474
Blanch,Stivers,Female,bstiversox@lycos.com,580 473 6909
Thayne,Starten,Male,tstartenoy@wunderground.com,332 132 6593
Bevvy,Corrington,Female,bcorringtonoz@mit.edu,625 796 3909
Vito,Landrean,Male,vlandreanp0@narod.ru,713 795 1603
Ema,Rodnight,Female,erodnightp1@xinhuanet.com,771 375 4018
Avigdor,Quilliam,Male,aquilliamp2@zdnet.com,359 419 4595
Lorita,Rowlstone,Female,lrowlstonep3@dagondesign.com,304 794 4940
Aymer,Tilford,Male,atilfordp4@flavors.me,443 549 9271
Martainn,Rotter,Male,mrotterp5@ucsd.edu,771 382 5176
Alister,Melmoth,Male,amelmothp6@jalbum.net,245 470 1389
Hendrika,Henriquet,Female,hhenriquetp7@aboutads.info,237 430 1895
Rozele,Cherry,Female,rcherryp8@digg.com,172 639 2771
Tessa,Halesworth,Female,thalesworthp9@indiatimes.com,935 603 5542
Ebba,Gebby,Female,egebbypa@reverbnation.com,558 982 8801
Dukey,Tremoulet,Male,dtremouletpb@weebly.com,361 152 1705
Winifield,Kennealy,Male,wkennealypc@arstechnica.com,501 563 8019
Nathalie,Pauli,Female,npaulipd@howstuffworks.com,955 367 4743
Alric,Dupree,Male,adupreepe@forbes.com,345 606 8561
Avram,Humble,Male,ahumblepf@jalbum.net,471 411 3146
Wyn,Hellin,Male,whellinpg@bloomberg.com,671 674 0142
Nan,Eslemont,Female,neslemontph@chronoengine.com,788 777 1637
Hillary,Lesor,Male,hlesorpi@usda.gov,519 267 6895
Valdemar,Straneo,Male,vstraneopj@wikipedia.org,743 391 9551
Kate,Moss,Polygender,kmosspk@yolasite.com,229 394 0430
Eva,Gadault,Female,egadaultpl@guardian.co.uk,918 660 2151
Bibbye,Genner,Female,bgennerpm@bbb.org,847 282 4303
Bridie,Murley,Genderfluid,bmurleypn@ocn.ne.jp,931 892 2507
Penelope,Koppe,Female,pkoppepo@indiatimes.com,554 801 2571
Garrek,Wrightem,Genderfluid,gwrightempp@theguardian.com,248 684 6332
Chrystal,Halifax,Female,chalifaxpq@nasa.gov,354 106 5187
Ludwig,Didball,Male,ldidballpr@salon.com,152 187 1287
Torry,Joselevitch,Genderqueer,tjoselevitchps@theguardian.com,474 101 2142
Heddie,Heersema,Female,hheersemapt@oakley.com,366 466 6232
Melisandra,Mackness,Female,mmacknesspu@meetup.com,131 144 1813
Fanchette,Brock,Bigender,fbrockpv@pagesperso-orange.fr,442 189 0231
Tadeo,Dary,Male,tdarypw@sakura.ne.jp,295 319 1500
Bonny,Vandrill,Female,bvandrillpx@parallels.com,465 191 3767
Chrissie,Jorissen,Female,cjorissenpy@comsenz.com,261 636 9733
Bruis,Andryunin,Polygender,bandryuninpz@theglobeandmail.com,270 426 7442
Cristobal,Hast,Male,chastq0@harvard.edu,146 477 2329
Ardeen,Stickens,Female,astickensq1@businesswire.com,997 927 3182
Mimi,O'Mahoney,Female,momahoneyq2@squarespace.com,334 413 1909
Harris,Levecque,Male,hlevecqueq3@bravesites.com,455 988 4047
Norry,Gookes,Male,ngookesq4@cornell.edu,400 247 2471
Alyssa,Sirkett,Female,asirkettq5@buzzfeed.com,285 360 0005
Rea,Mix,Female,rmixq6@ted.com,796 850 6397
Inigo,Wynter,Male,iwynterq7@google.ca,748 546 4051
Horatio,Tully,Male,htullyq8@aol.com,833 339 2056
Willi,Corcoran,Female,wcorcoranq9@cpanel.net,394 812 4184
Burke,Macer,Male,bmacerqa@nifty.com,813 130 7194
Vyky,Siddens,Female,vsiddensqb@youtube.com,520 499 9717
Kerrill,McCrone,Female,kmccroneqc@clickbank.net,278 708 6317
Conway,Klulisek,Male,cklulisekqd@mashable.com,560 923 6860
Kacey,Wisden,Female,kwisdenqe@cloudflare.com,784 738 9073
Theo,Tullot,Male,ttullotqf@360.cn,735 331 4754
Ogdon,Braemer,Male,obraemerqg@wikimedia.org,894 330 4583
Kanya,Evreux,Female,kevreuxqh@whitehouse.gov,632 436 9891
Grete,Conti,Female,gcontiqi@drupal.org,558 786 5003
Kele,Chrestien,Male,kchrestienqj@berkeley.edu,780 871 1087
Gipsy,Laying,Female,glayingqk@umn.edu,451 136 8449
Cinderella,Wahncke,Female,cwahnckeql@fc2.com,364 357 2264
Hillary,Manuello,Male,hmanuelloqm@answers.com,705 243 8039
Kevyn,Rustadge,Female,krustadgeqn@google.com,626 972 5774
Lula,Finlator,Female,lfinlatorqo@shareasale.com,390 466 8311
Welch,Bunnell,Male,wbunnellqp@skyrock.com,248 956 9733
Starr,Merit,Genderqueer,smeritqq@cdc.gov,490 701 2712
Eloise,Custed,Female,ecustedqr@ihg.com,803 988 4081
Esteban,Shurville,Male,eshurvilleqs@theglobeandmail.com,516 420 5326
Keven,Berthot,Male,kberthotqt@shutterfly.com,121 102 1194
Bailie,Sweetman,Male,bsweetmanqu@tripod.com,164 818 1671
Alfie,Woodeson,Female,awoodesonqv@hugedomains.com,439 212 9259
Berte,Husk,Female,bhuskqw@usgs.gov,439 643 1816
Martica,Penticost,Female,mpenticostqx@gizmodo.com,151 890 2702
Porty,Harder,Male,pharderqy@craigslist.org,418 906 0509
Susanetta,Maltman,Female,smaltmanqz@senate.gov,460 760 9313
Theodor,Calvie,Male,tcalvier0@sina.com.cn,984 445 1155
Roma,Kahn,Male,rkahnr1@amazon.com,904 149 0350
King,Metson,Male,kmetsonr2@nasa.gov,509 857 2110
Meyer,Perocci,Male,mperoccir3@unesco.org,864 301 4858
Bucky,Connah,Genderqueer,bconnahr4@sohu.com,676 551 5115
Corri,Betonia,Female,cbetoniar5@facebook.com,149 162 4930
Aeriela,Hallahan,Female,ahallahanr6@google.ru,839 582 5365
Casey,Timbridge,Male,ctimbridger7@smugmug.com,743 282 7168
Gerianne,Roake,Bigender,groaker8@house.gov,889 791 0089
Harmonia,Rolfi,Female,hrolfir9@independent.co.uk,289 845 4667
Barbette,Merriman,Female,bmerrimanra@diigo.com,909 140 0093
Juli,Yeld,Female,jyeldrb@usda.gov,705 570 6614
Rozamond,Beazey,Female,rbeazeyrc@creativecommons.org,765 212 0293
Margareta,Deeprose,Female,mdeeproserd@cdbaby.com,165 615 0204
Byrom,Lack,Male,blackre@eepurl.com,622 933 0597
Cecelia,Dudney,Female,cdudneyrf@toplist.cz,707 866 5205
Frazier,Harford,Male,fharfordrg@woothemes.com,364 581 3722
Judon,Emanuelli,Male,jemanuellirh@about.me,874 359 9734
Sheba,Wind,Female,swindri@tamu.edu,976 101 5096
Neall,Lacotte,Male,nlacotterj@nifty.com,760 130 9084
Sarah,Punshon,Female,spunshonrk@godaddy.com,857 236 3726
Melli,Ellwell,Female,mellwellrl@bbb.org,877 284 9768
Alley,McSharry,Male,amcsharryrm@psu.edu,839 863 1284
Nevsa,Piddocke,Female,npiddockern@is.gd,512 914 7136
Bernette,Amberger,Female,bambergerro@washington.edu,286 101 1839
Easter,Dolby,Female,edolbyrp@wsj.com,437 350 1140
Ram,McSporon,Bigender,rmcsporonrq@sciencedaily.com,559 524 5383
Sonnie,Human,Female,shumanrr@patch.com,962 547 5199
