first_name,last_name,gender,email,phone
Josi,Nurden,Genderqueer,jnurden0@wikia.com,534 108 0833
Arleyne,Leathart,Female,aleathart1@myspace.com,566 559 5526
Conan,Craft,Male,ccraft2@forbes.com,203 642 6422
Florri,Allred,Female,fallred3@umich.edu,898 992 0301
Stuart,Lutz,Male,slutz4@etsy.com,902 329 6110
Torie,Morsley,Female,tmorsley5@linkedin.com,355 240 1296
Maisey,Sorro,Female,msorro6@soundcloud.com,681 971 2321
Clement,Hannond,Male,channond7@webmd.com,319 237 1009
Krissy,Wanstall,Female,kwanstall8@nifty.com,628 558 0017
Cherida,Syphas,Female,csyphas9@macromedia.com,732 620 3761
Onfre,Dampney,Polygender,odampneya@nps.gov,379 128 5813
Rania,Hemerijk,Female,rhemerijkb@amazon.co.jp,853 130 6863
Fidelio,Willey,Male,fwilleyc@woothemes.com,969 169 2364
Sharity,Whitby,Female,swhitbyd@europa.eu,162 651 9734
Bonni,Wybourne,Female,bwybournee@last.fm,328 766 6752
Verena,Blonden,Female,vblondenf@gizmodo.com,246 905 6089
Fitzgerald,Ayton,Male,faytong@google.it,780 829 8386
Inglis,Bunworth,Male,ibunworthh@bigcartel.com,248 264 6344
Innis,Fransemai,Male,ifransemaii@admin.ch,226 947 8976
Minna,Merchant,Female,mmerchantj@fda.gov,964 688 0030
Fionna,Addenbrooke,Female,faddenbrookek@amazon.de,128 791 9642
Antonetta,Behninck,Female,abehninckl@themeforest.net,292 144 2249
Laurence,Zammitt,Male,lzammittm@pbs.org,378 763 1403
Aubree,Dalton,Female,adaltonn@xinhuanet.com,866 478 8167
Caryl,Wemm,Male,cwemmo@globo.com,389 721 3103
Etheline,McCrum,Female,emccrump@dion.ne.jp,920 164 5931
Ettore,Stanbridge,Male,estanbridgeq@fastcompany.com,857 381 7441
Marty,Climie,Male,mclimier@smugmug.com,755 175 3252
Chelsea,Keat,Female,ckeats@ft.com,747 589 7977
Olenolin,Tarquini,Male,otarquinit@fc2.com,802 102 5109
Marinna,Bosence,Female,mbosenceu@psu.edu,642 346 1746
Janela,Severwright,Polygender,jseverwrightv@irs.gov,394 117 4196
Ellis,Hakewell,Male,ehakewellw@tripadvisor.com,137 205 5055
Gerda,Pochin,Female,gpochinx@dedecms.com,954 653 5504
Solomon,Davet,Male,sdavety@reddit.com,167 560 1805
Angel,Riediger,Female,ariedigerz@amazon.co.uk,663 542 4322
Markos,Seeler,Male,mseeler10@goo.gl,595 223 8032
Chris,Cree,Female,ccree11@usa.gov,115 933 4992
Cornie,Van der Velden,Female,cvandervelden12@liveinternet.ru,792 669 5539
Raquela,Dimsdale,Female,rdimsdale13@diigo.com,349 330 2305
Woodie,Hillen,Male,whillen14@foxnews.com,279 615 2939
Jacques,Kolyagin,Male,jkolyagin15@alibaba.com,198 536 1476
Thain,Ilson,Male,tilson16@amazonaws.com,174 574 1209
Marnia,Jury,Polygender,mjury17@creativecommons.org,767 855 6244
Claretta,Uttridge,Female,cuttridge18@deliciousdays.com,967 652 5078
Tammy,Sampson,Male,tsampson19@nps.gov,361 929 7034
Zsazsa,Mc Cahey,Female,zmccahey1a@tmall.com,862 325 6212
Othilie,Markovich,Female,omarkovich1b@fc2.com,121 321 4064
Hasheem,Tofts,Male,htofts1c@unesco.org,330 819 5978
Herb,Norquoy,Male,hnorquoy1d@liveinternet.ru,571 856 9857
Alfy,Hargey,Male,ahargey1e@behance.net,868 659 5984
Hilly,Bodd,Male,hbodd1f@livejournal.com,984 496 3594
Adelind,Wahncke,Female,awahncke1g@yelp.com,419 277 2376
Edd,Crinkley,Male,ecrinkley1h@psu.edu,817 599 9762
Baldwin,Tregenza,Male,btregenza1i@pagesperso-orange.fr,473 854 6028
Flynn,Wilcox,Male,fwilcox1j@mashable.com,680 313 7819
Dal,Dunckley,Male,ddunckley1k@cam.ac.uk,480 311 3689
Lauryn,Lief,Female,llief1l@tamu.edu,847 615 5891
Humfried,Sage,Male,hsage1m@moonfruit.com,478 335 8226
Bayard,Wynrahame,Male,bwynrahame1n@amazon.com,502 941 5912
Jaimie,Pydcock,Male,jpydcock1o@cmu.edu,575 342 9489
Grove,Kastel,Male,gkastel1p@npr.org,548 738 2234
Emogene,Casoni,Female,ecasoni1q@angelfire.com,397 817 0668
Olivia,Leglise,Female,oleglise1r@godaddy.com,378 860 2743
Ferd,Mullett,Male,fmullett1s@discovery.com,178 668 0338
Cecile,Jerman,Female,cjerman1t@state.tx.us,993 756 2770
Scott,Kyd,Male,skyd1u@123-reg.co.uk,496 941 3283
Daune,Van der Veldt,Female,dvanderveldt1v@storify.com,707 955 0998
Yalonda,Lade,Female,ylade1w@sogou.com,406 256 3669
Joly,Marquese,Female,jmarquese1x@go.com,526 381 1245
Hilary,Mallabar,Male,hmallabar1y@earthlink.net,583 386 9691
Solomon,Danjoie,Male,sdanjoie1z@mysql.com,474 407 9639
Stavro,Devericks,Male,sdevericks20@sitemeter.com,356 336 3270
Kimbell,Petrazzi,Male,kpetrazzi21@gizmodo.com,359 201 0754
Alva,Band,Male,aband22@ucoz.com,938 981 9635
Blaine,Ogles,Male,bogles23@yahoo.com,543 219 7035
Brier,Edwinson,Female,bedwinson24@timesonline.co.uk,994 740 3468
Tiffi,Saunier,Female,tsaunier25@naver.com,803 432 3897
Mersey,Reburn,Female,mreburn26@shareasale.com,681 788 3327
Marco,Bladesmith,Male,mbladesmith27@photobucket.com,863 184 8854
Noby,Southwell,Male,nsouthwell28@whitehouse.gov,955 448 5476
Haskell,Liddell,Male,hliddell29@github.io,103 253 3397
Sanderson,Ellin,Male,sellin2a@gov.uk,491 317 6692
Fanni,Lenin,Female,flenin2b@wp.com,788 133 9912
Karlens,Sparry,Genderqueer,ksparry2c@blogspot.com,509 139 8274
Janeen,MacLise,Female,jmaclise2d@reference.com,890 478 1631
Michal,Van Merwe,Male,mvanmerwe2e@opensource.org,310 577 6677
Archibaldo,Reina,Male,areina2f@squarespace.com,695 880 2190
Meggie,Ruddiforth,Female,mruddiforth2g@pinterest.com,168 862 1661
Romain,Sowte,Male,rsowte2h@xrea.com,226 888 7808
Florian,Aguirrezabal,Genderfluid,faguirrezabal2i@mayoclinic.com,887 738 8048
Todd,Arthy,Male,tarthy2j@hibu.com,965 319 7118
Tabor,Pond-Jones,Male,tpondjones2k@tripod.com,159 212 6425
Cosetta,Kochl,Female,ckochl2l@ihg.com,999 520 5400
Rosalynd,Audritt,Female,raudritt2m@engadget.com,804 570 4390
Bertina,Dowtry,Female,bdowtry2n@wiley.com,419 511 6754
Courtenay,Dishman,Female,cdishman2o@mayoclinic.com,526 295 9770
Marne,Gascone,Female,mgascone2p@google.com.hk,246 975 4678
Herbie,Ranshaw,Male,hranshaw2q@booking.com,426 975 2885
Shaughn,Angeli,Male,sangeli2r@shareasale.com,539 363 8861
Eduard,Klimentov,Male,eklimentov2s@twitpic.com,430 411 0609
Bat,Landes,Agender,blandes2t@histats.com,367 525 7452
Hank,Byatt,Bigender,hbyatt2u@indiatimes.com,448 911 6514
Merle,Cubuzzi,Female,mcubuzzi2v@usnews.com,887 461 9938
Julianne,Mennithorp,Female,jmennithorp2w@miitbeian.gov.cn,587 704 9191
Erma,Morcombe,Female,emorcombe2x@who.int,344 806 1548
Audry,Paladini,Female,apaladini2y@columbia.edu,748 548 7739
Otis,Teresse,Male,oteresse2z@cnbc.com,323 867 1241
Hewie,Loadsman,Male,hloadsman30@nytimes.com,205 375 6721
Britni,Anelay,Agender,banelay31@pcworld.com,744 329 0607
Filia,Abrahart,Polygender,fabrahart32@cdc.gov,491 994 6790
Gilbertina,Andreaccio,Female,gandreaccio33@imageshack.us,965 454 7989
Eloisa,McGreal,Female,emcgreal34@timesonline.co.uk,737 513 5319
Nestor,Allbon,Male,nallbon35@go.com,718 481 1874
Kora,Ruse,Female,kruse36@google.es,650 173 4700
Caitrin,Nicholson,Female,cnicholson37@purevolume.com,827 515 7788
Cynde,Benford,Female,cbenford38@dailymotion.com,319 350 3504
Leupold,Dunican,Male,ldunican39@weebly.com,347 417 8534
Birch,Lewsy,Male,blewsy3a@pcworld.com,977 276 8892
Martin,Dominick,Male,mdominick3b@nationalgeographic.com,295 726 8116
Miriam,Penhale,Female,mpenhale3c@desdev.cn,990 713 0751
Marybeth,Lindholm,Female,mlindholm3d@addthis.com,536 982 4410
Antonina,Arton,Female,aarton3e@theguardian.com,953 607 7828
Inger,Megson,Male,imegson3f@usgs.gov,367 584 4393
Allie,Durkin,Male,adurkin3g@wix.com,846 579 6930
Prentiss,Roycraft,Male,proycraft3h@google.co.uk,142 172 0717
Lucila,Chudleigh,Female,lchudleigh3i@salon.com,678 416 2668
Shaw,Goshawke,Male,sgoshawke3j@devhub.com,426 272 2627
Cello,Riepl,Male,criepl3k@bandcamp.com,524 102 7728
Norean,Quadri,Female,nquadri3l@aol.com,518 290 2826
Hester,Pitrollo,Female,hpitrollo3m@google.cn,990 427 3568
Vivianne,Gluyas,Female,vgluyas3n@feedburner.com,344 498 8683
Khalil,Folomkin,Male,kfolomkin3o@ucsd.edu,447 999 8773
Sholom,Lackington,Male,slackington3p@slashdot.org,354 943 0115
Virgina,De Santos,Female,vdesantos3q@plala.or.jp,797 544 4099
Terrijo,Pilsbury,Female,tpilsbury3r@reuters.com,292 491 3920
Yuma,Blissett,Male,yblissett3s@nasa.gov,650 254 6489
Koressa,Matkin,Female,kmatkin3t@narod.ru,124 737 3688
Arlene,Sells,Female,asells3u@google.de,510 817 7616
Eyde,Heams,Female,eheams3v@imageshack.us,684 301 1052
Alessandro,Daton,Male,adaton3w@woothemes.com,348 684 2633
Godfrey,Dearlove,Male,gdearlove3x@webmd.com,246 615 4577
Noelle,Bern,Female,nbern3y@ebay.com,240 970 8331
Timmi,Poncet,Female,tponcet3z@webmd.com,429 781 2379
Parrnell,Kettridge,Male,pkettridge40@gizmodo.com,834 101 9291
Blake,Petrasch,Female,bpetrasch41@boston.com,162 617 2153
Rosemaria,Haking,Female,rhaking42@opensource.org,616 344 9364
Angelica,Clarridge,Female,aclarridge43@craigslist.org,444 725 2338
Marwin,Klemps,Male,mklemps44@toplist.cz,484 435 8719
Scarface,Durdle,Male,sdurdle45@ovh.net,402 371 1588
Virginia,Langelaan,Female,vlangelaan46@trellian.com,922 645 6937
Allix,Loines,Female,aloines47@odnoklassniki.ru,156 801 4610
Bank,Fullalove,Male,bfullalove48@tripadvisor.com,780 694 8709
Rockey,Vine,Male,rvine49@weibo.com,688 907 3092
Marianne,Clinch,Female,mclinch4a@umich.edu,712 754 4422
Orren,Scapens,Male,oscapens4b@businessinsider.com,179 605 6906
Jammal,Beeby,Male,jbeeby4c@psu.edu,540 115 2003
Bartlet,Valentinuzzi,Male,bvalentinuzzi4d@paypal.com,506 567 8711
Emmi,Halligan,Female,ehalligan4e@spiegel.de,140 170 4828
Noach,Haldenby,Male,nhaldenby4f@scribd.com,202 338 8042
Gwenneth,Dupre,Female,gdupre4g@google.cn,182 980 1007
Andonis,Noir,Polygender,anoir4h@nymag.com,998 983 0027
Alden,Buff,Male,abuff4i@google.co.jp,645 122 1148
Leah,Greeves,Female,lgreeves4j@sourceforge.net,971 621 0465
Ciel,Wadworth,Female,cwadworth4k@blogger.com,611 890 3727
Winifred,Luckhurst,Female,wluckhurst4l@nhs.uk,947 179 4897
Nicolais,Buie,Male,nbuie4m@alibaba.com,866 232 8258
Ewart,Alu,Male,ealu4n@chicagotribune.com,626 456 0446
Alikee,Curman,Female,acurman4o@e-recht24.de,140 451 4356
Griswold,McNeish,Male,gmcneish4p@1688.com,262 782 8944
Dar,Crocket,Non-binary,dcrocket4q@deliciousdays.com,464 433 2476
Joelynn,Osbiston,Female,josbiston4r@booking.com,631 116 7797
Danie,Winskill,Male,dwinskill4s@mtv.com,561 918 9382
Rory,Gerrell,Male,rgerrell4t@tumblr.com,339 445 6128
Ag,Hacker,Female,ahacker4u@google.ru,397 349 7774
Sheffy,Moxsom,Male,smoxsom4v@so-net.ne.jp,899 234 8584
Sancho,Twiggs,Male,stwiggs4w@chron.com,881 706 4125
Vincenty,Benka,Male,vbenka4x@lycos.com,988 228 8287
Alan,Ind,Male,aind4y@apache.org,855 523 9109
Sonny,Carlisso,Male,scarlisso4z@epa.gov,296 835 3739
Laurena,Sheehan,Female,lsheehan50@bloglines.com,883 690 7816
Robinia,Slessor,Female,rslessor51@washingtonpost.com,951 387 1853
Lawton,Van Weedenburg,Male,lvanweedenburg52@google.ca,645 969 7913
Morley,Longland,Male,mlongland53@yolasite.com,293 144 0774
Layne,Pasticznyk,Female,lpasticznyk54@intel.com,433 841 7873
Emmet,Cameli,Genderfluid,ecameli55@webeden.co.uk,768 864 4787
Steward,Craise,Genderfluid,scraise56@irs.gov,520 298 9339
Valeria,Innerstone,Female,vinnerstone57@noaa.gov,251 273 4284
Clemens,Defraine,Male,cdefraine58@aol.com,789 511 5467
Anna-diana,Growcott,Female,agrowcott59@sphinn.com,678 260 9747
Emalee,Labba,Female,elabba5a@amazonaws.com,979 469 4433
Dot,Orrow,Genderqueer,dorrow5b@cdbaby.com,240 108 7978
Linoel,Lindfors,Agender,llindfors5c@theatlantic.com,674 962 0964
Sisely,Glencrosche,Female,sglencrosche5d@tamu.edu,344 795 6208
Aleta,Babbidge,Female,ababbidge5e@wikispaces.com,514 579 9310
Aubine,Haworth,Female,ahaworth5f@weebly.com,410 331 2083
Kaitlynn,Hasslocher,Female,khasslocher5g@elpais.com,488 613 8067
Kris,Tessier,Male,ktessier5h@hao123.com,110 249 8056
Boot,Hembery,Male,bhembery5i@prweb.com,145 632 5533
Coretta,Roulston,Female,croulston5j@prlog.org,906 809 9443
Julian,Minall,Male,jminall5k@domainmarket.com,970 550 9917
Tabb,Brisset,Male,tbrisset5l@bluehost.com,648 416 2267
Konrad,Bollins,Male,kbollins5m@wikipedia.org,478 807 5522
Joshua,Bitcheno,Male,jbitcheno5n@bloomberg.com,672 843 2656
Ashien,Cattlow,Female,acattlow5o@youtube.com,900 485 7956
Aubree,Twallin,Female,atwallin5p@flavors.me,573 114 8049
Phoebe,Beange,Female,pbeange5q@google.com.br,105 214 2825
Mufi,Doumerque,Genderqueer,mdoumerque5r@princeton.edu,197 998 8999
Rafe,Kidman,Male,rkidman5s@ifeng.com,109 846 1406
Imogen,Brownlow,Female,ibrownlow5t@europa.eu,113 319 4316
Corey,Lukovic,Female,clukovic5u@rediff.com,109 176 1095
Birgit,Curzey,Female,bcurzey5v@npr.org,679 151 9050
Laurie,Lapree,Male,llapree5w@sina.com.cn,370 513 8372
Sheri,Bone,Female,sbone5x@last.fm,458 459 9933
Rorke,Jakuszewski,Male,rjakuszewski5y@ucoz.ru,313 145 6645
Sigvard,Henkmann,Male,shenkmann5z@bing.com,220 717 7228
Darleen,Fines,Female,dfines60@printfriendly.com,501 583 3543
Kendra,Gammade,Female,kgammade61@cocolog-nifty.com,449 109 6760
Georgeta,Renfree,Female,grenfree62@sun.com,696 352 8834
Flossy,Gianasi,Female,fgianasi63@reverbnation.com,157 666 1830
Ginger,Dadson,Male,gdadson64@ed.gov,594 536 1300
Nadean,Lenahan,Female,nlenahan65@upenn.edu,258 213 9407
Roman,Lenglet,Non-binary,rlenglet66@deliciousdays.com,280 998 3170
Arlene,Isaksson,Genderqueer,aisaksson67@cbslocal.com,652 576 1479
Amery,Clissell,Male,aclissell68@godaddy.com,722 855 0860
Vincenty,Hauger,Male,vhauger69@last.fm,813 719 7307
Pace,Manklow,Male,pmanklow6a@nbcnews.com,978 359 8371
Mufinella,Godby,Female,mgodby6b@hhs.gov,492 381 8426
Denni,Haitlie,Polygender,dhaitlie6c@mashable.com,112 846 6626
Dexter,Kopisch,Male,dkopisch6d@delicious.com,361 617 6414
Carole,Murch,Female,cmurch6e@ibm.com,210 217 9227
Eldredge,Newe,Male,enewe6f@webmd.com,853 366 9921
Sandye,Dicks,Female,sdicks6g@blogger.com,288 817 9758
Chad,Bendtsen,Male,cbendtsen6h@fda.gov,317 684 1224
Marga,Dubarry,Female,mdubarry6i@opera.com,238 607 7903
Karina,Eastop,Female,keastop6j@redcross.org,797 347 0914
Killy,Luparti,Male,kluparti6k@noaa.gov,589 948 2377
Maris,Tocknell,Female,mtocknell6l@arstechnica.com,445 135 2077
Alvy,Kryzhov,Male,akryzhov6m@independent.co.uk,135 143 8829
Kermie,Izkovitz,Male,kizkovitz6n@hao123.com,626 125 1202
Joachim,Holdforth,Male,jholdforth6o@myspace.com,400 283 2707
Sheff,Pentelo,Male,spentelo6p@live.com,572 333 9213
Conrade,Sex,Male,csex6q@reuters.com,650 760 1384
Adaline,Fransewich,Female,afransewich6r@statcounter.com,181 985 3342
Eleonore,Hamner,Non-binary,ehamner6s@cnet.com,253 358 7887
Creigh,Lackinton,Male,clackinton6t@liveinternet.ru,349 770 7033
Kile,Hatherley,Male,khatherley6u@constantcontact.com,377 911 5799
Sophi,Valois,Female,svalois6v@java.com,985 682 7229
Carissa,Leggatt,Female,cleggatt6w@cbsnews.com,688 529 1505
Zechariah,Filippi,Male,zfilippi6x@t.co,753 356 7021
Tedda,McVee,Female,tmcvee6y@ameblo.jp,458 775 8558
Kyrstin,Hammor,Female,khammor6z@berkeley.edu,756 998 4026
Sigismondo,Welband,Male,swelband70@nps.gov,285 187 3158
Neille,Jose,Female,njose71@businessweek.com,267 967 6452
Elset,Simson,Female,esimson72@goo.gl,251 566 0577
Shell,Pawle,Female,spawle73@nba.com,506 121 4120
Obadiah,Clace,Male,oclace74@go.com,270 286 0542
Conchita,Dring,Female,cdring75@addtoany.com,988 618 1530
Morganica,Shepherdson,Female,mshepherdson76@rambler.ru,967 978 7502
Benoite,Spaxman,Female,bspaxman77@soup.io,985 747 8554
Rowney,Benton,Male,rbenton78@etsy.com,172 762 6250
Lonni,Devons,Female,ldevons79@ucoz.ru,474 481 5663
Maggi,Hatfield,Female,mhatfield7a@amazonaws.com,390 864 8103
Laure,Hudghton,Female,lhudghton7b@fotki.com,523 597 8419
Lewiss,Kowalik,Male,lkowalik7c@over-blog.com,837 460 4671
Jeniffer,Skurray,Female,jskurray7d@si.edu,350 511 8871
Ambros,Eastmond,Agender,aeastmond7e@illinois.edu,868 910 3864
Duncan,Fry,Male,dfry7f@barnesandnoble.com,863 114 4492
Charline,Ronca,Non-binary,cronca7g@dedecms.com,205 120 4692
Maxy,Phateplace,Non-binary,mphateplace7h@shop-pro.jp,170 479 9751
Nickolaus,Frensch,Male,nfrensch7i@jimdo.com,836 107 0938
Brandy,Leatherborrow,Female,bleatherborrow7j@last.fm,683 992 2474
Reine,McKinna,Female,rmckinna7k@cafepress.com,259 708 0866
Phoebe,Lesly,Bigender,plesly7l@cnbc.com,455 410 9976
Jacky,Winchester,Male,jwinchester7m@msu.edu,799 372 6438
Jack,O'Scully,Male,joscully7n@uiuc.edu,235 646 1632
Linzy,McKechnie,Female,lmckechnie7o@google.ca,513 211 7927
Lisbeth,Trazzi,Female,ltrazzi7p@tripod.com,633 766 5278
Nanine,Silverthorne,Female,nsilverthorne7q@usnews.com,718 466 6998
Ellswerth,Brisseau,Male,ebrisseau7r@vimeo.com,206 591 6267
Mickey,MacDaid,Male,mmacdaid7s@goo.ne.jp,507 495 8579
Maren,Emm,Female,memm7t@skyrock.com,342 610 2947
Lazare,Dunderdale,Male,ldunderdale7u@wunderground.com,805 134 4936
Laurianne,Mollindinia,Female,lmollindinia7v@spiegel.de,446 526 3726
Angelina,Denis,Female,adenis7w@china.com.cn,150 608 4567
Gwynne,Galbreth,Female,ggalbreth7x@webmd.com,558 469 9712
Morty,Cottell,Male,mcottell7y@blogtalkradio.com,292 920 2047
Noam,Kett,Male,nkett7z@google.pl,397 441 0544
Dori,Cosser,Female,dcosser80@vimeo.com,700 546 0052
Reider,Crannis,Genderqueer,rcrannis81@cloudflare.com,190 210 4466
Barri,Berk,Male,bberk82@mediafire.com,116 453 6934
Joseph,Kimber,Male,jkimber83@chicagotribune.com,578 691 8750
Abraham,Pickhaver,Non-binary,apickhaver84@ucoz.com,182 725 1139
Lucius,Ridout,Male,lridout85@yellowbook.com,756 849 1319
Livia,McAndie,Female,lmcandie86@cyberchimps.com,970 465 6499
Carolyne,Seebert,Female,cseebert87@pbs.org,699 563 7350
Cordi,Mullenger,Female,cmullenger88@japanpost.jp,148 748 1366
Cecilia,Orgen,Female,corgen89@w3.org,105 660 5758
Shirlene,Bassingham,Female,sbassingham8a@flavors.me,544 798 2293
Hyacinthia,Lermouth,Female,hlermouth8b@shop-pro.jp,791 695 8799
Reyna,Dabbes,Female,rdabbes8c@cafepress.com,512 675 8344
Laughton,Witcher,Male,lwitcher8d@arizona.edu,224 229 5500
Micah,Boyle,Male,mboyle8e@mail.ru,238 806 0474
Alexine,Eppson,Female,aeppson8f@statcounter.com,407 618 2287
Courtney,Jobbing,Male,cjobbing8g@nytimes.com,508 885 3211
Roddy,Cavie,Male,rcavie8h@freewebs.com,376 807 1356
Gretna,Thoumasson,Genderqueer,gthoumasson8i@wp.com,305 424 9044
Ron,Wilshin,Male,rwilshin8j@unicef.org,762 732 3067
Rubina,Rawcliffe,Genderqueer,rrawcliffe8k@cmu.edu,370 639 3189
Erwin,Madgwich,Male,emadgwich8l@themeforest.net,615 724 4102
Phillipp,Kearford,Male,pkearford8m@live.com,215 469 0085
Dom,Barthel,Male,dbarthel8n@desdev.cn,547 945 6254
Celia,Savell,Female,csavell8o@techcrunch.com,335 128 4484
Gaven,Ruffle,Male,gruffle8p@discovery.com,403 220 0820
Marylou,Norris,Female,mnorris8q@behance.net,632 783 4727
Lina,Gallihaulk,Female,lgallihaulk8r@sciencedirect.com,466 806 9078
Lita,Heliot,Female,lheliot8s@mail.ru,493 602 0797
Morrie,Enriques,Non-binary,menriques8t@comcast.net,695 327 2136
Cymbre,Glavis,Female,cglavis8u@time.com,449 737 7949
Field,Swanger,Male,fswanger8v@spiegel.de,333 625 8959
Phip,Zmitrovich,Male,pzmitrovich8w@digg.com,486 505 4262
Ardra,Chipchase,Female,achipchase8x@comsenz.com,205 104 3247
Phedra,Filasov,Agender,pfilasov8y@1688.com,944 674 1851
Inesita,Filkin,Female,ifilkin8z@so-net.ne.jp,970 906 8220
Elwyn,Pawden,Male,epawden90@virginia.edu,650 146 7115
Hal,Curzon,Male,hcurzon91@bluehost.com,862 572 5821
Gardener,Frankowski,Polygender,gfrankowski92@google.ru,254 487 3115
Brenn,Proughten,Agender,bproughten93@ucoz.com,430 146 4905
Vinnie,Pullinger,Female,vpullinger94@alexa.com,778 981 9697
Krystalle,De Marchi,Bigender,kdemarchi95@umn.edu,668 653 3728
Anallise,Tiffin,Female,atiffin96@ow.ly,413 543 2104
Enrico,Rackstraw,Male,erackstraw97@dropbox.com,975 874 0545
Brandice,Kalb,Female,bkalb98@vk.com,321 125 6246
Conney,Reichartz,Male,creichartz99@whitehouse.gov,540 818 5092
Gherardo,Sexton,Male,gsexton9a@dropbox.com,712 255 3783
Madalena,Treleaven,Female,mtreleaven9b@auda.org.au,994 758 0035
Devon,Casewell,Female,dcasewell9c@dagondesign.com,929 640 9277
Lianna,Eles,Female,leles9d@tinypic.com,202 975 4739
Ortensia,Leeder,Female,oleeder9e@marriott.com,743 337 1043
Amabel,Truggian,Female,atruggian9f@nature.com,854 972 6827
Malva,Sloegrave,Female,msloegrave9g@dedecms.com,737 965 0976
Gawen,Rigts,Male,grigts9h@constantcontact.com,379 940 2854
Sam,Albrighton,Polygender,salbrighton9i@princeton.edu,919 255 3151
Ewell,Bricknall,Male,ebricknall9j@google.cn,527 374 8947
Dorry,Hothersall,Female,dhothersall9k@geocities.com,706 113 5696
Renaldo,Micka,Male,rmicka9l@fastcompany.com,120 582 4010
Lezley,Affron,Male,laffron9m@archive.org,218 983 0996
Shaylyn,Slides,Female,sslides9n@elpais.com,206 169 5029
Desmund,Dilrew,Male,ddilrew9o@forbes.com,560 321 4590
Octavia,Jeanesson,Non-binary,ojeanesson9p@army.mil,780 461 1124
Sonja,McAleese,Female,smcaleese9q@miibeian.gov.cn,174 621 5015
Orlando,Astles,Male,oastles9r@nationalgeographic.com,607 378 7884
Pavel,Quest,Male,pquest9s@uol.com.br,264 448 6110
Ursula,Robb,Polygender,urobb9t@netscape.com,619 663 0332
Eward,Erb,Male,eerb9u@jimdo.com,296 498 4143
Colver,De Simone,Male,cdesimone9v@sciencedirect.com,713 356 3554
Dan,Bickardike,Male,dbickardike9w@ed.gov,430 552 9710
Ossie,Annott,Male,oannott9x@usgs.gov,188 833 7684
Velma,Livingston,Female,vlivingston9y@nba.com,323 480 1597
Shane,Mair,Female,smair9z@yellowpages.com,607 825 7318
Arabela,Ninotti,Female,aninottia0@furl.net,896 132 5352
Fremont,Skirving,Male,fskirvinga1@myspace.com,809 252 0009
Rene,Peegrem,Male,rpeegrema2@tripadvisor.com,323 663 9715
Stevie,Storry,Male,sstorrya3@facebook.com,910 582 6637
Kathye,Brookes,Female,kbrookesa4@mozilla.com,146 439 7693
Joaquin,Aherne,Agender,jahernea5@china.com.cn,463 247 9639
Chrysa,Letessier,Female,cletessiera6@miitbeian.gov.cn,492 597 4769
Eve,Adamski,Female,eadamskia7@mail.ru,578 557 8444
Trevar,Blackeby,Genderqueer,tblackebya8@illinois.edu,233 852 7408
Gasparo,Bus,Male,gbusa9@dagondesign.com,626 498 2889
Fabiano,Leppo,Male,fleppoaa@ted.com,503 772 1742
Myrwyn,Corsor,Male,mcorsorab@github.io,840 697 9722
Adham,Blincko,Male,ablinckoac@merriam-webster.com,341 369 0276
Gayleen,Symms,Female,gsymmsad@cbsnews.com,971 982 9470
Sibyl,Annable,Male,sannableae@indiatimes.com,731 531 1492
Clea,Chaytor,Female,cchaytoraf@washingtonpost.com,253 687 5332
Crin,Libreros,Female,clibrerosag@flavors.me,856 666 0136
Ethelda,Jenkyn,Female,ejenkynah@pen.io,410 861 6254
Errick,Ecob,Male,eecobai@tiny.cc,875 357 3447
Michael,Landon,Male,mlandonaj@networkadvertising.org,350 810 7038
Flinn,Surguine,Male,fsurguineak@reddit.com,368 846 2635
Robers,Touzey,Male,rtouzeyal@google.ca,316 470 4114
Junette,Creeboe,Non-binary,jcreeboeam@bbb.org,258 385 4299
Kalina,Bangley,Female,kbangleyan@blogspot.com,348 415 2099
Dav,Prazor,Male,dprazorao@fema.gov,207 725 1814
Mack,Canavan,Male,mcanavanap@odnoklassniki.ru,585 952 9950
Abbye,Northey,Female,anortheyaq@newsvine.com,387 732 0319
Lee,McAughtrie,Male,lmcaughtriear@nsw.gov.au,612 931 5446
Leonora,Fautley,Female,lfautleyas@chronoengine.com,209 397 2790
Vachel,Streeton,Male,vstreetonat@google.it,980 762 0664
Lorrin,Oneile,Female,loneileau@edublogs.org,157 337 8297
Fayina,Angelo,Female,fangeloav@cloudflare.com,602 315 3358
Clay,Lamplough,Male,clamploughaw@wix.com,303 175 5548
Barny,Howton,Bigender,bhowtonax@elpais.com,524 705 7569
Theresina,Crumpton,Female,tcrumptonay@instagram.com,397 931 1575
Ronnie,Minchella,Male,rminchellaaz@berkeley.edu,490 502 7935
Goldie,Henriquet,Female,ghenriquetb0@accuweather.com,537 384 4525
Delano,Riggs,Male,driggsb1@tiny.cc,836 155 8355
Morgen,Leyton,Male,mleytonb2@nhs.uk,351 531 5275
Emlyn,Batrip,Male,ebatripb3@weibo.com,412 194 7639
Vanny,Giacobbo,Female,vgiacobbob4@npr.org,338 665 5310
Laurie,Brinklow,Female,lbrinklowb5@mediafire.com,562 701 8823
Wallas,Cowx,Bigender,wcowxb6@si.edu,844 659 7972
Christy,McGivena,Agender,cmcgivenab7@jalbum.net,725 360 8823
Vevay,Tune,Female,vtuneb8@google.de,940 819 5278
Timothy,McDarmid,Genderqueer,tmcdarmidb9@nba.com,443 651 1578
Cornelia,Goodbody,Female,cgoodbodyba@cyberchimps.com,890 544 9737
Olive,Bazoge,Female,obazogebb@yahoo.co.jp,492 528 4286
Kelcie,Meadway,Female,kmeadwaybc@google.com.br,681 733 1296
Imelda,Stredwick,Agender,istredwickbd@wordpress.com,629 326 3006
Quincy,Gethen,Male,qgethenbe@pbs.org,503 618 7695
Chandler,Pinchbeck,Male,cpinchbeckbf@blogs.com,579 396 0396
Allistir,Chown,Male,achownbg@smugmug.com,325 248 9978
Curcio,Limrick,Male,climrickbh@rakuten.co.jp,862 400 1012
Sofie,Load,Female,sloadbi@scribd.com,534 901 6534
Agace,Sisson,Female,asissonbj@hhs.gov,537 828 6945
Rita,Prosek,Female,rprosekbk@webmd.com,440 556 3630
Poul,Jankin,Non-binary,pjankinbl@nytimes.com,248 841 4802
Normand,Gannicleff,Male,ngannicleffbm@bloglines.com,888 565 5238
Philippe,O'Rodane,Female,porodanebn@chron.com,990 396 0412
Devina,Hayes,Female,dhayesbo@ftc.gov,290 970 9133
Maxie,Van Castele,Female,mvancastelebp@soundcloud.com,424 979 0041
Max,Fitzsimmons,Female,mfitzsimmonsbq@purevolume.com,933 212 0457
Diandra,Stancer,Female,dstancerbr@google.com.hk,772 811 0007
Thaxter,Hain,Male,thainbs@over-blog.com,274 718 9186
Abbie,Wixey,Male,awixeybt@elpais.com,489 206 9058
Gradey,O'Scanlan,Male,goscanlanbu@dedecms.com,203 488 5744
Madison,Alwell,Male,malwellbv@indiatimes.com,210 873 6295
Ardelle,Pepin,Female,apepinbw@liveinternet.ru,610 267 0965
Gaylor,Riddel,Male,griddelbx@arizona.edu,294 876 2275
Elyn,Pregal,Genderqueer,epregalby@ucoz.ru,307 923 8436
Hamilton,Martello,Male,hmartellobz@loc.gov,493 482 1646
Gabbie,Duckwith,Male,gduckwithc0@businessinsider.com,655 569 4372
Kym,Simoneton,Female,ksimonetonc1@booking.com,261 826 3469
Tam,Hewins,Male,thewinsc2@eventbrite.com,722 738 3506
Toby,Coomer,Male,tcoomerc3@tiny.cc,161 566 9889
Vick,Challicum,Non-binary,vchallicumc4@telegraph.co.uk,101 275 4829
Quintus,Andreasson,Male,qandreassonc5@shinystat.com,311 611 9452
Odetta,Caddies,Female,ocaddiesc6@pinterest.com,353 646 7663
Cleve,Geering,Polygender,cgeeringc7@hexun.com,438 540 7221
Benson,Polden,Male,bpoldenc8@hugedomains.com,719 403 4690
Andrej,Stienton,Male,astientonc9@buzzfeed.com,648 470 2640
Darsey,Hugk,Female,dhugkca@miitbeian.gov.cn,752 616 2943
Augie,Haime,Male,ahaimecb@amazonaws.com,856 368 5580
Kyle,Holdey,Male,kholdeycc@google.com.au,497 239 0351
Cathie,Corzor,Female,ccorzorcd@reverbnation.com,887 600 9021
Renaud,Woodyear,Male,rwoodyearce@wired.com,789 509 1584
Erhard,Guillem,Male,eguillemcf@fda.gov,754 622 2020
Philipa,Alloisi,Female,palloisicg@sourceforge.net,308 159 3205
Tracy,Conboy,Non-binary,tconboych@simplemachines.org,460 157 4000
Raviv,Pashler,Male,rpashlerci@loc.gov,934 983 4228
Harmon,Aldwich,Male,haldwichcj@tripod.com,616 503 4907
Zelda,Hazell,Female,zhazellck@barnesandnoble.com,406 433 5899
Nathanial,Preece,Male,npreececl@cam.ac.uk,974 855 1120
Denver,Ewing,Male,dewingcm@liveinternet.ru,183 683 7800
Audy,Anney,Female,aanneycn@prlog.org,537 812 5945
Patsy,McKeggie,Female,pmckeggieco@indiegogo.com,757 764 7122
Bobbye,Dowzell,Female,bdowzellcp@bravesites.com,314 474 2536
Cal,Forgan,Female,cforgancq@51.la,565 790 2428
Leela,Lusher,Female,llushercr@goo.gl,830 619 9451
Veronika,Pursey,Female,vpurseycs@hud.gov,601 623 9287
Rosana,Frossell,Female,rfrossellct@kickstarter.com,247 607 0105
Oneida,Nelm,Female,onelmcu@icq.com,857 300 6919
Bronny,Blakey,Male,bblakeycv@harvard.edu,562 344 1501
Edgar,Kob,Genderfluid,ekobcw@csmonitor.com,355 333 5262
Shepherd,Crosbie,Male,scrosbiecx@comcast.net,593 100 1994
Latashia,Buxam,Female,lbuxamcy@utexas.edu,660 641 1550
Dewie,Leacy,Male,dleacycz@kickstarter.com,384 520 4528
Marcel,Hayland,Male,mhaylandd0@who.int,234 167 8692
Cymbre,Jeenes,Female,cjeenesd1@patch.com,475 190 7849
Martin,Montel,Male,mmonteld2@youtube.com,216 715 4195
Phillis,Findlay,Female,pfindlayd3@ezinearticles.com,670 780 4932
Lancelot,Bartholat,Male,lbartholatd4@surveymonkey.com,431 408 9810
Gualterio,Doward,Male,gdowardd5@cnn.com,903 725 3730
Klara,Caughtry,Female,kcaughtryd6@behance.net,102 454 1565
Addia,Maffioletti,Female,amaffiolettid7@psu.edu,901 493 7464
Delmer,Jutson,Male,djutsond8@t.co,987 577 2416
Gordy,Summerlie,Male,gsummerlied9@vk.com,639 871 3478
Petr,Haeslier,Male,phaeslierda@ca.gov,665 254 9256
Kassandra,Larmor,Female,klarmordb@topsy.com,537 258 9490
Mia,Mitten,Female,mmittendc@icq.com,525 924 3048
Veda,Wilkowski,Female,vwilkowskidd@woothemes.com,988 104 0335
Sherie,Romagosa,Female,sromagosade@google.ca,414 421 7696
Corbett,Coppens,Male,ccoppensdf@canalblog.com,732 341 8230
Tymon,Birtwistle,Male,tbirtwistledg@weebly.com,680 932 3034
Missie,Sprague,Female,mspraguedh@ask.com,699 772 2067
Gladi,Rapson,Female,grapsondi@scientificamerican.com,821 945 3089
Chickie,Barenski,Female,cbarenskidj@goodreads.com,502 921 6536
Hailey,Madden,Male,hmaddendk@ibm.com,711 945 9312
Ellyn,Meynell,Female,emeynelldl@seattletimes.com,638 181 7925
Cheslie,Gland,Female,cglanddm@businessweek.com,848 381 9963
Gabbi,Maud,Female,gmauddn@marriott.com,697 564 1116
Padgett,Ambroix,Male,pambroixdo@tamu.edu,937 478 6773
Heinrick,Harvatt,Male,hharvattdp@java.com,749 540 9748
Andros,Bergen,Male,abergendq@sphinn.com,382 309 5702
Renaldo,Bonnell,Genderfluid,rbonnelldr@icio.us,800 423 2571
Talbert,Kauble,Male,tkaubleds@unblog.fr,977 288 4514
Lizbeth,Theuss,Female,ltheussdt@quantcast.com,230 547 5573
Morgan,Standon,Male,mstandondu@sphinn.com,504 104 0449
Bert,Maciejak,Female,bmaciejakdv@pcworld.com,270 484 3686
Mamie,Moral,Female,mmoraldw@bizjournals.com,186 185 3675
Koenraad,Olivia,Male,koliviadx@mtv.com,861 416 8964
Bernhard,Jagoe,Male,bjagoedy@cocolog-nifty.com,752 952 4164
Sigismundo,Wawer,Male,swawerdz@google.co.jp,309 846 4978
Torrie,Markwick,Female,tmarkwicke0@scribd.com,574 267 4868
Patricio,Kirvell,Genderqueer,pkirvelle1@lulu.com,546 764 0441
Shepperd,Follin,Male,sfolline2@vk.com,473 408 2325
Rickie,Fergie,Male,rfergiee3@stanford.edu,615 947 6712
Giles,Dingley,Male,gdingleye4@arizona.edu,136 573 3415
Vincenz,Bedow,Male,vbedowe5@domainmarket.com,580 493 3052
Eran,Kinmond,Agender,ekinmonde6@cnbc.com,756 866 1247
Jessamine,Carnaman,Female,jcarnamane7@pbs.org,959 614 4855
Birgit,Rotte,Female,brottee8@irs.gov,567 697 4000
Missie,Pidon,Polygender,mpidone9@marketwatch.com,646 754 4828
Ogden,Lashford,Male,olashfordea@wufoo.com,417 760 1941
Ravi,Greenough,Male,rgreenougheb@npr.org,526 495 7613
Shayla,De Coursey,Genderqueer,sdecourseyec@smugmug.com,663 673 4906
Lance,Slemming,Genderfluid,lslemminged@time.com,255 895 1851
Sol,Purselowe,Male,spurseloweee@tuttocitta.it,346 568 8194
Phineas,Strewthers,Male,pstrewthersef@kickstarter.com,143 176 5623
Gusta,Prendergrass,Female,gprendergrasseg@unc.edu,786 309 3371
Crosby,Marjoram,Male,cmarjorameh@harvard.edu,796 126 3312
Birk,Dumbarton,Male,bdumbartonei@vkontakte.ru,187 382 0472
Rollin,Angrave,Male,rangraveej@bbc.co.uk,914 556 8588
Laurence,Normanvill,Male,lnormanvillek@phpbb.com,988 974 2550
Ezri,Smalles,Male,esmallesel@oakley.com,961 466 0641
Torre,Casterot,Male,tcasterotem@wufoo.com,732 754 5784
Lutero,Bariball,Bigender,lbariballen@nsw.gov.au,960 432 8409
Tera,Penna,Female,tpennaeo@cnn.com,110 735 3432
Paddie,Chadwin,Genderfluid,pchadwinep@fc2.com,745 417 3444
Darsie,Quesne,Female,dquesneeq@abc.net.au,699 448 3690
Dasha,Hutable,Female,dhutableer@bluehost.com,616 253 3078
Mervin,Vears,Male,mvearses@bandcamp.com,919 874 0266
Valentine,Roberti,Female,vrobertiet@sakura.ne.jp,670 490 0140
Erminie,Redfield,Female,eredfieldeu@wikipedia.org,516 546 5524
Reggie,Stanex,Male,rstanexev@howstuffworks.com,366 288 3771
Stacee,Latour,Female,slatourew@techcrunch.com,502 473 4829
Shurlocke,MacIlriach,Male,smacilriachex@angelfire.com,185 311 5389
Nathan,Tyght,Male,ntyghtey@china.com.cn,506 491 2103
Alena,Commucci,Female,acommucciez@bloglines.com,611 731 8474
Trula,Eldredge,Female,teldredgef0@theglobeandmail.com,442 699 9072
Parry,Sloper,Male,psloperf1@senate.gov,756 824 2411
Auberon,Mitcham,Male,amitchamf2@myspace.com,340 710 8381
Sheena,Slogrove,Female,sslogrovef3@macromedia.com,338 944 2196
Bax,Yeats,Male,byeatsf4@flickr.com,555 668 6723
Simmonds,Yeatman,Bigender,syeatmanf5@youtube.com,839 126 1578
Ewell,Kleinert,Male,ekleinertf6@gravatar.com,307 429 8922
Clarabelle,Farden,Female,cfardenf7@wordpress.org,476 259 8350
Charlot,Mazzei,Female,cmazzeif8@disqus.com,821 802 9355
Clyve,Clemencon,Male,cclemenconf9@boston.com,505 154 9452
Gabriele,Moulding,Male,gmouldingfa@myspace.com,722 771 8498
Sigfrid,Cousins,Male,scousinsfb@mayoclinic.com,152 601 2427
Major,Sagg,Male,msaggfc@gizmodo.com,564 127 8139
Sharleen,Tabbernor,Female,stabbernorfd@illinois.edu,597 905 0113
Farlee,Sturror,Male,fsturrorfe@un.org,249 932 9143
Margie,Bank,Female,mbankff@etsy.com,746 166 6318
Anatollo,Ochiltree,Male,aochiltreefg@digg.com,991 893 9011
Filbert,Seid,Male,fseidfh@ocn.ne.jp,664 520 4913
Rozamond,Durtnal,Female,rdurtnalfi@issuu.com,473 292 6489
Dion,Chalice,Male,dchalicefj@usda.gov,516 308 2336
Mady,Quainton,Female,mquaintonfk@sakura.ne.jp,921 524 9396
Charil,Godbert,Genderfluid,cgodbertfl@answers.com,608 747 9098
Anissa,Selwyn,Female,aselwynfm@whitehouse.gov,340 844 9002
Annmaria,Master,Female,amasterfn@earthlink.net,224 929 9395
Anatole,Nazaret,Male,anazaretfo@foxnews.com,558 449 6728
Jedidiah,Hounihan,Male,jhounihanfp@yahoo.com,139 652 1825
Laraine,Arnauduc,Female,larnauducfq@storify.com,484 426 8179
Lutero,Rassell,Male,lrassellfr@accuweather.com,828 367 9570
Alika,Mc Kellen,Agender,amckellenfs@de.vu,140 481 1517
Colby,Drust,Male,cdrustft@hibu.com,982 762 6923
Valentia,Reside,Female,vresidefu@springer.com,642 990 6108
Cammy,Juris,Polygender,cjurisfv@statcounter.com,978 843 3557
Angelika,Wadly,Female,awadlyfw@paginegialle.it,672 828 4022
Ilsa,Pitrasso,Female,ipitrassofx@moonfruit.com,964 396 3504
Dev,Saveall,Male,dsaveallfy@google.com.au,457 431 2150
Joe,Wartonby,Male,jwartonbyfz@nih.gov,400 152 0372
Daryle,Tonbridge,Male,dtonbridgeg0@dailymotion.com,796 248 0030
Grenville,Dukes,Genderfluid,gdukesg1@goodreads.com,482 251 3026
Vonni,Garford,Female,vgarfordg2@ed.gov,445 309 9622
Dorena,Yemm,Female,dyemmg3@uiuc.edu,179 415 5681
Randie,Kubes,Male,rkubesg4@naver.com,761 538 3150
Christen,Royston,Polygender,croystong5@cornell.edu,984 225 7745
Fowler,Pimblott,Male,fpimblottg6@jimdo.com,275 305 7052
Cheslie,Rusk,Female,cruskg7@apache.org,616 321 3686
Ethelbert,Thicking,Male,ethickingg8@kickstarter.com,795 929 5557
Giulietta,Crosscombe,Female,gcrosscombeg9@i2i.jp,278 212 3402
Barr,Geekin,Male,bgeekinga@wp.com,751 636 6972
Josiah,Stokes,Male,jstokesgb@canalblog.com,718 820 8929
Andriette,Darrigone,Female,adarrigonegc@scientificamerican.com,137 239 8143
Thorn,Dibdall,Male,tdibdallgd@deviantart.com,545 409 3302
Hettie,Wilfling,Female,hwilflingge@npr.org,933 583 3304
Peadar,Wardlow,Male,pwardlowgf@skype.com,843 219 9282
Gabriel,Jesteco,Male,gjestecogg@tripadvisor.com,910 368 8547
Edmund,Bowry,Male,ebowrygh@tuttocitta.it,293 777 7310
Dynah,Burleton,Female,dburletongi@theglobeandmail.com,660 931 1012
Ulla,Ricket,Female,uricketgj@gravatar.com,545 178 0115
Babbie,Weatherup,Female,bweatherupgk@ezinearticles.com,328 132 4928
Whitman,Conrart,Male,wconrartgl@arizona.edu,209 601 6548
Carey,Maroney,Female,cmaroneygm@aol.com,415 922 5195
Frieda,Spurdle,Female,fspurdlegn@hostgator.com,412 818 4058
Barris,Blunsden,Genderqueer,bblunsdengo@microsoft.com,823 669 6045
Bev,Bohlmann,Bigender,bbohlmanngp@zdnet.com,353 326 9856
Meredithe,Hamp,Female,mhampgq@skype.com,413 951 0252
Mead,Wain,Non-binary,mwaingr@house.gov,191 279 9790
Audrie,MacMillan,Female,amacmillangs@barnesandnoble.com,354 363 3896
Guss,Castanone,Male,gcastanonegt@tmall.com,105 134 6979
Borden,Meineken,Male,bmeinekengu@ning.com,939 475 3642
Jess,Cissen,Female,jcissengv@marriott.com,611 893 0883
Ambur,Petegre,Polygender,apetegregw@com.com,831 768 6851
Abbie,Gilleon,Polygender,agilleongx@opensource.org,806 303 6464
Harmony,Pharaoh,Female,hpharaohgy@answers.com,176 763 3214
Mariam,Rolfe,Female,mrolfegz@goodreads.com,287 311 2605
Kevon,Lansdale,Male,klansdaleh0@bloglovin.com,503 826 7209
Edin,Laurisch,Female,elaurischh1@mapy.cz,516 134 7099
Greg,Karsh,Male,gkarshh2@amazon.co.uk,902 959 5589
Ansell,Scritch,Male,ascritchh3@globo.com,768 169 2012
Hamnet,Black,Male,hblackh4@imageshack.us,342 904 3056
Marguerite,Ellaman,Female,mellamanh5@mit.edu,951 752 2026
Haydon,Spores,Male,hsporesh6@plala.or.jp,854 262 3342
Annamarie,Dumphreys,Female,adumphreysh7@bravesites.com,992 826 4059
Elly,Caldera,Female,ecalderah8@ftc.gov,679 598 1125
Ramon,Dandison,Male,rdandisonh9@sciencedaily.com,676 816 5817
Vasily,Bruckenthal,Male,vbruckenthalha@wunderground.com,798 619 9701
Fernande,Sings,Agender,fsingshb@spiegel.de,412 284 6295
Glendon,Dive,Male,gdivehc@uol.com.br,756 419 8164
Zaneta,Dilger,Female,zdilgerhd@goodreads.com,287 177 4842
Zackariah,Veltmann,Male,zveltmannhe@sun.com,318 731 7775
Daryl,Jefferys,Male,djefferyshf@pbs.org,941 619 9110
Gabriello,Sivess,Male,gsivesshg@cdc.gov,457 300 8884
Casie,Wardingly,Female,cwardinglyhh@nasa.gov,710 304 7037
Lorilee,Molson,Female,lmolsonhi@hatena.ne.jp,368 606 9936
Netta,Gaffon,Agender,ngaffonhj@miibeian.gov.cn,740 352 3940
Jarrid,Safhill,Male,jsafhillhk@loc.gov,640 362 4137
Andrei,Martusov,Female,amartusovhl@pen.io,665 262 6686
Dagny,Buggs,Male,dbuggshm@ow.ly,623 661 9382
Ailey,Sandever,Female,asandeverhn@webmd.com,882 792 4176
Janene,Elen,Female,jelenho@mapquest.com,570 345 8294
Carolan,Heaney`,Female,cheaneyhp@rambler.ru,461 107 1103
Missie,Roddie,Female,mroddiehq@wordpress.com,616 738 5247
Steward,Coleyshaw,Male,scoleyshawhr@behance.net,736 682 7171
Cesare,Marron,Male,cmarronhs@dell.com,634 886 3861
Fara,MacEntee,Female,fmacenteeht@booking.com,586 848 0692
Ally,Tytcomb,Female,atytcombhu@hubpages.com,322 748 0470
Ashby,Harrison,Male,aharrisonhv@nifty.com,366 894 8153
Sophi,Hobden,Female,shobdenhw@linkedin.com,929 533 3459
Marcelle,Cupitt,Genderqueer,mcupitthx@earthlink.net,401 494 7577
Dasi,Leppingwell,Female,dleppingwellhy@who.int,177 127 6489
Ario,Standen,Male,astandenhz@w3.org,542 345 1980
Rik,Keyho,Male,rkeyhoi0@harvard.edu,873 607 3018
Darby,Bernhardt,Male,dbernhardti1@google.cn,999 397 6398
Arden,Greasley,Female,agreasleyi2@merriam-webster.com,483 643 5240
Alene,Lindgren,Female,alindgreni3@alexa.com,399 666 2769
Latia,De Andisie,Female,ldeandisiei4@artisteer.com,553 654 6924
Sanders,Rosedale,Male,srosedalei5@businessweek.com,501 792 4271
Eachelle,Remer,Female,eremeri6@oakley.com,957 121 1498
Denny,Vuittet,Male,dvuitteti7@so-net.ne.jp,170 405 5372
Terrie,Lambirth,Female,tlambirthi8@mac.com,494 723 6465
Dene,Gimert,Male,dgimerti9@bing.com,938 792 5292
Faye,Najera,Non-binary,fnajeraia@is.gd,465 692 5732
Sylas,McCallister,Male,smccallisterib@tmall.com,973 720 5842
Taber,Karpmann,Male,tkarpmannic@technorati.com,748 657 5370
Vanny,Choppin,Female,vchoppinid@archive.org,165 245 9279
Wileen,Assender,Female,wassenderie@theguardian.com,473 820 7111
Denise,Fibben,Female,dfibbenif@pinterest.com,257 346 0342
Hetti,Klee,Female,hkleeig@rediff.com,202 789 2782
Rodolfo,Tenbrug,Male,rtenbrugih@cyberchimps.com,772 183 1423
Nikki,Gres,Male,ngresii@hp.com,124 742 1036
Monte,Bauckham,Male,mbauckhamij@narod.ru,310 576 8113
Danyette,Mease,Non-binary,dmeaseik@businesswire.com,957 509 5752
Lura,Prandin,Female,lprandinil@nytimes.com,601 310 5379
Donnie,Gook,Male,dgookim@wix.com,402 272 1127
Conroy,Bootton,Male,cboottonin@homestead.com,269 780 4648
Andrej,Skaife,Male,askaifeio@bing.com,711 104 6891
Belvia,Sprakes,Female,bsprakesip@desdev.cn,169 970 0277
Parnell,Palmby,Male,ppalmbyiq@networksolutions.com,583 623 8890
Mario,Sings,Male,msingsir@nydailynews.com,115 316 1392
Daria,Domaschke,Female,ddomaschkeis@networksolutions.com,779 117 4173
Lavena,Caisley,Female,lcaisleyit@un.org,413 155 2734
Avery,Liddiard,Male,aliddiardiu@blinklist.com,911 166 2105
Zenia,Foyster,Female,zfoysteriv@newyorker.com,977 504 5131
Simonne,Menichillo,Female,smenichilloiw@utexas.edu,743 443 6446
Pascal,Gayter,Male,pgayterix@amazon.co.uk,171 336 0741
Ashien,Luesley,Female,aluesleyiy@whitehouse.gov,860 137 1083
Brennen,Lidgertwood,Male,blidgertwoodiz@tmall.com,805 520 3546
Erik,Smidmore,Male,esmidmorej0@hibu.com,722 462 3258
Todd,Sturridge,Male,tsturridgej1@about.com,630 887 4209
Law,Lorentz,Male,llorentzj2@printfriendly.com,114 618 7133
Noellyn,Ubanks,Female,nubanksj3@xing.com,818 990 6006
Madelle,Cummins,Female,mcumminsj4@mtv.com,165 561 8461
Harriett,Stranger,Female,hstrangerj5@issuu.com,482 381 9194
Meyer,Johananov,Male,mjohananovj6@arizona.edu,420 241 3564
Jeramie,Eteen,Male,jeteenj7@uol.com.br,834 513 6876
Renie,Perllman,Female,rperllmanj8@usda.gov,891 742 6187
Caritta,Caswell,Female,ccaswellj9@nifty.com,565 214 0556
Clement,Grivori,Male,cgrivorija@tuttocitta.it,816 734 6922
Melvin,Alderman,Male,maldermanjb@mlb.com,741 843 5090
Fionnula,Burgett,Bigender,fburgettjc@unblog.fr,829 365 3347
Zea,Fatscher,Female,zfatscherjd@globo.com,371 671 8276
Charisse,Battams,Female,cbattamsje@storify.com,337 413 9819
Cherye,Scully,Genderfluid,cscullyjf@fda.gov,927 452 1557
Carly,Leyson,Male,cleysonjg@i2i.jp,269 457 1852
Shirl,Kruger,Female,skrugerjh@myspace.com,408 704 5903
Karalynn,Daveley,Female,kdaveleyji@skype.com,190 294 0057
Lorette,Sherer,Female,lshererjj@fema.gov,454 824 0352
Hedwig,Spino,Female,hspinojk@jimdo.com,904 712 3479
Renaldo,Ortell,Male,rortelljl@booking.com,769 705 7729
Mord,Lorentz,Male,mlorentzjm@salon.com,403 123 2568
Pepillo,Yakuntsov,Male,pyakuntsovjn@eepurl.com,948 145 6123
Stephani,Georger,Female,sgeorgerjo@exblog.jp,844 517 9283
Meagan,Pfeffer,Female,mpfefferjp@histats.com,711 373 2901
Paulette,MacMeeking,Female,pmacmeekingjq@slashdot.org,207 868 5719
Dolf,Newark,Male,dnewarkjr@oakley.com,421 648 0545
Jackelyn,MacIllrick,Female,jmacillrickjs@people.com.cn,297 258 5447
Hattie,Harlick,Female,hharlickjt@dedecms.com,363 472 5044
Perceval,Meldon,Male,pmeldonju@usa.gov,206 927 4308
Goldi,Cheatle,Female,gcheatlejv@blog.com,175 547 3979
Karoly,Hullbrook,Female,khullbrookjw@yahoo.co.jp,105 540 5669
Elga,Dunridge,Female,edunridgejx@soup.io,422 995 5873
Gallagher,Hudspeth,Male,ghudspethjy@jugem.jp,796 133 0668
Ashlee,Shackleton,Female,ashackletonjz@cnn.com,324 412 0730
Shaun,Thwaite,Female,sthwaitek0@gizmodo.com,273 977 2165
Levon,Marciskewski,Polygender,lmarciskewskik1@tripadvisor.com,434 343 8414
Pail,Dinwoodie,Male,pdinwoodiek2@opera.com,550 652 2255
Griff,Timewell,Male,gtimewellk3@seesaa.net,439 810 2221
Carine,Mowling,Female,cmowlingk4@ucla.edu,294 402 9438
Kelly,Hancock,Female,khancockk5@xrea.com,283 346 3884
Evan,McKelvey,Male,emckelveyk6@linkedin.com,112 608 8573
Edie,Mulmuray,Female,emulmurayk7@skyrock.com,468 961 9315
Lydie,Bartholin,Female,lbartholink8@ftc.gov,988 679 0629
Milton,Iwanczyk,Male,miwanczykk9@economist.com,594 446 4656
Tova,Cardenas,Female,tcardenaska@tuttocitta.it,468 657 5905
Patten,Blakeston,Polygender,pblakestonkb@cdbaby.com,403 854 9972
Zebedee,Gaggen,Male,zgaggenkc@nyu.edu,205 792 7178
Amye,Tollit,Female,atollitkd@wix.com,894 211 8992
Mortimer,Overland,Male,moverlandke@nydailynews.com,336 818 9603
Kameko,Huey,Non-binary,khueykf@51.la,252 230 2870
Marcello,Flindall,Male,mflindallkg@yolasite.com,655 125 5251
Vikki,Stoile,Female,vstoilekh@seattletimes.com,437 243 9710
Terencio,Janicijevic,Male,tjanicijevicki@google.ru,264 971 3377
Jefferey,McRorie,Male,jmcroriekj@furl.net,273 674 3434
Minny,Alabastar,Female,malabastarkk@technorati.com,439 720 9830
Abra,Hearns,Female,ahearnskl@pinterest.com,129 632 7338
Cornell,Landman,Male,clandmankm@gnu.org,241 385 1765
Davita,Bennis,Genderqueer,dbenniskn@canalblog.com,258 806 6778
Kakalina,Marthen,Female,kmarthenko@illinois.edu,885 975 0949
Goober,Pears,Bigender,gpearskp@umich.edu,793 889 7354
Roseann,Tolliday,Female,rtollidaykq@nps.gov,171 509 0663
Haywood,Humpage,Male,hhumpagekr@desdev.cn,472 621 7373
Suzann,Alderson,Female,saldersonks@com.com,179 485 0033
Buck,Della,Male,bdellakt@redcross.org,604 553 9090
Elsbeth,Winchester,Female,ewinchesterku@economist.com,260 101 7336
Waite,Warters,Male,wwarterskv@unblog.fr,746 348 2446
Inge,Denys,Female,idenyskw@netscape.com,558 517 2755
Darryl,Turri,Male,dturrikx@sphinn.com,142 687 2339
Byrle,Farny,Male,bfarnyky@ted.com,248 604 7651
John,Kilshall,Male,jkilshallkz@europa.eu,263 158 0233
Kris,Tawse,Male,ktawsel0@gizmodo.com,280 720 5877
Janaye,Connor,Female,jconnorl1@xrea.com,760 774 7938
Mallory,Conibeer,Male,mconibeerl2@cbsnews.com,798 820 3350
Saxe,Wastie,Male,swastiel3@aboutads.info,411 425 4455
Arleyne,Iorizzo,Female,aiorizzol4@cnet.com,977 640 9502
Ethan,Celler,Male,ecellerl5@alexa.com,474 966 8573
Lon,Saipy,Male,lsaipyl6@virginia.edu,555 936 7191
Anna-diane,Solloway,Female,asollowayl7@dagondesign.com,869 159 8038
Vinita,Mishow,Female,vmishowl8@google.ru,130 292 1997
Bill,Blyden,Male,bblydenl9@icio.us,143 486 2519
Zared,Waple,Polygender,zwaplela@imgur.com,660 565 6985
Jacenta,Penhaligon,Female,jpenhaligonlb@booking.com,177 942 1714
Frederich,Lacroux,Male,flacrouxlc@apache.org,338 590 1968
Had,Fishpond,Male,hfishpondld@state.tx.us,550 462 1654
Gerty,Gulleford,Female,ggullefordle@multiply.com,790 581 1233
Virginie,MacDonell,Female,vmacdonelllf@tuttocitta.it,322 324 6900
Clair,Peacham,Male,cpeachamlg@thetimes.co.uk,502 472 1252
Hiram,Sawnwy,Male,hsawnwylh@nifty.com,346 733 1334
Geneva,Herrieven,Polygender,gherrievenli@livejournal.com,843 536 8832
Fergus,Dighton,Bigender,fdightonlj@rambler.ru,295 602 0573
Dorella,Attrill,Genderqueer,dattrilllk@addthis.com,453 451 1465
Hulda,Chown,Female,hchownll@ebay.co.uk,257 944 6811
Abeu,Crimmins,Male,acrimminslm@telegraph.co.uk,453 397 7655
Kitti,Mycock,Non-binary,kmycockln@merriam-webster.com,202 733 8873
Leisha,Bonhill,Female,lbonhilllo@hostgator.com,791 186 5721
Leonanie,Clarke-Williams,Female,lclarkewilliamslp@wisc.edu,639 660 0905
Pattie,L'argent,Male,plargentlq@tripadvisor.com,464 513 6725
Loralie,Howerd,Female,lhowerdlr@scientificamerican.com,741 640 4131
Sapphire,Wightman,Female,swightmanls@cdbaby.com,832 542 6057
Willi,Latliff,Male,wlatlifflt@cloudflare.com,944 679 5699
Auroora,Burr,Female,aburrlu@angelfire.com,262 290 6740
Theo,Ollington,Male,tollingtonlv@arstechnica.com,458 544 6494
Mordecai,Stoffels,Male,mstoffelslw@mediafire.com,224 188 2789
Marcellina,Sheer,Female,msheerlx@imageshack.us,407 231 5475
Marline,Johncey,Polygender,mjohnceyly@cbc.ca,438 949 4607
Taffy,Okell,Female,tokelllz@hc360.com,968 273 4667
Gaelan,Piechnik,Male,gpiechnikm0@slate.com,889 763 9948
Wildon,Marde,Male,wmardem1@uiuc.edu,102 876 8194
Mignonne,Zanotti,Female,mzanottim2@ehow.com,858 886 5524
Garey,Filippyev,Male,gfilippyevm3@miibeian.gov.cn,471 597 7655
Truda,Collisson,Female,tcollissonm4@github.com,243 649 9034
Cecilla,Ballintime,Female,cballintimem5@homestead.com,949 130 6803
Patin,Toye,Male,ptoyem6@github.io,442 901 8951
Eva,De Freyne,Bigender,edefreynem7@oaic.gov.au,534 683 5429
Donnie,Cockland,Female,dcocklandm8@jugem.jp,489 619 1132
Ulick,Coales,Male,ucoalesm9@google.com,370 754 3687
Anthony,McDougald,Male,amcdougaldma@webmd.com,772 312 3542
Joy,Mulvin,Female,jmulvinmb@facebook.com,869 653 7609
Rhiamon,Gonnelly,Female,rgonnellymc@seesaa.net,641 913 6054
Frederich,Mulqueen,Male,fmulqueenmd@umn.edu,157 207 3438
Ewan,Canto,Male,ecantome@tiny.cc,306 462 3567
Sol,Foulsham,Polygender,sfoulshammf@com.com,861 745 0286
Candra,Northill,Bigender,cnorthillmg@abc.net.au,135 871 3089
Mano,Gerant,Male,mgerantmh@spiegel.de,425 732 9198
Noelle,D'Agostino,Female,ndagostinomi@phpbb.com,853 187 6384
Kerianne,Kyffin,Female,kkyffinmj@baidu.com,539 405 1117
Fritz,Tackle,Polygender,ftacklemk@blogger.com,934 446 8704
Peggy,Greedyer,Genderqueer,pgreedyerml@nba.com,300 744 2478
Adey,Partington,Female,apartingtonmm@surveymonkey.com,927 644 5650
Sybilla,Kyteley,Female,skyteleymn@stanford.edu,958 114 7053
Penelope,Bastock,Female,pbastockmo@bluehost.com,737 517 1720
Kaleb,Goldwater,Male,kgoldwatermp@tripadvisor.com,637 650 0510
Allie,Ormistone,Female,aormistonemq@deviantart.com,728 461 2139
Bear,Connors,Male,bconnorsmr@latimes.com,403 603 0674
Corene,Thalmann,Female,cthalmannms@typepad.com,185 897 1918
Ariana,Rosenzwig,Female,arosenzwigmt@meetup.com,937 886 5300
Merlina,Covert,Female,mcovertmu@amazon.co.uk,585 292 6840
Onfroi,De Pietri,Male,odepietrimv@opera.com,246 272 0329
Betsy,Scorrer,Female,bscorrermw@imgur.com,646 314 5935
Kalli,Deguara,Female,kdeguaramx@squidoo.com,892 233 6395
Tim,Riseborough,Male,triseboroughmy@wp.com,675 441 9587
Marney,Titchener,Female,mtitchenermz@usa.gov,126 871 4876
Ely,Hallet,Male,ehalletn0@wiley.com,913 742 8166
Maddie,Knight,Male,mknightn1@hp.com,649 256 8380
Joe,Plaide,Male,jplaiden2@soup.io,940 518 7867
Jilli,Skillington,Female,jskillingtonn3@github.com,439 276 0582
Leland,Blasiak,Female,lblasiakn4@wp.com,763 508 2620
Lacey,Peeke-Vout,Female,lpeekevoutn5@myspace.com,390 301 8908
Timmie,Ivasyushkin,Male,tivasyushkinn6@g.co,297 590 0165
Lauren,Berrow,Female,lberrown7@slate.com,174 738 5241
Emmy,Dacey,Female,edaceyn8@phpbb.com,151 252 2935
Colline,Hammerich,Genderqueer,chammerichn9@phpbb.com,447 825 6702
Steffane,Bursnell,Female,sbursnellna@yolasite.com,675 439 1100
Antonietta,Sedman,Female,asedmannb@scientificamerican.com,403 823 3002
Andrus,Jeannon,Male,ajeannonnc@wix.com,978 743 0864
Emmy,Drews,Female,edrewsnd@google.ca,721 222 1081
Paula,Golley,Female,pgolleyne@foxnews.com,203 453 0050
Eda,Howsan,Female,ehowsannf@eventbrite.com,900 721 7356
Sid,Jedrzejkiewicz,Genderqueer,sjedrzejkiewiczng@mashable.com,114 267 1255
Maggie,Bushaway,Female,mbushawaynh@bluehost.com,896 232 6884
Julia,Davers,Polygender,jdaversni@shutterfly.com,387 644 4081
Carmelle,Kauble,Female,ckaublenj@thetimes.co.uk,340 956 9734
Lilias,Weildish,Female,lweildishnk@dell.com,568 279 1948
Teresina,Tustin,Female,ttustinnl@nationalgeographic.com,474 303 6943
Cristi,Blackwood,Female,cblackwoodnm@nsw.gov.au,250 473 8469
Town,Bithell,Male,tbithellnn@feedburner.com,905 334 9148
Stephannie,Daddow,Female,sdaddowno@economist.com,563 921 5115
Wanids,Renner,Female,wrennernp@cloudflare.com,964 519 5560
Rice,Bouzan,Male,rbouzannq@va.gov,270 879 1658
Antonius,Viccars,Male,aviccarsnr@odnoklassniki.ru,450 402 5716
Valentia,Vardie,Female,vvardiens@who.int,124 785 1275
Salvador,Giamuzzo,Male,sgiamuzzont@cafepress.com,664 811 9349
Roth,Godspeede,Male,rgodspeedenu@dion.ne.jp,959 615 0390
Vasili,Life,Male,vlifenv@edublogs.org,325 481 3500
Galvan,Williamson,Male,gwilliamsonnw@pinterest.com,273 911 1420
Lisle,Goodby,Male,lgoodbynx@unicef.org,398 946 0767
Penelope,Boulstridge,Female,pboulstridgeny@accuweather.com,275 749 9230
Kara-lynn,Heap,Female,kheapnz@over-blog.com,681 918 4154
Celesta,Gove,Female,cgoveo0@amazon.co.jp,686 162 6854
Gaynor,Mc Carroll,Female,gmccarrollo1@yahoo.co.jp,718 694 2670
Delphinia,Durtnal,Female,ddurtnalo2@reference.com,517 896 7899
Gerladina,Hawley,Female,ghawleyo3@who.int,829 460 3326
Madelene,Campanelle,Female,mcampanelleo4@sina.com.cn,816 496 4416
Liliane,Paternoster,Female,lpaternostero5@vkontakte.ru,990 600 6656
Reid,Hartwright,Male,rhartwrighto6@purevolume.com,161 560 5927
Tove,Sellack,Female,tsellacko7@mediafire.com,310 554 7671
Averil,Ninnis,Male,aninniso8@rambler.ru,261 847 7003
Hartley,Wiltshaw,Male,hwiltshawo9@mit.edu,245 927 0231
Kira,Tutill,Genderfluid,ktutilloa@globo.com,684 276 1692
Selinda,Godfree,Female,sgodfreeob@ftc.gov,711 146 0657
Kahaleel,Blackmoor,Male,kblackmooroc@freewebs.com,946 302 8071
Llywellyn,Beamish,Male,lbeamishod@github.io,682 418 2491
Alexio,Tripe,Male,atripeoe@reverbnation.com,750 976 1093
Arnaldo,Carrivick,Male,acarrivickof@is.gd,501 984 3200
Robbie,Garretts,Male,rgarrettsog@google.co.jp,360 283 2749
Drusy,Killingsworth,Female,dkillingsworthoh@twitter.com,624 451 8411
Derrick,Jerrems,Male,djerremsoi@wisc.edu,786 132 9873
Clemente,Morford,Polygender,cmorfordoj@yellowpages.com,336 774 4244
Sigvard,Willoughley,Male,swilloughleyok@bizjournals.com,382 830 0681
Tamra,Birtle,Female,tbirtleol@addtoany.com,488 964 8823
Felike,Grimsey,Male,fgrimseyom@twitter.com,476 803 4778
Rahel,Olek,Female,rolekon@patch.com,865 475 9293
Hamil,Shoosmith,Male,hshoosmithoo@hibu.com,601 550 8087
Carol-jean,Kingsly,Female,ckingslyop@icio.us,912 627 4284
Zena,Schofield,Agender,zschofieldoq@theglobeandmail.com,516 417 6493
Godfry,Palethorpe,Male,gpalethorpeor@go.com,915 743 4658
Sibylla,Morshead,Female,smorsheados@amazon.de,899 645 9432
Timmie,Siverns,Bigender,tsivernsot@dropbox.com,222 962 3713
Alwin,Coates,Male,acoatesou@disqus.com,348 839 5923
Burnaby,Petheridge,Male,bpetheridgeov@lycos.com,592 989 9707
Hyatt,Andrez,Male,handrezow@joomla.org,495 905 6860
Aloisia,Roiz,Female,aroizox@cdbaby.com,860 477 4248
Renato,Van Halen,Male,rvanhalenoy@zimbio.com,610 293 2875
Linette,Vicary,Female,lvicaryoz@imgur.com,550 330 8341
Glenn,Ivanusyev,Female,givanusyevp0@unblog.fr,481 318 3660
Pall,Feldman,Male,pfeldmanp1@over-blog.com,629 615 3584
Dolley,Hauger,Female,dhaugerp2@paginegialle.it,873 499 5120
Chase,Caistor,Male,ccaistorp3@phpbb.com,967 258 9075
Winston,Trevear,Male,wtrevearp4@biglobe.ne.jp,558 125 1942
Nikita,Sodory,Male,nsodoryp5@cdbaby.com,493 379 8283
Renault,Fiennes,Male,rfiennesp6@soup.io,289 392 6568
Saunder,Posselt,Male,sposseltp7@mtv.com,522 764 6517
Eldredge,Chismon,Male,echismonp8@soup.io,220 572 6591
Martelle,Paulich,Female,mpaulichp9@t.co,775 761 0652
Verena,Northen,Female,vnorthenpa@abc.net.au,626 135 7957
Clementia,Fazackerley,Female,cfazackerleypb@sina.com.cn,373 167 5056
Merrile,Issac,Female,missacpc@usa.gov,151 182 0609
Hamilton,Solan,Male,hsolanpd@google.co.jp,362 761 6031
Lucinda,Janew,Female,ljanewpe@flickr.com,184 213 6704
Isiahi,List,Male,ilistpf@phoca.cz,191 776 1136
Carlynne,Degli Abbati,Female,cdegliabbatipg@yellowpages.com,112 409 6270
Josey,Cutchie,Genderqueer,jcutchieph@bbb.org,955 210 3240
Anetta,Readie,Female,areadiepi@phpbb.com,880 344 2433
Shepard,Dowears,Male,sdowearspj@kickstarter.com,449 460 3116
Riki,Lednor,Female,rlednorpk@sciencedirect.com,230 439 4350
Jocelyne,Burtwell,Female,jburtwellpl@parallels.com,728 261 9800
Kaylee,Chetter,Female,kchetterpm@dell.com,333 547 3475
Loree,Armor,Female,larmorpn@google.com,688 679 4490
Hubie,Portress,Polygender,hportresspo@nydailynews.com,657 684 5404
Frasier,Tetlow,Male,ftetlowpp@uiuc.edu,463 700 8947
Verla,Gibson,Female,vgibsonpq@digg.com,756 577 5061
Janey,Kilcullen,Female,jkilcullenpr@odnoklassniki.ru,407 950 5937
Arleen,Wasmuth,Female,awasmuthps@dropbox.com,858 656 0433
Darell,Albrooke,Female,dalbrookept@amazon.com,972 247 8894
Danette,Ferrey,Female,dferreypu@disqus.com,734 625 0907
Duffy,Sapsford,Genderfluid,dsapsfordpv@tinypic.com,802 250 3019
Stanislaus,Joe,Male,sjoepw@economist.com,674 499 2874
Thorsten,Emons,Male,temonspx@loc.gov,474 250 4157
Sumner,Alexsandrovich,Male,salexsandrovichpy@canalblog.com,946 836 5195
Miller,Moutray Read,Male,mmoutrayreadpz@mozilla.org,712 707 0316
Tera,Liptrot,Female,tliptrotq0@disqus.com,425 301 7099
Montgomery,Willbourne,Male,mwillbourneq1@indiegogo.com,300 929 1586
Caspar,Pedersen,Male,cpedersenq2@angelfire.com,603 681 9449
Lotty,Cayet,Female,lcayetq3@cisco.com,513 337 0536
Carol-jean,Abbes,Female,cabbesq4@npr.org,369 980 8008
Aldus,Dickinson,Male,adickinsonq5@vinaora.com,740 951 0653
Casie,Smooth,Genderfluid,csmoothq6@weibo.com,702 657 9138
Lemuel,Larking,Male,llarkingq7@twitter.com,663 424 7416
Gery,Sarfas,Male,gsarfasq8@163.com,265 619 2697
Arlen,Healey,Male,ahealeyq9@vkontakte.ru,187 185 2356
Kira,Sawrey,Female,ksawreyqa@dyndns.org,742 282 1632
Arlina,Hacun,Female,ahacunqb@wordpress.org,850 350 6749
Daisy,Guterson,Agender,dgutersonqc@slashdot.org,359 253 8433
Eberto,Spacey,Male,espaceyqd@fc2.com,161 821 0796
Pavel,Laverenz,Male,plaverenzqe@is.gd,195 464 2956
Bradney,Rousby,Male,brousbyqf@wordpress.com,929 437 8808
Herbert,Wheeliker,Male,hwheelikerqg@trellian.com,687 408 2836
Guendolen,Castelijn,Female,gcastelijnqh@bloglines.com,190 451 7074
Adelice,Digman,Female,adigmanqi@youku.com,719 144 6848
Maribelle,Pottery,Female,mpotteryqj@eepurl.com,753 710 5665
Celle,Winscum,Female,cwinscumqk@instagram.com,898 599 8841
Francene,Howis,Female,fhowisql@google.de,884 433 6992
Hynda,Meany,Female,hmeanyqm@rediff.com,431 712 0041
Dilan,Karslake,Genderfluid,dkarslakeqn@creativecommons.org,220 410 3349
Cris,Dudden,Male,cduddenqo@vistaprint.com,859 365 9889
Guss,Mouan,Male,gmouanqp@sciencedaily.com,610 188 9562
Lanae,Adrianello,Female,ladrianelloqq@buzzfeed.com,921 639 6549
Bert,Shortland,Male,bshortlandqr@youtu.be,151 306 2291
Mortie,Soggee,Male,msoggeeqs@ameblo.jp,729 715 2410
Easter,Cristofari,Female,ecristofariqt@lycos.com,135 637 6207
Willard,Morando,Male,wmorandoqu@unblog.fr,122 601 8191
Morgen,Sails,Female,msailsqv@shutterfly.com,922 916 2317
Erhard,Kingzet,Male,ekingzetqw@dell.com,107 978 1235
Giacopo,Edgeson,Male,gedgesonqx@ifeng.com,171 451 2605
Ramon,Abeau,Male,rabeauqy@purevolume.com,261 287 6852
Bealle,Treuge,Male,btreugeqz@pinterest.com,393 533 7873
Dalli,Sharram,Male,dsharramr0@cam.ac.uk,739 871 2041
Hamlin,Jordan,Male,hjordanr1@hud.gov,218 418 8930
Jarvis,Mignot,Male,jmignotr2@latimes.com,728 422 8886
Jakie,Hurch,Male,jhurchr3@accuweather.com,828 540 7916
Dannel,Skacel,Male,dskacelr4@uiuc.edu,227 443 5166
Mercedes,Panons,Female,mpanonsr5@rakuten.co.jp,757 885 4227
Kassie,Kenvin,Female,kkenvinr6@ihg.com,234 941 9421
Eloisa,Korneluk,Female,ekornelukr7@wix.com,855 620 8054
Verina,Laister,Female,vlaisterr8@taobao.com,941 226 6476
Briney,Seery,Female,bseeryr9@jimdo.com,125 543 6710
Frederick,Trorey,Male,ftroreyra@state.gov,846 520 9867
Matthias,Collisson,Male,mcollissonrb@patch.com,576 940 2762
Denna,Springford,Female,dspringfordrc@fema.gov,368 728 2102
Carey,Arran,Male,carranrd@opensource.org,383 490 2886
Brandy,Rolstone,Male,brolstonere@paginegialle.it,197 397 9480
Dun,Buckam,Male,dbuckamrf@homestead.com,625 967 0550
Ronnica,Vanner,Female,rvannerrg@hhs.gov,848 472 1367
Arlina,Dewberry,Female,adewberryrh@yahoo.com,485 907 3206
Orren,Pietri,Male,opietriri@chicagotribune.com,738 593 2646
Jessey,Cauderlie,Male,jcauderlierj@freewebs.com,797 468 3730
Elna,Currier,Female,ecurrierrk@google.fr,961 597 9230
Austin,Stayte,Male,astayterl@exblog.jp,651 234 5174
Shamus,Madgewick,Male,smadgewickrm@economist.com,680 526 3789
Irvin,Haglington,Male,ihaglingtonrn@drupal.org,780 580 5188
Radcliffe,Nower,Male,rnowerro@gravatar.com,856 743 9741
Prudence,Kee,Female,pkeerp@google.pl,422 217 2407
Constance,Brunnen,Female,cbrunnenrq@hostgator.com,349 958 3623
Ruttger,McKinlay,Male,rmckinlayrr@spiegel.de,156 354 2344
