first_name,last_name,gender,email,phone
Karon,Eccleston,Female,keccleston0@plala.or.jp,148 591 0163
Constance,Fear,Female,cfear1@google.ca,224 227 1705
Jenifer,Jerrolt,Female,jjerrolt2@scientificamerican.com,165 626 8152
Halsy,Lutty,Male,hlutty3@blogspot.com,634 630 0151
Thekla,Antonoyev,Female,tantonoyev4@behance.net,861 134 4245
Cassy,Fossett,Female,cfossett5@hibu.com,890 790 5714
Dilly,Chestle,Male,dchestle6@mashable.com,934 718 6723
Hanan,Issitt,Male,hissitt7@w3.org,151 647 0067
Carlina,Allum,Female,callum8@amazon.co.uk,111 150 4605
Orelie,Bemment,Female,obemment9@reverbnation.com,981 506 6138
Tyler,Garken,Male,tgarkena@theglobeandmail.com,146 748 3671
Leanor,Guitel,Female,lguitelb@creativecommons.org,608 953 5645
Hugibert,Hurley,Male,hhurleyc@loc.gov,615 983 8663
Elbertine,Spendley,Female,espendleyd@macromedia.com,214 892 8361
Burke,Iacobassi,Male,biacobassie@dyndns.org,192 933 4327
Cull,Synder,Male,csynderf@addthis.com,989 441 1027
Edsel,Orpin,Male,eorping@zdnet.com,195 391 8838
Clay,Tongue,Male,ctongueh@dropbox.com,809 198 4869
Lenette,Fairburne,Female,lfairburnei@ihg.com,637 593 7485
Gibby,Wipfler,Male,gwipflerj@oaic.gov.au,248 844 5580
Clem,Sebyer,Non-binary,csebyerk@ovh.net,294 229 5996
Etienne,Regus,Male,eregusl@accuweather.com,274 430 5772
Evey,Blazi,Genderfluid,eblazim@wired.com,641 147 8193
Henka,Lile,Female,hlilen@fc2.com,718 767 6281
Barton,Jorgensen,Male,bjorgenseno@columbia.edu,442 715 4484
Audi,Gontier,Female,agontierp@de.vu,794 343 5638
Klaus,Yukhin,Male,kyukhinq@a8.net,312 104 3236
Carlo,Sharple,Male,csharpler@go.com,327 301 9002
Marven,Tottie,Bigender,mtotties@shutterfly.com,957 279 3639
Bobbie,Troughton,Female,btroughtont@tumblr.com,702 839 9940
Saw,Crosskill,Male,scrosskillu@chronoengine.com,427 896 4591
Ellis,Battie,Male,ebattiev@geocities.jp,566 622 4801
Sharleen,Harral,Female,sharralw@salon.com,561 704 9613
Brandie,Daviot,Non-binary,bdaviotx@comsenz.com,822 597 6770
Swen,Charkham,Male,scharkhamy@usgs.gov,413 984 9247
Theodosia,Peckham,Female,tpeckhamz@bbb.org,714 182 7348
Maudie,Mitchelson,Female,mmitchelson10@qq.com,300 899 8767
Devin,Kemston,Male,dkemston11@wikimedia.org,367 116 9907
Letta,Coppard,Genderqueer,lcoppard12@sitemeter.com,570 383 5978
Artie,Dudek,Male,adudek13@nba.com,544 713 3026
Raffaello,Hampton,Male,rhampton14@acquirethisname.com,473 723 1388
Husein,Boatwright,Male,hboatwright15@woothemes.com,538 366 0568
Mollie,Farquar,Polygender,mfarquar16@globo.com,754 171 9722
Lonee,Kinahan,Bigender,lkinahan17@cyberchimps.com,658 170 1558
Marigold,Pawlicki,Female,mpawlicki18@ed.gov,308 777 1750
Thedrick,Stiegars,Male,tstiegars19@dyndns.org,133 623 1830
Abbey,Robinett,Male,arobinett1a@tripadvisor.com,767 366 4973
Elsworth,Noden,Male,enoden1b@alexa.com,160 206 0345
Maxie,Smartman,Non-binary,msmartman1c@technorati.com,256 850 0880
Moreen,Goddman,Female,mgoddman1d@gravatar.com,518 699 6300
Domenic,Popeley,Male,dpopeley1e@paypal.com,346 957 9505
Giusto,Vowells,Male,gvowells1f@psu.edu,809 845 2840
Rollo,Lindsey,Male,rlindsey1g@cpanel.net,892 961 5681
Erek,Burtonwood,Male,eburtonwood1h@alibaba.com,216 127 3754
Rudolfo,Lotze,Male,rlotze1i@blogspot.com,938 318 4121
Lombard,De Zamudio,Male,ldezamudio1j@addtoany.com,260 285 5526
Isabella,Perrycost,Female,iperrycost1k@blinklist.com,124 177 4937
Shannon,Geertz,Female,sgeertz1l@bbb.org,191 797 1169
Park,Matthis,Male,pmatthis1m@cnet.com,715 917 8926
Delphine,Castagne,Female,dcastagne1n@google.com.hk,138 906 0673
Chico,Ramelot,Male,cramelot1o@cargocollective.com,496 931 3201
Orazio,Hinkensen,Male,ohinkensen1p@cam.ac.uk,795 404 4469
Evangeline,Bulloch,Female,ebulloch1q@unblog.fr,442 240 2140
Sharron,Merchant,Female,smerchant1r@furl.net,864 408 7216
Rosy,Fibbitts,Genderfluid,rfibbitts1s@tumblr.com,154 497 2974
Donn,Wingham,Male,dwingham1t@pen.io,410 370 4801
Chrisse,Nourse,Male,cnourse1u@squarespace.com,857 881 6662
Mimi,Atterley,Female,matterley1v@wikimedia.org,330 988 3072
Maryellen,Kinder,Female,mkinder1w@adobe.com,399 775 6910
Mitchel,Pitblado,Male,mpitblado1x@ebay.com,234 703 8180
Gerardo,Yakov,Male,gyakov1y@bloglovin.com,937 700 4215
Ysabel,Corsan,Female,ycorsan1z@slate.com,256 790 7814
Arnuad,Gouly,Male,agouly20@toplist.cz,484 300 0089
Theodoric,Softley,Male,tsoftley21@theglobeandmail.com,851 840 0141
Maximilien,Fonso,Male,mfonso22@shareasale.com,396 237 1837
Sig,Loach,Male,sloach23@taobao.com,776 917 8544
Aleta,Helleckas,Female,ahelleckas24@sciencedirect.com,519 569 3922
Alta,Coners,Female,aconers25@vistaprint.com,215 350 3860
Pearce,Cobbing,Male,pcobbing26@census.gov,646 584 0995
Tristam,Fullerton,Male,tfullerton27@com.com,716 318 1754
Yanaton,Polglase,Male,ypolglase28@furl.net,210 696 2831
Brnaba,Hearne,Male,bhearne29@sphinn.com,566 934 5400
Shirlene,Beswell,Polygender,sbeswell2a@simplemachines.org,405 266 8135
Cullan,Klagges,Male,cklagges2b@tmall.com,491 635 4280
Arv,Fatharly,Male,afatharly2c@samsung.com,620 829 6652
Morrie,Drife,Male,mdrife2d@mashable.com,767 173 8441
Rasia,Cashin,Female,rcashin2e@mapquest.com,696 746 7339
Ignace,Fetherston,Male,ifetherston2f@ask.com,659 491 9506
Lonni,Flohard,Female,lflohard2g@flickr.com,781 344 8662
Tabbie,St Pierre,Male,tstpierre2h@noaa.gov,797 929 7869
Lara,Harrold,Female,lharrold2i@symantec.com,388 209 2751
Redd,Briddock,Male,rbriddock2j@meetup.com,147 596 3530
Sheela,Fusco,Female,sfusco2k@liveinternet.ru,143 126 3754
Beverie,MacCarter,Female,bmaccarter2l@upenn.edu,219 331 3149
Eunice,Yitzowitz,Agender,eyitzowitz2m@cam.ac.uk,259 439 6220
Hedi,Pecht,Female,hpecht2n@people.com.cn,108 602 9337
Theressa,Bassano,Female,tbassano2o@webs.com,421 915 0153
Rutherford,Fleote,Male,rfleote2p@w3.org,521 536 9144
Cherlyn,Stot,Female,cstot2q@sun.com,490 562 6962
Abbie,Palphreyman,Male,apalphreyman2r@nbcnews.com,545 761 1822
Maximilien,Ashborne,Male,mashborne2s@census.gov,311 929 0348
Pancho,Thaxton,Male,pthaxton2t@nature.com,173 577 8048
Hynda,Seldon,Female,hseldon2u@cam.ac.uk,277 125 9942
King,Trowell,Male,ktrowell2v@goodreads.com,245 162 4799
Merralee,Wharf,Female,mwharf2w@virginia.edu,224 256 5303
Kit,Allwood,Male,kallwood2x@istockphoto.com,404 381 9889
Andrea,Domokos,Male,adomokos2y@aboutads.info,520 997 3215
Vickie,Killford,Female,vkillford2z@wordpress.com,723 472 9220
Mattias,Trustie,Male,mtrustie30@zimbio.com,217 740 5971
Sande,Watmore,Female,swatmore31@indiegogo.com,461 798 1728
Ray,Hardes,Female,rhardes32@ow.ly,827 658 0583
Darlleen,Hanratty,Female,dhanratty33@cornell.edu,743 500 9861
Ellis,Francomb,Male,efrancomb34@pinterest.com,494 936 1843
Sumner,Pirot,Male,spirot35@scribd.com,936 135 4582
Adolphe,Henbury,Male,ahenbury36@e-recht24.de,135 636 4675
Lucita,Bullivent,Female,lbullivent37@google.com.au,528 827 8569
Roger,Burndred,Male,rburndred38@friendfeed.com,698 115 8814
Whit,Scholl,Male,wscholl39@hhs.gov,202 597 7904
Anica,Vellden,Genderqueer,avellden3a@answers.com,591 760 3299
Lyndsie,Titchmarsh,Female,ltitchmarsh3b@wired.com,233 923 9603
Nikki,Lettsom,Female,nlettsom3c@ocn.ne.jp,484 844 7051
Gamaliel,Kluge,Male,gkluge3d@state.gov,465 315 6482
Vinnie,Coplestone,Male,vcoplestone3e@kickstarter.com,375 485 1482
Minor,Beverstock,Male,mbeverstock3f@wsj.com,514 445 0592
Tine,Sparhawk,Female,tsparhawk3g@auda.org.au,916 677 2927
Jonis,Padkin,Female,jpadkin3h@walmart.com,503 788 7611
Ludvig,McKitterick,Non-binary,lmckitterick3i@github.io,685 936 4820
Simeon,Records,Male,srecords3j@usgs.gov,287 475 5400
Aurel,Lampard,Female,alampard3k@geocities.jp,448 925 0314
Anet,Lannon,Female,alannon3l@a8.net,861 444 6728
Guillermo,Deevey,Male,gdeevey3m@wikia.com,805 941 8720
Norby,Pennock,Male,npennock3n@indiegogo.com,672 460 0415
Vladimir,Pescott,Male,vpescott3o@census.gov,758 184 8484
Montague,Hesey,Male,mhesey3p@oakley.com,444 448 9173
Martie,Butcher,Female,mbutcher3q@cdbaby.com,908 496 2489
Aylmer,Lyall,Male,alyall3r@ocn.ne.jp,825 867 6841
Talbot,Marjanovic,Male,tmarjanovic3s@ebay.co.uk,613 219 9002
Gerrard,Mountfort,Male,gmountfort3t@creativecommons.org,699 891 2329
Curtice,Steinhammer,Male,csteinhammer3u@ed.gov,270 825 4643
Matt,Ronchetti,Male,mronchetti3v@hexun.com,372 607 4431
Broderick,Gahagan,Male,bgahagan3w@psu.edu,191 218 0472
Vivianna,Muddimer,Female,vmuddimer3x@tmall.com,284 254 4496
Seline,Lockart,Female,slockart3y@unblog.fr,693 637 8768
Any,Winch,Male,awinch3z@stumbleupon.com,112 786 0216
Thia,Cropton,Female,tcropton40@sfgate.com,721 865 3411
Rebecca,Marler,Female,rmarler41@yellowbook.com,688 838 5916
Sam,Fraanchyonok,Genderfluid,sfraanchyonok42@squarespace.com,341 663 3450
Conant,Surguine,Male,csurguine43@meetup.com,504 273 0595
Debor,Tremberth,Female,dtremberth44@businessweek.com,823 761 7093
Tonnie,Malsher,Male,tmalsher45@about.me,891 674 9130
Lannie,Stichall,Male,lstichall46@godaddy.com,341 396 1560
Halette,Elletson,Agender,helletson47@admin.ch,798 951 7969
Ethelbert,Hinsche,Male,ehinsche48@reverbnation.com,637 657 1030
Xylina,McCaghan,Bigender,xmccaghan49@netlog.com,855 160 7927
Amandi,Eskrigge,Female,aeskrigge4a@cisco.com,621 813 6906
Ive,Coslett,Male,icoslett4b@skyrock.com,313 588 8960
Blinni,Upson,Female,bupson4c@netvibes.com,205 389 6872
Wright,Valentetti,Male,wvalentetti4d@gov.uk,544 823 4224
Olia,Lowne,Female,olowne4e@mail.ru,859 880 6444
Abigail,Crucitti,Genderfluid,acrucitti4f@addtoany.com,375 605 7352
Josey,Delafoy,Female,jdelafoy4g@mozilla.com,664 880 8204
Koral,Matasov,Female,kmatasov4h@hc360.com,708 416 6571
Harper,Ragdale,Male,hragdale4i@free.fr,325 504 4632
Garv,Channon,Male,gchannon4j@scientificamerican.com,276 996 3633
Almeta,Tinman,Bigender,atinman4k@howstuffworks.com,773 710 2247
Aleksandr,Meredyth,Male,ameredyth4l@ft.com,348 810 7690
Davidson,Genever,Male,dgenever4m@gnu.org,380 983 2621
Theodosia,Banke,Female,tbanke4n@msu.edu,326 920 8741
Jeri,Matyushkin,Female,jmatyushkin4o@washington.edu,477 364 1626
Sterling,Dalgleish,Male,sdalgleish4p@drupal.org,477 342 9560
Alexis,Noore,Female,anoore4q@ameblo.jp,455 548 8097
Catharina,Portchmouth,Female,cportchmouth4r@surveymonkey.com,250 152 7903
Andromache,Matthewson,Female,amatthewson4s@cdc.gov,567 749 1726
Zabrina,Imloch,Female,zimloch4t@admin.ch,781 484 9051
Parrnell,Ward,Non-binary,pward4u@marriott.com,210 132 6431
Margy,Amberg,Female,mamberg4v@businesswire.com,751 891 3377
Lanny,Stroobant,Polygender,lstroobant4w@creativecommons.org,466 734 3794
Ricca,Henmarsh,Female,rhenmarsh4x@fastcompany.com,691 595 9225
Beltran,Vanichkov,Male,bvanichkov4y@cbsnews.com,524 292 7080
Mata,Sjollema,Male,msjollema4z@smugmug.com,210 628 3678
Waite,Winsome,Male,wwinsome50@istockphoto.com,244 157 5207
Frederico,Rorke,Male,frorke51@g.co,767 107 3506
Evan,Ormistone,Agender,eormistone52@yandex.ru,229 484 7502
Agosto,Dymoke,Polygender,adymoke53@umich.edu,395 222 4532
Maddy,Densumbe,Male,mdensumbe54@imageshack.us,191 954 5230
Andie,Corkett,Female,acorkett55@blogtalkradio.com,615 263 0092
Rebeca,Beacon,Female,rbeacon56@va.gov,176 709 9599
Catie,Chipman,Female,cchipman57@nytimes.com,138 973 3621
Arie,Queen,Male,aqueen58@myspace.com,853 702 8216
Shaylah,Charlin,Female,scharlin59@mozilla.org,788 881 2403
Andrej,Brame,Male,abrame5a@imdb.com,509 817 6548
Geneva,Maccari,Female,gmaccari5b@surveymonkey.com,320 747 1844
Amie,Ivetts,Female,aivetts5c@ycombinator.com,429 910 1999
Andy,Allchorn,Male,aallchorn5d@aboutads.info,822 351 0009
Jennica,Sevier,Bigender,jsevier5e@sphinn.com,712 545 1118
Lilllie,Burbage,Female,lburbage5f@disqus.com,626 238 4419
Shandy,Hedan,Female,shedan5g@ed.gov,330 684 9683
Rianon,Torald,Female,rtorald5h@blogs.com,918 603 2527
Vivi,Straun,Female,vstraun5i@phoca.cz,836 680 7926
Alfred,Giorio,Male,agiorio5j@blogs.com,176 485 2896
Alyssa,Shoulders,Female,ashoulders5k@ted.com,814 714 8091
Jodie,Snalom,Female,jsnalom5l@statcounter.com,889 286 1919
Rafaello,Durnill,Male,rdurnill5m@gnu.org,830 212 1828
Aimee,McInulty,Female,amcinulty5n@squidoo.com,482 449 4159
Doll,Landon,Female,dlandon5o@hp.com,773 829 8821
Augustina,O'Neal,Bigender,aoneal5p@flavors.me,973 740 3085
Daven,Hunnaball,Male,dhunnaball5q@earthlink.net,151 503 8004
Jaclyn,Plowes,Female,jplowes5r@edublogs.org,279 420 9708
Gram,Copcutt,Male,gcopcutt5s@phpbb.com,528 535 0816
Sherwood,Rosbottom,Male,srosbottom5t@answers.com,963 848 4740
Ainsley,Atyea,Female,aatyea5u@ustream.tv,566 639 3181
Arliene,Cesaric,Female,acesaric5v@1und1.de,155 265 6605
Austen,Downes,Genderqueer,adownes5w@lulu.com,190 216 8478
Trstram,Ventham,Male,tventham5x@nhs.uk,606 263 2966
Shane,Statham,Male,sstatham5y@princeton.edu,248 722 3587
Tobie,Jacke,Male,tjacke5z@discuz.net,304 365 5443
Barbaraanne,Dreinan,Female,bdreinan60@canalblog.com,770 685 5573
Marv,Corteis,Male,mcorteis61@go.com,590 328 9051
Selby,McRae,Male,smcrae62@chicagotribune.com,215 260 6393
Gertruda,McGannon,Female,gmcgannon63@51.la,246 635 7312
Ede,Eskell,Female,eeskell64@ow.ly,800 289 5041
Hobart,Hannam,Agender,hhannam65@imageshack.us,105 543 8087
Hildy,Morville,Female,hmorville66@globo.com,853 718 2722
Mortimer,Farnes,Male,mfarnes67@netvibes.com,835 453 3163
Ursula,Peracco,Female,uperacco68@comcast.net,586 263 2854
Cull,Woodrooffe,Male,cwoodrooffe69@hostgator.com,457 562 1615
Brenna,Mundwell,Female,bmundwell6a@dot.gov,675 449 6106
Manolo,Duplain,Male,mduplain6b@nih.gov,313 695 7747
Madlen,Marzellano,Female,mmarzellano6c@weather.com,234 412 8351
Waylon,Goodinge,Male,wgoodinge6d@blogtalkradio.com,808 845 0373
Raimondo,Rack,Male,rrack6e@examiner.com,140 188 5238
Corissa,Gurg,Female,cgurg6f@narod.ru,120 947 2447
Cesare,Povah,Male,cpovah6g@va.gov,474 120 3514
Nickey,Gowthorpe,Bigender,ngowthorpe6h@ebay.com,531 660 1778
Wakefield,Guerra,Male,wguerra6i@tiny.cc,444 226 0366
Fredric,McQuilkin,Male,fmcquilkin6j@foxnews.com,380 614 9390
Estelle,Boost,Female,eboost6k@google.com.au,861 936 2491
Merv,Leckenby,Male,mleckenby6l@answers.com,438 747 9827
Decca,Temlett,Male,dtemlett6m@github.com,184 240 8654
Gaspar,Suddock,Male,gsuddock6n@fema.gov,985 160 2215
Ciro,Gamblin,Male,cgamblin6o@forbes.com,264 284 6351
Bobbye,Klemps,Female,bklemps6p@scientificamerican.com,595 957 0975
Aloysia,Allred,Agender,aallred6q@biblegateway.com,507 497 6844
Orlan,Templar,Male,otemplar6r@weibo.com,601 315 6223
Baudoin,Chiswell,Male,bchiswell6s@yale.edu,871 221 0063
Neal,Philo,Male,nphilo6t@princeton.edu,683 670 8386
Ondrea,Gaskins,Female,ogaskins6u@jigsy.com,549 607 4402
Sabra,Sleite,Female,ssleite6v@ftc.gov,647 606 2193
Lorri,Troni,Bigender,ltroni6w@google.co.uk,546 123 5827
Misti,Leyman,Female,mleyman6x@who.int,238 365 8170
Bari,Stothert,Female,bstothert6y@hud.gov,575 986 0780
Mohammed,Ewenson,Male,mewenson6z@tamu.edu,981 475 3341
Eleonora,Culpen,Female,eculpen70@wunderground.com,880 894 8559
Jemmie,Mattiello,Female,jmattiello71@upenn.edu,403 463 2251
Marketa,Valeri,Female,mvaleri72@vkontakte.ru,757 315 8432
Merry,Blabey,Male,mblabey73@tamu.edu,881 335 0674
Perla,Carlin,Polygender,pcarlin74@hibu.com,963 232 9880
Daven,Zanutti,Male,dzanutti75@dot.gov,899 847 6752
Roosevelt,Ludford,Bigender,rludford76@google.com.br,498 496 2024
Ernestus,Cornehl,Male,ecornehl77@jimdo.com,148 484 9111
Karna,Tregonna,Female,ktregonna78@uol.com.br,787 970 5849
Hilary,Kimberly,Female,hkimberly79@exblog.jp,370 238 4383
Ardath,Gohn,Female,agohn7a@sun.com,618 253 7844
Katharyn,Regler,Female,kregler7b@weibo.com,872 879 9972
Curcio,Wint,Male,cwint7c@gizmodo.com,530 336 3117
Tait,Branwhite,Male,tbranwhite7d@sourceforge.net,328 957 6964
Bathsheba,Bogays,Female,bbogays7e@weibo.com,418 164 9124
Jonah,O'Hearn,Male,johearn7f@bigcartel.com,969 851 6171
Konrad,Clemow,Male,kclemow7g@japanpost.jp,838 382 1269
Lem,Varne,Male,lvarne7h@t.co,382 833 8168
Lisabeth,Danton,Female,ldanton7i@jimdo.com,141 679 6617
Pierette,Szach,Female,pszach7j@toplist.cz,133 603 7284
Tim,Pickthorne,Female,tpickthorne7k@sogou.com,533 217 0116
Brendon,Lower,Male,blower7l@scribd.com,668 294 3486
Albert,Tunn,Male,atunn7m@dot.gov,538 407 1428
Tim,Spurier,Male,tspurier7n@bloglines.com,559 988 6281
Ceil,Ilden,Female,cilden7o@paginegialle.it,746 717 8439
Gottfried,Tregoning,Male,gtregoning7p@360.cn,530 338 7819
Hendrick,Meric,Male,hmeric7q@tinypic.com,511 156 9719
Benedikta,Norway,Female,bnorway7r@cnet.com,809 872 4206
Sayre,Poskitt,Male,sposkitt7s@bizjournals.com,889 628 8626
Eugenio,Pfeffel,Male,epfeffel7t@mlb.com,943 420 9126
Mahmoud,Kuhlen,Male,mkuhlen7u@miitbeian.gov.cn,571 811 0354
Ermin,Sculley,Genderqueer,esculley7v@sbwire.com,823 267 5153
Isaak,Ghelerdini,Agender,ighelerdini7w@globo.com,209 244 3486
Yvor,Seekings,Male,yseekings7x@dmoz.org,417 332 0519
Mimi,Whittet,Female,mwhittet7y@geocities.jp,709 435 7202
Murielle,Hirtzmann,Female,mhirtzmann7z@google.fr,200 764 9002
Merline,Woodyer,Agender,mwoodyer80@dell.com,297 854 5688
Stern,Talkington,Male,stalkington81@exblog.jp,734 607 0149
Royal,Callway,Male,rcallway82@reddit.com,686 236 0356
Hailey,Siddon,Male,hsiddon83@illinois.edu,724 313 2999
Nahum,Davenell,Polygender,ndavenell84@posterous.com,791 148 2405
Elenore,Benditt,Female,ebenditt85@hibu.com,511 589 4652
Alis,Attrey,Female,aattrey86@redcross.org,616 304 6614
Quintina,Scutchings,Female,qscutchings87@newyorker.com,567 946 0648
Antoine,Hutcheons,Male,ahutcheons88@smugmug.com,262 925 4057
Enid,Ormesher,Female,eormesher89@weather.com,402 964 1691
Daffie,Starmont,Agender,dstarmont8a@lulu.com,566 326 9671
Xymenes,Antognelli,Genderqueer,xantognelli8b@ed.gov,523 545 9006
Stevena,McSkeagan,Female,smcskeagan8c@scientificamerican.com,384 474 6825
Shay,Cockaday,Bigender,scockaday8d@hugedomains.com,160 505 4169
Faunie,Raynham,Female,fraynham8e@seesaa.net,156 372 8330
Mozes,McBrier,Male,mmcbrier8f@angelfire.com,954 467 8974
Joelly,Ballinghall,Female,jballinghall8g@earthlink.net,172 378 4857
Jaquenette,Zecchi,Female,jzecchi8h@ycombinator.com,324 107 9566
Avis,Whittle,Female,awhittle8i@adobe.com,951 809 7642
Filip,Blakeston,Male,fblakeston8j@nps.gov,606 382 3288
Katrinka,Ashforth,Female,kashforth8k@theguardian.com,635 312 9532
Neda,Thresher,Female,nthresher8l@amazon.com,942 454 3381
Shelagh,Pley,Polygender,spley8m@time.com,441 286 0863
Cristian,Staples,Polygender,cstaples8n@hao123.com,916 383 4456
Reta,Stanners,Female,rstanners8o@upenn.edu,265 551 4348
Nessa,Lemarie,Female,nlemarie8p@va.gov,627 135 0641
Lu,Wyborn,Female,lwyborn8q@disqus.com,123 519 1879
Ginevra,Mityushkin,Female,gmityushkin8r@cyberchimps.com,647 412 8493
Jeffry,Ridgedell,Male,jridgedell8s@reddit.com,207 759 5158
Channa,Earsman,Female,cearsman8t@craigslist.org,767 330 5954
Barbee,Bilt,Female,bbilt8u@usnews.com,466 415 1523
Freddy,Mackstead,Female,fmackstead8v@mlb.com,159 314 5459
Elinor,Getty,Female,egetty8w@lulu.com,402 897 0483
Leonie,Manklow,Female,lmanklow8x@chronoengine.com,131 282 7314
Ali,Sommerland,Female,asommerland8y@mapy.cz,657 483 5082
Guthrie,Saleway,Male,gsaleway8z@spiegel.de,848 697 5227
Aaren,Top,Female,atop90@behance.net,518 151 6682
Claribel,Halsted,Female,chalsted91@vimeo.com,995 671 0682
Coreen,Shreve,Female,cshreve92@paypal.com,410 927 5078
Rena,Saylor,Female,rsaylor93@squarespace.com,657 571 8537
Siward,Worsall,Male,sworsall94@ted.com,103 346 4514
Gus,Golder,Male,ggolder95@virginia.edu,866 851 4460
Rosana,Bodemeaid,Female,rbodemeaid96@1688.com,183 889 7150
Loutitia,MacGilmartin,Female,lmacgilmartin97@ebay.com,234 544 3298
Guillema,Passo,Female,gpasso98@ocn.ne.jp,445 701 7538
Tannie,Broader,Male,tbroader99@domainmarket.com,940 328 1064
Sly,Basil,Male,sbasil9a@yolasite.com,858 462 6925
Aimil,Milella,Female,amilella9b@google.ru,251 949 4538
Xylina,Ferrelli,Female,xferrelli9c@etsy.com,844 152 8878
Annice,Pharaoh,Female,apharaoh9d@ameblo.jp,395 109 9738
Marlon,Farley,Male,mfarley9e@alibaba.com,880 989 4522
Marsiella,Yesichev,Female,myesichev9f@blog.com,865 252 4923
Kristina,Demkowicz,Female,kdemkowicz9g@wunderground.com,363 249 0804
Sigfrid,Dymott,Male,sdymott9h@dmoz.org,101 493 3935
Sheelah,Wenban,Female,swenban9i@go.com,738 657 1383
Joleen,Gumly,Female,jgumly9j@accuweather.com,885 108 0788
Odelle,Rawlyns,Female,orawlyns9k@imageshack.us,364 820 2339
Doyle,Andreini,Male,dandreini9l@cisco.com,935 470 7800
Jaclyn,Spiring,Genderfluid,jspiring9m@earthlink.net,411 271 7737
Herc,Muncie,Male,hmuncie9n@yolasite.com,123 545 0306
Cynthy,Janman,Female,cjanman9o@cam.ac.uk,675 128 5851
Darnell,Smalles,Genderqueer,dsmalles9p@vinaora.com,317 514 5773
Lorri,Spring,Female,lspring9q@google.com.au,290 509 4480
Emylee,Challinor,Female,echallinor9r@patch.com,220 130 1747
Evin,Cheeseman,Male,echeeseman9s@redcross.org,966 473 3580
Millard,McKissack,Male,mmckissack9t@tamu.edu,565 360 0634
Hiram,Iannuzzi,Male,hiannuzzi9u@pcworld.com,499 940 6126
Henriette,Piaggia,Female,hpiaggia9v@umich.edu,276 414 6606
Oona,Snasel,Female,osnasel9w@reuters.com,471 101 8583
Romeo,Hovee,Male,rhovee9x@accuweather.com,890 780 1003
Garwin,McCoughan,Male,gmccoughan9y@tamu.edu,208 251 4435
Jeffry,Palumbo,Male,jpalumbo9z@opensource.org,266 493 0241
Harbert,Renals,Male,hrenalsa0@google.com,866 891 4798
Shelby,Stillmann,Male,sstillmanna1@ehow.com,848 780 6161
Lyman,Grinsdale,Male,lgrinsdalea2@google.ca,346 229 9629
Giles,Daenen,Male,gdaenena3@businessweek.com,915 653 3281
Barnabas,Lohoar,Male,blohoara4@sohu.com,188 338 2640
Dina,Haskur,Female,dhaskura5@phoca.cz,378 257 7010
Moira,Swetenham,Female,mswetenhama6@quantcast.com,562 853 7043
Amelina,Wardingley,Female,awardingleya7@smh.com.au,309 417 4712
Gareth,Stubbert,Bigender,gstubberta8@ycombinator.com,532 249 5558
Peggie,Dmitrichenko,Female,pdmitrichenkoa9@bloglovin.com,527 213 6151
Maressa,Casotti,Female,mcasottiaa@about.com,397 887 7647
Sherilyn,Slite,Female,ssliteab@amazon.co.jp,595 159 2565
Lanny,Carpe,Male,lcarpeac@disqus.com,720 402 9059
Sholom,Potte,Agender,spottead@goodreads.com,322 655 3554
Yance,Iredell,Male,yiredellae@chicagotribune.com,406 855 0778
Demetrius,Couves,Male,dcouvesaf@wiley.com,575 475 5045
Field,Chrippes,Male,fchrippesag@home.pl,841 685 4316
Clareta,Lazar,Female,clazarah@narod.ru,712 293 5400
Ina,Watson-Brown,Female,iwatsonbrownai@bloomberg.com,683 343 0081
Natty,Lapworth,Male,nlapworthaj@trellian.com,954 304 7732
Matthiew,Cayton,Male,mcaytonak@princeton.edu,566 461 1481
Vi,Nicholls,Female,vnichollsal@moonfruit.com,567 560 5732
Dallis,Scarsbrick,Bigender,dscarsbrickam@bluehost.com,756 729 6550
Kirby,Philipeau,Female,kphilipeauan@sfgate.com,698 792 9345
Daffi,Reveley,Female,dreveleyao@com.com,222 513 1375
Torre,Ickowicz,Non-binary,tickowiczap@domainmarket.com,648 832 3297
Lois,Vassar,Bigender,lvassaraq@miibeian.gov.cn,750 230 2416
Brod,Stutte,Male,bstuttear@nba.com,181 186 0257
Iona,Stretton,Female,istrettonas@weibo.com,895 675 7104
Conny,Lavrick,Male,clavrickat@jiathis.com,785 692 4379
Guillermo,Sidary,Male,gsidaryau@answers.com,189 405 7633
Hilary,Paxforde,Female,hpaxfordeav@gnu.org,971 394 4730
Ddene,Tweed,Female,dtweedaw@cbsnews.com,774 749 2794
Gabriel,Bankes,Male,gbankesax@lulu.com,746 211 7909
Oswald,Augustin,Male,oaugustinay@bloglovin.com,435 355 0107
Alexandrina,Archdeckne,Female,aarchdeckneaz@netscape.com,390 710 0986
Myrwyn,Grundy,Male,mgrundyb0@cbc.ca,797 486 8172
Granger,Bamforth,Male,gbamforthb1@netvibes.com,326 856 0343
Bernarr,Bruggeman,Male,bbruggemanb2@dell.com,674 394 9503
Fiona,Brotherick,Female,fbrotherickb3@kickstarter.com,399 866 3746
Nichole,Loughhead,Male,nloughheadb4@dropbox.com,798 644 1231
Amelie,McKibbin,Agender,amckibbinb5@angelfire.com,224 810 1298
Thaddeus,Witul,Male,twitulb6@ted.com,760 195 4925
Corrina,Itzchaki,Polygender,citzchakib7@psu.edu,869 836 2730
Olivette,Jelphs,Female,ojelphsb8@zimbio.com,305 924 2268
Roman,Everingham,Male,reveringhamb9@marketwatch.com,142 243 3310
Adriano,Mawby,Male,amawbyba@nymag.com,582 919 2418
Quillan,Tebbs,Male,qtebbsbb@cocolog-nifty.com,202 246 0886
Amery,Logan,Male,aloganbc@noaa.gov,465 489 9484
Laney,Radford,Male,lradfordbd@accuweather.com,401 558 9163
Fred,Melato,Male,fmelatobe@google.ca,830 217 6891
Nancee,Kinzett,Female,nkinzettbf@huffingtonpost.com,388 549 5055
Danielle,Sachno,Female,dsachnobg@addtoany.com,675 760 6828
Aura,Esslement,Female,aesslementbh@ovh.net,805 112 7389
Trefor,Manilove,Male,tmanilovebi@google.nl,985 593 3642
Shani,Daoust,Female,sdaoustbj@prnewswire.com,838 469 2055
Hilda,Huyhton,Female,hhuyhtonbk@webmd.com,362 404 5966
Ealasaid,Widdowes,Female,ewiddowesbl@arstechnica.com,689 814 9845
Blair,Velasquez,Female,bvelasquezbm@purevolume.com,539 596 9986
Frederik,Sandeford,Male,fsandefordbn@liveinternet.ru,570 229 9200
Hazlett,Northen,Male,hnorthenbo@homestead.com,956 752 8989
Mace,Spurier,Male,mspurierbp@so-net.ne.jp,586 918 2147
Moll,Sergison,Female,msergisonbq@nih.gov,456 207 8092
Gan,Henmarsh,Male,ghenmarshbr@weather.com,722 503 9041
Salvador,Trent,Male,strentbs@addthis.com,641 245 5712
Bear,Shovelton,Male,bshoveltonbt@topsy.com,296 942 0483
Elaina,Kording,Female,ekordingbu@economist.com,284 985 1005
Joanna,Pacquet,Female,jpacquetbv@wordpress.org,574 859 9237
Katey,Loachhead,Female,kloachheadbw@nymag.com,492 920 3250
Tarrah,Southers,Female,tsouthersbx@cdbaby.com,500 180 9528
Siward,Tackle,Male,stackleby@forbes.com,698 275 1037
Antonio,Antat,Male,aantatbz@bigcartel.com,849 945 4743
Ferris,Kettel,Male,fkettelc0@epa.gov,490 267 3227
Mellie,Di Bartolomeo,Female,mdibartolomeoc1@usda.gov,427 119 2109
Greg,Knowlden,Male,gknowldenc2@123-reg.co.uk,261 337 4122
Mari,Every,Female,meveryc3@google.ru,350 425 0648
Natividad,Arington,Female,naringtonc4@intel.com,257 282 4264
Manfred,Croizier,Male,mcroizierc5@creativecommons.org,324 867 6179
Gradeigh,Newlove,Male,gnewlovec6@dropbox.com,514 657 8062
Jodi,Skones,Female,jskonesc7@bizjournals.com,664 760 1193
Tallia,Wines,Female,twinesc8@google.cn,139 922 3939
Lock,Paschke,Male,lpaschkec9@pinterest.com,103 108 4463
Annetta,Fraine,Non-binary,afraineca@jimdo.com,401 622 2872
Astrid,Sinclaire,Female,asinclairecb@aol.com,997 510 0595
Hansiain,Seiler,Male,hseilercc@wikipedia.org,880 779 8225
Grantley,Touzey,Male,gtouzeycd@home.pl,834 947 9089
Waylan,Rolfo,Male,wrolfoce@eepurl.com,101 734 7494
Sibylle,Kilmurry,Female,skilmurrycf@woothemes.com,315 720 2954
Nancie,O'Nolan,Female,nonolancg@admin.ch,627 521 7456
Muhammad,Pointing,Male,mpointingch@archive.org,693 727 1085
Ara,Davall,Agender,adavallci@columbia.edu,268 859 4053
Shaylynn,Byham,Female,sbyhamcj@hubpages.com,264 735 9741
Merle,Bagge,Female,mbaggeck@cornell.edu,184 407 6702
Stillmann,Scohier,Male,sscohiercl@pinterest.com,291 755 0611
Claude,Dikels,Female,cdikelscm@arizona.edu,874 377 3048
Natty,Glasscott,Male,nglasscottcn@behance.net,287 399 3923
Leon,Seviour,Male,lseviourco@amazon.co.uk,767 485 3492
Mufinella,Breewood,Female,mbreewoodcp@squidoo.com,715 851 2176
Rickie,Rubinek,Male,rrubinekcq@xinhuanet.com,681 944 6293
Silvester,McMillan,Male,smcmillancr@about.me,658 104 4451
Billye,MacNockater,Female,bmacnockatercs@mail.ru,645 676 1108
Betti,Marle,Female,bmarlect@timesonline.co.uk,305 263 6569
Padraic,Belton,Male,pbeltoncu@ft.com,715 397 2812
Alasteir,Pechell,Male,apechellcv@patch.com,208 739 5151
Selia,Suggitt,Female,ssuggittcw@ox.ac.uk,357 469 5338
Adelheid,Bulbrook,Female,abulbrookcx@usa.gov,378 209 3321
Early,Baybutt,Male,ebaybuttcy@g.co,904 124 0338
See,Lowe,Male,slowecz@fastcompany.com,911 352 3511
Byrle,Empleton,Male,bempletond0@freewebs.com,439 138 9790
Erminia,Oldland,Female,eoldlandd1@sogou.com,968 992 0667
Arvin,Dungate,Male,adungated2@techcrunch.com,205 900 4548
Nefen,Durtnel,Male,ndurtneld3@constantcontact.com,744 787 2760
Fowler,Cullen,Male,fcullend4@list-manage.com,597 726 9378
Alejoa,MacMeeking,Male,amacmeekingd5@sciencedirect.com,681 783 8682
Stacey,Gobeaux,Female,sgobeauxd6@google.ru,915 443 1462
Moina,Extal,Female,mextald7@cargocollective.com,487 887 7028
Glenn,Kurt,Male,gkurtd8@deviantart.com,920 528 1591
Nickie,Blacklock,Male,nblacklockd9@altervista.org,845 711 3053
Yasmin,Yacob,Female,yyacobda@reddit.com,121 831 1768
Bliss,Ulyatt,Female,bulyattdb@bloglovin.com,135 225 3289
Elliott,Kinde,Male,ekindedc@china.com.cn,491 990 6368
Dale,Perren,Male,dperrendd@amazonaws.com,223 678 6971
Earle,Skate,Male,eskatede@163.com,198 592 5332
Granthem,Sorton,Male,gsortondf@nih.gov,849 617 9822
Angelico,Pabel,Male,apabeldg@instagram.com,708 292 7545
Laurel,Moyes,Female,lmoyesdh@berkeley.edu,884 321 5055
Hadria,Palek,Female,hpalekdi@dropbox.com,836 469 7436
Yoshiko,Manuel,Female,ymanueldj@state.gov,267 319 7444
Karlotta,Luigi,Female,kluigidk@e-recht24.de,100 715 1205
Christoffer,Hankard,Male,chankarddl@bbc.co.uk,680 426 7178
Bryana,Goodding,Female,bgooddingdm@telegraph.co.uk,683 174 9832
Barney,Bickmore,Polygender,bbickmoredn@pinterest.com,295 401 1378
Maurits,Minucci,Male,mminuccido@marketwatch.com,823 551 5790
Johnna,Boyn,Female,jboyndp@constantcontact.com,493 287 4932
Duky,Aikett,Male,daikettdq@apple.com,913 695 1971
Isadora,Samwell,Female,isamwelldr@illinois.edu,944 621 4827
Zola,Maseyk,Female,zmaseykds@addtoany.com,919 483 5040
Noby,Dobkin,Male,ndobkindt@webmd.com,345 262 2161
Waylen,Hallede,Male,whallededu@upenn.edu,994 971 5325
Ave,Duchesne,Male,aduchesnedv@example.com,743 541 1856
Sashenka,Hanmer,Female,shanmerdw@about.me,688 256 8960
North,Triplet,Male,ntripletdx@gmpg.org,398 142 9753
Justine,Jedrzejczak,Female,jjedrzejczakdy@ftc.gov,231 313 4501
Ceciley,Scane,Female,cscanedz@posterous.com,555 565 1350
Farris,Kitchingham,Genderfluid,fkitchinghame0@nifty.com,578 934 9333
Meaghan,Burrage,Female,mburragee1@howstuffworks.com,216 287 7960
Lizzie,Ferney,Female,lferneye2@pagesperso-orange.fr,766 937 2013
Dukey,Winkett,Male,dwinkette3@com.com,256 358 6998
Ivan,Gribbell,Male,igribbelle4@cocolog-nifty.com,191 319 7581
James,Matzke,Male,jmatzkee5@youtube.com,992 981 6470
Cletus,Walas,Male,cwalase6@odnoklassniki.ru,489 715 5720
Roderich,Verdon,Male,rverdone7@webnode.com,330 475 0428
Glen,Gosart,Male,ggosarte8@ca.gov,882 197 6770
Renault,Barrar,Male,rbarrare9@go.com,473 211 6846
Benni,Steutly,Female,bsteutlyea@reuters.com,767 822 5464
Janina,Hinkens,Female,jhinkenseb@discuz.net,307 218 4132
Olly,Missen,Female,omissenec@zdnet.com,585 177 3116
Barnabas,Oakenfield,Male,boakenfielded@lycos.com,574 595 1251
Mile,Bettington,Male,mbettingtonee@live.com,725 777 8462
Roshelle,Prince,Female,rprinceef@rambler.ru,723 720 9397
Arron,Copas,Male,acopaseg@nbcnews.com,395 181 0639
Duke,McElree,Polygender,dmcelreeeh@wsj.com,618 946 4880
Grissel,Conway,Female,gconwayei@squidoo.com,630 722 2546
Brian,Greswell,Male,bgreswellej@hostgator.com,758 938 4489
Modesta,Silveston,Female,msilvestonek@illinois.edu,959 175 7164
Gustaf,Mowson,Male,gmowsonel@archive.org,632 853 5776
Thea,Asbury,Non-binary,tasburyem@cargocollective.com,176 339 5996
Berte,Chislett,Genderqueer,bchisletten@delicious.com,767 359 1459
Violante,Knappett,Female,vknappetteo@dell.com,532 311 7282
Hailey,Ginger,Male,hgingerep@e-recht24.de,938 983 8470
Sorcha,Izakov,Female,sizakoveq@issuu.com,764 832 5455
Ulick,Seamark,Male,useamarker@goodreads.com,630 289 7611
Sully,Darwent,Male,sdarwentes@ucsd.edu,650 590 9058
Rene,Zelake,Male,rzelakeet@topsy.com,811 813 6200
Jessalyn,Ruppertz,Female,jruppertzeu@elegantthemes.com,735 225 1490
Monti,Arbuckle,Non-binary,marbuckleev@google.ru,108 764 7476
Ray,Medina,Male,rmedinaew@yahoo.com,406 926 1894
Virgina,Delgaty,Female,vdelgatyex@seattletimes.com,874 152 7005
Gery,Dunnico,Male,gdunnicoey@sitemeter.com,571 496 5163
Reggi,Morling,Female,rmorlingez@webnode.com,619 402 8299
Christa,de Clercq,Female,cdeclercqf0@wunderground.com,927 402 1102
Elyssa,Reboulet,Female,erebouletf1@upenn.edu,260 724 9608
Masha,Parlott,Female,mparlottf2@behance.net,756 208 5182
Benedick,Gerrad,Male,bgerradf3@alibaba.com,323 236 1920
Ardelia,Crosdill,Agender,acrosdillf4@businessweek.com,963 829 3642
Reginauld,Minihane,Male,rminihanef5@hud.gov,634 560 0798
Ashla,Piet,Female,apietf6@arstechnica.com,220 763 3310
Timothee,Haskew,Male,thaskewf7@uol.com.br,232 362 0878
Sile,Nutt,Female,snuttf8@google.co.uk,436 937 5436
Garnette,Gadsden,Female,ggadsdenf9@foxnews.com,863 364 3499
Dominica,Chidley,Genderqueer,dchidleyfa@vk.com,259 413 2343
Brit,Oaker,Male,boakerfb@dagondesign.com,819 188 4839
Natka,Bussell,Female,nbussellfc@umich.edu,873 644 2403
Web,Spellecy,Male,wspellecyfd@wired.com,109 763 2445
Jackson,Titcombe,Agender,jtitcombefe@noaa.gov,702 148 7865
Murial,Girard,Female,mgirardff@dion.ne.jp,319 464 8217
Clarey,Duplan,Non-binary,cduplanfg@harvard.edu,769 550 1730
Calvin,Byars,Male,cbyarsfh@storify.com,736 527 4989
Catarina,Siseland,Female,csiselandfi@comsenz.com,345 657 8803
Norean,Grevatt,Female,ngrevattfj@blog.com,984 108 4356
York,Culbert,Male,yculbertfk@stanford.edu,162 938 8997
Max,Duggon,Male,mduggonfl@alibaba.com,147 601 9929
Agnesse,Whodcoat,Female,awhodcoatfm@altervista.org,197 490 0462
Jecho,Lovett,Male,jlovettfn@facebook.com,393 910 8785
Ericha,Dunklee,Female,edunkleefo@netvibes.com,175 594 9936
Everard,Kee,Male,ekeefp@sbwire.com,754 978 8100
Payton,Speke,Male,pspekefq@squidoo.com,534 980 7136
Rosmunda,Trevethan,Genderqueer,rtrevethanfr@amazonaws.com,641 321 6541
Jone,Dellenbach,Male,jdellenbachfs@youtu.be,452 453 2184
Horatia,Baignard,Female,hbaignardft@cafepress.com,701 154 0561
Crichton,Raylton,Male,crayltonfu@exblog.jp,588 889 4368
Steffane,Montfort,Female,smontfortfv@unblog.fr,813 663 8535
Elie,Burling,Female,eburlingfw@acquirethisname.com,814 400 4672
Alana,Beavington,Female,abeavingtonfx@tripadvisor.com,130 952 8998
Karlene,Tulleth,Female,ktullethfy@amazon.de,706 793 0791
Nellie,Mackerel,Female,nmackerelfz@statcounter.com,618 718 8575
Ola,Giovannilli,Female,ogiovannillig0@washington.edu,159 796 3893
Jessie,Wyrill,Female,jwyrillg1@dailymail.co.uk,150 397 8720
Lem,Russe,Male,lrusseg2@utexas.edu,868 759 6578
Aurore,Hinzer,Female,ahinzerg3@creativecommons.org,599 381 3485
Rutherford,Prowse,Male,rprowseg4@mashable.com,704 457 7447
Brear,Nanninini,Female,bnannininig5@facebook.com,648 285 6698
Lonnie,Maddra,Male,lmaddrag6@sitemeter.com,279 535 7774
Leopold,Templeman,Male,ltemplemang7@skyrock.com,310 362 5476
Mile,Instrell,Male,minstrellg8@tiny.cc,756 196 4711
Marianne,Wettern,Female,mwetterng9@seesaa.net,943 798 3344
Taddeusz,Yankeev,Male,tyankeevga@deviantart.com,721 107 5979
Dore,Inglish,Female,dinglishgb@fastcompany.com,346 604 6847
Conrado,Megroff,Male,cmegroffgc@bravesites.com,958 940 8968
Bartlett,Balcers,Male,bbalcersgd@ted.com,301 579 4383
Mervin,Jados,Male,mjadosge@bloglovin.com,281 932 0960
Barby,Mellor,Female,bmellorgf@huffingtonpost.com,458 770 8853
Freda,Fairclough,Female,ffaircloughgg@indiegogo.com,690 878 0183
Daryn,Very,Female,dverygh@webs.com,168 515 7798
Dori,Oseland,Female,doselandgi@4shared.com,455 863 9470
Warren,Geard,Male,wgeardgj@examiner.com,833 526 6112
Martguerita,Jaynes,Female,mjaynesgk@techcrunch.com,472 288 6662
Shermy,Keaveny,Male,skeavenygl@nps.gov,429 244 4261
Jada,Meadley,Female,jmeadleygm@meetup.com,319 515 4241
Dora,Lutty,Female,dluttygn@oakley.com,396 978 7318
Isaac,Balcers,Male,ibalcersgo@wsj.com,929 867 1375
Colby,Jotcham,Male,cjotchamgp@mail.ru,722 379 0015
Allison,Mews,Bigender,amewsgq@diigo.com,835 635 2002
Ninette,Jewitt,Female,njewittgr@deliciousdays.com,437 657 3799
Lannie,Ghilardini,Male,lghilardinigs@ezinearticles.com,252 973 7266
Marline,Willard,Female,mwillardgt@themeforest.net,777 667 4997
Kristofor,Burr,Male,kburrgu@github.com,640 380 8226
Faith,Vobes,Female,fvobesgv@fotki.com,954 117 1340
Kaleb,Braidon,Male,kbraidongw@microsoft.com,955 262 9241
Morse,Jozwik,Male,mjozwikgx@netlog.com,685 850 2216
Mignonne,Dennistoun,Female,mdennistoungy@umn.edu,444 812 8505
Jeri,Eskrick,Female,jeskrickgz@macromedia.com,368 820 9807
Jard,Hebden,Male,jhebdenh0@fotki.com,893 977 1204
Nye,Cowpland,Male,ncowplandh1@state.gov,760 926 2889
Ramonda,Warricker,Genderqueer,rwarrickerh2@i2i.jp,581 592 8707
Belinda,Emmison,Female,bemmisonh3@howstuffworks.com,464 375 1967
Allene,Hitzmann,Non-binary,ahitzmannh4@delicious.com,735 487 1893
Chico,Dobson,Male,cdobsonh5@statcounter.com,832 437 0217
Deb,Hanton,Female,dhantonh6@cbc.ca,696 754 7377
Nike,Varley,Female,nvarleyh7@wisc.edu,329 728 0181
Delbert,Collum,Male,dcollumh8@bbb.org,900 307 3804
Zacharia,Slocum,Male,zslocumh9@taobao.com,918 670 1235
Lalo,Coners,Male,lconersha@cafepress.com,484 514 7816
Clare,Southouse,Bigender,csouthousehb@tripadvisor.com,931 161 7528
Margarete,Humpatch,Female,mhumpatchhc@is.gd,794 983 0544
Alvera,Lohrensen,Female,alohrensenhd@scientificamerican.com,533 544 1291
Malachi,Masser,Male,mmasserhe@clickbank.net,675 941 5959
Diarmid,Yearns,Male,dyearnshf@xing.com,851 650 8666
Thaxter,Sawle,Male,tsawlehg@independent.co.uk,502 126 1403
Zea,Nilles,Female,znilleshh@prlog.org,326 737 3852
Marlene,Tow,Female,mtowhi@elpais.com,865 909 6247
Kimmy,Boame,Female,kboamehj@ihg.com,956 871 2127
Heriberto,Genese,Male,hgenesehk@cbc.ca,892 405 4854
Georas,Duiged,Male,gduigedhl@ox.ac.uk,571 968 3732
Jesse,Giacopazzi,Male,jgiacopazzihm@guardian.co.uk,576 448 2435
Bernelle,Eadmead,Female,beadmeadhn@google.cn,892 693 9564
Gwynne,Bernath,Female,gbernathho@soup.io,198 609 8741
Isobel,Roydon,Female,iroydonhp@e-recht24.de,752 768 1085
Berni,Clubbe,Female,bclubbehq@shareasale.com,437 758 5745
Sarah,Hovenden,Female,shovendenhr@wisc.edu,400 535 9277
Milt,Bednall,Male,mbednallhs@miibeian.gov.cn,100 477 8084
Nanine,Gager,Female,ngagerht@timesonline.co.uk,622 418 0238
Dorthea,Rickesies,Female,drickesieshu@walmart.com,300 744 5477
Sadella,Cawdery,Female,scawderyhv@tamu.edu,674 485 9182
Tanitansy,Willmott,Female,twillmotthw@apache.org,451 246 7052
Ronnie,Copnall,Male,rcopnallhx@acquirethisname.com,806 560 0989
Bunnie,O'Murtagh,Female,bomurtaghhy@fema.gov,948 545 5352
Winne,Obington,Female,wobingtonhz@shutterfly.com,996 505 6108
Mano,Meneyer,Male,mmeneyeri0@skype.com,926 632 8576
Goldarina,Godfray,Female,ggodfrayi1@spotify.com,162 769 2843
Electra,Hellyer,Female,ehellyeri2@dailymotion.com,645 852 2005
Adriana,MacKilroe,Female,amackilroei3@freewebs.com,290 908 2242
Rosabelle,Doubrava,Female,rdoubravai4@cyberchimps.com,828 530 4420
Frederic,Lanney,Male,flanneyi5@tuttocitta.it,791 550 5424
Sheridan,Sargood,Male,ssargoodi6@myspace.com,250 204 6677
Cecile,Headings,Female,cheadingsi7@ucoz.ru,367 139 7716
Pepi,Hitter,Female,phitteri8@sun.com,339 416 1982
Peyter,Rawkesby,Male,prawkesbyi9@geocities.com,965 359 8623
Cooper,Kesteven,Male,ckestevenia@java.com,596 266 6860
Ron,Cadd,Male,rcaddib@ifeng.com,552 950 9784
Leila,Mordue,Female,lmordueic@census.gov,298 778 8495
Collette,Kief,Female,ckiefid@redcross.org,145 825 1116
Violante,Ramsted,Female,vramstedie@samsung.com,923 615 3387
Annelise,Shuttle,Female,ashuttleif@techcrunch.com,981 720 9119
Zara,Jeays,Female,zjeaysig@miibeian.gov.cn,200 351 2080
Ashil,Beumant,Female,abeumantih@wikia.com,987 269 9751
Rance,Scranney,Male,rscranneyii@meetup.com,250 583 1908
Torre,Wegman,Male,twegmanij@toplist.cz,686 428 2565
Son,Levis,Male,slevisik@multiply.com,946 724 2144
Trudie,Newsham,Female,tnewshamil@hatena.ne.jp,777 142 7867
Edi,Josifovic,Female,ejosifovicim@yellowbook.com,683 730 1845
Lazaro,Aldcorn,Male,laldcornin@cnn.com,854 353 5985
Monah,MacWhirter,Genderqueer,mmacwhirterio@networkadvertising.org,111 610 7618
Remy,Mercer,Female,rmercerip@dell.com,243 579 0020
Luisa,Luna,Agender,llunaiq@umn.edu,860 210 2260
Stavro,O'Breen,Male,sobreenir@google.com.au,208 342 3827
Kellyann,Fellibrand,Female,kfellibrandis@theguardian.com,281 482 2414
Steve,Liddard,Male,sliddardit@hexun.com,311 318 7622
Clyve,Pitchford,Male,cpitchfordiu@fotki.com,330 484 7382
Rebekkah,Greenroad,Female,rgreenroadiv@bloomberg.com,893 682 2082
Matty,Baily,Female,mbailyiw@yellowpages.com,945 884 5444
Trenton,Kulver,Male,tkulverix@webeden.co.uk,380 494 4537
Krystal,Sunley,Female,ksunleyiy@wikimedia.org,997 622 5352
Marshal,Wilks,Male,mwilksiz@paginegialle.it,116 765 7529
Engelbert,Lemme,Male,elemmej0@tmall.com,874 934 5501
Deeann,Benger,Female,dbengerj1@fc2.com,516 385 5311
Gerrie,Reschke,Female,greschkej2@blogger.com,646 623 7214
Miquela,Danson,Female,mdansonj3@edublogs.org,828 297 9773
Buckie,Sturge,Male,bsturgej4@e-recht24.de,888 417 1959
Maude,Vicioso,Female,mviciosoj5@mtv.com,934 415 0591
Herbie,Hunnicutt,Male,hhunnicuttj6@flickr.com,463 659 2117
Karylin,Ghilardi,Female,kghilardij7@bigcartel.com,852 112 7263
Tadio,Ludlom,Male,tludlomj8@nifty.com,160 900 4730
Baudoin,Chippendale,Male,bchippendalej9@odnoklassniki.ru,226 241 3429
Barde,Hambright,Male,bhambrightja@sakura.ne.jp,164 426 5211
Jessica,Goulbourn,Female,jgoulbournjb@ebay.co.uk,212 663 7188
Thekla,Geroldini,Female,tgeroldinijc@forbes.com,701 124 0855
Isaak,Petch,Male,ipetchjd@forbes.com,254 869 5688
Nana,Opy,Female,nopyje@columbia.edu,793 113 8285
Dotty,Surcomb,Female,dsurcombjf@abc.net.au,268 942 6357
Che,Wastie,Male,cwastiejg@tripadvisor.com,374 141 6653
Brietta,Feirn,Female,bfeirnjh@phpbb.com,478 367 7279
Pearce,Thunnercliff,Male,pthunnercliffji@unc.edu,383 229 1182
Reid,Boundey,Male,rboundeyjj@w3.org,121 314 6462
Wesley,Yegorev,Male,wyegorevjk@upenn.edu,106 787 5939
Steve,Ferentz,Male,sferentzjl@fotki.com,923 296 4376
Davis,Ribeiro,Male,dribeirojm@ning.com,405 433 7755
Margret,Spurryer,Female,mspurryerjn@china.com.cn,737 471 1370
Iormina,Anstey,Female,iansteyjo@elegantthemes.com,209 392 3147
Audra,Swatheridge,Female,aswatheridgejp@craigslist.org,964 390 6782
Filmer,Hunstone,Male,fhunstonejq@washington.edu,501 183 6987
Nicola,Crichley,Male,ncrichleyjr@mysql.com,177 152 4223
Cyndia,Whitelaw,Female,cwhitelawjs@weebly.com,791 779 4865
Benton,McClintock,Male,bmcclintockjt@clickbank.net,634 772 4780
Kial,McKinney,Bigender,kmckinneyju@aol.com,520 359 3007
Missy,Ofield,Female,mofieldjv@newsvine.com,954 642 9302
Gray,Mattiuzzi,Male,gmattiuzzijw@printfriendly.com,412 726 7450
Nonna,Bevan,Bigender,nbevanjx@prnewswire.com,665 301 9588
Tracey,Wenman,Male,twenmanjy@nydailynews.com,284 444 4538
Bendick,Clyne,Male,bclynejz@arstechnica.com,353 442 0903
Elset,Ianinotti,Female,eianinottik0@ca.gov,159 527 3540
Alick,Wolver,Male,awolverk1@paypal.com,842 206 2653
Mathe,Ferneley,Male,mferneleyk2@arizona.edu,378 472 5989
Prudi,Klimushev,Female,pklimushevk3@eepurl.com,200 978 8978
Cobbie,Bloss,Male,cblossk4@webnode.com,188 612 5721
Heinrick,McFetridge,Male,hmcfetridgek5@ebay.com,664 438 8781
Zollie,Olczak,Male,zolczakk6@ox.ac.uk,254 664 3678
Norby,Raven,Male,nravenk7@yale.edu,206 954 2453
Edwina,Fazan,Female,efazank8@diigo.com,159 494 5156
Darleen,Sanches,Female,dsanchesk9@prnewswire.com,265 351 5815
Alric,De Gogay,Male,adegogayka@wikia.com,422 769 6612
Bev,Delgadillo,Male,bdelgadillokb@bbc.co.uk,518 195 8953
Taffy,Cansdill,Female,tcansdillkc@ted.com,379 741 0137
Roma,Demange,Male,rdemangekd@constantcontact.com,595 542 4188
Bruce,Blackaby,Male,bblackabyke@smh.com.au,340 120 9295
Adolphe,Brothwood,Male,abrothwoodkf@mlb.com,232 331 4424
Linn,Kissell,Female,lkissellkg@google.pl,373 207 2237
Ryley,Senn,Male,rsennkh@arizona.edu,823 419 0705
Bernadina,Smitheman,Female,bsmithemanki@nih.gov,508 503 3154
Elna,Parks,Female,eparkskj@unc.edu,712 968 4977
Aggy,Thurstan,Female,athurstankk@is.gd,321 908 3089
Wandie,Poskitt,Genderqueer,wposkittkl@e-recht24.de,484 577 8940
Ardelle,Fley,Female,afleykm@columbia.edu,591 192 4804
Flin,Zorener,Male,fzorenerkn@cmu.edu,991 277 6627
Temple,Kinnin,Male,tkinninko@discovery.com,846 702 3418
Lorilyn,Jelks,Female,ljelkskp@sun.com,990 841 4223
Silvio,Hanretty,Polygender,shanrettykq@squarespace.com,820 873 0394
Alyss,Tight,Female,atightkr@4shared.com,108 148 0622
Pearl,Sambidge,Female,psambidgeks@sbwire.com,888 912 1054
Nate,Leithgoe,Male,nleithgoekt@woothemes.com,631 194 3937
Stafford,Kelsey,Polygender,skelseyku@aboutads.info,563 574 5559
Giselle,Gathwaite,Female,ggathwaitekv@google.com.br,378 723 5493
Vince,Plesing,Male,vplesingkw@devhub.com,526 654 2417
Fred,Fourcade,Female,ffourcadekx@e-recht24.de,431 374 9826
Phyllis,Ford,Female,pfordky@studiopress.com,537 473 0701
Trescha,Beedell,Female,tbeedellkz@paypal.com,243 835 2712
Honey,Willcot,Female,hwillcotl0@youtu.be,452 541 8723
Kendra,Shaul,Female,kshaull1@people.com.cn,669 339 4602
Reube,Baber,Male,rbaberl2@stumbleupon.com,630 460 1851
Tye,Boick,Male,tboickl3@plala.or.jp,682 650 2872
Free,Risborough,Male,frisboroughl4@utexas.edu,828 642 6471
Alexis,Haselden,Male,ahaseldenl5@walmart.com,906 508 8463
Bret,Isakov,Male,bisakovl6@imdb.com,645 755 5727
Stevy,Eberst,Male,seberstl7@aol.com,963 566 5767
Gweneth,Maro,Genderqueer,gmarol8@google.com.br,359 958 9319
Penny,Calderonello,Female,pcalderonellol9@xrea.com,782 514 2216
Vallie,Lynde,Genderfluid,vlyndela@alexa.com,342 590 3837
Tammy,MacLese,Female,tmacleselb@mit.edu,276 293 9076
Fairfax,Wines,Male,fwineslc@ucoz.ru,352 878 0278
Reeva,Streeter,Female,rstreeterld@utexas.edu,789 631 4745
Bank,Sparham,Polygender,bsparhamle@cafepress.com,158 965 9803
Lorelle,Brearton,Female,lbreartonlf@qq.com,642 811 9596
Giulio,Bramble,Male,gbramblelg@dedecms.com,885 962 6434
Verine,Viggars,Female,vviggarslh@techcrunch.com,357 996 7116
Lainey,Slatter,Female,lslatterli@mysql.com,223 601 7787
Layla,Parram,Genderqueer,lparramlj@usnews.com,325 762 8794
Kendal,Orto,Male,kortolk@globo.com,131 558 0660
Axel,Clarridge,Agender,aclarridgell@phoca.cz,751 734 0778
Kellby,Ogger,Male,koggerlm@amazon.de,869 107 2207
Sharon,Kirke,Bigender,skirkeln@msn.com,672 404 0329
Mahalia,Friary,Female,mfriarylo@businessinsider.com,667 426 8051
Silva,Marval,Female,smarvallp@wp.com,846 773 9026
Cy,Beeho,Genderfluid,cbeeholq@opensource.org,916 867 9989
Emilio,Varnals,Male,evarnalslr@mozilla.org,429 762 6244
Jewell,Frankowski,Female,jfrankowskils@cdc.gov,474 725 3692
Teodoor,Causnett,Male,tcausnettlt@goo.ne.jp,242 716 2516
Elisha,Campaigne,Male,ecampaignelu@msu.edu,975 161 8618
Rabi,Witsey,Male,rwitseylv@cisco.com,215 198 2244
Daria,Geldard,Polygender,dgeldardlw@rediff.com,728 253 8451
Rosetta,Dundredge,Female,rdundredgelx@drupal.org,813 932 7063
Roxi,Hawley,Female,rhawleyly@nhs.uk,105 783 0718
Lavina,Castillo,Female,lcastillolz@wiley.com,101 829 9547
Ekaterina,Connor,Female,econnorm0@shinystat.com,656 485 8155
Saxon,Grotty,Male,sgrottym1@theguardian.com,461 508 2758
Mellicent,Moynihan,Female,mmoynihanm2@drupal.org,105 236 5902
Algernon,Wigley,Male,awigleym3@lycos.com,668 202 5159
Emelda,Mawby,Female,emawbym4@pinterest.com,885 392 0560
Kenny,Huburn,Male,khuburnm5@shutterfly.com,272 445 8014
Harwell,Whyberd,Male,hwhyberdm6@cnn.com,872 348 9675
Marysa,Antusch,Female,mantuschm7@prnewswire.com,682 890 2923
Loralyn,Lissett,Female,llissettm8@squarespace.com,178 182 8065
Katherina,Briand,Female,kbriandm9@noaa.gov,341 514 9592
Joella,Mawby,Female,jmawbyma@constantcontact.com,808 855 3277
Terence,Tink,Male,ttinkmb@tuttocitta.it,606 179 8796
Brod,Harford,Male,bharfordmc@berkeley.edu,675 653 2275
Joannes,Eliassen,Female,jeliassenmd@mapy.cz,858 128 9229
Glenda,Buckby,Female,gbuckbyme@dagondesign.com,809 180 1147
Jeannette,Poston,Female,jpostonmf@hatena.ne.jp,314 819 2673
Ezri,Dowry,Male,edowrymg@rambler.ru,697 994 9814
Sky,Singyard,Agender,ssingyardmh@intel.com,649 135 0054
Berk,Sewley,Male,bsewleymi@mapquest.com,592 704 1676
Brand,Eakeley,Male,beakeleymj@tuttocitta.it,924 172 8774
Patti,Frowing,Female,pfrowingmk@wired.com,222 203 4968
Sara,Tester,Female,stesterml@jugem.jp,262 916 0652
Tansy,Gimson,Polygender,tgimsonmm@ning.com,158 537 2559
Ennis,Gittings,Bigender,egittingsmn@seattletimes.com,712 150 2564
Neall,Painter,Male,npaintermo@bing.com,280 306 8138
Simone,Chrisp,Male,schrispmp@google.it,334 736 4990
Floris,Perris,Female,fperrismq@issuu.com,121 748 0204
Robby,Glennie,Male,rglenniemr@chronoengine.com,848 154 9100
Enriqueta,Bever,Female,ebeverms@wiley.com,238 350 6569
Cristy,Kemmer,Female,ckemmermt@businessweek.com,348 667 9009
Lucais,Farrar,Male,lfarrarmu@exblog.jp,930 938 6797
Thorny,Pfaffel,Male,tpfaffelmv@t.co,134 515 7541
Gratia,Hauck,Female,ghauckmw@comcast.net,455 220 9592
Savina,Zielinski,Female,szielinskimx@ocn.ne.jp,256 600 7193
Sigismund,Scholler,Male,sschollermy@slashdot.org,121 314 8328
Elmira,Prydden,Female,epryddenmz@mysql.com,343 948 9077
Gabi,Selwyn,Male,gselwynn0@i2i.jp,173 973 3598
Antons,Dimmer,Male,adimmern1@mayoclinic.com,678 946 3215
Ransom,Huddart,Agender,rhuddartn2@apache.org,739 965 4543
Thorsten,Lytlle,Agender,tlytllen3@about.com,741 795 1714
Layton,Fosse,Male,lfossen4@sourceforge.net,264 414 1706
Rorie,Buckenhill,Genderfluid,rbuckenhilln5@geocities.com,432 108 3413
Jorry,Tewnion,Polygender,jtewnionn6@npr.org,902 321 8850
Dick,Griffe,Male,dgriffen7@webmd.com,724 856 1720
Lars,Whitmell,Male,lwhitmelln8@zimbio.com,583 327 1196
Donnajean,Jirick,Female,djirickn9@nba.com,837 377 8917
Martelle,Onyon,Female,monyonna@dell.com,462 686 4219
Porty,Roseman,Male,prosemannb@homestead.com,215 813 4282
Adriano,Garnsworth,Male,agarnsworthnc@answers.com,878 626 7615
Murdock,Masselin,Male,mmasselinnd@china.com.cn,195 196 2161
Killian,Brogioni,Male,kbrogionine@jiathis.com,865 990 8561
Ian,Kenneway,Non-binary,ikennewaynf@ca.gov,472 925 2737
Lee,Duchasteau,Female,lduchasteaung@unc.edu,998 816 6607
Minta,Billitteri,Female,mbillitterinh@phoca.cz,380 971 3520
Dale,Thomel,Agender,dthomelni@clickbank.net,115 818 5177
Elvyn,Bulter,Male,ebulternj@i2i.jp,253 128 8274
Valaria,Kenright,Female,vkenrightnk@tinypic.com,501 718 2219
Fowler,Ough,Male,foughnl@huffingtonpost.com,298 650 9102
Ade,Paynter,Male,apaynternm@theguardian.com,659 462 7693
Stanford,Pugsley,Male,spugsleynn@de.vu,433 847 2785
Miltie,Beldon,Male,mbeldonno@latimes.com,257 491 2816
Walsh,Jarmaine,Male,wjarmainenp@4shared.com,854 511 3759
Birk,Pyvis,Male,bpyvisnq@163.com,193 735 2263
Abram,Gritten,Male,agrittennr@webnode.com,735 906 0666
Francklin,Dermot,Male,fdermotns@tinypic.com,442 104 1833
Barth,Fenney,Male,bfenneynt@wiley.com,457 607 9711
Mathian,McCumesky,Male,mmccumeskynu@biblegateway.com,323 261 3111
Blake,Molan,Female,bmolannv@hp.com,386 394 1959
Urbano,Croose,Male,ucroosenw@un.org,487 939 1474
Nicolai,Vernazza,Genderfluid,nvernazzanx@geocities.jp,241 162 1163
Gustavus,Swale,Male,gswaleny@drupal.org,233 725 5486
Teddie,Pitkin,Male,tpitkinnz@answers.com,395 146 5738
Karia,Daniaud,Female,kdaniaudo0@elpais.com,966 676 3631
Ramonda,Hyndley,Bigender,rhyndleyo1@imgur.com,227 620 1100
Melvyn,Washington,Male,mwashingtono2@hubpages.com,227 336 5887
Heath,Emor,Female,hemoro3@youtu.be,447 973 7803
Kim,Ratnage,Female,kratnageo4@google.co.uk,339 929 4741
Tore,Portress,Male,tportresso5@webnode.com,241 542 0962
Vinson,Smithend,Male,vsmithendo6@adobe.com,799 204 3017
Ephrayim,Heckney,Male,eheckneyo7@si.edu,316 294 0186
Joachim,Coolson,Male,jcoolsono8@omniture.com,874 766 7736
Florenza,St. Clair,Female,fstclairo9@feedburner.com,468 773 5846
Burtie,Worboy,Male,bworboyoa@yahoo.co.jp,611 324 3599
Yank,Danes,Male,ydanesob@arizona.edu,646 434 9210
Laughton,Feria,Male,lferiaoc@hubpages.com,736 709 4711
Maxwell,Thickpenny,Male,mthickpennyod@prlog.org,246 708 7402
Harriet,Westpfel,Female,hwestpfeloe@google.ca,199 189 3129
Emmaline,Baythorp,Female,ebaythorpof@phoca.cz,870 746 1645
Emyle,Perrington,Non-binary,eperringtonog@go.com,942 481 8040
Shelly,Jobey,Female,sjobeyoh@ow.ly,935 809 9082
Arlette,Amey,Female,aameyoi@senate.gov,886 567 8755
Steward,Lording,Male,slordingoj@exblog.jp,514 646 3054
Ephrayim,Sandaver,Male,esandaverok@wsj.com,579 789 8777
Verne,Wardale,Non-binary,vwardaleol@de.vu,272 848 7800
Rorke,Dymott,Male,rdymottom@ibm.com,771 120 5262
Scarlett,Rehorek,Female,srehorekon@last.fm,929 413 9992
Dougie,Elbourne,Male,delbourneoo@hud.gov,789 665 3601
Heywood,Togher,Male,htogherop@noaa.gov,627 131 7740
Alonzo,Pideon,Male,apideonoq@theatlantic.com,804 401 0764
Kirstyn,Bolus,Female,kbolusor@archive.org,771 329 5221
Shell,Capsey,Male,scapseyos@smh.com.au,843 252 8080
Wilburt,Pierson,Bigender,wpiersonot@netvibes.com,889 428 0340
Erroll,Fackney,Male,efackneyou@freewebs.com,798 276 4626
Randal,Prendergrass,Male,rprendergrassov@craigslist.org,809 298 4094
Pace,Bum,Male,pbumow@cbslocal.com,532 979 3501
Ernestus,Hassur,Male,ehassurox@sohu.com,749 934 0060
Morena,De Bruijn,Female,mdebruijnoy@parallels.com,164 435 0659
Demetris,Lieber,Female,dlieberoz@macromedia.com,709 538 9080
Joe,Povlsen,Male,jpovlsenp0@soundcloud.com,847 866 0224
Cecile,Janoschek,Female,cjanoschekp1@hao123.com,608 700 5909
Bobinette,Rosengarten,Bigender,brosengartenp2@histats.com,714 912 1274
Marga,Driscoll,Female,mdriscollp3@tamu.edu,880 262 5142
Forest,Hakking,Male,fhakkingp4@123-reg.co.uk,898 692 2942
Othelia,Harvard,Agender,oharvardp5@webnode.com,627 592 4419
Lorilyn,Grouvel,Female,lgrouvelp6@cnbc.com,587 111 6015
Hulda,Sellstrom,Bigender,hsellstromp7@xing.com,265 946 0693
Dorothy,Peacock,Female,dpeacockp8@ucoz.ru,442 306 9448
Atlanta,Simonazzi,Female,asimonazzip9@scribd.com,935 792 8237
Adrienne,Ruffy,Female,aruffypa@bluehost.com,372 237 5462
Yasmin,Fear,Female,yfearpb@bloglovin.com,929 775 5082
Garwood,Feaveryear,Male,gfeaveryearpc@github.io,227 962 3685
Ellynn,O'Sherrin,Genderfluid,eosherrinpd@cloudflare.com,657 855 9260
Cathryn,Koppelmann,Bigender,ckoppelmannpe@facebook.com,742 162 0700
Angela,Jados,Female,ajadospf@alibaba.com,894 545 1011
Andy,Sybry,Female,asybrypg@timesonline.co.uk,455 636 5774
Sibyl,Hubbold,Female,shubboldph@flickr.com,124 560 9679
Henrie,Buttner,Female,hbuttnerpi@moonfruit.com,622 329 8158
Lark,Revington,Female,lrevingtonpj@hugedomains.com,943 467 9208
Shalom,Biasini,Male,sbiasinipk@sciencedirect.com,147 442 1318
Cathrin,Millbank,Female,cmillbankpl@wikispaces.com,717 113 4438
Myrvyn,Abbet,Male,mabbetpm@scribd.com,788 915 1701
Herby,Farryan,Male,hfarryanpn@ucla.edu,629 935 8290
Quint,Pendlebury,Male,qpendleburypo@google.com.br,229 548 6278
Gilberto,Akett,Male,gakettpp@imgur.com,351 670 6522
Marsha,Redsull,Female,mredsullpq@com.com,848 956 3637
Tymon,MacKereth,Male,tmackerethpr@cisco.com,940 301 3102
Zared,Fallanche,Male,zfallancheps@omniture.com,137 342 1009
Cissiee,Barth,Female,cbarthpt@ibm.com,946 466 1080
Neddy,Saunders,Male,nsaunderspu@ezinearticles.com,954 214 5612
Orazio,Symper,Male,osymperpv@yolasite.com,125 201 5321
Eben,Audas,Male,eaudaspw@princeton.edu,450 352 7320
Rosabella,Farrear,Female,rfarrearpx@admin.ch,871 569 6789
Hobard,Crinidge,Male,hcrinidgepy@bluehost.com,661 183 5805
Lorine,Casiroli,Female,lcasirolipz@pen.io,106 365 6994
Bernetta,Cavanaugh,Female,bcavanaughq0@washingtonpost.com,441 928 3164
Piggy,Curston,Male,pcurstonq1@etsy.com,876 917 5424
Joe,Hunnam,Male,jhunnamq2@wikipedia.org,674 511 9671
Ricki,Utley,Female,rutleyq3@mapy.cz,746 769 4027
Sylas,Snalham,Male,ssnalhamq4@mozilla.org,212 267 5565
Rodolph,Ebi,Male,rebiq5@cargocollective.com,649 277 6724
Jami,Maiklem,Non-binary,jmaiklemq6@nytimes.com,906 215 9350
Joannes,Vankeev,Female,jvankeevq7@goodreads.com,367 379 2139
Richy,Gristhwaite,Male,rgristhwaiteq8@mysql.com,681 268 3037
Raphaela,Faircliffe,Female,rfaircliffeq9@chronoengine.com,332 489 3512
Maris,Winspeare,Female,mwinspeareqa@forbes.com,676 473 2663
Randi,Attenbrough,Male,rattenbroughqb@cocolog-nifty.com,995 690 1411
Clevie,Baltrushaitis,Bigender,cbaltrushaitisqc@elegantthemes.com,163 613 2847
Holly,Attkins,Female,hattkinsqd@skype.com,246 857 3405
Gypsy,McCarrick,Female,gmccarrickqe@umich.edu,434 574 6661
Christoffer,Normanville,Male,cnormanvilleqf@imageshack.us,521 828 8072
Murial,Feye,Female,mfeyeqg@cmu.edu,596 970 9380
Laryssa,Flindall,Female,lflindallqh@sfgate.com,195 792 5805
Kain,Maytom,Male,kmaytomqi@bloomberg.com,948 844 8570
Fonzie,Gross,Male,fgrossqj@mashable.com,621 842 0195
Hali,Clemenzo,Female,hclemenzoqk@geocities.jp,654 921 1466
Marylee,Takos,Female,mtakosql@zdnet.com,943 517 0586
Neilla,Skillman,Female,nskillmanqm@gnu.org,189 298 5207
Sylvester,Mattson,Male,smattsonqn@comsenz.com,694 938 6845
Marc,Niesegen,Male,mniesegenqo@cbsnews.com,881 976 5531
Lawton,Caddie,Male,lcaddieqp@utexas.edu,704 123 6296
Justinn,McCole,Female,jmccoleqq@independent.co.uk,856 433 4610
Katya,Gillison,Female,kgillisonqr@howstuffworks.com,257 118 7492
Drugi,Klossek,Male,dklossekqs@163.com,896 649 6846
Fidole,Blacksell,Male,fblacksellqt@booking.com,303 953 3230
Batholomew,Manzell,Male,bmanzellqu@flavors.me,260 637 7248
Rianon,Cottem,Polygender,rcottemqv@amazonaws.com,616 669 2766
Ruthann,Bignal,Female,rbignalqw@tiny.cc,728 325 1527
Tod,Landy,Male,tlandyqx@plala.or.jp,400 440 0630
Aleda,Shevell,Bigender,ashevellqy@smugmug.com,495 757 2053
Raychel,Mordey,Female,rmordeyqz@wikia.com,413 288 9474
Pyotr,Blune,Bigender,pbluner0@japanpost.jp,779 106 1038
Elberta,Manvell,Genderqueer,emanvellr1@tamu.edu,117 580 2394
Ethel,Swanton,Female,eswantonr2@amazonaws.com,572 464 2907
Bogey,Konert,Male,bkonertr3@techcrunch.com,514 314 5325
Katya,Cawthorn,Female,kcawthornr4@samsung.com,123 170 4700
Oates,Finlay,Male,ofinlayr5@ocn.ne.jp,703 195 5084
Matthiew,Gatesman,Male,mgatesmanr6@miitbeian.gov.cn,246 506 1078
Gerri,Mongain,Male,gmongainr7@unblog.fr,222 753 9341
Vaughan,Perrott,Male,vperrottr8@bbc.co.uk,156 429 2696
Austen,Novotni,Male,anovotnir9@tuttocitta.it,766 264 6965
Lynne,Coslitt,Female,lcoslittra@joomla.org,975 454 6230
Aldin,Ferry,Male,aferryrb@auda.org.au,415 219 3549
Lenora,Temblett,Female,ltemblettrc@google.com.br,594 127 7984
Estella,Wand,Genderqueer,ewandrd@nydailynews.com,401 798 7399
Yale,Coulthard,Male,ycoulthardre@dropbox.com,686 107 1063
Chalmers,Bewicke,Male,cbewickerf@yolasite.com,533 330 3582
Layne,Balderson,Female,lbaldersonrg@cloudflare.com,262 704 3013
Bailie,Tennock,Male,btennockrh@devhub.com,867 639 1466
Vicky,Kiloh,Female,vkilohri@wunderground.com,309 975 8973
Zahara,Conneau,Female,zconneaurj@businesswire.com,709 924 0819
Laurens,Callum,Male,lcallumrk@state.tx.us,314 506 4918
Abigail,Davidovits,Female,adavidovitsrl@ocn.ne.jp,596 697 1640
Matt,Pilipets,Male,mpilipetsrm@cam.ac.uk,133 449 2893
Caterina,Elderfield,Female,celderfieldrn@odnoklassniki.ru,154 631 4835
Gerick,Steuart,Male,gsteuartro@wikimedia.org,387 527 4741
Rolf,Ebourne,Male,rebournerp@multiply.com,245 249 4065
Oralle,Clayill,Female,oclayillrq@businesswire.com,498 693 6348
Anabal,McGovern,Female,amcgovernrr@pbs.org,642 252 4808
