first_name,last_name,gender,email,phone
Tomkin,Jojic,Male,tjojic0@miitbeian.gov.cn,491 228 8318
Moss,Stronach,Male,mstronach1@flavors.me,262 300 3566
Hugh,Kuhle,Male,hkuhle2@smh.com.au,555 128 4647
Doloritas,Nelthorp,Female,dnelthorp3@cbsnews.com,608 995 2944
Aloysia,Bowker,Female,abowker4@wix.com,314 589 3810
Aundrea,Durbann,Female,adurbann5@github.com,209 818 2001
Fax,Biskupiak,Male,fbiskupiak6@vimeo.com,172 777 7150
Klarika,Pauleit,Female,kpauleit7@spiegel.de,485 358 9835
Elbert,Baribal,Male,ebaribal8@twitpic.com,579 110 7373
Chandler,Fant,Male,cfant9@dailymail.co.uk,259 865 7537
Hobey,Hindsberg,Male,hhindsberga@marriott.com,642 566 6200
Julietta,Sawford,Genderfluid,jsawfordb@icq.com,586 649 6362
Lynnea,Oakden,Female,loakdenc@nationalgeographic.com,894 297 7657
Leroy,Faunch,Male,lfaunchd@jimdo.com,702 349 9491
Ewell,Southers,Male,esoutherse@baidu.com,792 472 6201
Cy,Dmitr,Male,cdmitrf@netvibes.com,253 877 4780
Mirella,Andrews,Female,mandrewsg@privacy.gov.au,419 970 0275
Dorena,Carter,Female,dcarterh@example.com,310 850 1702
Lenard,Bierman,Male,lbiermani@delicious.com,442 115 6298
Cammie,Hylands,Female,chylandsj@fastcompany.com,800 506 6322
Horst,Suckling,Polygender,hsucklingk@myspace.com,956 736 9530
Mikel,Manderson,Male,mmandersonl@weather.com,154 181 1397
Tedd,Jecock,Male,tjecockm@google.com.hk,473 707 7667
Benoite,Dukesbury,Female,bdukesburyn@wsj.com,666 132 2884
Genevra,Meakin,Genderqueer,gmeakino@eepurl.com,899 858 4361
Raoul,Hedylstone,Male,rhedylstonep@japanpost.jp,217 968 5066
Nehemiah,Ambroisin,Male,nambroisinq@vistaprint.com,692 599 8333
Bunnie,Ziebart,Female,bziebartr@odnoklassniki.ru,967 703 3081
Willetta,Muxworthy,Female,wmuxworthys@ft.com,612 281 2722
Iorgo,Lantuff,Male,ilantufft@slideshare.net,830 731 8681
Helen-elizabeth,Mcall,Female,hmcallu@hp.com,210 864 0498
Jock,Keattch,Male,jkeattchv@bandcamp.com,974 543 2372
Lana,McKew,Female,lmckeww@sohu.com,346 679 2325
Terza,Pascow,Female,tpascowx@cbc.ca,300 655 4425
Amalita,Capini,Polygender,acapiniy@statcounter.com,729 125 4923
Adolf,Clover,Male,acloverz@so-net.ne.jp,693 736 7273
Abigail,Onraet,Female,aonraet10@businessinsider.com,253 961 6555
Conway,Edelman,Male,cedelman11@google.es,963 759 5775
Sallyann,Aireton,Female,saireton12@rambler.ru,149 152 3243
Felicity,Rispin,Non-binary,frispin13@umn.edu,642 999 6581
Darwin,Gurling,Male,dgurling14@sphinn.com,328 802 3099
Analiese,Zimek,Genderqueer,azimek15@about.com,716 880 0360
Randie,Glasebrook,Female,rglasebrook16@google.com,210 918 4986
Valaria,Pohlke,Female,vpohlke17@cocolog-nifty.com,912 397 3217
Emily,Woolstenholmes,Female,ewoolstenholmes18@google.cn,291 943 2713
Cleve,Figliovanni,Male,cfigliovanni19@seattletimes.com,249 504 0889
Matilde,Corballis,Genderfluid,mcorballis1a@latimes.com,308 517 3924
Elayne,Duggary,Female,eduggary1b@cornell.edu,518 593 4566
Padriac,Shipperbottom,Male,pshipperbottom1c@deliciousdays.com,644 630 7263
Pablo,Copcote,Male,pcopcote1d@dropbox.com,786 224 0003
Falkner,Brumhead,Male,fbrumhead1e@google.ru,394 366 9497
Bendick,Conti,Male,bconti1f@theguardian.com,198 101 7042
Natalina,Rupel,Female,nrupel1g@networkadvertising.org,381 900 3283
Leilah,Fronzek,Female,lfronzek1h@buzzfeed.com,736 476 0836
Marius,Puve,Male,mpuve1i@topsy.com,574 191 9956
Horton,Fidilis,Genderqueer,hfidilis1j@economist.com,248 988 7412
Bernarr,Davenport,Male,bdavenport1k@slate.com,719 912 4862
Annmarie,Whate,Female,awhate1l@marketwatch.com,556 322 2940
Maryjo,Pinchin,Female,mpinchin1m@odnoklassniki.ru,451 492 7278
Moore,Cremer,Male,mcremer1n@yelp.com,214 536 9793
Hi,Balaisot,Male,hbalaisot1o@opensource.org,597 956 5956
Silas,Boxill,Male,sboxill1p@newyorker.com,401 857 3859
De witt,Ganiford,Male,dganiford1q@jimdo.com,852 343 3080
Caryl,Clougher,Bigender,cclougher1r@pbs.org,915 175 3120
Addy,Dulanty,Male,adulanty1s@samsung.com,940 983 9830
Rochester,Filippozzi,Male,rfilippozzi1t@google.it,223 655 0145
Shannan,Fogden,Male,sfogden1u@opera.com,906 104 9645
Mortie,Berntssen,Male,mberntssen1v@paginegialle.it,885 660 1287
Jessee,Cubbino,Male,jcubbino1w@blogger.com,311 760 6466
Francois,Backshill,Male,fbackshill1x@webeden.co.uk,657 401 3950
Molly,Gash,Female,mgash1y@edublogs.org,802 948 7538
Kirstin,Klimke,Female,kklimke1z@goo.ne.jp,701 997 0559
Eleonora,Collicott,Female,ecollicott20@furl.net,671 624 1748
Merlina,Donaway,Female,mdonaway21@sitemeter.com,741 937 6327
Emmie,Westhead,Female,ewesthead22@japanpost.jp,563 972 2709
Celle,Anney,Female,canney23@fda.gov,726 182 2345
Reina,Attril,Female,rattril24@mapy.cz,304 185 5873
Martie,Tommen,Female,mtommen25@bloomberg.com,728 186 5588
Conway,Lober,Male,clober26@arizona.edu,126 948 2005
Damara,Babidge,Non-binary,dbabidge27@dedecms.com,405 217 6830
Connor,Toseland,Male,ctoseland28@dyndns.org,992 705 0968
Vere,Lamshead,Female,vlamshead29@stanford.edu,716 584 6926
Cyndy,Ottery,Female,cottery2a@shutterfly.com,327 354 5479
Jessalin,Schwartz,Female,jschwartz2b@latimes.com,361 175 4174
Leonardo,Kinahan,Male,lkinahan2c@yahoo.co.jp,174 695 8690
Maryanna,Sheals,Female,msheals2d@elpais.com,176 354 7406
Ugo,Sussex,Male,usussex2e@addtoany.com,807 473 5231
Adelbert,Tipping,Male,atipping2f@redcross.org,547 614 5929
Korry,Yedy,Female,kyedy2g@dell.com,392 969 3945
York,Kamiyama,Male,ykamiyama2h@skype.com,614 964 2746
Orella,Dudeney,Female,odudeney2i@mit.edu,438 176 9092
Carlen,Matussov,Female,cmatussov2j@163.com,935 898 8092
Roselin,Ritzman,Female,rritzman2k@uiuc.edu,999 232 2738
Lind,Grass,Male,lgrass2l@netvibes.com,984 610 9791
Derron,Mournian,Male,dmournian2m@theglobeandmail.com,326 345 3041
Paulita,O'Cassidy,Female,pocassidy2n@hugedomains.com,124 659 1400
Eran,Dybald,Female,edybald2o@ning.com,942 282 4099
Massimo,Guilliland,Male,mguilliland2p@g.co,219 389 5400
Brian,Wenderott,Male,bwenderott2q@home.pl,697 318 5227
Sharron,Sawyer,Female,ssawyer2r@si.edu,767 550 5475
Charleen,Hanington,Female,chanington2s@parallels.com,566 418 9853
Hadlee,Leese,Male,hleese2t@berkeley.edu,332 299 5756
Kevon,Coleford,Male,kcoleford2u@java.com,552 128 7041
Mara,Mongenot,Female,mmongenot2v@ucoz.com,379 395 4985
Fanya,Fetherston,Female,ffetherston2w@ted.com,274 556 8320
Gibbie,Kincade,Male,gkincade2x@fc2.com,375 752 9726
Bernadene,Lynam,Female,blynam2y@goo.ne.jp,514 959 2073
Richy,Branche,Male,rbranche2z@people.com.cn,613 337 3817
Robert,Hatchard,Male,rhatchard30@apple.com,310 551 3948
Arabel,Forestall,Female,aforestall31@census.gov,836 612 2066
Mead,Weaben,Male,mweaben32@ocn.ne.jp,774 132 2721
Ebeneser,Midden,Male,emidden33@live.com,996 444 4938
Bernie,Cammock,Male,bcammock34@vinaora.com,736 819 0667
Teodorico,Hearnden,Male,thearnden35@sakura.ne.jp,112 774 7680
Aridatha,Macconachy,Female,amacconachy36@gov.uk,478 400 2068
Bev,Kos,Male,bkos37@typepad.com,878 485 6764
Bertrand,Schapiro,Male,bschapiro38@alibaba.com,703 613 3047
Cy,Govini,Male,cgovini39@godaddy.com,225 196 2380
Kirstyn,Penwell,Female,kpenwell3a@sakura.ne.jp,982 870 3651
Nessy,Perez,Polygender,nperez3b@blogspot.com,985 589 8370
Chauncey,Quick,Male,cquick3c@time.com,922 760 7895
Richard,Harrow,Male,rharrow3d@mail.ru,167 442 9062
Jennica,Vlasov,Female,jvlasov3e@ftc.gov,823 196 5010
Shay,Gabb,Male,sgabb3f@rediff.com,942 780 7465
Matias,Muddle,Male,mmuddle3g@reverbnation.com,905 450 7375
Bartolemo,Hanshaw,Male,bhanshaw3h@marketwatch.com,296 845 9726
Evelina,Kleinbaum,Female,ekleinbaum3i@mediafire.com,997 752 2854
Leslie,Menelaws,Male,lmenelaws3j@sogou.com,577 500 1846
Juli,Sandhill,Female,jsandhill3k@moonfruit.com,656 403 9438
Cynthea,Geill,Female,cgeill3l@163.com,938 642 8556
Marcia,Monte,Female,mmonte3m@usgs.gov,368 957 0454
Zitella,Goodreid,Female,zgoodreid3n@unicef.org,112 392 9429
Georgeta,Chaytor,Female,gchaytor3o@hud.gov,409 610 7691
Clarke,Foat,Male,cfoat3p@discuz.net,768 807 0084
Elfreda,Noe,Female,enoe3q@bravesites.com,324 827 8046
Larissa,Florentine,Female,lflorentine3r@usda.gov,881 560 3253
Erny,Whitmore,Male,ewhitmore3s@feedburner.com,647 634 5249
Camel,Holyland,Female,cholyland3t@berkeley.edu,471 965 4992
Luce,Edgars,Male,ledgars3u@unc.edu,514 248 6557
Willis,O'Heneghan,Male,woheneghan3v@guardian.co.uk,490 841 4393
Dom,Sweetlove,Male,dsweetlove3w@aboutads.info,691 412 5913
Ag,MacPaik,Female,amacpaik3x@si.edu,570 894 7970
Tory,Sjollema,Female,tsjollema3y@devhub.com,939 294 1010
Rayna,Joutapaitis,Female,rjoutapaitis3z@mapy.cz,321 393 2655
Ryann,Merwede,Female,rmerwede40@toplist.cz,940 438 0429
Eduardo,Pessold,Male,epessold41@free.fr,719 542 4624
Cammi,Deeley,Female,cdeeley42@statcounter.com,646 694 8435
Wilden,Martinson,Male,wmartinson43@etsy.com,770 520 9875
Rodge,Raiman,Male,rraiman44@ehow.com,460 354 5829
Ellynn,Frammingham,Female,eframmingham45@adobe.com,872 381 5995
Ardine,Chrichton,Female,achrichton46@telegraph.co.uk,339 298 7334
Adora,Ellerby,Female,aellerby47@360.cn,941 244 4632
Nickie,Oiseau,Female,noiseau48@w3.org,494 871 9906
Gale,Lyon,Female,glyon49@flavors.me,197 903 4424
Laverna,Roffey,Female,lroffey4a@google.es,951 239 6508
Ondrea,Kinvan,Female,okinvan4b@cisco.com,979 741 9695
Keslie,Chape,Female,kchape4c@hubpages.com,916 806 2066
Eulalie,Lovat,Female,elovat4d@cyberchimps.com,606 137 8169
Lauretta,Manjin,Female,lmanjin4e@fc2.com,623 729 4369
Hugibert,Blayney,Male,hblayney4f@senate.gov,518 719 5845
Perla,Skirvane,Female,pskirvane4g@is.gd,348 527 5587
Bibbye,Troucher,Female,btroucher4h@arizona.edu,234 763 2266
Efrem,Lafee,Male,elafee4i@ftc.gov,686 622 0676
Basia,Lory,Female,blory4j@ehow.com,580 267 8858
Lenore,Ebbetts,Female,lebbetts4k@mediafire.com,908 903 6430
Cullan,Chaudhry,Agender,cchaudhry4l@dion.ne.jp,931 947 0108
Petronia,Kyd,Female,pkyd4m@techcrunch.com,974 703 2713
Shepherd,Peacop,Male,speacop4n@xinhuanet.com,264 665 3694
Malachi,Rainsden,Male,mrainsden4o@hhs.gov,606 641 9434
Lu,Tindley,Female,ltindley4p@xing.com,927 964 2565
Gannie,Myrtle,Male,gmyrtle4q@hatena.ne.jp,441 322 4729
Olympie,Glazyer,Female,oglazyer4r@cyberchimps.com,448 710 2949
Geneva,Jardin,Female,gjardin4s@yellowpages.com,450 806 1238
Harriet,MacCaghan,Female,hmaccaghan4t@unicef.org,941 861 3558
Marlane,Kestin,Female,mkestin4u@de.vu,655 156 8229
Cirilo,Brose,Male,cbrose4v@apache.org,144 650 3101
Charlton,Leece,Male,cleece4w@mysql.com,481 775 9322
Shaylah,Case,Female,scase4x@theguardian.com,633 915 1215
Vitia,Voden,Female,vvoden4y@mapquest.com,391 323 0742
Evangelina,Joll,Female,ejoll4z@narod.ru,563 656 9409
Al,Woodeson,Male,awoodeson50@upenn.edu,536 352 3279
Patton,MacAnellye,Male,pmacanellye51@adobe.com,416 403 2380
Padget,Bisson,Male,pbisson52@booking.com,834 421 7052
Lorenzo,Giovanitti,Male,lgiovanitti53@google.com.hk,576 366 8001
Phyllys,Greaves,Female,pgreaves54@usgs.gov,334 664 7929
Reinaldos,Serchwell,Male,rserchwell55@zdnet.com,689 889 0826
Andris,Busby,Male,abusby56@house.gov,966 832 1147
Forester,Canti,Male,fcanti57@weebly.com,278 113 1494
Ambrose,Rowlinson,Male,arowlinson58@state.gov,905 793 2626
Angus,Bracken,Male,abracken59@wordpress.com,766 124 3984
Lorenzo,Sliney,Male,lsliney5a@epa.gov,515 678 2545
Giulio,Kryszkiecicz,Male,gkryszkiecicz5b@ucla.edu,859 305 1474
Mara,Seaton,Female,mseaton5c@jigsy.com,502 773 4785
Edi,Dwire,Female,edwire5d@tumblr.com,754 678 4356
Jarvis,Rosita,Male,jrosita5e@newyorker.com,553 912 7211
Demetri,Gilbee,Male,dgilbee5f@fastcompany.com,926 880 1831
Carlynne,Freegard,Female,cfreegard5g@vkontakte.ru,476 283 4500
Guinevere,Beers,Female,gbeers5h@privacy.gov.au,879 550 5533
Ryann,Teague,Female,rteague5i@purevolume.com,287 274 2124
Sven,Laviss,Male,slaviss5j@feedburner.com,225 699 3905
Danni,Dinnies,Female,ddinnies5k@msu.edu,590 764 8945
Conny,Joe,Female,cjoe5l@addtoany.com,646 272 4215
Cammi,Ashbrook,Female,cashbrook5m@multiply.com,511 775 3621
Mead,Hanfrey,Male,mhanfrey5n@answers.com,206 613 6701
Papageno,Jeromson,Male,pjeromson5o@newsvine.com,176 351 5297
Kareem,Matussov,Male,kmatussov5p@list-manage.com,610 346 0561
Cathy,Merrison,Agender,cmerrison5q@123-reg.co.uk,673 691 5986
Brantley,Center,Male,bcenter5r@edublogs.org,974 552 4649
Sansone,Bransden,Male,sbransden5s@tripadvisor.com,398 791 3419
Man,Becker,Male,mbecker5t@friendfeed.com,645 189 2880
Theda,Amberger,Female,tamberger5u@bloomberg.com,604 146 6600
Hillel,Dewi,Male,hdewi5v@paypal.com,519 946 6288
Agatha,Towe,Female,atowe5w@livejournal.com,937 121 6739
Bay,Sidebotham,Male,bsidebotham5x@aboutads.info,527 694 5308
Gannie,Amphlett,Male,gamphlett5y@whitehouse.gov,810 312 1211
Jodi,Jirick,Male,jjirick5z@gmpg.org,828 607 6969
Glenna,Spedroni,Female,gspedroni60@google.es,252 645 0743
Mabel,Yakubov,Female,myakubov61@mlb.com,240 602 5942
Fabian,Oxton,Male,foxton62@adobe.com,457 653 1922
Quintus,Primrose,Male,qprimrose63@edublogs.org,389 429 7305
Culley,Dawdary,Male,cdawdary64@macromedia.com,162 845 4909
Horatio,Bullion,Male,hbullion65@cornell.edu,870 750 5714
Klement,Lorant,Male,klorant66@boston.com,342 729 0919
Dmitri,Chinery,Male,dchinery67@huffingtonpost.com,941 419 8198
Eugenius,Skitt,Male,eskitt68@disqus.com,163 123 4477
Skye,Annear,Male,sannear69@geocities.com,329 240 2850
Constancia,Todari,Female,ctodari6a@mac.com,510 344 1575
Ray,Kareman,Male,rkareman6b@miitbeian.gov.cn,573 530 8491
Elianore,Armytage,Female,earmytage6c@apache.org,720 546 0171
Brooks,Baus,Female,bbaus6d@ebay.co.uk,417 124 3949
Gardy,Miller,Male,gmiller6e@loc.gov,660 161 4536
Amitie,Ingle,Female,aingle6f@ucsd.edu,402 254 4314
Hunt,Comelli,Male,hcomelli6g@youtube.com,887 985 6702
Rachel,Sperwell,Female,rsperwell6h@about.com,850 179 3547
Minnie,Dosdill,Genderqueer,mdosdill6i@ezinearticles.com,143 208 0196
Carver,Seivertsen,Male,cseivertsen6j@de.vu,164 434 8322
Gawain,Warrack,Male,gwarrack6k@cocolog-nifty.com,776 236 2157
Marlow,Blackborne,Male,mblackborne6l@tinypic.com,573 261 8006
Damien,Igonet,Male,digonet6m@wix.com,972 304 2685
Reginauld,Champkin,Male,rchampkin6n@yahoo.com,467 884 2537
Ailina,Cawdron,Female,acawdron6o@va.gov,477 110 6822
Keslie,Spadotto,Female,kspadotto6p@senate.gov,389 843 6853
Adelle,Lipsett,Female,alipsett6q@techcrunch.com,873 173 9322
Ricki,Saipy,Genderfluid,rsaipy6r@businesswire.com,859 315 5127
Archaimbaud,Cokely,Male,acokely6s@marketwatch.com,854 778 4347
Roman,Nutton,Male,rnutton6t@vkontakte.ru,425 840 1400
Bibbye,Filisov,Female,bfilisov6u@fc2.com,147 913 8065
Lorenzo,Moffett,Male,lmoffett6v@cloudflare.com,520 585 1722
Zeke,Fryer,Male,zfryer6w@adobe.com,510 206 3093
Kenton,Figure,Male,kfigure6x@ameblo.jp,254 701 4500
Lurette,Jessopp,Female,ljessopp6y@sphinn.com,664 809 8521
Raddy,Brecknell,Male,rbrecknell6z@360.cn,527 138 3907
Burr,Reavey,Male,breavey70@google.ca,808 603 7955
Alistair,Prestwich,Male,aprestwich71@cloudflare.com,671 169 4225
Shayna,Karet,Female,skaret72@quantcast.com,430 569 4557
Ellissa,Shemmin,Female,eshemmin73@bizjournals.com,250 876 3279
Phip,Celloni,Male,pcelloni74@nsw.gov.au,408 428 0948
Jermain,Barnaby,Male,jbarnaby75@uol.com.br,246 681 3259
Rene,Jekyll,Male,rjekyll76@china.com.cn,949 267 7830
Christen,Dell,Non-binary,cdell77@princeton.edu,144 182 2738
Ferdie,Bailiss,Male,fbailiss78@opera.com,469 131 2446
Shurlocke,Atger,Male,satger79@ovh.net,685 541 7064
Donaugh,Loffel,Male,dloffel7a@123-reg.co.uk,310 428 5064
Jaclin,Jan,Female,jjan7b@ow.ly,617 793 7732
Ransell,Physic,Male,rphysic7c@amazon.de,418 687 9617
Cathryn,Peetermann,Female,cpeetermann7d@bandcamp.com,225 684 0461
Aloisia,Blackaby,Female,ablackaby7e@rambler.ru,123 933 7797
Brendan,Human,Male,bhuman7f@sogou.com,300 281 1488
Ham,Risson,Male,hrisson7g@ebay.com,538 710 9801
Sisely,Drover,Female,sdrover7h@intel.com,794 983 6751
Robin,Tyndall,Male,rtyndall7i@bloomberg.com,739 636 6140
Wiley,Cranidge,Male,wcranidge7j@pagesperso-orange.fr,648 517 6715
Shurlocke,Clews,Male,sclews7k@psu.edu,809 308 8322
Dolly,Etridge,Bigender,detridge7l@goodreads.com,298 182 5333
Olivero,Dahill,Male,odahill7m@constantcontact.com,650 525 2058
Felic,Ladley,Male,fladley7n@google.es,797 402 2310
Prisca,Dyter,Female,pdyter7o@meetup.com,594 470 1240
Janot,Tapscott,Female,jtapscott7p@ow.ly,480 717 4776
Amble,O'Quin,Agender,aoquin7q@fastcompany.com,980 776 6127
Peder,Gecks,Male,pgecks7r@ihg.com,201 228 8183
Ali,Castelot,Female,acastelot7s@nyu.edu,730 520 7037
Giuditta,Scrane,Female,gscrane7t@ft.com,141 182 7103
Hamid,Dunnion,Male,hdunnion7u@e-recht24.de,376 516 3706
Flore,Coltart,Female,fcoltart7v@indiegogo.com,363 125 1142
Elysia,Larrett,Female,elarrett7w@google.com.au,878 946 5109
Chick,Lange,Male,clange7x@linkedin.com,336 569 7082
Zena,Treversh,Female,ztreversh7y@list-manage.com,300 208 0035
Marthena,Ingleson,Female,mingleson7z@abc.net.au,585 794 4895
George,Ianson,Male,gianson80@home.pl,190 290 2757
Ronald,Farnworth,Male,rfarnworth81@smh.com.au,214 103 9214
Kira,Shaudfurth,Female,kshaudfurth82@senate.gov,118 383 7409
Concettina,Salerno,Female,csalerno83@ovh.net,311 965 4155
Michelina,Cariss,Non-binary,mcariss84@weibo.com,496 333 8321
Shay,Messiter,Male,smessiter85@cornell.edu,669 992 3515
Larisa,Yitzhok,Female,lyitzhok86@tripod.com,711 163 5283
Herrick,Feige,Male,hfeige87@nationalgeographic.com,358 761 9832
Marten,Karchewski,Male,mkarchewski88@usnews.com,379 253 9452
Ahmed,Piet,Male,apiet89@sogou.com,319 719 3746
Skippie,Bossingham,Male,sbossingham8a@ed.gov,563 357 1986
Luelle,Congdon,Genderqueer,lcongdon8b@dyndns.org,133 592 9176
Gran,Geekie,Male,ggeekie8c@e-recht24.de,592 700 6654
Patricio,Gon,Male,pgon8d@yolasite.com,209 447 7994
Skipp,Scyner,Male,sscyner8e@imgur.com,171 594 2477
Aridatha,Chable,Female,achable8f@multiply.com,376 497 2743
Kimmie,Quiddinton,Female,kquiddinton8g@nps.gov,254 178 7156
Esra,Empson,Male,eempson8h@163.com,924 666 8692
Corrianne,Gribbin,Genderqueer,cgribbin8i@photobucket.com,893 639 9511
Vikki,Britney,Female,vbritney8j@clickbank.net,143 576 1733
Waverley,Astles,Male,wastles8k@ucla.edu,251 622 7317
Gwendolen,Ickovici,Female,gickovici8l@va.gov,339 658 4389
Nedda,Brasse,Female,nbrasse8m@omniture.com,888 459 5412
Jaquelyn,Dederich,Female,jdederich8n@ebay.com,364 105 1367
Ephrem,DeSousa,Male,edesousa8o@facebook.com,689 531 8428
Simon,Blofeld,Male,sblofeld8p@cbc.ca,181 858 6162
Ashil,Duffit,Female,aduffit8q@independent.co.uk,902 551 2542
Marita,Denslow,Female,mdenslow8r@statcounter.com,210 471 0460
Lucien,McMaster,Male,lmcmaster8s@dion.ne.jp,260 194 3565
Michel,Marciskewski,Male,mmarciskewski8t@noaa.gov,901 765 4363
Lucian,Spurway,Male,lspurway8u@craigslist.org,926 667 0540
Darb,Broggini,Male,dbroggini8v@google.fr,558 141 2103
Emmy,Fandrey,Male,efandrey8w@illinois.edu,346 480 8387
Jessi,de Clerk,Female,jdeclerk8x@comsenz.com,570 862 0788
Danny,Gillbe,Male,dgillbe8y@123-reg.co.uk,300 133 6272
Charis,Derks,Female,cderks8z@surveymonkey.com,315 723 8831
Haily,Pinches,Polygender,hpinches90@scribd.com,210 454 9198
Edvard,Danieli,Male,edanieli91@cargocollective.com,829 414 7106
Dell,McLeish,Female,dmcleish92@google.com.br,756 669 1377
Celinda,Elvy,Female,celvy93@comsenz.com,723 865 8199
Beale,Poston,Male,bposton94@symantec.com,295 232 9226
Cary,Antonsson,Female,cantonsson95@nhs.uk,322 235 5323
Nat,Mattke,Male,nmattke96@qq.com,769 161 4964
Reuben,Earengey,Male,rearengey97@imdb.com,375 752 1884
Pacorro,Blankley,Bigender,pblankley98@nsw.gov.au,582 186 8765
Kirstyn,O'Cuddie,Female,kocuddie99@boston.com,103 359 5205
Bobette,Flatman,Female,bflatman9a@hao123.com,282 731 7820
Corabel,Eddowis,Female,ceddowis9b@alibaba.com,549 797 2292
Mohandis,Golthorpp,Male,mgolthorpp9c@printfriendly.com,481 859 4174
Edgard,Gherardi,Male,egherardi9d@sina.com.cn,225 689 3292
Carroll,Manton,Polygender,cmanton9e@pbs.org,346 736 4610
Aubrette,O' Borne,Female,aoborne9f@redcross.org,343 948 6892
Terri-jo,Armfield,Female,tarmfield9g@techcrunch.com,798 559 7934
Ethelbert,Curner,Male,ecurner9h@nba.com,464 355 5258
Daphene,Portail,Female,dportail9i@nydailynews.com,969 260 8751
Anthe,Denacamp,Bigender,adenacamp9j@example.com,857 216 9750
Arlin,Frear,Male,afrear9k@earthlink.net,482 479 4846
Inna,Wixon,Female,iwixon9l@unc.edu,239 868 1165
Alejandro,Shortcliffe,Male,ashortcliffe9m@yellowbook.com,639 213 2971
Konstantine,Gore,Male,kgore9n@barnesandnoble.com,775 942 0016
Rodi,Allday,Female,rallday9o@slate.com,224 776 7341
Miriam,MacIlurick,Female,mmacilurick9p@businessinsider.com,855 574 9652
Britta,Ilyukhov,Female,bilyukhov9q@tiny.cc,249 905 5308
Mareah,Guillet,Female,mguillet9r@google.it,427 191 6602
Stanley,Stannah,Male,sstannah9s@meetup.com,469 497 7648
Lulita,Scoggins,Female,lscoggins9t@salon.com,515 680 6567
Randie,Hince,Male,rhince9u@mashable.com,754 690 8775
Lily,Cridland,Polygender,lcridland9v@who.int,676 870 3197
Morris,Callway,Male,mcallway9w@fda.gov,811 273 2577
Mortimer,Robiou,Male,mrobiou9x@360.cn,552 575 7391
Sloane,Atkins,Non-binary,satkins9y@nbcnews.com,361 447 6204
Bidget,Oman,Female,boman9z@phoca.cz,517 375 8864
Rosaline,Crooke,Female,rcrookea0@51.la,457 182 0487
Stewart,Meriet,Male,smerieta1@mac.com,193 640 2239
Helaina,Horstead,Female,hhorsteada2@mail.ru,877 575 7690
Jakie,Duffie,Male,jduffiea3@state.tx.us,866 331 6724
Lavinia,Truder,Female,ltrudera4@icq.com,649 327 3647
Farleigh,Hammonds,Male,fhammondsa5@washington.edu,623 343 2405
Carmine,Shrubb,Male,cshrubba6@elegantthemes.com,672 372 4261
Harwell,Callander,Male,hcallandera7@ezinearticles.com,845 358 3457
Joshuah,Pidon,Male,jpidona8@wikispaces.com,667 396 5636
Bendix,Benge,Male,bbengea9@google.co.jp,343 397 1363
Brinna,Cudbird,Bigender,bcudbirdaa@quantcast.com,521 470 0068
Ludwig,Preto,Male,lpretoab@constantcontact.com,271 120 6199
Lurlene,Iliff,Female,liliffac@smh.com.au,143 163 9552
Clint,Wicklin,Male,cwicklinad@photobucket.com,513 922 4422
Sadella,Corfield,Female,scorfieldae@de.vu,137 277 9050
Lorie,Burstowe,Female,lburstoweaf@hao123.com,402 606 9324
Nester,Eggleson,Male,negglesonag@nps.gov,397 864 9727
Zelig,Fayne,Male,zfayneah@telegraph.co.uk,820 198 4782
Gerek,Rosenwald,Male,grosenwaldai@usnews.com,800 421 2989
L;urette,Berringer,Female,lberringeraj@ehow.com,136 425 0673
Linea,Favel,Female,lfavelak@google.co.jp,797 149 3274
Ignacius,Leber,Male,ileberal@oaic.gov.au,507 900 1008
Sibeal,Sperwell,Female,ssperwellam@hhs.gov,813 938 3586
Kass,Parbrook,Female,kparbrookan@fema.gov,137 373 2065
Aland,Cruise,Male,acruiseao@ask.com,911 503 9503
Dena,Constance,Female,dconstanceap@mashable.com,934 760 9280
Caren,Ugo,Female,cugoaq@loc.gov,677 299 0018
Alvan,Rubinovitsch,Male,arubinovitschar@shutterfly.com,104 995 6279
Ingar,Seczyk,Male,iseczykas@bloglovin.com,958 404 5139
Kellby,Aubin,Male,kaubinat@yahoo.co.jp,784 268 8792
Darlleen,Ubsdell,Female,dubsdellau@dagondesign.com,549 214 0245
Libbie,Broun,Female,lbrounav@cisco.com,238 443 1057
Patten,Scrimshaw,Male,pscrimshawaw@sakura.ne.jp,925 554 5692
Estelle,Hoodspeth,Female,ehoodspethax@cloudflare.com,741 433 7592
Rustin,Cettell,Male,rcettellay@microsoft.com,863 707 9838
Eduard,Labrom,Male,elabromaz@ihg.com,594 947 1705
Virge,Oakinfold,Non-binary,voakinfoldb0@a8.net,623 474 8887
Saleem,Greyes,Male,sgreyesb1@last.fm,274 839 2527
Loy,Mertin,Male,lmertinb2@youku.com,142 260 8494
Celeste,Bockmaster,Female,cbockmasterb3@bing.com,385 718 2418
Helenka,Yoell,Female,hyoellb4@cornell.edu,234 881 1570
Judy,Cofax,Female,jcofaxb5@google.co.uk,661 156 2812
Wilek,Ondracek,Male,wondracekb6@boston.com,803 255 0332
Deanna,Terran,Female,dterranb7@booking.com,167 823 2317
Sumner,Basden,Male,sbasdenb8@discuz.net,807 548 9469
Ev,Tiltman,Male,etiltmanb9@spotify.com,407 895 1587
Bax,Commucci,Male,bcommucciba@amazonaws.com,142 498 3853
Laure,Leftly,Female,lleftlybb@washington.edu,718 766 3792
Nichols,Janicek,Male,njanicekbc@flickr.com,456 769 8298
Vanya,Coldham,Male,vcoldhambd@plala.or.jp,651 607 1765
Eunice,Giovanitti,Female,egiovanittibe@dmoz.org,207 221 9795
Simeon,Mangeney,Male,smangeneybf@ucoz.ru,915 776 9908
Nikolaos,Sheilds,Male,nsheildsbg@reference.com,563 463 7304
Bibbie,Fison,Female,bfisonbh@hp.com,605 623 6338
Theda,Goodey,Female,tgoodeybi@mediafire.com,944 412 7893
Hildy,Meineking,Agender,hmeinekingbj@barnesandnoble.com,587 152 2988
Gardiner,Revell,Male,grevellbk@cdbaby.com,778 945 7026
Ekaterina,Krojn,Genderqueer,ekrojnbl@hatena.ne.jp,938 971 0011
Marja,Eborn,Female,mebornbm@wordpress.org,222 323 8731
Josias,Betser,Male,jbetserbn@google.co.jp,586 394 4116
Hew,Prestwich,Male,hprestwichbo@seattletimes.com,261 434 2891
Kimbell,Demkowicz,Male,kdemkowiczbp@lulu.com,872 536 9776
Joanne,Grange,Female,jgrangebq@meetup.com,913 803 4799
Clarey,Hawkswood,Female,chawkswoodbr@i2i.jp,894 357 4154
Broderic,Bellie,Male,bbelliebs@theglobeandmail.com,377 775 9700
Emile,Gavrieli,Male,egavrielibt@amazon.de,268 281 2763
Min,Lehrian,Female,mlehrianbu@blogtalkradio.com,698 141 9931
Pernell,A'Barrow,Male,pabarrowbv@creativecommons.org,866 449 4322
Shaine,Hartup,Male,shartupbw@nymag.com,921 622 1309
Alwyn,Suston,Male,asustonbx@cloudflare.com,894 515 5060
Isak,Jouhan,Male,ijouhanby@miibeian.gov.cn,374 708 4470
Hedvig,Cluett,Female,hcluettbz@creativecommons.org,339 986 8443
Bone,Nortunen,Male,bnortunenc0@whitehouse.gov,204 669 4466
Dusty,Charlewood,Female,dcharlewoodc1@vistaprint.com,107 674 1126
Ingemar,Cumo,Male,icumoc2@abc.net.au,852 604 3231
Leisha,Widocks,Female,lwidocksc3@alibaba.com,681 819 4443
Lorrin,Anglish,Female,langlishc4@wikispaces.com,731 597 0276
Dredi,MacGiany,Female,dmacgianyc5@stanford.edu,168 344 4241
Cathrine,Yeulet,Female,cyeuletc6@slashdot.org,299 443 6802
Archibold,Alban,Bigender,aalbanc7@wordpress.com,296 660 8544
Julianne,Dalziel,Female,jdalzielc8@marriott.com,394 857 6532
Stephan,Torrijos,Male,storrijosc9@google.com.au,844 675 0624
Viola,Rizzardini,Female,vrizzardinica@apache.org,312 559 7602
Silvia,Di Francesco,Female,sdifrancescocb@ftc.gov,455 323 9119
Evvie,Keune,Female,ekeunecc@usatoday.com,515 911 4202
Fidelia,Stoker,Female,fstokercd@godaddy.com,180 561 5793
Didi,Gemnett,Female,dgemnettce@mac.com,214 966 8949
Jeromy,O'Currane,Male,jocurranecf@alibaba.com,317 104 1282
Polly,Chominski,Female,pchominskicg@soundcloud.com,759 238 7034
Cayla,Braunthal,Female,cbraunthalch@ft.com,562 513 8544
Caroline,Else,Female,celseci@wix.com,957 801 7954
Darcee,Mearns,Female,dmearnscj@phpbb.com,667 353 9726
Meryl,Brayson,Female,mbraysonck@360.cn,892 514 5507
Currie,Rhead,Male,crheadcl@jalbum.net,989 907 5156
Lorant,Rankin,Male,lrankincm@tripod.com,697 137 4644
Halley,Bellfield,Female,hbellfieldcn@netvibes.com,135 123 4063
Emma,Mather,Female,ematherco@bbc.co.uk,134 264 9580
Reinhard,Gurko,Male,rgurkocp@princeton.edu,778 750 2923
Nil,Tiller,Male,ntillercq@theatlantic.com,957 475 4412
Jaquelin,Calvard,Agender,jcalvardcr@seesaa.net,494 683 4088
Pennie,Tollow,Female,ptollowcs@cbsnews.com,409 958 1770
Adrienne,Chilley,Female,achilleyct@arizona.edu,759 734 4475
Archibaldo,Lovekin,Male,alovekincu@whitehouse.gov,970 606 0303
Geri,Polland,Female,gpollandcv@arstechnica.com,441 577 7881
Adey,Vinter,Female,avintercw@google.de,524 428 7548
Onida,Plumer,Female,oplumercx@vkontakte.ru,742 811 4480
Sileas,Hummerston,Female,shummerstoncy@gnu.org,187 520 5114
Stevena,Coxhead,Female,scoxheadcz@creativecommons.org,899 151 8539
Cristionna,Thirtle,Female,cthirtled0@mysql.com,939 533 1194
Harcourt,Stanford,Male,hstanfordd1@dyndns.org,140 313 2924
Jeanelle,Serrurier,Female,jserrurierd2@weibo.com,618 970 3354
Zaccaria,Cassin,Male,zcassind3@google.com,978 200 8800
Arlina,Snar,Female,asnard4@prnewswire.com,663 625 4913
Cassi,Ashbrook,Female,cashbrookd5@bloglovin.com,948 237 3300
Julita,Leall,Female,jlealld6@flavors.me,351 978 0697
Ferdie,Chazier,Male,fchazierd7@a8.net,414 146 4856
Philomena,Goligher,Female,pgoligherd8@gov.uk,907 357 2867
Aldwin,Conahy,Male,aconahyd9@sbwire.com,176 864 1947
Hewie,Bagshawe,Male,hbagshaweda@google.com.br,339 959 3797
Florentia,Ollie,Female,folliedb@issuu.com,178 219 0738
Gerladina,Amort,Female,gamortdc@mtv.com,449 117 6312
Abbi,Stoltz,Female,astoltzdd@cdbaby.com,233 545 7097
Beck,Costa,Male,bcostade@state.tx.us,362 683 5900
Erma,Gallaway,Female,egallawaydf@gov.uk,226 864 9806
Arvin,McGarvey,Male,amcgarveydg@wix.com,475 762 6542
Napoleon,Le Grand,Male,nlegranddh@homestead.com,583 813 7211
Flore,Batalle,Female,fbatalledi@engadget.com,384 924 1544
Dillon,Sircomb,Male,dsircombdj@csmonitor.com,532 625 4509
Niven,Benitez,Male,nbenitezdk@de.vu,932 702 8144
Rufe,Charlot,Male,rcharlotdl@hubpages.com,883 318 5446
Gilburt,Ragge,Male,graggedm@diigo.com,599 717 9582
Anneliese,Colecrough,Female,acolecroughdn@sogou.com,957 511 9021
Miller,Dedham,Male,mdedhamdo@wikipedia.org,237 522 9936
Alaric,Jiran,Male,ajirandp@weather.com,175 302 1168
Pepe,Curror,Male,pcurrordq@discuz.net,404 528 2229
Marys,Hymus,Genderqueer,mhymusdr@slideshare.net,636 698 7875
Barnabe,Bewly,Male,bbewlyds@parallels.com,250 680 3054
Dolorita,Couchman,Female,dcouchmandt@ucoz.ru,669 805 5052
Virgilio,Shovell,Male,vshovelldu@seesaa.net,720 615 3205
Raff,Verbeek,Male,rverbeekdv@sun.com,610 993 2406
Hagen,Thornber,Male,hthornberdw@goo.gl,742 708 9569
Aline,Tolomei,Female,atolomeidx@marketwatch.com,107 212 6896
Michael,Trenbey,Male,mtrenbeydy@so-net.ne.jp,384 354 0645
Brady,Antonowicz,Male,bantonowiczdz@timesonline.co.uk,146 467 5152
Rriocard,Jacketts,Male,rjackettse0@walmart.com,917 173 1796
Lukas,Liffey,Male,lliffeye1@dot.gov,128 820 5383
Zebulen,Preddy,Male,zpreddye2@goodreads.com,400 105 9170
Waite,McCarl,Male,wmccarle3@hexun.com,206 239 3277
Blair,Silby,Polygender,bsilbye4@biblegateway.com,246 165 2903
Benny,Fery,Female,bferye5@techcrunch.com,372 922 6966
Stormie,Turpin,Female,sturpine6@buzzfeed.com,754 435 7733
Cirilo,Peealess,Male,cpeealesse7@addtoany.com,167 155 9289
Irma,Golding,Female,igoldinge8@chron.com,303 202 4920
Carroll,Hanning,Male,channinge9@un.org,417 648 1797
Tan,Hartigan,Male,thartiganea@mail.ru,377 788 9233
Ebonee,Connerly,Polygender,econnerlyeb@twitter.com,493 257 5418
Eduardo,Bywaters,Male,ebywatersec@goodreads.com,854 952 3757
Ambrose,Reggler,Male,aregglered@goodreads.com,388 426 1838
Reggie,Gudge,Male,rgudgeee@github.com,575 106 8126
Hollie,Keesman,Female,hkeesmanef@networksolutions.com,143 594 5768
Emili,Hazzard,Female,ehazzardeg@imgur.com,794 572 3339
Walliw,McCaskill,Female,wmccaskilleh@usa.gov,602 168 5424
Tabby,Farncomb,Female,tfarncombei@biglobe.ne.jp,411 860 7966
Sherlocke,Mendes,Male,smendesej@comcast.net,453 944 6566
Korella,Vyvyan,Female,kvyvyanek@sourceforge.net,324 351 5241
Ephrayim,Doe,Male,edoeel@walmart.com,176 741 6093
Brenna,Ashborne,Female,bashborneem@sphinn.com,222 674 1475
Corrine,Scard,Female,cscarden@earthlink.net,850 819 7368
Eberto,Gilder,Male,egildereo@aol.com,904 631 3429
Layney,Cavey,Female,lcaveyep@cdc.gov,181 464 3735
Camellia,Daltry,Female,cdaltryeq@soundcloud.com,558 672 4634
Mychal,Breens,Male,mbreenser@lycos.com,512 285 8161
Corty,Suter,Male,csuteres@tripadvisor.com,436 421 5836
Rica,Alexandrescu,Female,ralexandrescuet@histats.com,907 548 8903
Carlye,Cluatt,Female,ccluatteu@aboutads.info,993 779 1452
Sidonia,Hedworth,Female,shedworthev@fotki.com,995 730 3706
Moss,MacPaik,Male,mmacpaikew@cbc.ca,590 571 7027
Noe,Espasa,Agender,nespasaex@yale.edu,227 939 5918
Tansy,Holley,Female,tholleyey@redcross.org,641 332 7593
Pippo,Dabrowski,Non-binary,pdabrowskiez@mayoclinic.com,505 241 3183
Dyna,Brackpool,Female,dbrackpoolf0@histats.com,785 391 8411
Tim,Olivari,Female,tolivarif1@moonfruit.com,630 332 6248
Mehetabel,Walcar,Non-binary,mwalcarf2@goo.ne.jp,267 610 3570
Benetta,Foye,Female,bfoyef3@answers.com,440 964 4420
Susanetta,Ugo,Female,sugof4@jiathis.com,583 669 8237
Asa,Riglar,Male,ariglarf5@symantec.com,495 640 1793
Lionello,Antonutti,Male,lantonuttif6@businesswire.com,949 912 6760
Giulia,Meaders,Female,gmeadersf7@wordpress.org,683 727 8521
Madelena,Jago,Female,mjagof8@ucoz.com,974 680 5491
Cariotta,Cruwys,Female,ccruwysf9@cmu.edu,785 446 6221
Farrell,Rosencrantz,Non-binary,frosencrantzfa@nature.com,933 612 3565
Charisse,Hawke,Female,chawkefb@miibeian.gov.cn,767 230 2886
Helga,Napper,Female,hnapperfc@cmu.edu,385 135 6606
Fabiano,Rapsey,Male,frapseyfd@soundcloud.com,692 115 2592
Margarette,Earsman,Female,mearsmanfe@prweb.com,336 987 0454
Blayne,Rossbrooke,Male,brossbrookeff@homestead.com,215 799 5195
Job,Wheelton,Non-binary,jwheeltonfg@chicagotribune.com,412 973 6905
Martguerita,Hambribe,Female,mhambribefh@narod.ru,581 754 1222
Johan,Gurrado,Male,jgurradofi@pagesperso-orange.fr,701 762 5343
Rhianon,Doorly,Female,rdoorlyfj@last.fm,892 973 9625
Mel,Prebble,Female,mprebblefk@jiathis.com,898 272 3267
Bertie,Riche,Male,brichefl@lycos.com,955 883 9450
Carrol,Scarffe,Male,cscarffefm@state.gov,334 217 2237
Gwennie,Durand,Female,gdurandfn@taobao.com,151 441 2476
Bekki,Haggith,Female,bhaggithfo@nsw.gov.au,569 679 3926
Zuzana,Pennicard,Female,zpennicardfp@soup.io,739 132 6556
Jamey,Rowatt,Male,jrowattfq@webs.com,290 116 7240
Willy,Colbridge,Male,wcolbridgefr@mtv.com,727 464 7246
Lynnelle,Sapson,Female,lsapsonfs@webeden.co.uk,457 193 1563
Shermy,Antecki,Male,santeckift@go.com,560 499 6976
Quintin,Ghent,Male,qghentfu@zimbio.com,544 374 1243
Kippar,Egre,Male,kegrefv@example.com,501 671 7009
Luella,Hedde,Female,lheddefw@intel.com,688 371 7788
Verina,Canet,Female,vcanetfx@purevolume.com,217 474 8077
Nichole,Deppe,Non-binary,ndeppefy@altervista.org,108 957 5887
Mathias,Heeley,Male,mheeleyfz@hatena.ne.jp,145 237 9538
Humberto,Forcer,Male,hforcerg0@yelp.com,644 260 9224
Frederique,Dolley,Female,fdolleyg1@github.io,459 173 2749
Peyter,Muckle,Male,pmuckleg2@google.co.jp,491 401 7551
Gigi,Tamburo,Genderqueer,gtamburog3@pcworld.com,220 363 0904
Nadiya,MacLaig,Female,nmaclaigg4@privacy.gov.au,609 765 9244
Matthias,Mebs,Male,mmebsg5@i2i.jp,283 994 0268
Rowland,Bedminster,Male,rbedminsterg6@goodreads.com,418 473 4214
Agretha,Chapier,Female,achapierg7@springer.com,426 107 8593
Zaccaria,Dottrell,Male,zdottrellg8@linkedin.com,587 460 2249
Shir,Votier,Female,svotierg9@msn.com,482 478 4822
Roseann,Northern,Female,rnorthernga@oakley.com,511 225 6091
Selena,Dalgliesh,Female,sdalglieshgb@furl.net,545 863 0564
Jervis,de Guerre,Male,jdeguerregc@parallels.com,942 348 7988
Read,Harmond,Male,rharmondgd@ebay.com,733 123 2590
Stuart,Kelk,Male,skelkge@github.com,821 817 9217
Torrence,Miranda,Male,tmirandagf@forbes.com,698 947 8553
Bendite,Chessell,Genderqueer,bchessellgg@aboutads.info,822 404 9162
Gaven,Key,Agender,gkeygh@csmonitor.com,490 384 2482
Renaldo,Fookes,Male,rfookesgi@example.com,231 730 8404
Norrie,Yuryshev,Male,nyuryshevgj@narod.ru,821 376 6111
Doy,Anyene,Male,danyenegk@myspace.com,787 599 1490
George,Schollar,Male,gschollargl@yolasite.com,598 823 4287
Tommi,Vise,Female,tvisegm@ycombinator.com,567 766 6556
Justus,Jupp,Male,jjuppgn@npr.org,303 383 9509
Thor,Bettis,Male,tbettisgo@economist.com,422 906 9623
Harcourt,Stebbin,Male,hstebbingp@nps.gov,981 822 2927
Nicko,Quoit,Male,nquoitgq@europa.eu,803 857 6740
Mahala,Maharey,Bigender,mmahareygr@booking.com,356 976 9975
Petronilla,Lux,Female,pluxgs@deviantart.com,250 214 8183
Zita,Burbudge,Female,zburbudgegt@ca.gov,928 713 9434
Brannon,Felten,Male,bfeltengu@freewebs.com,810 883 2426
Demetris,Dunaway,Male,ddunawaygv@mtv.com,868 849 1330
Gorden,Eisikowitz,Male,geisikowitzgw@google.com,401 908 9623
Conchita,Stanex,Female,cstanexgx@privacy.gov.au,259 568 9644
Dion,Peacher,Male,dpeachergy@nyu.edu,155 481 7504
Padget,Moniker,Male,pmonikergz@ocn.ne.jp,217 147 0178
Adel,Wisher,Female,awisherh0@domainmarket.com,723 459 4483
Harlan,Hulks,Male,hhulksh1@thetimes.co.uk,957 153 2070
Deloria,Timeby,Female,dtimebyh2@macromedia.com,581 884 5246
Catherina,Teasdale,Female,cteasdaleh3@nsw.gov.au,989 439 7880
Prescott,Dawkins,Male,pdawkinsh4@xrea.com,285 149 2489
Tracey,Shama,Female,tshamah5@umn.edu,745 273 7247
Base,Rush,Non-binary,brushh6@dropbox.com,198 751 7629
Towny,Drinkhill,Agender,tdrinkhillh7@shop-pro.jp,347 848 4514
Dagny,Bucke,Male,dbuckeh8@skyrock.com,824 918 0315
Bertrand,Simonou,Male,bsimonouh9@geocities.com,881 363 3585
Tiphani,Rawdall,Female,trawdallha@issuu.com,164 982 8133
Marylou,Stutard,Female,mstutardhb@skyrock.com,445 804 3776
Susie,Threadkell,Female,sthreadkellhc@1und1.de,453 989 8576
Felicity,Hogsden,Female,fhogsdenhd@dailymail.co.uk,459 717 6884
Geraldine,Fryatt,Female,gfryatthe@msn.com,213 277 1658
Alan,Lovewell,Male,alovewellhf@sina.com.cn,775 684 7299
Davidson,O'Keevan,Male,dokeevanhg@paginegialle.it,971 608 9680
Pansy,Meyer,Female,pmeyerhh@topsy.com,475 186 4425
Phyllis,Beech,Genderfluid,pbeechhi@wunderground.com,174 173 1472
Izzy,Jann,Male,ijannhj@disqus.com,804 923 2929
Rickey,McAllister,Male,rmcallisterhk@ed.gov,968 323 7730
Parrnell,Colliard,Male,pcolliardhl@zdnet.com,719 675 6757
Bea,Emloch,Female,bemlochhm@theguardian.com,276 753 8469
Briny,Harnell,Female,bharnellhn@mapy.cz,366 917 0513
Loleta,Hemstead,Female,lhemsteadho@seesaa.net,166 554 4474
Shaina,Logue,Female,sloguehp@reverbnation.com,863 255 3410
Jay,Mangam,Male,jmangamhq@smh.com.au,162 182 5570
Pryce,Della,Male,pdellahr@networkadvertising.org,998 167 8149
Nickolaus,Elph,Male,nelphhs@slate.com,967 720 7893
Steven,Esmonde,Male,sesmondeht@webeden.co.uk,681 721 6164
Jacklyn,Caulcutt,Female,jcaulcutthu@blogs.com,626 339 3614
Erek,Querree,Male,equerreehv@nytimes.com,424 645 8836
Jenifer,Waterhous,Female,jwaterhoushw@un.org,985 287 7581
Lurline,Alam,Female,lalamhx@google.co.jp,680 787 4520
Micaela,Quilkin,Female,mquilkinhy@facebook.com,715 881 7977
Marmaduke,Sabban,Male,msabbanhz@drupal.org,621 128 7389
Damiano,Beckett,Male,dbecketti0@redcross.org,363 520 7963
Enrique,Enrich,Male,eenrichi1@flavors.me,104 354 7455
Wilt,Howsam,Male,whowsami2@earthlink.net,958 808 8414
Beltran,Ludlow,Male,bludlowi3@pen.io,568 620 3372
Claudell,Lazenbury,Male,clazenburyi4@newsvine.com,514 180 7107
Ailis,Laye,Bigender,alayei5@wikia.com,124 916 6033
Julio,Arkill,Male,jarkilli6@amazon.de,760 291 0198
Walker,Goodrich,Male,wgoodrichi7@squarespace.com,251 209 4336
Damita,Brammall,Female,dbrammalli8@lulu.com,341 603 1892
Daniel,Murr,Male,dmurri9@naver.com,699 416 2967
Lucien,Fletcher,Male,lfletcheria@ameblo.jp,870 168 8133
Christy,Spriggs,Male,cspriggsib@unesco.org,477 767 8637
Barbee,Ruilton,Female,bruiltonic@vimeo.com,805 504 1560
Minor,Moran,Male,mmoranid@amazon.de,625 210 4891
Trueman,Doumerque,Male,tdoumerqueie@phpbb.com,989 954 9026
Marge,Stangoe,Female,mstangoeif@360.cn,878 272 3956
Leticia,Demageard,Female,ldemageardig@tinypic.com,905 190 0589
Daphene,O'Henehan,Female,dohenehanih@instagram.com,144 866 1281
Randie,Hasard,Female,rhasardii@who.int,752 759 9156
Jay,Gobolos,Male,jgobolosij@bloglovin.com,679 821 1076
Noreen,Hanes,Female,nhanesik@tripod.com,378 544 1951
Gail,Matyushenko,Male,gmatyushenkoil@hatena.ne.jp,730 212 8482
Ros,Albert,Female,ralbertim@yandex.ru,121 182 8712
Byram,Borg,Male,bborgin@wix.com,766 685 8768
Benedikta,Chalk,Female,bchalkio@163.com,418 296 4441
Idelle,Hurdwell,Female,ihurdwellip@aol.com,635 520 3942
Pace,Tansley,Male,ptansleyiq@yellowpages.com,912 360 9020
Orland,Sinclair,Male,osinclairir@wordpress.com,880 138 7899
Margarethe,Pllu,Non-binary,mplluis@ow.ly,684 141 6359
Rozanna,Mila,Agender,rmilait@usatoday.com,416 864 0447
Jaquenette,Ceeley,Female,jceeleyiu@statcounter.com,869 750 5470
Angelique,Walas,Female,awalasiv@army.mil,863 323 5229
Costa,Mottini,Genderqueer,cmottiniiw@cnet.com,274 251 1872
Thor,Jacobovitch,Male,tjacobovitchix@youtu.be,930 740 7220
Godfrey,Coole,Male,gcooleiy@angelfire.com,596 834 9592
Barthel,Parsley,Male,bparsleyiz@sphinn.com,619 309 0377
Neall,Southerill,Male,nsoutherillj0@xrea.com,376 959 6718
Celie,Hobden,Female,chobdenj1@youtube.com,854 679 0554
Lissa,De Malchar,Female,ldemalcharj2@prweb.com,858 572 9158
Ealasaid,Espinoza,Female,eespinozaj3@google.ca,794 940 4422
Kacey,Basden,Bigender,kbasdenj4@dyndns.org,783 801 4249
Margi,Grindley,Female,mgrindleyj5@yahoo.co.jp,606 212 8593
Vi,Tomala,Female,vtomalaj6@ed.gov,547 448 1743
Lari,Heinritz,Female,lheinritzj7@businesswire.com,817 360 1700
Pierre,Humburton,Male,phumburtonj8@amazon.co.jp,337 563 0817
Gerrard,Sambell,Bigender,gsambellj9@washington.edu,498 470 6176
Sheff,Trayte,Male,strayteja@linkedin.com,947 722 7379
Reagen,Suggey,Male,rsuggeyjb@jigsy.com,756 946 9552
Derry,Beringer,Male,dberingerjc@pen.io,917 756 5907
Carolyn,Foukx,Female,cfoukxjd@house.gov,657 596 4855
Cece,Evemy,Male,cevemyje@hubpages.com,771 513 3533
Sherlocke,Otterwell,Male,sotterwelljf@opera.com,935 562 6182
Gleda,Prestie,Female,gprestiejg@wikispaces.com,229 514 2919
Shanon,Martignoni,Female,smartignonijh@disqus.com,715 350 9908
Amye,Langdon,Genderqueer,alangdonji@domainmarket.com,583 590 8820
Phineas,Heinle,Male,pheinlejj@dell.com,634 486 3101
Stacy,Steers,Male,ssteersjk@cbslocal.com,526 991 4270
Maximilianus,King,Male,mkingjl@ameblo.jp,753 255 9289
Minne,Zanetto,Female,mzanettojm@scientificamerican.com,604 949 9374
Wally,Gheorghie,Male,wgheorghiejn@hibu.com,893 837 0535
Ynez,Grioli,Female,ygriolijo@nbcnews.com,419 921 0863
Cherilyn,Bradbeer,Female,cbradbeerjp@bbc.co.uk,662 540 3170
Wat,O'Connel,Male,woconneljq@chron.com,423 679 2500
Kerk,McCluin,Male,kmccluinjr@patch.com,908 664 2153
Harold,Monnelly,Male,hmonnellyjs@fastcompany.com,625 943 6395
Blanche,Daniello,Genderqueer,bdaniellojt@drupal.org,126 119 4201
Mariquilla,Hubbold,Female,mhubboldju@ebay.co.uk,713 792 0876
Yuma,Reasce,Male,yreascejv@columbia.edu,937 946 8025
Wheeler,Batstone,Male,wbatstonejw@ox.ac.uk,587 368 2156
Jeramey,Gooley,Male,jgooleyjx@wix.com,511 484 8645
Violette,Pawelek,Female,vpawelekjy@cmu.edu,369 621 4452
Nicolai,Tommasi,Male,ntommasijz@skyrock.com,103 294 6834
Kate,Minguet,Female,kminguetk0@wsj.com,703 182 6793
Ferd,Tarbin,Male,ftarbink1@ihg.com,521 896 4434
Cecilio,Fried,Male,cfriedk2@about.com,487 855 2090
Hynda,Bruckenthal,Female,hbruckenthalk3@tamu.edu,731 157 0185
Dagny,Bednall,Male,dbednallk4@ebay.com,480 834 7759
Dorice,Spray,Female,dsprayk5@forbes.com,361 339 3622
Tracey,Drage,Male,tdragek6@edublogs.org,722 270 2999
Holt,Hounsham,Male,hhounshamk7@hao123.com,614 497 0722
Timmi,Yuill,Female,tyuillk8@huffingtonpost.com,744 137 4053
Pierson,Conroy,Male,pconroyk9@blinklist.com,134 478 8102
Markos,Rolf,Male,mrolfka@prweb.com,854 671 5986
Scot,Raccio,Male,sracciokb@usda.gov,471 288 2871
Merl,MacAulay,Female,mmacaulaykc@hatena.ne.jp,518 774 4362
Emmy,Kleinschmidt,Female,ekleinschmidtkd@ucoz.ru,453 697 1504
Tallie,Kindle,Male,tkindleke@acquirethisname.com,812 899 2362
Innis,Soutar,Male,isoutarkf@wired.com,580 540 6675
Janenna,MacGillavery,Female,jmacgillaverykg@ucoz.com,140 667 1297
Thorn,Woolger,Male,twoolgerkh@sciencedaily.com,900 993 5528
Stanford,McQuorkel,Male,smcquorkelki@intel.com,846 566 4818
Boyce,Gamon,Male,bgamonkj@nationalgeographic.com,287 718 0903
Cynthy,Drews,Female,cdrewskk@intel.com,717 464 4543
Vale,Stoving,Male,vstovingkl@tripod.com,449 384 6627
Hedwiga,Bravey,Female,hbraveykm@ehow.com,814 635 3442
Donal,Eblein,Male,debleinkn@google.co.uk,558 709 4727
Clair,Widdicombe,Female,cwiddicombeko@barnesandnoble.com,965 444 3226
Derril,Kuhnhardt,Male,dkuhnhardtkp@si.edu,343 616 4616
Giraldo,Yanez,Male,gyanezkq@google.com.au,442 625 7987
Emile,Gath,Male,egathkr@nature.com,341 544 6779
Correy,Jaquemar,Male,cjaquemarks@merriam-webster.com,670 283 0965
Lon,Gashion,Male,lgashionkt@marriott.com,247 525 0016
Dom,Glanester,Male,dglanesterku@msu.edu,230 548 9236
Caldwell,Lyenyng,Polygender,clyenyngkv@mediafire.com,993 184 0525
Dolf,Mayes,Male,dmayeskw@phoca.cz,208 719 0204
Bertine,Churchlow,Female,bchurchlowkx@ebay.com,843 902 5432
Cirillo,Gornar,Agender,cgornarky@delicious.com,626 310 7801
Broddie,Wainwright,Male,bwainwrightkz@google.fr,497 943 6683
Reagan,Drynan,Male,rdrynanl0@cafepress.com,242 875 9058
Genni,Breinlein,Female,gbreinleinl1@clickbank.net,413 997 9484
Augustine,Ellett,Female,aellettl2@newsvine.com,286 312 0009
Marie,Beckers,Female,mbeckersl3@nifty.com,531 891 7455
Arnuad,Starkie,Male,astarkiel4@amazon.com,310 767 9534
Elizabeth,Cowope,Female,ecowopel5@mapy.cz,586 375 8507
Annmaria,Winn,Female,awinnl6@nyu.edu,879 188 5194
Luce,Burgyn,Female,lburgynl7@skyrock.com,681 299 0022
Jens,Leaburn,Male,jleaburnl8@ucoz.ru,446 239 9373
Rosy,Churchward,Agender,rchurchwardl9@youtube.com,528 838 9991
Bryant,Devin,Male,bdevinla@google.nl,286 366 3462
Krisha,Adamczyk,Bigender,kadamczyklb@wp.com,907 870 6148
Casper,Laurenty,Male,claurentylc@tinypic.com,252 370 1406
Jerrilee,Thow,Female,jthowld@acquirethisname.com,141 456 0847
Nonna,Hallitt,Female,nhallittle@pbs.org,414 226 7024
Jelene,Matteo,Female,jmatteolf@upenn.edu,118 939 7961
Garwood,Stoop,Male,gstooplg@privacy.gov.au,122 464 4880
Renae,Assante,Agender,rassantelh@home.pl,546 243 2640
Jasmina,Rashleigh,Female,jrashleighli@youku.com,709 866 3159
Reinaldo,Moneti,Male,rmonetilj@typepad.com,239 216 0798
Tynan,Scothorn,Male,tscothornlk@sciencedirect.com,228 269 8455
Abbe,Belliard,Male,abelliardll@nydailynews.com,980 326 0741
Winfield,Priver,Male,wpriverlm@blinklist.com,456 831 5260
Zora,Snalum,Female,zsnalumln@cpanel.net,600 497 3458
Bonita,Gornal,Female,bgornallo@fc2.com,308 601 7716
Klement,Raspison,Male,kraspisonlp@zdnet.com,919 170 3070
Verile,O'Corrigane,Female,vocorriganelq@facebook.com,279 473 0692
Torrance,Muncaster,Male,tmuncasterlr@noaa.gov,592 522 9434
Breanne,Ilyenko,Female,bilyenkols@ft.com,957 611 1398
Lockwood,Ettels,Genderqueer,lettelslt@gizmodo.com,847 638 8259
Caitlin,Causey,Female,ccauseylu@google.ru,485 913 1180
Perice,Parade,Bigender,pparadelv@smh.com.au,571 174 0677
Cazzie,Westmoreland,Male,cwestmorelandlw@nymag.com,327 979 4641
Biddie,Oylett,Female,boylettlx@merriam-webster.com,872 735 9884
Chiarra,Burles,Female,cburlesly@illinois.edu,131 943 1890
Edita,Mariet,Female,emarietlz@blinklist.com,996 350 4250
Raven,Hilldrop,Female,rhilldropm0@blogger.com,863 887 4038
Cletis,Dixie,Male,cdixiem1@usgs.gov,704 453 2598
Woodie,Hattam,Male,whattamm2@gnu.org,256 822 1610
Kirstin,Bertrand,Agender,kbertrandm3@infoseek.co.jp,651 903 6671
Evangeline,Yorston,Genderqueer,eyorstonm4@nba.com,611 320 8719
Lorilee,Balasin,Female,lbalasinm5@networkadvertising.org,351 184 0905
Cynde,Egger,Female,ceggerm6@networkadvertising.org,680 376 7361
Wilmer,Avramov,Male,wavramovm7@google.ru,207 591 8447
Carin,Balchen,Female,cbalchenm8@unicef.org,372 545 2479
Millicent,Ibbott,Female,mibbottm9@sitemeter.com,611 626 8163
Karel,Kreber,Male,kkreberma@adobe.com,181 948 4893
Valentine,Noad,Male,vnoadmb@diigo.com,787 727 1593
Melita,Pedrollo,Female,mpedrollomc@hud.gov,857 807 0800
Roley,Hovert,Male,rhovertmd@stumbleupon.com,999 796 0415
Pietro,Kemshell,Male,pkemshellme@marriott.com,254 324 8292
Kaela,Shakle,Female,kshaklemf@amazon.com,473 290 0418
Vitoria,Robertacci,Female,vrobertaccimg@networkadvertising.org,549 804 3906
Valentia,Kilcullen,Female,vkilcullenmh@icq.com,260 908 8698
Walliw,Jackett,Female,wjackettmi@php.net,917 773 3016
Corbet,Poynter,Male,cpoyntermj@google.it,519 895 3494
Ashton,Authers,Male,aauthersmk@creativecommons.org,211 832 1754
Emmeline,Dodsworth,Female,edodsworthml@bluehost.com,389 627 6785
Doug,Mishaw,Male,dmishawmm@biblegateway.com,262 164 7326
Maureen,Bradnock,Female,mbradnockmn@blogger.com,702 490 3200
Sharline,Bairstow,Female,sbairstowmo@artisteer.com,500 370 1322
Fulvia,Cantle,Female,fcantlemp@dagondesign.com,221 960 3800
Teresina,Cockman,Female,tcockmanmq@indiegogo.com,777 912 2092
Dexter,Ellit,Male,dellitmr@tmall.com,825 974 8116
Davin,Rous,Male,drousms@apple.com,998 167 2894
Kathleen,Colls,Female,kcollsmt@dagondesign.com,258 494 0745
Frasco,Keedy,Male,fkeedymu@fema.gov,629 884 5034
Anabella,Quayle,Female,aquaylemv@pagesperso-orange.fr,455 249 3816
Trent,Shout,Agender,tshoutmw@upenn.edu,223 766 8385
Gino,Pawlett,Male,gpawlettmx@elpais.com,880 986 3681
Ambrose,Panniers,Male,apanniersmy@dell.com,546 333 6217
Zacherie,McCumskay,Male,zmccumskaymz@stanford.edu,305 253 5378
Livvyy,Hempel,Female,lhempeln0@tmall.com,915 954 2186
Patin,Severn,Male,psevernn1@apple.com,600 654 4834
Jade,Parley,Female,jparleyn2@who.int,859 222 9740
Antoine,Moy,Male,amoyn3@gravatar.com,415 876 7186
Phillie,Aslen,Female,paslenn4@ebay.co.uk,237 741 6929
Novelia,Batman,Female,nbatmann5@virginia.edu,731 216 8439
Giacinta,Dumbare,Female,gdumbaren6@posterous.com,408 505 8180
Sashenka,Meeus,Genderqueer,smeeusn7@privacy.gov.au,707 930 3850
Domenico,Baldoni,Male,dbaldonin8@cam.ac.uk,918 141 0533
Lira,Bour,Female,lbourn9@nytimes.com,601 744 8524
Tessie,Mattea,Female,tmatteana@themeforest.net,156 813 2641
Greta,Tzuker,Female,gtzukernb@earthlink.net,778 342 0255
Chandra,Ewen,Female,cewennc@discovery.com,259 218 9081
Alyce,Macauley,Female,amacauleynd@guardian.co.uk,553 136 0756
Gonzalo,Badam,Male,gbadamne@prnewswire.com,802 449 7853
Adolphe,Bierling,Male,abierlingnf@oracle.com,119 289 6963
Maddi,Brozek,Female,mbrozekng@issuu.com,777 524 3823
Rafe,McComiskey,Male,rmccomiskeynh@google.nl,939 757 0776
Beatrisa,Eggins,Female,begginsni@blogger.com,731 387 9781
Richmond,Tillard,Male,rtillardnj@vistaprint.com,540 228 3871
Shanie,Fear,Female,sfearnk@opera.com,442 934 8617
Edythe,Sindall,Female,esindallnl@com.com,892 639 0810
Carr,Tebbutt,Male,ctebbuttnm@nytimes.com,789 842 6833
Sly,Rubinov,Male,srubinovnn@webs.com,276 747 0204
Nicolette,De Carlo,Female,ndecarlono@tiny.cc,990 941 6165
Arman,Marritt,Male,amarrittnp@shutterfly.com,828 153 8487
Angelina,Figge,Female,afiggenq@feedburner.com,175 480 1258
Windy,Dyshart,Female,wdyshartnr@house.gov,668 422 4792
Berti,Thornton,Male,bthorntonns@i2i.jp,273 833 8486
Heinrik,Broadstock,Male,hbroadstocknt@xinhuanet.com,489 818 8227
Nils,Frayling,Non-binary,nfraylingnu@tmall.com,278 256 7046
Noell,Delgardo,Female,ndelgardonv@stumbleupon.com,356 156 9620
Delmore,Baddoe,Male,dbaddoenw@cornell.edu,680 679 6379
Ingra,Bursnoll,Male,ibursnollnx@newyorker.com,171 457 3201
Paolina,McInnerny,Genderqueer,pmcinnernyny@dagondesign.com,306 775 3713
Verena,Billingham,Female,vbillinghamnz@kickstarter.com,541 138 1190
Culver,Crosswaite,Male,ccrosswaiteo0@stanford.edu,468 519 8787
Elston,Robertshaw,Male,erobertshawo1@google.com,633 417 0663
Ferdinande,Patters,Female,fpatterso2@nature.com,141 747 4200
Jamie,Pardon,Male,jpardono3@bloomberg.com,392 126 3464
Deloria,Hearons,Female,dhearonso4@jalbum.net,139 782 4681
Karmen,Fallens,Female,kfallenso5@xinhuanet.com,356 438 0916
Rebecka,Parton,Female,rpartono6@adobe.com,108 695 3435
Ingra,Measor,Bigender,imeasoro7@nationalgeographic.com,946 958 3993
Aldo,Dauncey,Non-binary,adaunceyo8@house.gov,165 134 8047
Mattheus,Langcaster,Male,mlangcastero9@sohu.com,442 531 6357
Gus,Tuplin,Male,gtuplinoa@live.com,328 421 0245
Elsa,Douthwaite,Female,edouthwaiteob@angelfire.com,220 413 0610
Leshia,Crowcher,Female,lcrowcheroc@goo.gl,201 288 5431
Shara,Briggdale,Female,sbriggdaleod@aol.com,200 155 6039
Alfy,Johananoff,Female,ajohananoffoe@dropbox.com,286 524 4967
Ky,Abisetti,Male,kabisettiof@amazon.co.uk,779 524 6015
Florri,Garroch,Non-binary,fgarrochog@squarespace.com,974 901 4232
Hendrik,Allerton,Male,hallertonoh@washingtonpost.com,377 864 3289
Winonah,Goreisr,Female,wgoreisroi@t-online.de,816 530 4088
Electra,Daniau,Female,edaniauoj@google.es,615 734 9354
Chalmers,Colleck,Male,ccolleckok@blogs.com,870 556 9383
Orly,Garioch,Female,ogariochol@nbcnews.com,694 349 6805
Shayne,Cranton,Male,scrantonom@boston.com,675 923 1527
Trudy,Frid,Female,tfridon@stanford.edu,292 815 1904
Hyacinthie,Tullis,Female,htullisoo@twitter.com,452 389 4026
Rouvin,Beetlestone,Male,rbeetlestoneop@flavors.me,605 843 8441
Vivianne,Philipet,Female,vphilipetoq@china.com.cn,882 571 2745
Thibaut,Toma,Male,ttomaor@opera.com,651 404 8452
Hiram,Sworne,Male,hsworneos@qq.com,987 692 1847
Rafi,Mabbott,Male,rmabbottot@youtu.be,708 935 5223
Vanda,Carbett,Female,vcarbettou@youku.com,694 632 9066
Conney,Norgate,Male,cnorgateov@cdbaby.com,443 345 4093
Cati,Meineking,Female,cmeinekingow@spiegel.de,983 540 6316
Lazaro,Muddle,Male,lmuddleox@yellowbook.com,731 771 5880
Sergio,Impett,Male,simpettoy@xrea.com,344 553 8296
Elena,Van de Castele,Female,evandecasteleoz@webeden.co.uk,299 307 6147
Adel,Tomicki,Female,atomickip0@google.fr,800 645 3420
Harley,Abbis,Male,habbisp1@webmd.com,863 347 9418
Tuck,Aspole,Male,taspolep2@weather.com,189 733 9095
Melvyn,Jedraszek,Male,mjedraszekp3@sina.com.cn,420 459 9935
Vilhelmina,Biaggelli,Female,vbiaggellip4@google.it,137 785 2706
Derron,Scarrott,Male,dscarrottp5@google.com.au,500 774 1507
Truman,Taynton,Male,ttayntonp6@icio.us,780 970 4860
Lissa,Gregon,Female,lgregonp7@xinhuanet.com,515 968 7376
Teena,Billson,Female,tbillsonp8@umich.edu,929 156 7138
Brinna,Stoate,Female,bstoatep9@bizjournals.com,906 613 6882
Evita,Bodd,Female,eboddpa@ihg.com,160 214 5049
Margot,Salt,Female,msaltpb@about.me,871 825 9508
Salvador,Klageman,Male,sklagemanpc@sciencedaily.com,391 900 3686
Mavis,Sillett,Female,msillettpd@un.org,354 781 7793
Othello,Barense,Male,obarensepe@linkedin.com,943 812 7430
Harley,Brahmer,Female,hbrahmerpf@indiegogo.com,421 820 4531
Dagny,Dradey,Male,ddradeypg@discovery.com,433 609 2537
Kimberly,Petrusch,Female,kpetruschph@accuweather.com,950 705 9986
Leigh,Keyho,Female,lkeyhopi@google.com,729 942 3063
Iosep,Burgane,Male,iburganepj@ask.com,747 200 7143
Pen,Doiley,Female,pdoileypk@yellowpages.com,646 975 7330
Trueman,Housaman,Male,thousamanpl@icio.us,349 833 8912
Mala,Youd,Agender,myoudpm@youku.com,378 208 9183
Anabel,Bruyns,Female,abruynspn@buzzfeed.com,119 404 4320
Alastair,Camacho,Male,acamachopo@umich.edu,912 341 9417
Jerome,McComish,Male,jmccomishpp@hostgator.com,333 786 3201
Michal,Bowerbank,Female,mbowerbankpq@yahoo.co.jp,251 186 0256
Hogan,Guidini,Male,hguidinipr@nbcnews.com,266 574 3628
Valentino,Hinsch,Male,vhinschps@amazon.com,321 253 1336
Johnna,Mattioli,Female,jmattiolipt@goodreads.com,606 588 4939
Cara,Laborda,Female,clabordapu@t.co,420 587 3427
Doroteya,Courtney,Female,dcourtneypv@yellowpages.com,183 302 0347
Rosina,Hayto,Female,rhaytopw@godaddy.com,492 467 0049
Wilbur,Shelley,Male,wshelleypx@ycombinator.com,836 863 2283
Mommy,Di Gregorio,Female,mdigregoriopy@npr.org,431 939 9045
Lynnet,Tilney,Female,ltilneypz@google.com.au,348 433 5156
Dyna,Voller,Female,dvollerq0@printfriendly.com,928 263 6963
Ike,Pead,Male,ipeadq1@cbslocal.com,972 457 7451
Nap,Mairs,Bigender,nmairsq2@europa.eu,339 586 1470
Allegra,Custard,Female,acustardq3@redcross.org,207 138 5049
Rica,Libreros,Agender,rlibrerosq4@skyrock.com,974 469 2610
Rosalind,Garthland,Female,rgarthlandq5@4shared.com,320 139 8217
Berthe,Miebes,Female,bmiebesq6@trellian.com,532 236 1726
Sherwynd,Lovie,Male,slovieq7@t.co,890 398 2837
Tarra,Whiteoak,Female,twhiteoakq8@slideshare.net,939 656 8914
Jammal,Guarin,Male,jguarinq9@plala.or.jp,280 697 8909
Luise,Hargate,Female,lhargateqa@google.cn,859 636 7201
Ruttger,Seivertsen,Male,rseivertsenqb@virginia.edu,961 593 2084
Addy,Creavan,Female,acreavanqc@t.co,532 550 5782
Jenny,Billham,Female,jbillhamqd@jugem.jp,472 680 7186
Adelle,Bedburrow,Bigender,abedburrowqe@blogs.com,583 511 6089
Erv,Fulcher,Bigender,efulcherqf@walmart.com,245 229 7568
Marybelle,Lumpkin,Female,mlumpkinqg@engadget.com,663 515 2129
Pepe,Drohan,Male,pdrohanqh@vistaprint.com,554 274 4664
Sid,Tanswill,Male,stanswillqi@t.co,985 935 1025
Kimmi,Craighill,Female,kcraighillqj@constantcontact.com,105 180 8939
Raimund,Gillespie,Male,rgillespieqk@webnode.com,479 960 5718
Burke,Bezants,Male,bbezantsql@vkontakte.ru,320 145 9027
Reba,Blick,Polygender,rblickqm@behance.net,846 742 4214
Kettie,Rittmeier,Female,krittmeierqn@reddit.com,649 180 5004
Freeland,Fosdyke,Male,ffosdykeqo@hostgator.com,373 887 4339
Prue,Whoston,Female,pwhostonqp@geocities.com,591 874 5536
Zollie,Plaide,Bigender,zplaideqq@fastcompany.com,766 733 9357
Quentin,Longstreet,Male,qlongstreetqr@chicagotribune.com,877 664 0138
Leupold,Jillins,Male,ljillinsqs@chron.com,901 498 8242
Jule,Willoway,Male,jwillowayqt@slideshare.net,582 634 7308
Damon,Lambertz,Male,dlambertzqu@samsung.com,516 902 9895
Pincus,Gammons,Male,pgammonsqv@about.com,796 846 1466
Tobin,Stiffell,Agender,tstiffellqw@ibm.com,898 299 8227
Jermain,Garrit,Male,jgarritqx@techcrunch.com,925 792 1459
Marshal,Barbie,Male,mbarbieqy@biglobe.ne.jp,800 302 3124
Velvet,Aumerle,Female,vaumerleqz@tuttocitta.it,555 876 5851
Nat,Croysdale,Bigender,ncroysdaler0@cafepress.com,509 181 4735
Sunny,Konzel,Male,skonzelr1@washington.edu,304 989 1554
Diandra,Miliffe,Female,dmiliffer2@quantcast.com,908 588 5430
Gregoor,Skates,Genderqueer,gskatesr3@google.ca,425 570 9405
Billy,Loxdale,Male,bloxdaler4@chronoengine.com,593 772 6903
Joel,Myall,Male,jmyallr5@goo.ne.jp,215 397 7028
Allegra,Fannin,Female,afanninr6@networksolutions.com,914 971 0429
Genni,Bortolussi,Female,gbortolussir7@yolasite.com,791 464 0373
Edyth,Braidman,Polygender,ebraidmanr8@xinhuanet.com,213 541 6900
Imojean,Newberry,Agender,inewberryr9@360.cn,946 581 2809
Benjy,Lohmeyer,Male,blohmeyerra@tuttocitta.it,349 334 9712
Quillan,Kilmary,Male,qkilmaryrb@mit.edu,572 154 6420
Oren,Brightwell,Male,obrightwellrc@bloglines.com,836 879 4543
Fleurette,Heare,Female,fhearerd@phpbb.com,830 827 5908
Dion,Illingworth,Female,dillingworthre@list-manage.com,812 787 4633
Gayel,Bantock,Female,gbantockrf@redcross.org,170 557 4508
Alvin,Toon,Male,atoonrg@imgur.com,776 142 2706
Shay,Coneau,Male,sconeaurh@1688.com,623 681 7206
Jilleen,Salthouse,Female,jsalthouseri@gizmodo.com,790 822 6705
Marlowe,Bloxsum,Male,mbloxsumrj@telegraph.co.uk,781 309 2288
Mahmoud,Wapples,Male,mwapplesrk@canalblog.com,567 884 7035
Dante,Robinet,Male,drobinetrl@slashdot.org,731 551 1641
Antons,Regenhardt,Non-binary,aregenhardtrm@netlog.com,809 842 2957
Alain,Immins,Male,aimminsrn@nationalgeographic.com,726 759 7530
Lauri,McKim,Agender,lmckimro@washingtonpost.com,392 593 4895
Kiley,Greatbank,Male,kgreatbankrp@sphinn.com,550 193 4632
Leo,Speenden,Male,lspeendenrq@arstechnica.com,846 113 5817
Rhea,Klaiser,Female,rklaiserrr@wired.com,304 922 9802
