first_name,last_name,gender,email,phone
Elnore,Le Leu,Female,eleleu0@ox.ac.uk,347 631 0047
Ash,Wellbank,Male,awellbank1@123-reg.co.uk,649 204 2490
Fidela,Coumbe,Female,fcoumbe2@hc360.com,199 219 3838
Nonie,Kimmel,Female,nkimmel3@cdc.gov,866 246 8892
August,Beeckx,Male,abeeckx4@aboutads.info,447 477 0555
Onfroi,Arthur,Male,oarthur5@multiply.com,575 143 8343
Jayme,Wisden,Male,jwisden6@pcworld.com,634 616 2979
Gran,Maffy,Male,gmaffy7@quantcast.com,730 400 8631
Waverly,Chason,Male,wchason8@intel.com,596 405 0806
Abelard,Ferrarese,Male,aferrarese9@goo.ne.jp,746 279 0200
Licha,Cancutt,Female,lcancutta@csmonitor.com,502 504 6278
Loni,Orvis,Female,lorvisb@fc2.com,239 359 4915
Herold,Maylard,Genderfluid,hmaylardc@china.com.cn,328 171 4610
Eva,Pennetti,Female,epennettid@answers.com,125 891 3707
Myrvyn,Wootton,Male,mwoottone@amazon.co.jp,505 590 8337
Aline,Fills,Female,afillsf@parallels.com,381 932 6843
Mamie,Stentiford,Female,mstentifordg@issuu.com,330 390 6919
Berget,Panniers,Female,bpanniersh@oakley.com,593 514 3615
Alicea,Galilee,Female,agalileei@ow.ly,710 353 3934
Alanson,Bedford,Male,abedfordj@icio.us,494 375 0779
Tana,Gordon-Giles,Female,tgordongilesk@devhub.com,811 329 7485
Collen,Saurin,Female,csaurinl@topsy.com,189 392 5762
Hamish,Grevatt,Male,hgrevattm@studiopress.com,814 952 4908
Dilly,Hainey,Male,dhaineyn@symantec.com,733 387 3570
Tressa,Siemianowicz,Female,tsiemianowiczo@list-manage.com,129 960 8393
Marnie,Fidgeon,Female,mfidgeonp@hubpages.com,350 604 6859
Sauncho,Chastagnier,Male,schastagnierq@phpbb.com,226 670 0224
Sydney,Snelson,Male,ssnelsonr@wikia.com,925 202 1025
Huey,Hubberstey,Non-binary,hhubbersteys@webnode.com,170 691 1572
Joeann,Vardon,Agender,jvardont@microsoft.com,116 985 7549
Korry,Boig,Female,kboigu@mlb.com,315 322 9268
Manon,Deeble,Female,mdeeblev@360.cn,800 809 0193
Joann,Bulley,Female,jbulleyw@tiny.cc,203 815 9574
Berni,Wolstencroft,Genderfluid,bwolstencroftx@flavors.me,589 424 7123
Priscilla,Gowans,Female,pgowansy@de.vu,102 626 4482
Danette,Dagnan,Female,ddagnanz@msn.com,208 188 1190
Auberon,Few,Male,afew10@artisteer.com,116 808 9658
Adena,Brothwood,Female,abrothwood11@deliciousdays.com,759 287 5260
Paco,Crowdace,Polygender,pcrowdace12@netscape.com,726 289 4296
Otto,Halt,Male,ohalt13@uiuc.edu,301 104 8835
Ky,Presley,Male,kpresley14@geocities.com,260 278 9148
Janaye,Hadlee,Female,jhadlee15@economist.com,691 291 7923
Mac,Wesson,Male,mwesson16@mit.edu,388 656 9352
Babara,Sirmond,Agender,bsirmond17@amazon.de,887 580 3979
Anton,Layhe,Male,alayhe18@craigslist.org,777 234 2523
Sarina,Roe,Female,sroe19@ebay.com,932 425 1342
Ernesto,O'Kenny,Male,eokenny1a@eepurl.com,655 617 3597
Waylen,St Leger,Polygender,wstleger1b@addthis.com,166 529 4756
Caye,Dwelly,Female,cdwelly1c@bbc.co.uk,902 466 5161
Sergent,Gates,Male,sgates1d@businesswire.com,405 593 8831
Damon,Haensel,Male,dhaensel1e@telegraph.co.uk,419 303 8063
Selig,Dewdeny,Male,sdewdeny1f@ted.com,821 765 1948
Llewellyn,Whitlam,Male,lwhitlam1g@exblog.jp,801 820 0116
Leone,Croy,Bigender,lcroy1h@go.com,251 591 8772
Cos,McMeekan,Male,cmcmeekan1i@vimeo.com,372 416 2609
Abrahan,Bernlin,Male,abernlin1j@toplist.cz,868 786 2549
Andreas,Driscoll,Male,adriscoll1k@ucoz.ru,572 712 1003
Ferguson,Barta,Male,fbarta1l@paypal.com,610 792 0696
Hill,Kirkam,Male,hkirkam1m@wordpress.org,651 798 1831
Addie,Dulen,Female,adulen1n@mlb.com,812 406 2054
Dael,Aukland,Female,daukland1o@chronoengine.com,623 653 9642
Hank,Reyburn,Male,hreyburn1p@narod.ru,886 492 8696
Case,Buckhurst,Male,cbuckhurst1q@taobao.com,981 951 1555
Taffy,Franiak,Female,tfraniak1r@wufoo.com,501 162 6209
Elysee,Buckenham,Female,ebuckenham1s@accuweather.com,821 156 1384
Abbye,Ravilus,Female,aravilus1t@flavors.me,768 777 8326
Faulkner,Hovert,Male,fhovert1u@myspace.com,184 895 0340
Dillie,Ashwood,Male,dashwood1v@guardian.co.uk,341 766 3366
Karole,Castagnier,Female,kcastagnier1w@tinypic.com,620 754 7666
Tyson,O'Lynn,Male,tolynn1x@imageshack.us,391 842 5730
Shawn,Howsley,Female,showsley1y@tuttocitta.it,433 526 2367
Venita,Benech,Bigender,vbenech1z@furl.net,777 823 1880
Hasheem,Golley,Polygender,hgolley20@is.gd,981 695 0562
Ulrike,Cominetti,Female,ucominetti21@blog.com,755 953 9681
Michele,Nollet,Male,mnollet22@paginegialle.it,905 774 2443
Humfrey,Coggill,Male,hcoggill23@cisco.com,989 280 3546
Alexis,Tock,Polygender,atock24@gravatar.com,971 933 3851
Yulma,Holtaway,Bigender,yholtaway25@washingtonpost.com,265 308 9745
Stormy,Collumbine,Female,scollumbine26@amazon.de,330 608 9095
Mellie,Shimony,Female,mshimony27@php.net,548 156 7074
Corena,Andretti,Female,candretti28@blogs.com,982 151 3759
Elane,Rapa,Female,erapa29@blogtalkradio.com,889 365 6609
Isidor,Pietron,Male,ipietron2a@sakura.ne.jp,517 402 7420
Dilly,Tizzard,Male,dtizzard2b@histats.com,884 312 9632
Daron,Baile,Female,dbaile2c@state.tx.us,120 537 4129
Arleyne,Cauthra,Female,acauthra2d@clickbank.net,253 198 5754
Reagen,Iacapucci,Male,riacapucci2e@cdbaby.com,741 360 9830
Kerby,Kobu,Male,kkobu2f@tinypic.com,963 660 8819
Myrah,Bristowe,Female,mbristowe2g@nih.gov,554 240 9611
Stephenie,Christin,Female,schristin2h@bigcartel.com,883 134 9834
Vaclav,Birtle,Male,vbirtle2i@google.es,305 781 4183
Muire,Knightly,Female,mknightly2j@edublogs.org,670 509 7334
Minni,Beeton,Female,mbeeton2k@dion.ne.jp,392 819 6429
Leora,Kenzie,Genderfluid,lkenzie2l@illinois.edu,653 879 0931
Cyndie,Liverock,Female,cliverock2m@arstechnica.com,928 709 3031
Anna-diane,Cowper,Female,acowper2n@mashable.com,335 205 8083
Bernard,Binney,Male,bbinney2o@amazon.com,157 746 1803
Mathilde,Yve,Female,myve2p@icq.com,545 439 3981
Vera,Bahlmann,Female,vbahlmann2q@geocities.jp,241 160 4384
Millie,Elam,Female,melam2r@indiegogo.com,615 663 5697
Thayne,Witson,Male,twitson2s@bigcartel.com,794 982 4322
Hershel,Housiaux,Male,hhousiaux2t@g.co,696 935 4028
Ibrahim,Meaton,Male,imeaton2u@reddit.com,361 599 4480
Banky,Shemelt,Male,bshemelt2v@rakuten.co.jp,649 692 0597
Aaron,Brotherwood,Genderfluid,abrotherwood2w@123-reg.co.uk,482 445 0302
Tildy,Hallatt,Agender,thallatt2x@live.com,314 278 5364
Dougy,Gaynesford,Male,dgaynesford2y@huffingtonpost.com,971 190 7198
Anders,Blann,Male,ablann2z@mac.com,500 897 8719
Theobald,Geratasch,Male,tgeratasch30@squidoo.com,185 492 4738
George,Vater,Polygender,gvater31@google.ru,362 911 6134
Alfred,Tomadoni,Male,atomadoni32@domainmarket.com,507 323 1992
Cherice,Varnham,Female,cvarnham33@ycombinator.com,664 932 8926
Bidget,Louthe,Bigender,blouthe34@miibeian.gov.cn,440 359 5695
Elsey,Hancell,Polygender,ehancell35@java.com,402 720 9134
Pauly,Sturror,Female,psturror36@cisco.com,864 956 9273
Lavina,Tourle,Female,ltourle37@fda.gov,825 519 1628
Reg,Curnow,Male,rcurnow38@goo.gl,535 412 9991
Jeremy,Dorking,Male,jdorking39@nps.gov,933 110 0866
Dulciana,Turbefield,Female,dturbefield3a@vistaprint.com,660 550 6683
Sidney,Bewsy,Male,sbewsy3b@digg.com,343 431 9410
Susanetta,Ruddlesden,Female,sruddlesden3c@berkeley.edu,649 510 8405
Lefty,Falck,Male,lfalck3d@github.io,725 685 0749
Jane,Looby,Female,jlooby3e@virginia.edu,345 493 7144
Federica,Snuggs,Female,fsnuggs3f@blogtalkradio.com,617 897 1164
Sawyere,Fonso,Male,sfonso3g@google.nl,369 882 9517
Alie,Gethyn,Female,agethyn3h@smh.com.au,780 719 7337
Thaddus,Ginni,Male,tginni3i@4shared.com,682 526 7825
Flory,Kettley,Female,fkettley3j@msn.com,981 123 8187
Carley,Gillino,Genderqueer,cgillino3k@ibm.com,538 935 6084
Roxanna,Gavrielli,Female,rgavrielli3l@edublogs.org,171 623 0927
Abbott,Cowoppe,Male,acowoppe3m@bbc.co.uk,858 223 0652
Junia,Baulch,Agender,jbaulch3n@icq.com,724 751 4280
Marlo,Vauter,Female,mvauter3o@elpais.com,132 276 0040
Des,Mullin,Male,dmullin3p@thetimes.co.uk,520 158 1144
Jessika,Siemianowicz,Female,jsiemianowicz3q@surveymonkey.com,644 807 6747
Wynny,Novotne,Female,wnovotne3r@yale.edu,532 871 1336
Emilie,Worrell,Female,eworrell3s@ca.gov,854 175 1966
Joana,Harte,Female,jharte3t@topsy.com,352 390 6244
Sophey,Farey,Female,sfarey3u@sogou.com,230 217 3221
Gilligan,Petrelluzzi,Female,gpetrelluzzi3v@si.edu,876 964 7426
Dareen,Nertney,Female,dnertney3w@last.fm,798 955 2556
Hardy,Willingam,Male,hwillingam3x@dailymail.co.uk,294 496 3769
Willis,Ferrai,Genderfluid,wferrai3y@sciencedaily.com,766 528 7768
Dix,Southon,Female,dsouthon3z@newyorker.com,484 787 3263
Sheilah,Vasyaev,Female,svasyaev40@hubpages.com,687 962 7317
Axe,Trustrie,Male,atrustrie41@slate.com,383 901 4848
Yvor,Steet,Male,ysteet42@g.co,741 961 0475
Vasily,Nisot,Male,vnisot43@umich.edu,727 213 9145
Kareem,Smurthwaite,Male,ksmurthwaite44@purevolume.com,658 343 6455
Tam,Goodchild,Male,tgoodchild45@apple.com,701 108 6610
Nicoline,Relph,Female,nrelph46@wufoo.com,798 811 7596
Karel,Franck,Female,kfranck47@ezinearticles.com,506 372 1356
Jake,Jeffers,Male,jjeffers48@cnbc.com,273 403 2393
Lorine,Scarth,Female,lscarth49@youtube.com,174 618 6156
Matteo,McCourt,Male,mmccourt4a@youku.com,294 920 3277
Cathee,Pidgeley,Female,cpidgeley4b@etsy.com,857 419 8498
Zara,Werny,Female,zwerny4c@cam.ac.uk,974 543 8406
Raimund,Bayley,Male,rbayley4d@yale.edu,198 513 4164
Augusto,Pendall,Male,apendall4e@springer.com,694 921 1328
Tim,Lunny,Genderqueer,tlunny4f@techcrunch.com,541 230 9593
Amalle,Dolan,Female,adolan4g@google.co.uk,230 431 8147
Randal,Suche,Male,rsuche4h@163.com,742 320 6398
Silvan,Fivey,Male,sfivey4i@msu.edu,837 826 7574
Alistair,Penwright,Polygender,apenwright4j@flavors.me,978 726 6262
Celia,MacRury,Polygender,cmacrury4k@youtube.com,973 482 3316
Freddy,Carnow,Male,fcarnow4l@va.gov,592 326 0795
Kimberley,Dury,Female,kdury4m@woothemes.com,272 207 8623
Anneliese,Kettlesing,Female,akettlesing4n@noaa.gov,103 286 3124
Nannie,Ritelli,Female,nritelli4o@reuters.com,693 105 5742
Heidie,Marrett,Female,hmarrett4p@etsy.com,553 529 9832
Merill,Charrisson,Male,mcharrisson4q@tripod.com,398 428 6308
Carmine,Graveson,Male,cgraveson4r@pbs.org,295 950 7440
Ripley,Tugwell,Male,rtugwell4s@patch.com,563 322 1849
Friedrick,Di Giacomo,Male,fdigiacomo4t@ucsd.edu,536 816 1528
Dyan,Golsworthy,Female,dgolsworthy4u@360.cn,202 946 0339
Cicily,Eckhard,Female,ceckhard4v@examiner.com,604 127 5084
Ari,Dickinson,Male,adickinson4w@zimbio.com,347 778 1876
Deerdre,Axell,Female,daxell4x@ebay.co.uk,908 908 2406
Carlen,Thurstan,Female,cthurstan4y@canalblog.com,962 662 5218
Alta,Stennet,Female,astennet4z@usnews.com,862 286 4758
Meredith,Pizzie,Male,mpizzie50@skype.com,789 255 9864
Diann,Beauman,Female,dbeauman51@mashable.com,212 353 9125
Durant,Fullicks,Male,dfullicks52@sourceforge.net,334 423 6899
Gill,Hopkynson,Male,ghopkynson53@myspace.com,888 747 1997
Carolus,Marjanski,Male,cmarjanski54@github.com,470 598 6730
Sammy,Poge,Female,spoge55@seattletimes.com,451 533 2477
Revkah,Gallaher,Female,rgallaher56@cargocollective.com,105 978 7320
Norris,Brockton,Male,nbrockton57@dell.com,489 141 5399
Lyndel,Drogan,Female,ldrogan58@paypal.com,784 299 8746
Xenos,Grayston,Male,xgrayston59@cnbc.com,334 624 4108
Donnie,Urpeth,Male,durpeth5a@wikia.com,464 594 1364
Barthel,Laying,Male,blaying5b@google.com.br,455 154 7761
Andie,Rayer,Female,arayer5c@google.ru,533 655 9180
Abbe,Andri,Male,aandri5d@csmonitor.com,352 393 7236
Merola,Windybank,Female,mwindybank5e@opera.com,523 847 5062
Katuscha,Ollington,Female,kollington5f@eepurl.com,436 861 2675
Rossie,Petrolli,Male,rpetrolli5g@photobucket.com,787 837 4975
Langsdon,Marks,Male,lmarks5h@shutterfly.com,424 893 3718
Basilius,Oliveras,Male,boliveras5i@linkedin.com,960 891 5311
Fields,Bawdon,Male,fbawdon5j@t-online.de,586 912 6597
Kellina,Conor,Female,kconor5k@indiatimes.com,501 671 8543
Lorita,Dudgeon,Female,ldudgeon5l@sitemeter.com,243 746 7686
Odella,Philipson,Female,ophilipson5m@elpais.com,944 325 5638
Hadley,Notti,Male,hnotti5n@sogou.com,249 535 5860
Suzie,Deval,Female,sdeval5o@typepad.com,820 430 3010
Jesse,Kennedy,Male,jkennedy5p@usa.gov,628 178 4327
Alberta,Sheriff,Female,asheriff5q@loc.gov,119 456 2134
Adela,Coggins,Female,acoggins5r@kickstarter.com,607 432 9727
Beniamino,Fritche,Male,bfritche5s@studiopress.com,604 569 5035
Cosmo,Gonzalvo,Male,cgonzalvo5t@time.com,862 408 8255
Henderson,Aimeric,Male,haimeric5u@eepurl.com,538 350 8186
Derry,Perrelli,Male,dperrelli5v@hugedomains.com,870 461 9079
Tessie,Gethyn,Female,tgethyn5w@storify.com,849 745 3839
Allx,Leftly,Female,aleftly5x@arizona.edu,382 971 3268
Claudette,Gibbett,Female,cgibbett5y@alibaba.com,312 947 8301
Hugues,Slisby,Male,hslisby5z@gravatar.com,948 660 2312
Karl,Dignum,Male,kdignum60@blogtalkradio.com,860 529 8018
Opaline,Bastide,Female,obastide61@biglobe.ne.jp,795 434 9003
Margery,Walewski,Female,mwalewski62@usgs.gov,333 264 6076
Cayla,Rief,Female,crief63@cbslocal.com,757 375 7740
Pattie,Doldon,Female,pdoldon64@salon.com,181 751 3764
Tawsha,Caseri,Female,tcaseri65@un.org,919 777 1289
Kalle,Heald,Male,kheald66@nydailynews.com,577 312 2717
Adelle,Brock,Female,abrock67@noaa.gov,510 797 8369
Desdemona,Hurch,Female,dhurch68@plala.or.jp,992 983 7493
Wiatt,Martill,Male,wmartill69@google.pl,321 766 5585
Emyle,McSwan,Female,emcswan6a@pen.io,765 364 5540
Sascha,Adrianello,Female,sadrianello6b@admin.ch,217 358 6647
Alvy,Eliet,Male,aeliet6c@1und1.de,658 795 3144
Gregor,Guice,Male,gguice6d@scribd.com,277 332 3291
Nero,Aery,Male,naery6e@cdbaby.com,141 567 5058
Baldwin,Skirling,Male,bskirling6f@businesswire.com,780 328 7510
Neely,Wagstaff,Female,nwagstaff6g@hexun.com,237 748 6954
Jdavie,Ropkins,Male,jropkins6h@bigcartel.com,894 378 0327
Theodore,Klassman,Male,tklassman6i@usgs.gov,176 361 1298
Maryanna,Brewood,Female,mbrewood6j@wikia.com,103 905 8861
Aloin,Butterick,Male,abutterick6k@whitehouse.gov,963 345 2614
Ely,Flory,Male,eflory6l@google.es,742 420 5857
Willard,Kiddy,Male,wkiddy6m@auda.org.au,957 386 2500
Burtie,Robez,Male,brobez6n@feedburner.com,805 254 2247
Tootsie,Simmings,Female,tsimmings6o@cnn.com,686 646 8178
Rhea,Mc Gee,Female,rmcgee6p@wp.com,625 656 1621
Laurie,Filby,Male,lfilby6q@flickr.com,786 832 3515
Car,Hawkswell,Male,chawkswell6r@hao123.com,508 874 3956
Batsheva,Jerschke,Female,bjerschke6s@is.gd,555 808 9575
Nichols,Seven,Male,nseven6t@sohu.com,730 380 9975
Orella,Goose,Female,ogoose6u@zdnet.com,903 101 3581
Sibel,Dumblton,Female,sdumblton6v@arizona.edu,249 638 8489
Eben,Mecchi,Male,emecchi6w@gizmodo.com,300 798 2883
Hyacintha,Di Giacomettino,Female,hdigiacomettino6x@paypal.com,634 887 3956
Eran,Rendell,Female,erendell6y@ovh.net,998 409 2537
Maisey,Atthow,Genderqueer,matthow6z@virginia.edu,136 937 8701
Archibaldo,Fivey,Male,afivey70@vk.com,934 219 4891
Carlin,Mapledoore,Male,cmapledoore71@g.co,629 403 0225
Mellisa,Tapenden,Female,mtapenden72@networkadvertising.org,729 295 2772
Betteanne,Bucknill,Female,bbucknill73@wunderground.com,335 596 6496
Byrann,Nano,Male,bnano74@dailymail.co.uk,530 589 6911
Sansone,Jancy,Male,sjancy75@blogs.com,717 958 5552
Martita,Gisbourn,Female,mgisbourn76@ted.com,929 523 2151
Anne-marie,Paten,Female,apaten77@ca.gov,421 132 9702
Sloane,Labram,Male,slabram78@nydailynews.com,914 516 3425
Seka,Slimon,Agender,sslimon79@discuz.net,511 847 8239
Sheri,Gillooly,Female,sgillooly7a@yahoo.com,714 142 2493
Taite,Rooney,Male,trooney7b@walmart.com,232 328 4227
Annelise,Adderson,Female,aadderson7c@mozilla.com,193 539 5344
Amberly,Feasby,Female,afeasby7d@youtu.be,812 667 6875
Siward,Lidgerton,Male,slidgerton7e@godaddy.com,183 652 0532
Suzie,Higgen,Female,shiggen7f@shop-pro.jp,567 479 5675
Valma,Kubik,Female,vkubik7g@mlb.com,633 336 5730
Electra,Casely,Female,ecasely7h@jimdo.com,867 660 1474
Rinaldo,Phillot,Male,rphillot7i@whitehouse.gov,297 203 0843
Marylynne,Buzza,Female,mbuzza7j@alibaba.com,328 464 0872
Stefano,Joberne,Male,sjoberne7k@ucla.edu,287 816 6835
Benedikt,Tebb,Male,btebb7l@feedburner.com,450 191 4829
Lorianne,Pollock,Female,lpollock7m@homestead.com,209 241 9248
Bettye,Arrighi,Female,barrighi7n@dagondesign.com,162 239 9647
Janifer,Ruggiero,Female,jruggiero7o@ocn.ne.jp,465 124 4915
Lolly,Franzonello,Non-binary,lfranzonello7p@cbslocal.com,438 656 2294
Sophi,Message,Female,smessage7q@psu.edu,848 214 9421
Herc,Nelsen,Male,hnelsen7r@ehow.com,312 745 1038
Amii,Josef,Female,ajosef7s@alexa.com,477 236 9160
Roderic,Biggerstaff,Genderqueer,rbiggerstaff7t@accuweather.com,757 249 3400
Carolyne,Mila,Female,cmila7u@storify.com,522 160 8880
Sibylle,Sheran,Female,ssheran7v@arizona.edu,917 825 3658
Adina,Bissill,Female,abissill7w@amazon.de,832 262 0791
Caitrin,Gauld,Female,cgauld7x@pcworld.com,559 761 8367
Ted,Cockings,Male,tcockings7y@ow.ly,695 648 9370
Greggory,Elkington,Male,gelkington7z@sohu.com,720 239 1593
Maryl,Jobling,Agender,mjobling80@cnet.com,961 585 3197
Addi,Chasemore,Female,achasemore81@technorati.com,711 790 7043
Courtnay,Polden,Male,cpolden82@disqus.com,327 476 4239
Rhys,Breslin,Polygender,rbreslin83@alexa.com,227 777 2234
Fancy,Pattinson,Female,fpattinson84@w3.org,235 932 1002
Jarad,Roo,Male,jroo85@thetimes.co.uk,358 919 5231
Raynard,Kobel,Male,rkobel86@imdb.com,991 761 1658
Patsy,Piperley,Male,ppiperley87@hibu.com,528 633 4128
Vincent,Issitt,Male,vissitt88@latimes.com,698 428 3658
Kile,Blazhevich,Male,kblazhevich89@independent.co.uk,528 868 8999
Neysa,Jager,Female,njager8a@shinystat.com,532 651 0326
Hamid,Soames,Male,hsoames8b@examiner.com,900 138 2300
Rickert,Ellison,Male,rellison8c@booking.com,782 782 0828
Had,Counsell,Male,hcounsell8d@dailymotion.com,875 301 4834
Ky,Romaines,Male,kromaines8e@scribd.com,277 156 1407
Elianora,Attock,Female,eattock8f@imgur.com,159 167 7325
Barny,Meekins,Male,bmeekins8g@ftc.gov,210 870 5317
Crichton,Deboick,Male,cdeboick8h@ucla.edu,301 213 7078
Norine,Cobson,Non-binary,ncobson8i@bluehost.com,922 446 2417
Candace,De Bruin,Agender,cdebruin8j@sogou.com,250 652 7266
Gabie,Tugman,Female,gtugman8k@harvard.edu,901 431 6250
Morgun,Chrispin,Male,mchrispin8l@feedburner.com,989 851 2036
Bobbee,Brosini,Female,bbrosini8m@abc.net.au,532 592 5986
Brantley,Buttery,Genderfluid,bbuttery8n@seattletimes.com,770 354 0077
Querida,Malletratt,Female,qmalletratt8o@opensource.org,320 500 3615
Guillema,Thamelt,Female,gthamelt8p@comcast.net,877 166 5165
Melamie,Di Lucia,Female,mdilucia8q@homestead.com,941 531 7022
Kynthia,Stoakes,Female,kstoakes8r@cdbaby.com,968 729 0180
Joseito,Forryan,Male,jforryan8s@disqus.com,650 795 4022
Liz,Ariss,Female,lariss8t@so-net.ne.jp,575 135 1732
Frederico,Gogan,Male,fgogan8u@adobe.com,686 215 1022
Sharona,Mirfield,Non-binary,smirfield8v@google.de,798 525 2579
Catherin,Heditch,Genderqueer,cheditch8w@blinklist.com,813 890 3566
Darnell,Brasseur,Male,dbrasseur8x@ft.com,585 166 4861
Corinne,Desquesnes,Female,cdesquesnes8y@thetimes.co.uk,706 797 2423
Taylor,Moncur,Male,tmoncur8z@parallels.com,864 995 3981
Sandy,Armstrong,Male,sarmstrong90@about.me,227 310 5509
Yulma,Kunc,Genderfluid,ykunc91@google.fr,499 306 2984
Parry,Quilter,Male,pquilter92@theguardian.com,985 410 3416
Thoma,Woffenden,Male,twoffenden93@ustream.tv,498 669 1088
Benny,Karpfen,Bigender,bkarpfen94@php.net,581 541 2559
Garrot,Docharty,Male,gdocharty95@cbc.ca,665 277 0280
Leupold,Withnall,Male,lwithnall96@psu.edu,925 914 0058
Byrom,MacLoughlin,Male,bmacloughlin97@earthlink.net,483 174 6004
Shoshana,Deniset,Female,sdeniset98@naver.com,255 760 6575
Neal,Songist,Male,nsongist99@marriott.com,953 980 5598
Clemence,Hairsnape,Female,chairsnape9a@creativecommons.org,992 373 5665
Karlen,Entreis,Female,kentreis9b@utexas.edu,574 326 0684
Alyse,Dewitt,Female,adewitt9c@twitter.com,373 205 1269
Adrienne,Donnel,Female,adonnel9d@shop-pro.jp,812 980 7536
Ellette,Cranke,Female,ecranke9e@harvard.edu,114 347 3678
Merralee,Buret,Female,mburet9f@ask.com,947 913 5878
Tamas,Euston,Male,teuston9g@cbc.ca,491 653 7786
Jackelyn,Rice,Non-binary,jrice9h@zimbio.com,170 805 8861
Melicent,Hayer,Female,mhayer9i@4shared.com,365 679 2697
Pincas,Gresley,Male,pgresley9j@google.ca,102 433 8573
Ciro,Wards,Male,cwards9k@goo.ne.jp,195 224 6234
Aharon,Kulic,Male,akulic9l@stumbleupon.com,609 971 0729
Carmella,Soars,Female,csoars9m@npr.org,210 328 6987
Rafaela,Szapiro,Female,rszapiro9n@51.la,383 187 4976
Imojean,Gatecliff,Female,igatecliff9o@boston.com,254 116 5851
Jammie,Milland,Female,jmilland9p@merriam-webster.com,958 742 8203
Rogerio,St. Louis,Male,rstlouis9q@rambler.ru,109 974 6856
Imogene,Grason,Female,igrason9r@un.org,594 131 7201
Dominick,Haack,Male,dhaack9s@state.tx.us,257 700 9730
Janka,Neighbour,Female,jneighbour9t@deliciousdays.com,160 977 1306
Saundra,Dennett,Female,sdennett9u@army.mil,117 926 8477
Adan,Capper,Male,acapper9v@odnoklassniki.ru,315 979 8211
Dylan,Lowndesbrough,Male,dlowndesbrough9w@amazonaws.com,215 355 6007
Luther,Aseef,Male,laseef9x@edublogs.org,985 503 0883
Lucinda,Sline,Female,lsline9y@barnesandnoble.com,783 508 3780
Sutherland,Mill,Genderfluid,smill9z@unblog.fr,114 195 0060
Guenevere,Shirlaw,Female,gshirlawa0@oakley.com,414 685 6361
Ardelle,Shildrick,Female,ashildricka1@gizmodo.com,812 335 8756
Bidget,Pedlow,Genderqueer,bpedlowa2@boston.com,248 523 2836
Desiree,Brigge,Polygender,dbriggea3@businessweek.com,408 423 1661
Claiborn,Gennings,Male,cgenningsa4@google.com,151 715 4385
Kile,Dumingos,Male,kdumingosa5@miitbeian.gov.cn,711 789 5617
Sarine,Furneaux,Female,sfurneauxa6@friendfeed.com,147 443 1004
Elana,Tillerton,Female,etillertona7@dailymail.co.uk,120 415 5856
Tiffanie,Denizet,Female,tdenizeta8@arizona.edu,133 382 9932
Jo,O'Glassane,Female,joglassanea9@sogou.com,433 309 7619
Fernando,Brokenshire,Male,fbrokenshireaa@sina.com.cn,178 629 0279
Monika,Calcraft,Female,mcalcraftab@freewebs.com,126 279 1487
Feliks,Vescovo,Male,fvescovoac@wikia.com,861 702 8481
Simon,Devers,Male,sdeversad@flickr.com,324 235 4343
Alexi,Froome,Female,afroomeae@businesswire.com,748 345 6244
Lucila,Fedder,Female,lfedderaf@ft.com,702 730 3183
Hercules,Briiginshaw,Male,hbriiginshawag@craigslist.org,618 799 5964
Mayor,Buttel,Male,mbuttelah@va.gov,817 724 4393
Lauraine,Geck,Female,lgeckai@bloglines.com,598 812 3200
Lionel,Loder,Male,lloderaj@aol.com,780 162 9467
Byrom,Treadgall,Male,btreadgallak@discuz.net,947 223 5354
Lon,Harvey,Male,lharveyal@usnews.com,880 483 2202
Celia,Leatt,Female,cleattam@youtube.com,316 176 1233
Patrizio,McGillacoell,Male,pmcgillacoellan@uol.com.br,272 973 0489
Sharline,Lindblad,Female,slindbladao@rakuten.co.jp,782 470 0393
Daveta,Stell,Female,dstellap@meetup.com,721 648 5235
Alicea,Dunsmore,Female,adunsmoreaq@imageshack.us,925 622 3649
Sid,Gayton,Male,sgaytonar@privacy.gov.au,420 817 3779
Honor,Alejo,Female,halejoas@hc360.com,611 373 9441
Vergil,Picard,Male,vpicardat@spotify.com,541 487 9340
Gillian,Booij,Female,gbooijau@hc360.com,251 183 8267
Edithe,Margerison,Female,emargerisonav@nature.com,855 557 6718
Brnaby,Cunney,Male,bcunneyaw@sciencedirect.com,571 579 8558
Lucais,Larwood,Male,llarwoodax@techcrunch.com,554 791 4171
Sayer,Menego,Male,smenegoay@psu.edu,794 568 0490
Bernete,Jermin,Bigender,bjerminaz@taobao.com,980 814 8794
Myrlene,Trudgian,Female,mtrudgianb0@bravesites.com,399 758 2652
Toddie,Brilleman,Male,tbrillemanb1@scribd.com,362 728 1288
Gianni,McLarnon,Male,gmclarnonb2@ifeng.com,772 407 4855
Zachary,Jakubovski,Genderfluid,zjakubovskib3@twitpic.com,159 522 0961
Shaun,Dunnaway,Male,sdunnawayb4@ca.gov,547 660 7434
Richmound,Chatenier,Male,rchatenierb5@storify.com,691 372 9086
Gertrudis,MacDowal,Female,gmacdowalb6@diigo.com,653 865 6024
Drusi,Nelthropp,Female,dnelthroppb7@cloudflare.com,322 757 7639
Agnese,Reddel,Female,areddelb8@ca.gov,477 830 4626
Banky,Pengilly,Male,bpengillyb9@tinypic.com,492 477 8130
Justino,McLoney,Male,jmcloneyba@google.es,928 176 0096
Thane,Hummerston,Male,thummerstonbb@nhs.uk,373 823 1255
Zed,Andreasen,Male,zandreasenbc@loc.gov,618 206 4249
Octavia,Kob,Female,okobbd@mayoclinic.com,651 214 9192
Loleta,Pennetta,Female,lpennettabe@google.pl,681 267 2930
Cicily,Varvara,Female,cvarvarabf@drupal.org,326 858 7054
Oralie,Regnard,Female,oregnardbg@disqus.com,869 208 0102
Noble,Brabender,Male,nbrabenderbh@etsy.com,727 658 8959
Merl,Denness,Female,mdennessbi@addtoany.com,736 283 1742
Kaye,Gian,Non-binary,kgianbj@nydailynews.com,509 888 3911
Mata,Wetherby,Male,mwetherbybk@github.com,408 122 4128
Jefferson,Abrahmer,Male,jabrahmerbl@msn.com,832 507 6545
Kay,Gantzman,Female,kgantzmanbm@theatlantic.com,823 567 0557
Amby,Erasmus,Male,aerasmusbn@issuu.com,721 483 8141
Alfonse,Grinikhin,Male,agrinikhinbo@amazonaws.com,685 238 9940
Al,Yandell,Male,ayandellbp@sbwire.com,490 892 1486
Reade,Cornewell,Male,rcornewellbq@yellowbook.com,973 808 8844
Carena,Dewhurst,Female,cdewhurstbr@dagondesign.com,254 586 6224
Pacorro,Pellamont,Male,ppellamontbs@aboutads.info,686 414 7325
Joseito,Snipe,Male,jsnipebt@pcworld.com,390 938 6465
Tammie,Quigg,Male,tquiggbu@nydailynews.com,572 627 1202
Vaughan,Riordan,Male,vriordanbv@wordpress.org,964 871 8349
Huntley,Paireman,Male,hpairemanbw@cmu.edu,402 915 7122
Davey,Matelyunas,Male,dmatelyunasbx@answers.com,420 765 9563
Hermy,Dommett,Male,hdommettby@forbes.com,908 216 2090
Enid,Lorkins,Agender,elorkinsbz@moonfruit.com,490 412 9308
Burke,McDunlevy,Male,bmcdunlevyc0@bluehost.com,126 900 4830
Gallard,Skace,Male,gskacec1@unblog.fr,366 474 2987
Bette-ann,Oldam,Female,boldamc2@blinklist.com,983 146 1392
Massimiliano,Flucks,Male,mflucksc3@topsy.com,440 174 2799
Corty,Fordyce,Male,cfordycec4@usatoday.com,841 115 7493
Twyla,Riby,Female,tribyc5@tuttocitta.it,557 728 7926
Billy,Leisman,Male,bleismanc6@mapy.cz,746 639 8579
Hedda,Endon,Female,hendonc7@scientificamerican.com,920 186 8839
Konstantine,Beaumont,Male,kbeaumontc8@ft.com,735 501 1072
Cindi,Laborda,Polygender,clabordac9@blinklist.com,799 769 1853
Patrizia,Gypson,Female,pgypsonca@chicagotribune.com,316 594 0500
Sena,Trimnell,Female,strimnellcb@oaic.gov.au,704 345 7266
Mikol,Whanstall,Male,mwhanstallcc@jigsy.com,131 619 6952
Philipa,Boydle,Female,pboydlecd@bluehost.com,117 648 5284
Mannie,Esler,Male,meslerce@intel.com,273 453 0392
Tony,Ewells,Male,tewellscf@g.co,371 943 7302
Idette,Chasier,Female,ichasiercg@sphinn.com,244 607 8640
Wheeler,Bruinemann,Male,wbruinemannch@mapquest.com,847 240 8397
Leonore,Dracey,Female,ldraceyci@cargocollective.com,825 532 6752
Alina,Milburne,Female,amilburnecj@globo.com,629 124 3977
Tuesday,Landell,Female,tlandellck@sbwire.com,690 683 2866
Leo,Lamers,Male,llamerscl@freewebs.com,635 287 4974
Ethelda,Hallet,Female,ehalletcm@istockphoto.com,609 725 3473
Amara,Bellefant,Female,abellefantcn@mashable.com,259 734 4151
Leland,Emeline,Female,lemelineco@lycos.com,376 832 3209
Waldemar,Yersin,Male,wyersincp@wikimedia.org,928 857 9119
Welby,Scain,Male,wscaincq@meetup.com,104 991 3116
Lilian,Kipling,Bigender,lkiplingcr@epa.gov,316 832 3092
Daisi,Hawkeridge,Agender,dhawkeridgecs@loc.gov,830 966 3779
Genvieve,McHugh,Female,gmchughct@webnode.com,419 974 8974
Jake,Anger,Male,jangercu@shareasale.com,953 682 7491
Berty,Messingham,Male,bmessinghamcv@blog.com,197 349 1093
Yard,Shears,Male,yshearscw@istockphoto.com,874 749 1415
Arney,Spira,Male,aspiracx@bandcamp.com,381 688 8866
Netti,Cutchey,Female,ncutcheycy@unesco.org,993 516 1472
Carley,Tran,Female,ctrancz@unblog.fr,794 442 3388
Derby,Cribbin,Male,dcribbind0@yandex.ru,191 875 0131
Obediah,Wile,Male,owiled1@guardian.co.uk,536 153 9477
Rahel,Piche,Agender,rpiched2@instagram.com,689 561 5152
Idaline,Becerro,Female,ibecerrod3@noaa.gov,794 501 0192
Carney,Leverton,Polygender,clevertond4@comcast.net,203 153 2791
Gilbertine,Edghinn,Female,gedghinnd5@meetup.com,662 877 0965
Wren,Gadeaux,Female,wgadeauxd6@google.com,709 922 0303
Hazel,Toopin,Female,htoopind7@about.com,887 314 3114
Anderson,Mityukov,Male,amityukovd8@booking.com,181 395 4413
Ellene,Arp,Female,earpd9@nydailynews.com,848 593 2090
Creight,Spragge,Male,cspraggeda@ucla.edu,141 490 3792
Glenn,Margram,Female,gmargramdb@umn.edu,605 453 8490
Katrine,Hansed,Female,khanseddc@tripadvisor.com,482 528 9033
Blake,Faro,Male,bfarodd@state.tx.us,662 158 7835
Brandy,Lebond,Male,blebondde@tamu.edu,634 798 0592
Fredek,Chaperling,Male,fchaperlingdf@businesswire.com,745 421 3497
Frederique,Langford,Genderqueer,flangforddg@mapquest.com,228 753 5849
Sherry,Tamblingson,Female,stamblingsondh@usnews.com,972 285 4476
Tyrus,O'Downe,Male,todownedi@issuu.com,908 118 1186
Davida,Bleasby,Female,dbleasbydj@psu.edu,708 959 6914
Dyanna,Campo,Female,dcampodk@google.es,621 978 1905
Erwin,Ramsdale,Male,eramsdaledl@dell.com,271 961 0171
Tripp,Oakenfield,Male,toakenfielddm@google.com.br,658 812 9609
Mariette,Ferraro,Female,mferrarodn@multiply.com,106 380 1798
Gabi,Kos,Male,gkosdo@theatlantic.com,961 612 3128
Sig,Sheards,Male,ssheardsdp@earthlink.net,691 742 1027
Yance,Tattersfield,Bigender,ytattersfielddq@ucoz.ru,803 638 5517
Daffy,Starkie,Female,dstarkiedr@amazon.de,648 826 9037
Seward,Gabbatiss,Male,sgabbatissds@berkeley.edu,862 304 0071
Berrie,Klimentyonok,Female,bklimentyonokdt@globo.com,727 210 5077
Beniamino,Carnell,Male,bcarnelldu@sbwire.com,317 190 4942
Bertie,Ramplee,Non-binary,brampleedv@arstechnica.com,908 451 5130
Wheeler,Baume,Male,wbaumedw@qq.com,246 396 9952
Faydra,Kelso,Female,fkelsodx@bandcamp.com,333 961 6432
Martynne,Heskins,Female,mheskinsdy@ox.ac.uk,409 780 8125
Nikita,Wulfinger,Male,nwulfingerdz@blog.com,818 763 5785
Alejandrina,Pryn,Female,apryne0@com.com,734 978 4200
Egan,Robelow,Male,erobelowe1@pagesperso-orange.fr,764 265 5881
Lise,Gibling,Non-binary,lgiblinge2@oaic.gov.au,960 568 9235
Brenna,Derington,Female,bderingtone3@paypal.com,910 573 5157
Armin,Hannabus,Male,ahannabuse4@list-manage.com,935 329 8894
Tonia,Barnett,Female,tbarnette5@moonfruit.com,229 580 9090
Rolf,Hazeldean,Male,rhazeldeane6@stanford.edu,865 307 4307
Tobie,Bowden,Male,tbowdene7@goo.ne.jp,616 398 7936
Sophia,Harniman,Female,sharnimane8@goo.gl,720 371 6139
Keary,Wessing,Male,kwessinge9@weebly.com,469 938 4952
Hewe,Rassmann,Male,hrassmannea@last.fm,483 727 3890
Florry,Ridulfo,Female,fridulfoeb@dropbox.com,411 347 2900
Reinaldos,Abele,Male,rabeleec@delicious.com,456 729 2994
Georgi,Brisson,Genderfluid,gbrissoned@mac.com,141 682 9845
Jessee,Amer,Male,jameree@hc360.com,340 999 0571
Aveline,Jandac,Non-binary,ajandacef@whitehouse.gov,665 377 9153
Wallie,Paulus,Male,wpauluseg@pbs.org,799 424 0199
Amalee,Chesswas,Female,achesswaseh@hexun.com,607 153 6280
Temp,McMenamie,Male,tmcmenamieei@reference.com,551 672 2498
Chucho,Ridgedell,Male,cridgedellej@disqus.com,774 953 2621
Allyn,Breacher,Polygender,abreacherek@cornell.edu,327 773 6310
Katuscha,Manilo,Female,kmaniloel@51.la,590 231 0535
Sol,St Ange,Male,sstangeem@so-net.ne.jp,937 853 1850
Alan,Elfleet,Male,aelfleeten@tiny.cc,211 250 6669
Padraic,Elsworth,Male,pelswortheo@ifeng.com,473 860 6535
Helga,Mapes,Female,hmapesep@slideshare.net,875 913 4076
Reagen,De Blase,Male,rdeblaseeq@miibeian.gov.cn,598 575 4936
Rollie,Creevy,Male,rcreevyer@ucla.edu,837 411 9630
Felipa,Mitchelson,Female,fmitchelsones@usatoday.com,644 673 9625
Carmina,Crossfeld,Female,ccrossfeldet@imdb.com,582 799 3124
Bryn,Gawthorpe,Male,bgawthorpeeu@chron.com,306 718 8828
Antonin,Watford,Male,awatfordev@furl.net,657 227 3962
Dallas,Dallemore,Female,ddallemoreew@technorati.com,906 755 7544
Helen,Fuller,Female,hfullerex@ycombinator.com,557 990 4383
Blayne,Doward,Male,bdowardey@intel.com,234 318 0222
Lacey,Niese,Female,lnieseez@upenn.edu,130 998 1440
Pascale,Blinkhorn,Bigender,pblinkhornf0@ox.ac.uk,848 934 4905
Devi,Moseby,Polygender,dmosebyf1@google.co.jp,889 889 9671
Tracie,Nalder,Male,tnalderf2@sfgate.com,708 798 3870
Rachel,Novkovic,Female,rnovkovicf3@businessweek.com,544 834 9411
Melvin,Hansill,Male,mhansillf4@barnesandnoble.com,159 611 6752
Vaughn,Ell,Male,vellf5@com.com,604 214 4643
Waylen,Pratty,Male,wprattyf6@weibo.com,154 520 8481
Christoph,Trodd,Male,ctroddf7@gizmodo.com,103 679 5351
Bonni,Strongman,Female,bstrongmanf8@goodreads.com,254 453 7061
Murial,Enriquez,Female,menriquezf9@netlog.com,250 138 9177
Chan,Winteringham,Male,cwinteringhamfa@meetup.com,147 946 8580
Barbi,Stannion,Female,bstannionfb@qq.com,595 182 1756
Arabella,Grenter,Agender,agrenterfc@quantcast.com,813 394 0126
Justinian,Kilfedder,Male,jkilfedderfd@home.pl,583 257 0732
Violetta,Taye,Genderqueer,vtayefe@forbes.com,194 766 0113
Iona,Mirando,Genderfluid,imirandoff@example.com,673 930 7148
Cami,Wellum,Female,cwellumfg@yahoo.co.jp,775 658 7048
Conrade,Trudgion,Male,ctrudgionfh@jiathis.com,413 308 8387
Reilly,Albiston,Male,ralbistonfi@360.cn,910 615 2998
Reggie,Jerrand,Male,rjerrandfj@nydailynews.com,441 505 2851
Marcellus,Bartle,Male,mbartlefk@joomla.org,756 749 0982
Reina,Pockett,Female,rpockettfl@tinypic.com,990 661 5629
Pietrek,Mockford,Male,pmockfordfm@lulu.com,117 581 7005
Thorstein,Schulkins,Male,tschulkinsfn@tuttocitta.it,506 332 4421
Willette,Dabnor,Female,wdabnorfo@goo.ne.jp,705 360 1687
Jude,Shreeves,Male,jshreevesfp@ask.com,304 562 0469
Sukey,Caro,Female,scarofq@yellowpages.com,788 654 7080
Andrea,Moreno,Female,amorenofr@zdnet.com,686 272 1141
Durant,Noel,Male,dnoelfs@bloglines.com,221 365 2508
Gordan,Falck,Male,gfalckft@wufoo.com,141 931 4711
Flint,Loy,Male,floyfu@meetup.com,690 633 3664
Kalina,Altimas,Female,kaltimasfv@amazon.de,765 384 3549
Curt,Gulk,Male,cgulkfw@examiner.com,593 652 4624
Rosana,Casari,Non-binary,rcasarifx@smh.com.au,872 314 1275
Pete,Horick,Genderqueer,phorickfy@globo.com,443 221 8830
Celeste,Conlaund,Female,cconlaundfz@hugedomains.com,744 243 4834
Louisa,Carss,Female,lcarssg0@blog.com,915 361 4064
Joby,Timbs,Genderfluid,jtimbsg1@wikia.com,348 419 9985
Peggi,Elgy,Female,pelgyg2@go.com,931 799 1989
Diahann,Legerton,Female,dlegertong3@eventbrite.com,734 726 6960
Atlanta,Hammerman,Female,ahammermang4@indiegogo.com,651 363 1107
Dania,Nucci,Female,dnuccig5@macromedia.com,362 362 9833
Arnaldo,Caslane,Polygender,acaslaneg6@craigslist.org,362 872 2707
Cecilia,Bathoe,Female,cbathoeg7@discuz.net,682 681 9661
Jedd,Guidera,Male,jguiderag8@bravesites.com,902 675 7340
Gabi,Shave,Male,gshaveg9@trellian.com,724 870 2423
Ruttger,Oppy,Male,roppyga@mozilla.org,155 661 0037
Talya,Agutter,Female,taguttergb@istockphoto.com,452 238 9151
Junia,Coyish,Female,jcoyishgc@cargocollective.com,694 611 9981
Aldon,Shapera,Male,ashaperagd@marriott.com,270 124 4073
Correy,Potkin,Female,cpotkinge@eventbrite.com,778 722 0968
Akim,Flipsen,Male,aflipsengf@51.la,734 164 2745
Lay,Fromont,Male,lfromontgg@networksolutions.com,297 341 5545
Munmro,McLaverty,Male,mmclavertygh@mtv.com,295 912 2329
Daven,Joret,Male,djoretgi@bbb.org,854 132 5982
Thaddeus,Lowne,Male,tlownegj@jalbum.net,312 202 9875
Gerti,Dawtrey,Female,gdawtreygk@miibeian.gov.cn,853 361 6393
Emmerich,Melby,Male,emelbygl@theglobeandmail.com,305 136 2815
Jessalyn,Alderman,Female,jaldermangm@cnbc.com,855 735 6510
Jock,Durtnal,Male,jdurtnalgn@vk.com,648 437 2477
Zane,Lecointe,Male,zlecointego@flickr.com,870 137 1056
Garth,Loveguard,Male,gloveguardgp@furl.net,418 692 6928
Rolph,Cockerill,Male,rcockerillgq@geocities.jp,320 973 5996
Balduin,Hartnell,Bigender,bhartnellgr@ucsd.edu,273 272 3276
Milli,Emanson,Female,memansongs@msu.edu,535 358 3026
Ursola,Simoncello,Genderqueer,usimoncellogt@nps.gov,402 957 0180
Virgilio,Ferreira,Male,vferreiragu@woothemes.com,837 668 2074
Stuart,Kneeland,Male,skneelandgv@latimes.com,214 285 9302
Clair,Thurnham,Polygender,cthurnhamgw@nsw.gov.au,845 866 9567
Osbourne,Zannolli,Male,ozannolligx@ihg.com,969 161 7232
Hermy,Snelman,Male,hsnelmangy@parallels.com,525 186 1098
Damita,Krugmann,Female,dkrugmanngz@lycos.com,793 599 7912
Adolpho,Rubinsztein,Male,arubinszteinh0@businessweek.com,925 133 1964
Tonia,Jacquest,Agender,tjacquesth1@umn.edu,441 510 2150
Kincaid,Eberle,Male,keberleh2@facebook.com,999 684 1882
Page,Reicherz,Male,preicherzh3@npr.org,220 504 0815
Shir,Deviney,Female,sdevineyh4@4shared.com,563 792 4385
Pembroke,Pariso,Male,pparisoh5@cdc.gov,591 519 0655
Katinka,Dyett,Agender,kdyetth6@privacy.gov.au,347 171 7045
Pat,Aspling,Male,pasplingh7@diigo.com,518 963 9575
Sybila,Eagland,Female,seaglandh8@ezinearticles.com,619 769 1077
Eleonora,Wainman,Female,ewainmanh9@wikimedia.org,977 553 8358
Janela,McGlaud,Female,jmcglaudha@goodreads.com,758 457 3958
Odille,Panniers,Female,opanniershb@epa.gov,855 363 1548
Nathaniel,Meron,Male,nmeronhc@naver.com,102 169 2751
Anatol,Rowley,Male,arowleyhd@facebook.com,385 420 6256
Toma,Garioch,Genderfluid,tgariochhe@nsw.gov.au,274 934 4292
Belicia,Benedite,Female,bbeneditehf@telegraph.co.uk,818 998 4147
Sigvard,Dondon,Male,sdondonhg@usatoday.com,219 415 9272
Valentina,Kermath,Female,vkermathhh@stumbleupon.com,171 529 2105
Andres,Frizell,Male,afrizellhi@mozilla.org,673 739 0149
Waneta,Gornal,Female,wgornalhj@twitter.com,646 614 9581
Winny,Reardon,Polygender,wreardonhk@ustream.tv,438 509 1815
Morton,Baythorp,Male,mbaythorphl@trellian.com,206 808 9205
Kristina,Crathern,Female,kcrathernhm@usda.gov,702 570 7142
Lorenza,Cisar,Agender,lcisarhn@mashable.com,773 686 5786
Crista,Gussie,Female,cgussieho@bloomberg.com,836 559 5131
Loy,Sigars,Male,lsigarshp@merriam-webster.com,793 567 6935
Carol-jean,Wixey,Female,cwixeyhq@netvibes.com,786 136 9205
Danny,Reekie,Female,dreekiehr@booking.com,274 160 2578
Travis,Wheldon,Male,twheldonhs@dyndns.org,771 637 1865
Sunny,Whittek,Male,swhittekht@parallels.com,787 197 2019
Leontyne,Willcocks,Female,lwillcockshu@purevolume.com,731 675 1338
Ezmeralda,Baskerfield,Female,ebaskerfieldhv@nhs.uk,468 882 7732
Jo ann,Huster,Female,jhusterhw@privacy.gov.au,187 294 1550
Hillyer,Duckitt,Bigender,hduckitthx@opensource.org,855 284 7662
Stormie,Sign,Female,ssignhy@census.gov,327 662 4126
Borg,Gowenlock,Male,bgowenlockhz@independent.co.uk,331 103 0469
Ichabod,Enstone,Male,ienstonei0@a8.net,453 161 3095
Jess,Jolliss,Female,jjollissi1@yahoo.co.jp,248 553 0257
Fred,Keers,Male,fkeersi2@unblog.fr,530 251 5095
Karoly,Cammis,Male,kcammisi3@51.la,863 141 6895
Duffie,Meiklam,Male,dmeiklami4@bbb.org,125 789 2021
Thurston,Diplock,Male,tdiplocki5@cpanel.net,361 477 7340
Rosemarie,Harfoot,Female,rharfooti6@parallels.com,676 524 6619
Jimmy,Conaghan,Male,jconaghani7@unc.edu,661 365 3543
Sidnee,Grunder,Male,sgrunderi8@issuu.com,784 553 1222
Carri,Haighton,Female,chaightoni9@chron.com,475 668 2090
Sianna,MacMorland,Female,smacmorlandia@blogger.com,892 251 6688
Owen,Ryde,Male,orydeib@dion.ne.jp,847 626 3169
Bev,McGlaud,Male,bmcglaudic@upenn.edu,720 140 8603
Ly,Simkovitz,Male,lsimkovitzid@feedburner.com,779 568 8554
Sancho,Corro,Polygender,scorroie@g.co,736 318 6558
Catarina,Ram,Female,cramif@nba.com,846 743 6827
Rebecka,Musicka,Female,rmusickaig@virginia.edu,638 182 3640
Blinnie,Gentreau,Female,bgentreauih@cpanel.net,117 936 0344
Netti,Rowles,Female,nrowlesii@slate.com,449 513 0208
Lita,Donnellan,Female,ldonnellanij@ucla.edu,604 179 9914
Jenifer,Iveson,Female,jivesonik@cloudflare.com,849 804 0025
Kristy,Elvy,Female,kelvyil@symantec.com,139 624 6989
Nikoletta,DeSousa,Female,ndesousaim@hp.com,914 900 2294
Sunny,Mulholland,Male,smulhollandin@edublogs.org,402 134 5971
Saloma,Ojeda,Female,sojedaio@desdev.cn,708 667 8388
Laurie,Pires,Female,lpiresip@fema.gov,676 193 7879
Danita,Haste,Female,dhasteiq@nhs.uk,618 901 9094
Emanuel,Crolla,Male,ecrollair@sfgate.com,293 221 8167
Zuzana,Shelton,Female,zsheltonis@columbia.edu,144 424 2973
Lizette,Fochs,Female,lfochsit@twitter.com,286 861 0152
Daren,Kliemchen,Male,dkliemcheniu@earthlink.net,690 765 1690
Lyn,Callan,Male,lcallaniv@feedburner.com,962 572 0609
Shurlock,Pecht,Male,spechtiw@apache.org,366 603 1105
Zondra,Perott,Female,zperottix@t.co,358 212 9482
Ashien,Farmloe,Female,afarmloeiy@yahoo.com,383 350 7850
Petey,Bartalucci,Male,pbartalucciiz@virginia.edu,521 841 3520
Hillel,Lyford,Male,hlyfordj0@time.com,507 232 4679
Nolan,McKeevers,Male,nmckeeversj1@google.it,857 315 9123
Ross,Jaze,Male,rjazej2@ezinearticles.com,372 540 9155
Shaine,Balf,Male,sbalfj3@feedburner.com,647 140 5424
Jose,Streater,Male,jstreaterj4@ehow.com,287 869 2244
Lynne,MacConnal,Female,lmacconnalj5@opensource.org,695 454 4141
Fabe,Dragonette,Male,fdragonettej6@wufoo.com,910 627 6321
Beth,Nelthrop,Female,bnelthropj7@time.com,373 256 1840
Wilie,Parsley,Female,wparsleyj8@prweb.com,766 886 6491
Rog,Congrave,Male,rcongravej9@shinystat.com,254 361 7069
Barnebas,Rickards,Male,brickardsja@opera.com,806 235 0418
Filmore,Gladding,Male,fgladdingjb@t-online.de,526 181 7482
Antin,Peaple,Male,apeaplejc@dell.com,916 899 0490
Loleta,Elias,Female,leliasjd@youku.com,964 687 1644
Tuckie,Richten,Male,trichtenje@bing.com,191 901 3011
Dulcia,Mealand,Agender,dmealandjf@cnn.com,833 104 0462
Janey,January,Non-binary,jjanuaryjg@vistaprint.com,366 895 4013
Trevor,Elwell,Male,telwelljh@taobao.com,193 601 5154
Drona,Bilney,Female,dbilneyji@merriam-webster.com,584 919 5850
Hoebart,Tanzer,Male,htanzerjj@newyorker.com,269 490 5649
Harriett,Dach,Female,hdachjk@xinhuanet.com,738 135 2002
Kali,Deighton,Female,kdeightonjl@mtv.com,683 856 9237
Claudius,Dalyell,Male,cdalyelljm@sogou.com,995 824 7342
Stacy,Tilbury,Male,stilburyjn@privacy.gov.au,197 813 1591
Arte,Cafferky,Male,acafferkyjo@hao123.com,675 792 2188
Normand,Cocke,Male,ncockejp@prweb.com,236 307 1951
Devonna,Blinerman,Female,dblinermanjq@jalbum.net,945 203 8983
Aurlie,Retallack,Polygender,aretallackjr@blogger.com,464 133 9560
Eleen,Lummasana,Female,elummasanajs@skyrock.com,861 782 1005
Caprice,Nutton,Female,cnuttonjt@webmd.com,666 882 5084
Clemmy,Headland,Female,cheadlandju@t.co,495 261 0322
Inness,Face,Male,ifacejv@mashable.com,926 596 9967
Axel,Lismer,Male,alismerjw@howstuffworks.com,131 145 1479
Malvin,Amps,Bigender,mampsjx@huffingtonpost.com,626 198 4377
Katlin,Bassford,Female,kbassfordjy@theguardian.com,924 485 0833
Denny,Peasey,Male,dpeaseyjz@google.com.au,323 597 9919
Kessia,Satterthwaite,Female,ksatterthwaitek0@creativecommons.org,897 298 5856
Mareah,Meak,Female,mmeakk1@webmd.com,293 687 8105
Monti,Terzza,Male,mterzzak2@clickbank.net,880 399 8538
Brit,Lapley,Male,blapleyk3@1und1.de,766 532 2892
Larisa,Brignell,Female,lbrignellk4@shop-pro.jp,634 872 4965
Ottilie,Pozzi,Female,opozzik5@lycos.com,322 541 4127
Allis,Mollitt,Female,amollittk6@spiegel.de,887 577 0262
Brocky,Kelleway,Male,bkellewayk7@latimes.com,105 837 9133
Jamaal,Rosenblath,Male,jrosenblathk8@fotki.com,706 503 5831
Jeannie,Fleis,Female,jfleisk9@xing.com,367 656 8368
Vivie,Reynalds,Female,vreynaldska@independent.co.uk,952 807 7003
Si,Pilch,Male,spilchkb@clickbank.net,203 353 6684
Leighton,Feltham,Male,lfelthamkc@ted.com,267 388 8717
Dmitri,McNeilly,Male,dmcneillykd@kickstarter.com,351 238 4513
Elga,Vittel,Female,evittelke@whitehouse.gov,382 642 2293
Broderick,Relf,Male,brelfkf@fda.gov,415 128 5667
Kalil,Vautier,Male,kvautierkg@etsy.com,951 138 6181
Magdalene,Staynes,Female,mstayneskh@tripadvisor.com,339 257 1316
Shaylyn,Ingleton,Female,singletonki@princeton.edu,242 456 7658
Forrester,Mattek,Male,fmattekkj@multiply.com,275 516 3644
Corny,Keyzman,Male,ckeyzmankk@mtv.com,289 209 4438
Livvy,Yancey,Female,lyanceykl@oakley.com,947 952 0811
Bernete,Simonot,Female,bsimonotkm@abc.net.au,641 738 6293
Alanson,Donett,Male,adonettkn@tiny.cc,816 568 6714
Zachery,Drogan,Male,zdroganko@uol.com.br,682 838 1402
Adrianne,Franklin,Polygender,afranklinkp@shinystat.com,831 450 4147
Constantino,Croydon,Male,ccroydonkq@dyndns.org,300 837 0631
Wally,Buttler,Male,wbuttlerkr@wikipedia.org,870 768 3893
Hugh,Leynagh,Male,hleynaghks@wikispaces.com,348 298 3330
Dyane,Appleby,Female,dapplebykt@google.nl,220 981 5591
Maribel,Ragbourne,Female,mragbourneku@businessinsider.com,641 645 4612
Alina,Barns,Female,abarnskv@usgs.gov,198 179 1692
Ambrose,Beetham,Male,abeethamkw@blogtalkradio.com,690 670 3728
Kristoffer,Hordle,Male,khordlekx@php.net,795 225 6854
Calhoun,Acreman,Male,cacremanky@youtu.be,945 272 4873
Tiff,Weeks,Bigender,tweekskz@google.com,912 456 3283
Wait,Kauschke,Male,wkauschkel0@studiopress.com,761 294 8571
Ingram,Fellnee,Male,ifellneel1@ustream.tv,844 852 5798
Tove,Dow,Female,tdowl2@mapquest.com,469 724 4115
Fara,Mumby,Female,fmumbyl3@mysql.com,791 807 3060
Nicoline,Minton,Female,nmintonl4@unicef.org,518 381 1657
Gray,Burree,Male,gburreel5@earthlink.net,898 507 0717
Carver,Thom,Polygender,cthoml6@washington.edu,198 436 2161
Rivkah,Pakenham,Female,rpakenhaml7@phpbb.com,740 731 1704
Lauraine,Imlach,Female,limlachl8@blinklist.com,196 168 1431
Boniface,Eloy,Male,beloyl9@w3.org,701 912 6226
Meryl,Corsham,Male,mcorshamla@slashdot.org,470 396 6047
Alidia,Shanahan,Female,ashanahanlb@networksolutions.com,499 862 6297
Adan,Budik,Genderfluid,abudiklc@nih.gov,855 329 2230
Milzie,Lowndsbrough,Female,mlowndsbroughld@cnbc.com,825 509 9810
Graham,Jandera,Male,gjanderale@boston.com,708 373 5404
Ailee,Bengoechea,Female,abengoechealf@tumblr.com,434 767 5214
Sutton,Comellini,Male,scomellinilg@disqus.com,406 473 6305
Hamlen,Measen,Male,hmeasenlh@nsw.gov.au,266 297 4516
Cesar,Bang,Male,cbangli@time.com,977 176 8752
Babbette,Greenalf,Female,bgreenalflj@comsenz.com,539 734 2899
Hermina,Rizziello,Female,hrizziellolk@meetup.com,935 807 5139
Everard,Kimblin,Male,ekimblinll@linkedin.com,280 502 2212
Trey,de Copeman,Male,tdecopemanlm@yellowbook.com,204 235 4453
Patrica,Lotze,Genderfluid,plotzeln@cpanel.net,348 121 1420
Deonne,Jell,Female,djelllo@hibu.com,477 189 4815
Rona,Downie,Female,rdownielp@salon.com,966 841 7901
Lynda,Leppington,Female,lleppingtonlq@apple.com,369 278 2729
Curt,Roose,Male,crooselr@squarespace.com,475 890 9564
Caprice,Corby,Female,ccorbyls@t-online.de,816 349 2416
Kathleen,Dever,Female,kdeverlt@dailymail.co.uk,319 854 3009
Noel,Olivetta,Female,nolivettalu@cdc.gov,190 361 5266
Hollie,Leppingwell,Female,hleppingwelllv@dailymail.co.uk,887 898 4896
Field,Odams,Male,fodamslw@cbsnews.com,326 732 7600
Ema,Clunie,Female,eclunielx@amazon.com,578 400 4396
Mariana,Georgins,Bigender,mgeorginsly@t.co,410 863 7444
Nathalia,Swynfen,Female,nswynfenlz@marriott.com,888 208 8760
Alma,Bunclark,Female,abunclarkm0@csmonitor.com,416 367 5098
Geoffrey,Davidovsky,Male,gdavidovskym1@chron.com,484 279 7486
Levey,Beincken,Male,lbeinckenm2@xing.com,394 443 0561
Dexter,Nemchinov,Male,dnemchinovm3@a8.net,516 985 8573
Kandace,Panter,Female,kpanterm4@angelfire.com,646 944 3284
Clemente,Grenfell,Male,cgrenfellm5@jiathis.com,165 433 5501
Georas,Barchrameev,Male,gbarchrameevm6@unblog.fr,423 752 9041
Tonia,Gethen,Female,tgethenm7@meetup.com,780 203 4145
Idalina,Northover,Non-binary,inorthoverm8@hibu.com,304 217 4577
Monica,Lohering,Female,mloheringm9@mayoclinic.com,665 599 3144
Lynsey,Crabb,Female,lcrabbma@comsenz.com,500 876 7163
Obie,Kinane,Male,okinanemb@tamu.edu,155 635 3916
Adlai,Kobes,Male,akobesmc@123-reg.co.uk,768 433 1344
Murielle,Congrave,Female,mcongravemd@baidu.com,279 226 2446
Trevar,Kirwan,Male,tkirwanme@dailymail.co.uk,398 935 7387
Sebastiano,Wiz,Male,swizmf@washington.edu,165 252 6679
Octavius,Beare,Male,obearemg@hibu.com,612 707 9569
Marijn,Halt,Male,mhaltmh@yellowbook.com,461 140 6121
Sharyl,Grigoriscu,Female,sgrigoriscumi@yolasite.com,451 732 3918
Brianne,Barrowcliffe,Female,bbarrowcliffemj@yelp.com,503 440 2834
Velvet,Strethill,Female,vstrethillmk@usnews.com,869 344 9677
Luisa,Botley,Female,lbotleyml@psu.edu,662 979 2007
Tabbi,Whale,Female,twhalemm@hhs.gov,258 375 1720
Adolphe,Berryman,Male,aberrymanmn@last.fm,849 716 4005
Elizabeth,Briddle,Female,ebriddlemo@chron.com,787 540 6608
Drugi,Ludlow,Male,dludlowmp@fda.gov,871 991 6438
Avictor,Jorioz,Male,ajoriozmq@printfriendly.com,387 281 3310
Krystal,Spelsbury,Female,kspelsburymr@mapy.cz,904 450 7181
Anya,Sandey,Non-binary,asandeyms@noaa.gov,215 676 3226
Wynne,Ikringill,Female,wikringillmt@nba.com,689 333 7626
Tedi,Hartil,Female,thartilmu@wufoo.com,284 183 3256
Cher,Bartod,Female,cbartodmv@last.fm,371 641 9859
Kristen,Lydiatt,Female,klydiattmw@pcworld.com,387 700 1059
Blinnie,Barling,Female,bbarlingmx@bing.com,890 174 5809
Josh,Kenton,Male,jkentonmy@myspace.com,532 279 7074
Ernaline,Pembridge,Female,epembridgemz@guardian.co.uk,641 169 3214
Gunter,Lafond,Male,glafondn0@answers.com,833 116 1364
Zedekiah,Jansson,Male,zjanssonn1@amazon.de,141 648 9193
Ronica,Antrobus,Female,rantrobusn2@ow.ly,620 311 4043
Fiann,Gelardi,Female,fgelardin3@fastcompany.com,438 791 5988
Chery,Bernat,Female,cbernatn4@intel.com,832 104 4837
Royall,Symon,Male,rsymonn5@harvard.edu,686 301 9218
Morgen,Mathes,Male,mmathesn6@gmpg.org,217 824 8381
Codi,Crummay,Male,ccrummayn7@businessinsider.com,816 539 4710
Raven,Jiggins,Female,rjigginsn8@theglobeandmail.com,464 185 4909
Rana,Kepling,Female,rkeplingn9@ameblo.jp,834 977 6684
Pail,Hebbard,Male,phebbardna@bloglines.com,631 163 1674
Thurston,Elland,Male,tellandnb@va.gov,668 874 0603
Aretha,Reaney,Female,areaneync@xinhuanet.com,574 463 3265
Adele,Lisle,Female,alislend@unblog.fr,408 811 0153
Mikael,Vanyatin,Male,mvanyatinne@i2i.jp,728 725 8595
Chancey,Matussov,Male,cmatussovnf@godaddy.com,776 828 9084
Eolande,Delacroix,Female,edelacroixng@php.net,854 176 5079
Aguste,Bowley,Male,abowleynh@jigsy.com,978 354 5977
Boigie,Haberjam,Male,bhaberjamni@phpbb.com,151 513 5435
Walther,Dightham,Male,wdighthamnj@wordpress.org,611 916 7139
Alberik,Scowcroft,Male,ascowcroftnk@va.gov,193 617 4210
Carlye,Talby,Female,ctalbynl@smh.com.au,899 943 1994
Ingrim,Lucian,Male,iluciannm@geocities.jp,374 679 1144
Rosina,Wateridge,Female,rwateridgenn@jiathis.com,733 771 3106
Evey,Praton,Female,epratonno@delicious.com,350 489 1172
Teodoor,Leaney,Male,tleaneynp@state.tx.us,167 816 2449
Phaidra,Currum,Female,pcurrumnq@e-recht24.de,656 400 3811
Aindrea,Fattorini,Female,afattorininr@artisteer.com,359 870 7889
Noll,Measen,Male,nmeasenns@eventbrite.com,593 209 7988
Loise,Corsar,Female,lcorsarnt@amazon.de,842 469 5857
Corina,Giorgetti,Female,cgiorgettinu@washingtonpost.com,682 766 3280
Blake,Cicchinelli,Male,bcicchinellinv@umich.edu,770 693 4214
Paige,Broster,Female,pbrosternw@soup.io,837 894 8337
Anestassia,Schust,Female,aschustnx@patch.com,163 170 3520
Bentlee,Hanstock,Male,bhanstockny@pbs.org,419 832 0647
Moses,Marrian,Male,mmarriannz@prlog.org,332 266 1405
Kala,Lottrington,Female,klottringtono0@umich.edu,157 477 0480
Maris,Stile,Female,mstileo1@census.gov,294 797 8426
Sheppard,Agglione,Male,sagglioneo2@domainmarket.com,786 481 7266
Lazar,McKendry,Male,lmckendryo3@tiny.cc,663 903 6396
Brent,Killbey,Male,bkillbeyo4@answers.com,952 557 1745
Emery,Fatscher,Male,efatschero5@virginia.edu,680 324 9371
Pincas,Ianson,Bigender,piansono6@un.org,328 743 0515
Paulette,Bourges,Female,pbourgeso7@scientificamerican.com,531 709 5081
Elisabetta,Pain,Female,epaino8@nymag.com,697 707 5718
Rozanna,Smellie,Female,rsmellieo9@stanford.edu,338 124 4613
Tyne,Melland,Non-binary,tmellandoa@people.com.cn,266 886 9221
Frasier,Form,Male,fformob@printfriendly.com,200 362 6977
Chrystal,Pinel,Female,cpineloc@ed.gov,821 587 5958
Witty,Blowes,Male,wblowesod@vistaprint.com,405 562 7971
Carma,Clampin,Female,cclampinoe@statcounter.com,507 683 7266
Gil,Craighead,Male,gcraigheadof@scribd.com,116 480 8489
Shaun,Greenlies,Agender,sgreenliesog@buzzfeed.com,264 927 7680
Isa,Wollaston,Genderqueer,iwollastonoh@cloudflare.com,513 984 3558
Onida,Stradling,Agender,ostradlingoi@e-recht24.de,209 405 3729
Waylen,Danhel,Male,wdanheloj@whitehouse.gov,199 606 5902
Dov,Mugglestone,Genderqueer,dmugglestoneok@spotify.com,103 343 0109
Kori,Chatainier,Female,kchatainierol@walmart.com,883 301 8167
Phyllys,D'Hooghe,Female,pdhoogheom@nba.com, 568 7650
Lin,Arstingall,Female,larstingallon@discuz.net,906 151 0723
Felicle,Jansens,Genderqueer,fjansensoo@drupal.org,878 575 3286
Jerrilee,Seger,Genderfluid,jsegerop@digg.com,642 937 5221
Rafaelita,Jose,Female,rjoseoq@a8.net,824 844 9634
Hamish,Caruth,Male,hcaruthor@admin.ch,915 216 9132
Irvin,Chalder,Male,ichalderos@timesonline.co.uk,300 841 2898
Chance,Hansberry,Male,chansberryot@phoca.cz,534 562 3627
Nikaniki,De Mitris,Female,ndemitrisou@com.com,516 840 8997
Hurley,Hallgalley,Male,hhallgalleyov@yellowbook.com,966 908 6741
Titus,Janecek,Male,tjanecekow@cmu.edu,371 760 1150
Harmony,End,Female,hendox@wikipedia.org,934 733 0850
Jannel,Greydon,Genderqueer,jgreydonoy@independent.co.uk,435 104 3435
Sylas,Geraghty,Male,sgeraghtyoz@blogs.com,640 708 0666
Paulette,Foreman,Female,pforemanp0@nbcnews.com,481 676 5487
Chariot,Ellison,Agender,cellisonp1@huffingtonpost.com,658 907 1767
Elijah,Braidwood,Male,ebraidwoodp2@tuttocitta.it,378 293 4468
Javier,Noury,Polygender,jnouryp3@fotki.com,262 644 4089
Baxy,Bydaway,Male,bbydawayp4@kickstarter.com,906 211 7067
Kania,St. Hill,Female,ksthillp5@globo.com,142 812 9319
Ofelia,Fawlks,Female,ofawlksp6@ed.gov,581 121 4356
Lyn,Winspar,Male,lwinsparp7@wsj.com,702 486 4487
Sheridan,Spofforth,Polygender,sspofforthp8@lulu.com,591 412 8160
Corrie,Roubay,Male,croubayp9@trellian.com,180 329 2265
Ashleigh,Rudkin,Female,arudkinpa@creativecommons.org,818 928 4321
Morey,Abramamov,Male,mabramamovpb@jalbum.net,957 186 4144
Alyce,Jessard,Female,ajessardpc@webnode.com,222 313 6832
Barny,Coltart,Male,bcoltartpd@addtoany.com,838 961 2342
Kalle,Doret,Male,kdoretpe@mozilla.com,857 865 6960
Layton,Pyne,Genderfluid,lpynepf@webeden.co.uk,509 841 8257
Darsie,Mulmuray,Female,dmulmuraypg@omniture.com,452 873 0444
Case,Allot,Male,callotph@mapy.cz,895 293 6350
Haily,Labell,Male,hlabellpi@phoca.cz,250 391 8341
Edvard,Sagg,Non-binary,esaggpj@exblog.jp,502 339 3975
Wileen,Roeby,Female,wroebypk@bing.com,514 374 5544
Thorvald,Andrewartha,Non-binary,tandrewarthapl@berkeley.edu,701 733 1770
Eloisa,Aiskrigg,Female,eaiskriggpm@sitemeter.com,560 935 8021
Boycey,Hand,Male,bhandpn@engadget.com,736 195 7005
Niko,Spurritt,Male,nspurrittpo@tripadvisor.com,723 996 4469
Paulita,Clarson,Female,pclarsonpp@state.tx.us,833 955 9321
Kamillah,Marcinkus,Female,kmarcinkuspq@parallels.com,824 595 0932
Jsandye,Geldard,Female,jgeldardpr@mashable.com,107 599 6222
Pancho,Sparrowe,Male,psparroweps@flavors.me,778 410 2419
Winston,Navarro,Male,wnavarropt@bandcamp.com,969 214 2904
Archer,Paggitt,Agender,apaggittpu@shutterfly.com,345 424 2465
Syd,Stratiff,Male,sstratiffpv@washington.edu,918 118 9780
Rodolphe,Parsley,Male,rparsleypw@csmonitor.com,779 263 5500
Lyndsay,Chinnock,Female,lchinnockpx@wp.com,317 461 2648
Alwin,Potteridge,Male,apotteridgepy@intel.com,915 685 0315
Halsey,Rosini,Male,hrosinipz@opera.com,513 657 6521
Torr,Capenor,Polygender,tcapenorq0@sciencedaily.com,246 985 2635
Oran,Fetterplace,Male,ofetterplaceq1@mayoclinic.com,273 150 2967
Geralda,Erwin,Female,gerwinq2@purevolume.com,786 663 5704
Rosanne,Couser,Female,rcouserq3@army.mil,915 511 3336
Bastien,Broader,Male,bbroaderq4@mac.com,288 657 9898
Kele,Testo,Male,ktestoq5@state.gov,421 265 4792
Carlie,Hannan,Male,channanq6@wikimedia.org,588 527 3199
Tome,Ghiron,Male,tghironq7@arstechnica.com,826 779 8285
Tedra,Yashnov,Female,tyashnovq8@dot.gov,668 153 2796
Karmen,Atte-Stone,Female,kattestoneq9@amazon.com,219 798 8358
Savina,Bellas,Female,sbellasqa@weibo.com,942 912 6749
Janice,Costello,Agender,jcostelloqb@dagondesign.com,149 815 3737
Blanca,Morin,Female,bmorinqc@jiathis.com,795 119 0569
Yevette,Van der Mark,Female,yvandermarkqd@amazon.co.uk,849 595 2457
Allin,Ianizzi,Male,aianizziqe@umich.edu,906 211 5565
Meridith,Guiett,Female,mguiettqf@domainmarket.com,640 433 1826
Viole,Maymand,Agender,vmaymandqg@topsy.com,811 272 4941
Micah,Gilbertson,Male,mgilbertsonqh@statcounter.com,344 618 9769
Corliss,Windus,Female,cwindusqi@senate.gov,457 367 9664
Bill,Velti,Male,bveltiqj@microsoft.com,855 278 7347
Terrel,Yurevich,Male,tyurevichqk@wikimedia.org,962 320 6896
Salvidor,Christy,Male,schristyql@eepurl.com,800 870 9418
Antonetta,Beams,Female,abeamsqm@qq.com,243 772 9476
Marlo,Hebditch,Male,mhebditchqn@engadget.com,786 245 2155
Rowen,Hatherley,Male,rhatherleyqo@gmpg.org,164 606 8161
Yolanda,Meeron,Female,ymeeronqp@linkedin.com,589 596 9503
Filberto,Weinberg,Male,fweinbergqq@nifty.com,533 731 2231
Cherye,Roderigo,Female,croderigoqr@china.com.cn,455 863 0250
Rena,Cannam,Female,rcannamqs@alexa.com,726 992 2316
Benedikt,Kinloch,Male,bkinlochqt@mysql.com,186 867 6362
Caressa,Verne,Female,cvernequ@barnesandnoble.com,259 212 5922
Ninon,Darrigone,Female,ndarrigoneqv@smugmug.com,271 150 6151
Piper,Grimsdyke,Female,pgrimsdykeqw@artisteer.com,115 706 0881
Clywd,Klammt,Male,cklammtqx@deviantart.com,902 874 2877
Ker,Spradbery,Male,kspradberyqy@ezinearticles.com,458 260 3539
Rafaelia,Porter,Female,rporterqz@cdbaby.com,698 396 4780
Kristian,McCall,Male,kmccallr0@reference.com,270 723 7372
Delphinia,Solley,Female,dsolleyr1@accuweather.com,196 825 3124
Verla,Parton,Female,vpartonr2@1und1.de,179 892 2092
Shanta,Daintree,Female,sdaintreer3@tripadvisor.com,941 208 6016
Twila,Sommerton,Female,tsommertonr4@oakley.com,863 995 4712
Phaidra,Yule,Female,pyuler5@spotify.com,419 317 5179
Pace,Burg,Male,pburgr6@diigo.com,178 485 4731
Fenelia,Townsley,Female,ftownsleyr7@unc.edu,598 318 0971
Rosette,Bisgrove,Female,rbisgrover8@bandcamp.com,597 601 4136
Theodosia,Wloch,Female,twlochr9@omniture.com,593 483 2702
Vern,Aslum,Male,vaslumra@google.co.uk,637 493 0889
Dara,Fellman,Female,dfellmanrb@eepurl.com,163 144 2263
Kendre,Orgee,Female,korgeerc@dmoz.org,230 543 8763
Cyril,Dyerson,Male,cdyersonrd@mozilla.com,555 390 4038
Harrie,Hess,Female,hhessre@smh.com.au,864 387 9545
Jacobo,Briatt,Male,jbriattrf@diigo.com,826 944 5244
Sella,Bahl,Female,sbahlrg@moonfruit.com,321 369 6135
Mariejeanne,Kunzel,Female,mkunzelrh@zimbio.com,263 251 0939
Riane,Hay,Female,rhayri@hp.com,842 468 4149
Grethel,Kruszelnicki,Female,gkruszelnickirj@spiegel.de,526 581 6297
Rosemonde,Trembey,Female,rtrembeyrk@pcworld.com,406 919 0843
Celestia,Burkert,Female,cburkertrl@fastcompany.com,850 824 1079
Irwin,Delete,Male,ideleterm@whitehouse.gov,654 868 0017
Louie,Heddy,Male,lheddyrn@umn.edu,901 212 0235
Pennie,Georgiev,Male,pgeorgievro@google.com.hk,313 507 6589
Duffy,Strangward,Male,dstrangwardrp@theglobeandmail.com,182 296 1579
Audie,McKeggie,Female,amckeggierq@japanpost.jp,799 314 4586
Libbie,Dermot,Female,ldermotrr@sitemeter.com,268 947 9135
