first_name,last_name,gender,email,phone
Roslyn,Lente,Female,rlente0@odnoklassniki.ru,765 424 5137
Celka,Giddy,Female,cgiddy1@loc.gov,677 836 2981
Ruthie,Delbergue,Female,rdelbergue2@mapquest.com,967 400 4834
Kelcey,Cottrill,Female,kcottrill3@cmu.edu,401 631 2428
Katy,Pouton,Female,kpouton4@wisc.edu,148 736 7685
Sanson,McGuff,Male,smcguff5@arstechnica.com,909 979 7198
Nonah,Bissex,Female,nbissex6@webnode.com,279 226 1734
Leif,Duncombe,Male,lduncombe7@chron.com,935 935 7252
Rinaldo,Barrow,Male,rbarrow8@yahoo.com,667 571 6880
Kaine,Decort,Male,kdecort9@linkedin.com,955 407 6289
Abran,Vasenkov,Male,avasenkova@blogtalkradio.com,571 613 4149
Carlo,Laraway,Male,clarawayb@virginia.edu,458 893 9210
Tami,Townend,Female,ttownendc@digg.com,574 114 2838
Babita,Bangs,Female,bbangsd@ovh.net,654 166 1928
Dennet,Bassford,Male,dbassforde@imageshack.us,738 360 8752
Kale,Arends,Male,karendsf@alexa.com,371 167 9486
Perkin,Goodreid,Male,pgoodreidg@youku.com,996 630 4464
Curr,Benedict,Polygender,cbenedicth@merriam-webster.com,120 266 6830
Templeton,Winkworth,Male,twinkworthi@seesaa.net,524 738 1024
Silvester,Sipson,Male,ssipsonj@yahoo.com,382 843 1495
Solly,Bowhey,Male,sbowheyk@jimdo.com,351 465 4639
Christophorus,Waudby,Male,cwaudbyl@pagesperso-orange.fr,671 563 9394
Luca,Troughton,Male,ltroughtonm@reddit.com,940 943 8262
Chane,Michal,Male,cmichaln@yale.edu,479 613 1304
Corby,O'Doogan,Male,codoogano@dot.gov,731 498 0134
Eveleen,Marklew,Female,emarklewp@bluehost.com,821 121 9539
Cirilo,Ballintyne,Male,cballintyneq@slideshare.net,469 906 2878
Udale,Tranfield,Male,utranfieldr@cocolog-nifty.com,752 438 5743
Theresa,Mordaunt,Female,tmordaunts@360.cn,311 677 0777
Maribeth,Van Halle,Female,mvanhallet@ning.com,572 688 1801
Pamela,Strongman,Female,pstrongmanu@google.co.jp,487 697 7176
Gerhardine,Kilminster,Female,gkilminsterv@usatoday.com,825 212 6219
Herschel,Hendrik,Male,hhendrikw@irs.gov,420 555 3945
Florrie,Rosenzveig,Female,frosenzveigx@surveymonkey.com,351 196 5359
Harris,Hubbuck,Male,hhubbucky@reuters.com,989 823 2695
Perle,Tume,Female,ptumez@squidoo.com,654 220 8008
Borden,Hards,Male,bhards10@squidoo.com,632 597 3957
Reynard,Widocks,Male,rwidocks11@twitpic.com,475 976 8448
Petronella,Emeny,Female,pemeny12@imageshack.us,556 124 0056
Rayna,Tampin,Female,rtampin13@prlog.org,254 573 4329
Shaina,Berriman,Female,sberriman14@icq.com,377 526 6772
Kial,Rolinson,Female,krolinson15@bluehost.com,965 603 6630
Benjy,Alaway,Male,balaway16@wikimedia.org,959 161 3196
Bunni,Skerrett,Genderqueer,bskerrett17@soup.io,393 633 4907
Hildegarde,Basnett,Female,hbasnett18@wikipedia.org,433 214 2177
Udall,Trenchard,Male,utrenchard19@goo.ne.jp,711 478 8588
Isadora,Spellissy,Female,ispellissy1a@amazon.co.uk,625 931 8480
Michal,Moreton,Male,mmoreton1b@netscape.com,302 678 7207
Pavlov,Murrie,Male,pmurrie1c@mayoclinic.com,321 701 1033
Hunt,Dibson,Male,hdibson1d@auda.org.au,121 397 2257
Garnet,Vidgeon,Female,gvidgeon1e@mlb.com,413 816 2896
Daisi,Skellen,Female,dskellen1f@desdev.cn,736 198 2035
Ellynn,Novello,Female,enovello1g@edublogs.org,762 621 8287
Gusti,Abendroth,Female,gabendroth1h@baidu.com,975 722 1140
Ashley,Zorener,Male,azorener1i@forbes.com,186 465 9681
Kaycee,Kingwell,Female,kkingwell1j@foxnews.com,691 542 1732
Rahel,Fulger,Female,rfulger1k@jugem.jp,922 247 8940
Ogdon,Lembke,Male,olembke1l@sohu.com,477 296 1171
Lilly,Lofts,Female,llofts1m@networkadvertising.org,368 581 1161
Easter,Egell,Female,eegell1n@sitemeter.com,243 887 9748
Caye,Brittain,Female,cbrittain1o@statcounter.com,363 335 4063
Dun,Lurriman,Male,dlurriman1p@prnewswire.com,838 426 3151
Karena,Tennison,Female,ktennison1q@biglobe.ne.jp,497 606 7865
Garrick,MacGrath,Male,gmacgrath1r@washington.edu,728 613 5486
Sayers,Luppitt,Genderfluid,sluppitt1s@opensource.org,937 103 6716
Cornie,Mablestone,Male,cmablestone1t@addtoany.com,394 802 3424
Mordecai,Franzonetti,Male,mfranzonetti1u@dion.ne.jp,851 222 7168
Babita,Doubrava,Female,bdoubrava1v@usa.gov,390 629 0271
Anna-maria,Klagge,Female,aklagge1w@constantcontact.com,700 399 0907
Nichole,Dunton,Male,ndunton1x@wikispaces.com,952 860 5771
Cordie,MacMechan,Male,cmacmechan1y@wired.com,131 664 9672
Clo,Lehon,Female,clehon1z@msu.edu,202 376 2631
Johnny,Lowndsbrough,Male,jlowndsbrough20@bandcamp.com,648 594 0652
Haley,Brownill,Male,hbrownill21@mayoclinic.com,535 812 0064
Katherina,Handy,Female,khandy22@google.com.au,186 570 9002
Trish,Kobu,Female,tkobu23@abc.net.au,509 404 0311
Alex,Klasen,Male,aklasen24@state.tx.us,215 583 5478
Malia,Fiander,Female,mfiander25@fotki.com,156 473 6427
Roberta,Kase,Female,rkase26@hugedomains.com,417 325 5971
Kitty,Dine-Hart,Female,kdinehart27@paginegialle.it,424 375 1497
Lorry,Simmans,Female,lsimmans28@independent.co.uk,527 512 2871
Nesta,Nutley,Female,nnutley29@google.it,203 828 4660
Lorrayne,Quinney,Non-binary,lquinney2a@mediafire.com,795 321 8034
Tess,Agent,Female,tagent2b@rediff.com,376 803 5908
Harwilll,Bresland,Male,hbresland2c@un.org,375 235 1423
Hillel,Phaup,Male,hphaup2d@quantcast.com,205 249 7369
Verna,Letessier,Female,vletessier2e@vk.com,460 806 2013
Jaquelyn,Arzu,Female,jarzu2f@nydailynews.com,466 848 4832
Ingeberg,Cawcutt,Female,icawcutt2g@rakuten.co.jp,927 860 8908
Lita,Grayston,Female,lgrayston2h@t-online.de,345 721 4401
Otes,Earsman,Male,oearsman2i@msu.edu,611 843 7202
Burlie,Ginnally,Male,bginnally2j@rakuten.co.jp,220 834 2421
Odille,Ivshin,Female,oivshin2k@taobao.com,745 449 7815
Rabi,Lebarree,Male,rlebarree2l@dot.gov,220 389 3303
Donall,Schruurs,Male,dschruurs2m@mlb.com,240 102 1666
Leisha,Simonian,Female,lsimonian2n@tinypic.com,281 391 0536
Dane,Snow,Male,dsnow2o@blogs.com,436 923 6271
Winnie,Laxson,Male,wlaxson2p@alibaba.com,744 288 0145
Jaclin,Keays,Female,jkeays2q@biblegateway.com,247 557 2842
Mischa,Croydon,Male,mcroydon2r@last.fm,435 172 5442
Laina,Chalfant,Female,lchalfant2s@blog.com,665 616 6820
Kizzee,Danielsson,Female,kdanielsson2t@yellowpages.com,368 980 9328
Lurleen,Braunds,Female,lbraunds2u@topsy.com,866 963 4143
Wendeline,Murgatroyd,Female,wmurgatroyd2v@un.org,985 976 1729
Charles,Phethean,Male,cphethean2w@blinklist.com,575 700 1896
Les,Kingerby,Male,lkingerby2x@joomla.org,217 549 3662
Seamus,Saker,Male,ssaker2y@walmart.com,202 437 1532
Tommy,Humberstone,Male,thumberstone2z@theatlantic.com,659 385 0868
Ofilia,Loding,Female,oloding30@reuters.com,439 284 1880
Dallas,Burd,Female,dburd31@com.com,687 260 9743
Annamaria,Glackin,Female,aglackin32@japanpost.jp,601 704 5767
Gisela,Ivasechko,Female,givasechko33@archive.org,575 640 7359
Daniela,Fallow,Female,dfallow34@infoseek.co.jp,375 274 9718
Kalinda,Blewis,Female,kblewis35@g.co,313 638 6458
Molli,Lamers,Female,mlamers36@fotki.com,391 396 0351
Dot,Orrobin,Female,dorrobin37@mit.edu,248 127 3354
Kimmy,Lillecrap,Female,klillecrap38@ucoz.com,937 293 8675
Kylila,Garmanson,Female,kgarmanson39@harvard.edu,706 967 9709
Glynn,Sulley,Male,gsulley3a@hostgator.com,186 264 4678
Carlene,Botright,Female,cbotright3b@fc2.com,640 741 5751
Alikee,Satcher,Female,asatcher3c@lycos.com,388 562 5665
Robby,Nourse,Male,rnourse3d@rediff.com,219 619 7998
Torrance,Cord,Genderfluid,tcord3e@dailymail.co.uk,141 264 9400
Morry,Stowers,Genderfluid,mstowers3f@themeforest.net,713 179 3759
Kenyon,Jeaycock,Male,kjeaycock3g@sfgate.com,879 379 3230
Madelyn,Barbera,Female,mbarbera3h@ning.com,450 744 8869
Luis,DeSousa,Male,ldesousa3i@google.ca,131 405 0890
Kendall,Reiglar,Male,kreiglar3j@cbslocal.com,673 467 2928
Julian,Dyball,Male,jdyball3k@is.gd,532 141 4207
Bee,Walley,Female,bwalley3l@ask.com,859 495 3950
Banky,Gronowe,Male,bgronowe3m@163.com,453 900 4629
Laurent,Heavy,Male,lheavy3n@pcworld.com,304 820 9164
Rea,Filon,Female,rfilon3o@topsy.com,528 699 8317
Cos,Ricciardo,Male,cricciardo3p@example.com,314 166 0283
Kamila,Amberson,Female,kamberson3q@blogger.com,585 225 6139
Sindee,Tonry,Female,stonry3r@seattletimes.com,651 121 8360
Pascale,Kingdon,Male,pkingdon3s@163.com,228 729 7296
Lyle,Travers,Male,ltravers3t@nasa.gov,752 306 7611
Cristobal,Goring,Male,cgoring3u@clickbank.net,172 924 3460
Alina,Dripps,Female,adripps3v@google.co.jp,187 989 9807
Constantia,Oswal,Female,coswal3w@weather.com,406 524 1392
Julian,Tesauro,Male,jtesauro3x@lycos.com,269 291 8434
Maggi,Pennini,Female,mpennini3y@dyndns.org,188 265 0824
Andy,Malser,Male,amalser3z@amazon.de,439 506 0044
Khalil,Dally,Male,kdally40@plala.or.jp,687 676 9076
Keriann,Reese,Female,kreese41@aol.com,426 154 9676
Dre,Roz,Female,droz42@whitehouse.gov,858 138 5100
Patsy,Saturley,Male,psaturley43@usatoday.com,616 518 4655
Gaspard,Jonke,Male,gjonke44@gov.uk,795 501 6553
Christoffer,Andrivot,Male,candrivot45@dot.gov,828 291 4609
Peggie,Summons,Female,psummons46@sakura.ne.jp,927 768 7484
Duffy,McKeand,Male,dmckeand47@admin.ch,356 161 7810
Thorny,Bockmaster,Male,tbockmaster48@washington.edu,493 853 7924
Cassie,Toghill,Polygender,ctoghill49@trellian.com,178 530 1319
Elset,Deguara,Female,edeguara4a@eventbrite.com,302 453 4169
Nikolas,Ruos,Male,nruos4b@shinystat.com,697 178 2796
Bruis,Ferrelli,Male,bferrelli4c@weibo.com,694 926 2880
Rubetta,Woolager,Female,rwoolager4d@hc360.com,243 458 5232
Francoise,Tryme,Female,ftryme4e@illinois.edu,969 205 7639
Alasteir,Hallowell,Male,ahallowell4f@blog.com,378 399 2996
Joyce,Whether,Female,jwhether4g@i2i.jp,901 296 4924
Tamas,Walton,Male,twalton4h@zdnet.com,396 400 1088
Lane,Moscone,Male,lmoscone4i@fda.gov,185 706 3546
Elmo,Rowles,Male,erowles4j@blogger.com,605 247 4857
Bess,Jekyll,Female,bjekyll4k@skype.com,461 738 9788
Fionnula,Huerta,Female,fhuerta4l@google.com,215 453 0941
Robbi,Moorhouse,Female,rmoorhouse4m@cloudflare.com,522 303 5191
Jorry,Breewood,Female,jbreewood4n@sphinn.com,280 736 3730
Vivianna,Simonutti,Genderfluid,vsimonutti4o@sphinn.com,759 592 5875
Christan,Lampe,Female,clampe4p@miitbeian.gov.cn,205 742 1644
Lona,Bleackley,Female,lbleackley4q@e-recht24.de,630 926 9163
Kerry,Coltman,Female,kcoltman4r@google.pl,947 995 4513
Rebeka,Cropton,Female,rcropton4s@pagesperso-orange.fr,865 137 6793
Juliet,Alenichev,Female,jalenichev4t@nymag.com,199 908 2028
Ediva,Jearum,Female,ejearum4u@omniture.com,853 261 5147
Selina,Redhills,Female,sredhills4v@netvibes.com,955 936 6902
Langston,Kinworthy,Male,lkinworthy4w@google.co.jp,183 944 9679
Ariadne,Itzkowicz,Female,aitzkowicz4x@oracle.com,545 674 7150
Nona,Whoston,Female,nwhoston4y@opensource.org,664 834 4815
Basilius,Steen,Male,bsteen4z@wix.com,497 164 1524
Roanne,Vallentin,Female,rvallentin50@i2i.jp,912 338 2444
Marcella,Maylin,Female,mmaylin51@live.com,403 624 9071
Abigail,Lindberg,Female,alindberg52@sciencedaily.com,583 338 6642
Waylan,Chauvey,Male,wchauvey53@barnesandnoble.com,727 482 6246
Wildon,Deetch,Male,wdeetch54@hhs.gov,952 451 6659
Darda,Longbottom,Polygender,dlongbottom55@oracle.com,543 274 3836
Aurlie,Warsop,Genderfluid,awarsop56@telegraph.co.uk,962 728 9205
Gusta,Middleditch,Female,gmiddleditch57@dell.com,959 413 8378
Emogene,Lundbech,Female,elundbech58@ucoz.ru,783 336 3938
Andris,Verne,Male,averne59@about.me,120 747 1406
Henrieta,Shadrack,Female,hshadrack5a@over-blog.com,288 860 1837
Grete,Chancellor,Genderqueer,gchancellor5b@shareasale.com,412 938 6847
Tymothy,Arnaudet,Genderfluid,tarnaudet5c@skype.com,202 682 9780
Zorina,Murcutt,Female,zmurcutt5d@harvard.edu,948 963 7592
Francisca,Biner,Female,fbiner5e@addtoany.com,170 402 9337
Kissie,Mannock,Female,kmannock5f@topsy.com,181 589 7150
Tabitha,Wolland,Female,twolland5g@blogs.com,937 661 2049
Kurt,Swalough,Male,kswalough5h@spotify.com,231 598 9106
Giana,Baudts,Female,gbaudts5i@tiny.cc,915 891 0727
Kienan,Seabrooke,Male,kseabrooke5j@amazon.de,720 873 1433
Christopher,Ringham,Genderqueer,cringham5k@google.nl,543 920 3643
Coriss,Daubeny,Female,cdaubeny5l@uol.com.br,885 950 0161
Mellicent,Hazelgrove,Female,mhazelgrove5m@miibeian.gov.cn,494 356 8461
Launce,Stammler,Male,lstammler5n@sakura.ne.jp,481 128 9461
Sonya,Edowes,Female,sedowes5o@fc2.com,482 561 5191
Wain,Alebrooke,Male,walebrooke5p@rediff.com,977 712 5146
Clarance,Heersma,Male,cheersma5q@cdc.gov,899 346 2067
Adel,Jillings,Female,ajillings5r@earthlink.net,647 599 7703
Marianna,Cradey,Bigender,mcradey5s@yolasite.com,223 952 5828
Bliss,Mannakee,Female,bmannakee5t@skype.com,670 652 5928
Viv,Galey,Female,vgaley5u@youtube.com,615 708 3366
Charmion,Wenzel,Female,cwenzel5v@cdc.gov,188 184 8457
Suzanne,Moakler,Female,smoakler5w@hubpages.com,791 118 1488
Lilla,Lotwich,Female,llotwich5x@amazon.co.uk,696 632 3931
Cristy,Foort,Female,cfoort5y@disqus.com,813 479 7256
Derby,Bullock,Male,dbullock5z@princeton.edu,289 787 9210
Rafaela,Chess,Female,rchess60@youtu.be,385 387 8914
Angie,Webber,Male,awebber61@cnet.com,925 220 3041
Shirlene,Gauler,Female,sgauler62@hc360.com,451 459 7339
Melisandra,Spellard,Female,mspellard63@alexa.com,312 833 5291
Ofelia,Brunelli,Female,obrunelli64@usatoday.com,265 647 0292
Jammal,Craythorn,Male,jcraythorn65@wufoo.com,566 187 8398
Ethyl,Minto,Polygender,eminto66@baidu.com,435 912 2916
Glynda,Schorah,Female,gschorah67@gnu.org,708 810 7922
Reina,Grievson,Genderqueer,rgrievson68@fastcompany.com,791 269 0611
Hyacinthe,Gajownik,Female,hgajownik69@furl.net,848 880 1849
Meryl,Coffin,Female,mcoffin6a@homestead.com,411 174 1837
Kirstin,MacConnal,Female,kmacconnal6b@yelp.com,828 372 0165
Noell,Grossman,Female,ngrossman6c@phoca.cz,949 680 4802
Pennie,Newcom,Male,pnewcom6d@163.com,539 259 5405
Dayna,Jefford,Female,djefford6e@blogtalkradio.com,820 193 2191
Jacob,MacGuigan,Male,jmacguigan6f@cdc.gov,634 611 3776
Errick,O' Quirk,Male,eoquirk6g@auda.org.au,176 646 3344
Rhys,MacIlory,Male,rmacilory6h@sogou.com,664 630 5956
Vernen,Mauro,Male,vmauro6i@sohu.com,757 896 9588
Alta,DeSousa,Female,adesousa6j@livejournal.com,714 276 7956
Harry,Brimicombe,Male,hbrimicombe6k@redcross.org,120 504 6414
Artus,Bresner,Male,abresner6l@goo.gl,302 242 0625
Addie,Sedworth,Female,asedworth6m@irs.gov,165 636 1135
Zelda,Waddam,Female,zwaddam6n@whitehouse.gov,691 659 5962
Adriaens,Pridham,Female,apridham6o@ihg.com,516 590 9784
Kimberlee,Devanney,Female,kdevanney6p@seesaa.net,686 888 4215
Roxy,Breckon,Genderqueer,rbreckon6q@tripadvisor.com,936 572 1541
Micky,Colborn,Female,mcolborn6r@indiatimes.com,626 683 9872
Reinaldo,Mylan,Male,rmylan6s@tmall.com,527 407 0656
Jamison,Kamen,Male,jkamen6t@cyberchimps.com,212 985 5395
Lesly,Loveridge,Female,lloveridge6u@fastcompany.com,112 578 9264
Maribelle,Hanlin,Female,mhanlin6v@icq.com,385 448 4274
Philippe,Waterhouse,Female,pwaterhouse6w@usnews.com,309 748 6797
Renaldo,Gorgen,Male,rgorgen6x@statcounter.com,392 747 1866
Marcella,Adicot,Female,madicot6y@icq.com,676 318 9231
Norma,Grunbaum,Female,ngrunbaum6z@cbc.ca,465 298 5523
Markus,Hanscomb,Male,mhanscomb70@washingtonpost.com,311 114 3977
Austin,Pridie,Female,apridie71@lulu.com,876 372 1736
Adams,Popelay,Male,apopelay72@edublogs.org,686 113 2671
Carroll,Grelka,Female,cgrelka73@bandcamp.com,815 999 8579
Rickey,Eminson,Male,reminson74@discovery.com,139 561 1476
Thorndike,Sexti,Bigender,tsexti75@typepad.com,298 112 1654
Bobina,Fernyhough,Female,bfernyhough76@unc.edu,808 298 4616
Linus,Fenton,Male,lfenton77@wisc.edu,399 704 8613
Con,Cason,Male,ccason78@hp.com,449 717 4120
Amalle,Owbrick,Genderqueer,aowbrick79@cocolog-nifty.com,845 896 8448
Zaneta,Larratt,Female,zlarratt7a@psu.edu,412 150 1926
Donella,Tabourin,Female,dtabourin7b@jiathis.com,619 488 3186
Oswald,Cheeld,Male,ocheeld7c@mtv.com,578 754 7728
Garfield,Boeck,Male,gboeck7d@youtu.be,168 574 8401
Darby,Samme,Male,dsamme7e@aboutads.info,368 476 3916
Annabella,Linder,Female,alinder7f@virginia.edu,634 238 6232
Evey,Botley,Female,ebotley7g@fda.gov,750 732 5490
Filip,Presswell,Male,fpresswell7h@discovery.com,870 150 3401
Shermy,Sergeant,Agender,ssergeant7i@indiatimes.com,599 660 2298
Sherwood,Chettle,Male,schettle7j@nbcnews.com,713 122 5085
Babb,Roberti,Female,broberti7k@nationalgeographic.com,613 599 2767
Melessa,Guinn,Female,mguinn7l@nba.com,362 858 5456
Odelinda,Gavey,Female,ogavey7m@ft.com,943 701 0316
Tonie,Archdeacon,Genderqueer,tarchdeacon7n@typepad.com,130 333 8541
Evered,Pendreigh,Male,ependreigh7o@google.ru,376 707 3812
Gino,Ginnell,Male,gginnell7p@europa.eu,572 428 1487
Aubrey,Kennicott,Female,akennicott7q@usa.gov,897 444 1948
Waldo,Bengal,Male,wbengal7r@wp.com,544 687 3394
Husein,Carradice,Male,hcarradice7s@noaa.gov,238 121 4578
Kameko,Curtois,Female,kcurtois7t@liveinternet.ru,503 532 4060
Brandice,Yezafovich,Female,byezafovich7u@theatlantic.com,243 549 0209
Faustina,Potell,Female,fpotell7v@is.gd,928 750 0538
Ginger,Morhall,Male,gmorhall7w@netvibes.com,459 140 1301
Andrei,Able,Agender,aable7x@ifeng.com,969 954 4181
Mal,de Copeman,Male,mdecopeman7y@paginegialle.it,959 523 7059
Bev,Edlington,Male,bedlington7z@cam.ac.uk,776 230 3509
Isacco,Hellewell,Male,ihellewell80@ezinearticles.com,891 227 3010
Raphael,Birchill,Male,rbirchill81@so-net.ne.jp,415 229 2257
Chilton,Shewry,Male,cshewry82@soundcloud.com,618 317 7007
Jany,Sousa,Female,jsousa83@hostgator.com,536 475 0040
Lothaire,Pantling,Male,lpantling84@npr.org,784 604 7397
Jarad,Edgeler,Male,jedgeler85@theguardian.com,706 684 0436
Barr,Fenlon,Male,bfenlon86@t-online.de,704 346 4500
Violante,Given,Female,vgiven87@yellowpages.com,436 744 1971
Ximenes,Hessenthaler,Male,xhessenthaler88@blog.com,414 157 8544
Henrik,Doumerc,Male,hdoumerc89@google.com.au,949 717 3638
Wendy,McNay,Agender,wmcnay8a@berkeley.edu,185 193 4732
Octavius,Issitt,Non-binary,oissitt8b@desdev.cn,665 977 4813
Dee,Aizkovitch,Female,daizkovitch8c@businessinsider.com,826 276 6811
Mandie,Lemmon,Female,mlemmon8d@histats.com,163 175 4370
Hamlen,Southorn,Male,hsouthorn8e@rambler.ru,685 591 5926
Birdie,Brittain,Female,bbrittain8f@springer.com,662 922 3245
Danila,Josefs,Agender,djosefs8g@senate.gov,584 709 0229
Katusha,Mallebone,Female,kmallebone8h@wordpress.com,567 940 0651
Basil,Zorzenoni,Male,bzorzenoni8i@illinois.edu,202 860 0873
Hillel,McArthur,Male,hmcarthur8j@sbwire.com,747 757 6417
Cele,Peevor,Female,cpeevor8k@loc.gov,399 579 5712
Jordain,Snowden,Non-binary,jsnowden8l@goodreads.com,635 840 5618
Fergus,Bodle,Male,fbodle8m@mozilla.com,549 158 2737
Leroi,Dabney,Male,ldabney8n@economist.com,829 958 8557
Gun,McDade,Male,gmcdade8o@google.com,392 770 2788
Byron,Taplin,Agender,btaplin8p@jigsy.com,402 369 3733
Emmy,O'Loughane,Female,eoloughane8q@washingtonpost.com,392 274 9109
Vivia,Eccles,Female,veccles8r@behance.net,336 512 7221
Eliot,Gurling,Male,egurling8s@t-online.de,282 462 7171
Duffie,Crosham,Male,dcrosham8t@gmpg.org,808 182 6569
Neddie,Idwal Evans,Bigender,nidwalevans8u@dagondesign.com,123 326 4405
Karylin,Lippiello,Female,klippiello8v@wiley.com,410 799 9059
Theodor,McNern,Male,tmcnern8w@dell.com,976 882 0772
Vivian,Krelle,Female,vkrelle8x@yellowpages.com,481 700 1546
Grenville,Tatam,Male,gtatam8y@studiopress.com,852 917 4570
Jock,Martonfi,Male,jmartonfi8z@technorati.com,803 404 1075
Gerhard,Pickerell,Male,gpickerell90@gmpg.org,201 107 5641
Garrard,Gronaller,Male,ggronaller91@topsy.com,623 757 9065
Herculie,Roon,Male,hroon92@flickr.com,340 312 7657
Linus,Cunnow,Male,lcunnow93@xing.com,598 720 7419
Antin,Knoble,Male,aknoble94@webmd.com,884 226 2327
Adrian,Speer,Female,aspeer95@jimdo.com,348 103 5742
Anson,O'Loughlin,Male,aoloughlin96@acquirethisname.com,993 994 9645
Lorena,Jaimez,Female,ljaimez97@wikispaces.com,186 902 0131
Jeremy,Bonaire,Male,jbonaire98@51.la,159 826 9231
Eldin,Dankersley,Male,edankersley99@youtu.be,937 342 2091
Emelita,Serjeant,Genderfluid,eserjeant9a@digg.com,130 347 3236
Binny,Spurier,Female,bspurier9b@istockphoto.com,951 747 4666
Zondra,Crunkhurn,Female,zcrunkhurn9c@smugmug.com,553 660 7608
Beaufort,Hanratty,Male,bhanratty9d@google.pl,434 265 5148
Humberto,Neaverson,Male,hneaverson9e@buzzfeed.com,174 382 9712
Dionne,Durrans,Female,ddurrans9f@tripod.com,379 937 3828
Claudie,Humpatch,Female,chumpatch9g@seattletimes.com,572 379 7389
Even,Shemelt,Male,eshemelt9h@ocn.ne.jp,148 711 3731
Marlin,Gomm,Bigender,mgomm9i@jimdo.com,276 304 3775
Zorana,Bonass,Female,zbonass9j@nhs.uk,757 323 0170
Jdavie,Bretland,Male,jbretland9k@digg.com,432 808 0382
Jermaine,Klaus,Female,jklaus9l@slate.com,115 127 6798
Beth,Legan,Genderqueer,blegan9m@nifty.com,814 886 1611
Sherie,Buckmaster,Female,sbuckmaster9n@webmd.com,726 971 8333
Reuven,Winterborne,Genderqueer,rwinterborne9o@example.com,553 145 2506
Trstram,Sweeten,Male,tsweeten9p@abc.net.au,477 789 6263
Renault,Casaro,Male,rcasaro9q@geocities.jp,113 678 1137
Jasmina,Rappoport,Female,jrappoport9r@discovery.com,988 993 9386
Foss,Dowglass,Male,fdowglass9s@hatena.ne.jp,984 369 8672
Gil,Slainey,Male,gslainey9t@census.gov,547 241 3989
Monica,Akister,Female,makister9u@baidu.com,494 101 9281
Mavra,Larderot,Female,mlarderot9v@dmoz.org,559 974 9766
Tuck,Baytrop,Male,tbaytrop9w@rediff.com,507 939 3753
Gaven,Benedtti,Male,gbenedtti9x@amazon.co.jp,770 495 6315
Kelly,Deesly,Male,kdeesly9y@washington.edu,182 232 0237
Marabel,Tillard,Female,mtillard9z@biglobe.ne.jp,738 741 7168
Verge,Razzell,Agender,vrazzella0@unicef.org,141 312 0958
Lyndy,Farryn,Female,lfarryna1@dyndns.org,620 519 9830
Ezra,Commander,Male,ecommandera2@yelp.com,221 935 6917
Waly,Scoterbosh,Female,wscoterbosha3@google.de,389 488 5634
Margery,Burgum,Genderqueer,mburguma4@nhs.uk,249 356 4001
Yance,Wrist,Male,ywrista5@spiegel.de,349 364 4758
Bartlett,Hefner,Male,bhefnera6@youku.com,894 568 4703
Ly,Moorfield,Male,lmoorfielda7@cornell.edu,946 524 1240
Yank,Puddle,Male,ypuddlea8@marriott.com,823 656 8831
Nate,Ogborne,Male,nogbornea9@vistaprint.com,116 201 4182
Gwendolyn,Snodden,Female,gsnoddenaa@eepurl.com,157 167 4206
Tara,Francescuccio,Female,tfrancescuccioab@typepad.com,337 638 7005
Cello,Archdeckne,Male,carchdeckneac@economist.com,668 539 0051
Dwayne,Boller,Male,dbollerad@whitehouse.gov,773 542 7769
Zena,Wallis,Female,zwallisae@wunderground.com,123 175 5782
Hamlin,MacKessock,Male,hmackessockaf@pagesperso-orange.fr,888 629 9280
Kristyn,Hendren,Female,khendrenag@canalblog.com,235 338 1516
Wayland,Boothebie,Male,wboothebieah@ycombinator.com,144 323 6129
Marijn,Tofanini,Male,mtofaniniai@va.gov,637 786 9642
Pippo,Pietrowski,Male,ppietrowskiaj@springer.com,288 193 6667
Justen,Dunstan,Male,jdunstanak@google.es,148 406 9902
Lidia,Gentric,Female,lgentrical@ucla.edu,121 307 4389
Cello,Keems,Male,ckeemsam@illinois.edu,422 858 1804
Virgie,Ramsdale,Male,vramsdalean@liveinternet.ru,954 493 8489
Uri,Tallboy,Non-binary,utallboyao@sbwire.com,107 890 5102
Job,Grutchfield,Male,jgrutchfieldap@slideshare.net,156 325 2684
Franni,Slayny,Non-binary,fslaynyaq@oracle.com,210 455 9974
Arline,Giercke,Female,agierckear@redcross.org,888 580 3000
Elisa,Kingswell,Female,ekingswellas@netlog.com,836 580 1157
Ernest,Whaites,Male,ewhaitesat@xinhuanet.com,552 612 9265
Neala,Rogge,Female,nroggeau@acquirethisname.com,366 642 4050
Bartolomeo,Runnicles,Polygender,brunniclesav@simplemachines.org,500 311 5439
Maribel,Srawley,Agender,msrawleyaw@gizmodo.com,266 547 8838
Mile,Timperley,Male,mtimperleyax@msu.edu,189 177 9485
Melba,Antos,Female,mantosay@reverbnation.com,269 566 0803
Letty,Egar,Female,legaraz@tripod.com,352 677 7865
Colby,McElvine,Male,cmcelvineb0@addthis.com,245 131 9356
Ingeborg,Halliwell,Female,ihalliwellb1@devhub.com,352 406 4118
Lamond,Tonkes,Male,ltonkesb2@unesco.org,774 594 4335
Anson,Sabbatier,Male,asabbatierb3@histats.com,391 455 2153
Mercedes,Sigert,Female,msigertb4@ft.com,213 604 8242
Kissie,Demangel,Female,kdemangelb5@google.co.uk,957 702 5320
Rhodie,Pindar,Female,rpindarb6@blogs.com,305 766 4645
Artie,Merigeau,Male,amerigeaub7@google.fr,742 744 8556
Hugo,Cess,Male,hcessb8@cafepress.com,981 257 3960
Adolpho,Chastan,Male,achastanb9@chron.com,488 497 2882
Stella,Bowshire,Female,sbowshireba@cargocollective.com,680 673 0515
Isabelita,O'Fihillie,Female,iofihilliebb@ed.gov,834 621 9675
Beitris,Seelbach,Female,bseelbachbc@purevolume.com,440 828 9974
Kaleb,Ruos,Genderqueer,kruosbd@tinypic.com,266 823 6332
Winston,Rivallant,Male,wrivallantbe@slashdot.org,425 532 3982
Agatha,Vallow,Genderqueer,avallowbf@booking.com,784 462 5470
Pooh,Keays,Female,pkeaysbg@bizjournals.com,455 982 5289
Percy,Grazier,Male,pgrazierbh@symantec.com,808 618 7915
Emmalynne,Mowling,Female,emowlingbi@sciencedirect.com,476 296 9742
Milton,Lockhart,Non-binary,mlockhartbj@biglobe.ne.jp,539 421 7526
Randy,Batistelli,Bigender,rbatistellibk@amazon.com,299 467 9228
Grenville,Siely,Male,gsielybl@qq.com,182 339 3421
Esdras,Wilshere,Male,ewilsherebm@gizmodo.com,106 342 7995
Pancho,Ughelli,Male,pughellibn@ehow.com,267 942 3893
Phebe,Spight,Female,pspightbo@dmoz.org,419 860 3267
Johnna,Alliston,Female,jallistonbp@wix.com,973 920 0945
Mariya,Coiley,Female,mcoileybq@businesswire.com,642 842 0986
Cullan,Schimon,Male,cschimonbr@mayoclinic.com,113 905 5605
Samara,Bravey,Genderqueer,sbraveybs@github.com,115 493 0876
Shirline,Findlay,Female,sfindlaybt@imgur.com,301 264 7041
Taddeusz,Champney,Male,tchampneybu@reference.com,856 178 7698
Dunstan,Barten,Male,dbartenbv@desdev.cn,464 346 1052
Brand,Milroy,Genderfluid,bmilroybw@blogs.com,871 636 8789
Ewell,Barr,Male,ebarrbx@about.me,851 750 4125
Saxe,McTurk,Male,smcturkby@dropbox.com,833 698 2086
Clarie,Pauly,Female,cpaulybz@slideshare.net,267 328 3401
Anabel,Matthai,Female,amatthaic0@devhub.com,314 751 7856
Dennis,Bennetts,Male,dbennettsc1@nbcnews.com,211 169 4672
Husain,Korf,Male,hkorfc2@so-net.ne.jp,718 506 8768
Eveleen,Priver,Female,epriverc3@hhs.gov,618 324 5711
Germayne,Addess,Male,gaddessc4@i2i.jp,277 664 5993
Omero,Gainsbury,Male,ogainsburyc5@godaddy.com,899 263 0713
Sheilakathryn,Melross,Female,smelrossc6@123-reg.co.uk,895 369 5981
Randell,Auchterlony,Male,rauchterlonyc7@delicious.com,553 583 5118
Cristi,Halpin,Female,chalpinc8@merriam-webster.com,195 912 3063
Kirbee,Jaine,Female,kjainec9@bloomberg.com,645 222 7477
Rockie,Ruffles,Male,rrufflesca@hexun.com,102 686 5933
Frederic,Bernadot,Male,fbernadotcb@rakuten.co.jp,803 361 0673
Harv,Canner,Male,hcannercc@ft.com,346 138 0726
Pebrook,Hourstan,Male,phourstancd@foxnews.com,563 122 1972
Trevor,Fuzzens,Male,tfuzzensce@123-reg.co.uk,704 861 1713
Tuesday,Bondy,Female,tbondycf@telegraph.co.uk,275 264 3562
Cherry,Grastye,Female,cgrastyecg@1und1.de,647 307 1399
Dael,Filippone,Male,dfilipponech@yahoo.com,979 235 9390
Nowell,Herreran,Male,nherreranci@posterous.com,799 866 3438
Sergei,Mabbitt,Male,smabbittcj@rediff.com,490 799 6645
Sargent,Hookes,Male,shookesck@github.com,414 511 0337
Cassius,Perrington,Male,cperringtoncl@jimdo.com,699 459 5228
Vladamir,Romans,Male,vromanscm@infoseek.co.jp,702 668 2161
Rollie,Ranson,Male,rransoncn@ted.com,873 849 1910
Lezlie,Cooley,Female,lcooleyco@rakuten.co.jp,796 160 3193
Nickolai,Itzcak,Male,nitzcakcp@nytimes.com,685 799 6128
Basilio,Marfield,Male,bmarfieldcq@theglobeandmail.com,720 185 3866
Mark,Smither,Male,msmithercr@buzzfeed.com,584 852 2995
Elisabet,Biasioli,Female,ebiasiolics@ning.com,420 682 8107
Ricki,German,Male,rgermanct@nps.gov,460 925 8259
Adrea,Johnsee,Female,ajohnseecu@psu.edu,247 369 8531
Brander,Friend,Male,bfriendcv@ezinearticles.com,749 776 7306
Buddie,Paty,Male,bpatycw@bluehost.com,994 916 4483
Ade,Otteridge,Male,aotteridgecx@myspace.com,329 564 2145
Dermot,Issit,Polygender,dissitcy@live.com,816 109 0733
Yelena,Lauks,Female,ylaukscz@nyu.edu,624 485 9960
Pauly,Atyea,Female,patyead0@plala.or.jp,147 426 9735
Mame,Scurr,Female,mscurrd1@digg.com,765 168 7579
Noell,Richfield,Agender,nrichfieldd2@youtube.com,281 548 3967
Galven,Presman,Male,gpresmand3@discovery.com,851 893 1881
Brandy,Northleigh,Male,bnorthleighd4@facebook.com,448 832 4857
Geneva,Osler,Female,goslerd5@senate.gov,359 500 8959
Hermie,Banane,Male,hbananed6@businessinsider.com,405 137 1391
Meghann,Vatini,Female,mvatinid7@bluehost.com,329 743 1939
Benny,Roaf,Male,broafd8@wsj.com,727 355 8439
Shamus,Dobble,Male,sdobbled9@amazonaws.com,520 690 3854
Luce,Kinkade,Male,lkinkadeda@wunderground.com,479 711 2346
Dory,Braybrook,Male,dbraybrookdb@psu.edu,180 304 5242
Hugh,Weaver,Male,hweaverdc@google.fr,928 564 5761
Jandy,Wethered,Female,jwethereddd@msn.com,176 188 2637
Spenser,Chetwind,Male,schetwindde@google.co.uk,389 150 5937
Zorana,Thickins,Agender,zthickinsdf@rediff.com,358 640 6614
Sutherlan,McLeman,Male,smclemandg@vk.com,442 186 8844
Alison,Bartoleyn,Female,abartoleyndh@nymag.com,462 392 3079
Egbert,Maypother,Male,emaypotherdi@reddit.com,323 270 6777
Boonie,Rheaume,Male,brheaumedj@oracle.com,938 804 4128
Rozele,Brewett,Female,rbrewettdk@constantcontact.com,757 996 9313
Ferguson,Upstell,Male,fupstelldl@de.vu,902 636 4905
Lazaro,Ghent,Male,lghentdm@ihg.com,858 593 0672
Olia,Jerman,Female,ojermandn@infoseek.co.jp,672 784 4398
Ephrayim,Whitsey,Male,ewhitseydo@dagondesign.com,209 257 6767
Vic,Josey,Male,vjoseydp@t-online.de,222 579 4974
Joceline,Whitman,Female,jwhitmandq@google.es,453 752 5985
Travers,Oehm,Male,toehmdr@bloglovin.com,582 270 1132
Bronson,Macak,Male,bmacakds@sciencedirect.com,944 166 1454
Tully,Rusbridge,Male,trusbridgedt@usa.gov,630 276 5033
Murdoch,Moan,Male,mmoandu@typepad.com,829 979 6649
Kenn,Daymont,Male,kdaymontdv@amazon.com,690 477 4981
Frank,Plumstead,Male,fplumsteaddw@wordpress.org,255 957 6320
Trever,Selburn,Male,tselburndx@tinypic.com,852 533 3295
Oran,McManamon,Male,omcmanamondy@unicef.org,472 481 7759
Axe,Hellin,Male,ahellindz@berkeley.edu,313 108 6509
Shelli,Marrett,Female,smarrette0@miitbeian.gov.cn,870 332 7497
Ganny,Kalb,Male,gkalbe1@joomla.org,933 455 5774
Iormina,Tailby,Non-binary,itailbye2@newyorker.com,787 353 8367
Tarrah,Lamshead,Non-binary,tlamsheade3@dion.ne.jp,276 771 3632
Justino,Baldack,Male,jbaldacke4@cafepress.com,346 537 9775
Caitrin,Prate,Female,cpratee5@google.com.br,971 695 5360
Talbot,Crack,Male,tcracke6@live.com,924 382 0037
Helge,Percifull,Female,hpercifulle7@boston.com,752 915 4524
Angela,Daglish,Female,adaglishe8@wordpress.com,971 382 0978
Ashlan,Runnalls,Female,arunnallse9@hatena.ne.jp,329 734 2424
Jolee,Corah,Female,jcorahea@ihg.com,906 325 4585
Franklin,Hammill,Male,fhammilleb@wired.com,492 911 8281
Ollie,Nason,Male,onasonec@sogou.com,297 942 6816
Joachim,Bedome,Male,jbedomeed@sphinn.com,599 823 6487
Suzie,Bortolutti,Female,sbortoluttiee@answers.com,856 728 6091
Stanwood,Walas,Male,swalasef@epa.gov,734 107 0795
Adolphe,Fulkes,Male,afulkeseg@skype.com,182 248 8925
Sherwin,Roscoe,Male,sroscoeeh@house.gov,765 263 4513
Gelya,Binnes,Genderfluid,gbinnesei@amazon.de,695 258 5721
Daloris,Paoloni,Female,dpaoloniej@google.co.uk,917 449 4909
Darlene,Makey,Female,dmakeyek@cbc.ca,392 944 8309
Arielle,Cullen,Female,acullenel@who.int,975 836 6413
Ringo,Thor,Male,rthorem@lulu.com,663 144 8991
Ephrayim,Stockoe,Male,estockoeen@over-blog.com,616 131 2344
Godiva,Thexton,Female,gthextoneo@woothemes.com,737 487 8581
Jorry,Haylands,Female,jhaylandsep@storify.com,258 594 8021
Esra,Divers,Male,ediverseq@oracle.com,240 547 4328
Olympie,Ellor,Female,oellorer@illinois.edu,582 243 9662
Andy,Brenton,Female,abrentones@virginia.edu,524 959 2750
Lucius,Blackly,Male,lblacklyet@theatlantic.com,242 997 2634
Tadeas,Stollman,Male,tstollmaneu@youtube.com,646 226 0835
Jorry,Growy,Female,jgrowyev@wired.com,245 429 3038
Evie,Braams,Female,ebraamsew@google.it,167 940 0311
Denny,MacGille,Male,dmacgilleex@lycos.com,821 475 5547
Burnard,Van der Beek,Male,bvanderbeekey@who.int,762 242 7656
Zorana,Sumpton,Female,zsumptonez@simplemachines.org,922 647 2592
Darlene,Winsborrow,Female,dwinsborrowf0@blogger.com,648 703 2863
Carilyn,MacGiolla,Female,cmacgiollaf1@earthlink.net,489 982 3986
Sybilla,Szepe,Female,sszepef2@uiuc.edu,237 722 3467
Jerri,Cavet,Male,jcavetf3@wsj.com,214 287 5316
Fletcher,Hegg,Bigender,fheggf4@simplemachines.org,533 230 5137
Diannne,Robertelli,Female,drobertellif5@trellian.com,411 238 7708
Giffard,Catterick,Male,gcatterickf6@ehow.com,488 600 3762
Laurent,Alden,Male,laldenf7@issuu.com,608 637 6957
Emiline,Saggs,Female,esaggsf8@squarespace.com,192 619 6364
Callida,Benardet,Female,cbenardetf9@washingtonpost.com,866 108 9078
Farrand,Jaggli,Female,fjagglifa@weebly.com,827 665 4492
Patric,Gallie,Male,pgalliefb@netlog.com,894 897 0406
Elyssa,Maccaig,Female,emaccaigfc@thetimes.co.uk,539 563 1387
Darci,Troubridge,Female,dtroubridgefd@wufoo.com,622 125 6248
Elysha,Wyndham,Female,ewyndhamfe@123-reg.co.uk,576 801 6175
Vinny,Datte,Female,vdatteff@tripod.com,660 146 9052
Joni,Hobden,Female,jhobdenfg@soup.io,696 226 9171
Nina,Maddyson,Female,nmaddysonfh@simplemachines.org,204 604 3028
Marcy,Croughan,Female,mcroughanfi@livejournal.com,261 758 1421
Jared,Lund,Male,jlundfj@techcrunch.com,455 324 1174
Justinn,Bisgrove,Female,jbisgrovefk@fotki.com,454 265 7695
Will,Baraclough,Male,wbaracloughfl@csmonitor.com,430 806 7534
Ritchie,Veevers,Male,rveeversfm@wisc.edu,343 304 6368
Dulcia,Top,Female,dtopfn@harvard.edu,494 572 4531
Alec,Imlacke,Male,aimlackefo@woothemes.com,949 319 7766
Dagmar,Filasov,Agender,dfilasovfp@economist.com,382 422 0028
Lise,Asmus,Female,lasmusfq@shop-pro.jp,898 881 0083
Corette,Rewcastle,Female,crewcastlefr@sourceforge.net,670 941 2258
Harriot,Duinbleton,Genderfluid,hduinbletonfs@ustream.tv,719 968 1650
Eloisa,Cancutt,Female,ecancuttft@php.net,526 561 9407
Hyacinthia,Brosini,Female,hbrosinifu@purevolume.com,248 556 9220
Letizia,Antat,Female,lantatfv@economist.com,932 145 1820
Jeniffer,Aupol,Genderqueer,jaupolfw@yahoo.com,996 248 2229
Rem,Malenoir,Male,rmalenoirfx@mail.ru,440 830 7249
Georgiana,McCarney,Female,gmccarneyfy@mtv.com,226 596 9708
Tammy,Le Estut,Female,tleestutfz@businesswire.com,261 517 8152
Donaugh,Hastwall,Male,dhastwallg0@exblog.jp,839 567 5012
Inge,McFadyen,Female,imcfadyeng1@telegraph.co.uk,403 478 7280
Fred,Fer,Female,fferg2@wsj.com,516 763 7759
Shelby,Silverlock,Female,ssilverlockg3@auda.org.au,445 307 6023
Griffie,Dibbs,Male,gdibbsg4@ebay.co.uk,239 513 4439
Tamarra,Clare,Female,tclareg5@yandex.ru,710 364 4144
Arlen,Scinelli,Female,ascinellig6@mediafire.com,697 143 5062
Lauryn,Reucastle,Polygender,lreucastleg7@marketwatch.com,714 106 4981
Isac,Durie,Male,idurieg8@lulu.com,327 173 8458
Chrissie,Le feaver,Male,clefeaverg9@netlog.com,518 635 7316
Dionysus,Scrase,Male,dscrasega@wiley.com,667 984 0694
Marco,Worg,Male,mworggb@redcross.org,144 254 0610
Ewan,Yarham,Male,eyarhamgc@twitpic.com,113 787 5923
Hart,Cearley,Male,hcearleygd@epa.gov,915 622 9466
Doro,Gell,Female,dgellge@slate.com,754 745 7930
Gilberto,Matthewson,Male,gmatthewsongf@rediff.com,851 821 7096
Miles,Fallis,Male,mfallisgg@prweb.com,283 450 4675
Nicolle,Bucky,Female,nbuckygh@fc2.com,533 513 5092
Garrot,Dowson,Male,gdowsongi@issuu.com,360 978 0092
Tommi,Blance,Female,tblancegj@friendfeed.com,300 791 1582
Rosalind,Forryan,Female,rforryangk@virginia.edu,887 729 5310
Flossi,Batkin,Female,fbatkingl@hhs.gov,605 127 0196
Brander,Fautley,Male,bfautleygm@gnu.org,278 765 7417
Kelby,Smalecombe,Male,ksmalecombegn@pen.io,700 988 0774
Ario,Sumnall,Genderfluid,asumnallgo@ucoz.ru,276 673 3107
Connor,Divers,Male,cdiversgp@macromedia.com,526 461 7633
Jessee,Belamy,Male,jbelamygq@storify.com,852 415 5243
Lorraine,Divine,Female,ldivinegr@deviantart.com,794 117 8345
Mead,Grishanov,Male,mgrishanovgs@npr.org,121 912 1615
Mandy,Station,Genderfluid,mstationgt@bizjournals.com,197 924 6449
Bell,Casotti,Female,bcasottigu@engadget.com,306 981 4512
Pearla,Claringbold,Female,pclaringboldgv@xing.com,959 381 6401
Briggs,Pettecrew,Male,bpettecrewgw@livejournal.com,457 388 9887
Kore,Hodgon,Female,khodgongx@archive.org,797 982 3629
Krispin,Drugan,Male,kdrugangy@creativecommons.org,499 330 6694
Christoph,Beaford,Genderfluid,cbeafordgz@domainmarket.com,274 770 3688
Quill,Tallowin,Male,qtallowinh0@ask.com,689 475 2317
Nikolaos,Neno,Male,nnenoh1@ustream.tv,296 363 9622
Blaine,Sleith,Male,bsleithh2@economist.com,583 945 0459
Florentia,Bilsford,Female,fbilsfordh3@omniture.com,305 768 2141
Evelina,Haet,Female,ehaeth4@weibo.com,597 713 3991
Hettie,Grenkov,Female,hgrenkovh5@rambler.ru,783 500 8681
Arlee,Boddington,Female,aboddingtonh6@slate.com,462 909 1269
Jammal,Sonier,Male,jsonierh7@wikimedia.org,306 328 1450
Anthea,Cecchi,Female,acecchih8@narod.ru,120 934 9358
Barrett,Scarsbrooke,Male,bscarsbrookeh9@psu.edu,835 674 4692
Morton,Faulo,Male,mfauloha@google.it,902 715 3097
Hannie,Andrewartha,Female,handrewarthahb@privacy.gov.au,760 217 4469
Colver,Belward,Male,cbelwardhc@cnbc.com,615 241 1060
Annissa,Owbrick,Female,aowbrickhd@twitter.com,241 352 2236
Othilia,Reynoollds,Female,oreynoolldshe@topsy.com,450 100 0391
Winnifred,Netherclift,Female,wnetherclifthf@usatoday.com,559 894 6113
Tasia,Prettjohn,Female,tprettjohnhg@lycos.com,587 569 6273
Laural,Wrankmore,Female,lwrankmorehh@archive.org,214 605 3466
Gilly,Ilem,Female,gilemhi@bbb.org,948 248 4636
Sherlocke,Dionisetti,Non-binary,sdionisettihj@auda.org.au,734 573 0771
Dougie,Purshouse,Male,dpurshousehk@example.com,640 858 9303
Roseanne,Nerheny,Non-binary,rnerhenyhl@is.gd,520 140 4170
Adrea,Shipman,Female,ashipmanhm@tamu.edu,176 905 5446
Bradford,Queste,Male,bquestehn@google.cn,267 806 0212
Dwight,Gabb,Male,dgabbho@berkeley.edu,545 813 4409
Oates,Jery,Male,ojeryhp@techcrunch.com,153 879 3983
Jacquelin,Gail,Female,jgailhq@google.de,318 108 8733
Elbertina,Muldownie,Female,emuldowniehr@netscape.com,791 127 7677
Belvia,Oganian,Female,boganianhs@dagondesign.com,133 269 0827
Flor,Morpeth,Female,fmorpethht@google.it,614 612 1961
Brennen,Bonanno,Genderqueer,bbonannohu@time.com,872 703 8506
Gayle,Aylin,Female,gaylinhv@opera.com,846 367 8059
Jonie,Hazleton,Female,jhazletonhw@over-blog.com,649 645 4024
Moreen,Cowie,Female,mcowiehx@nps.gov,738 616 6855
Meghann,Kyme,Female,mkymehy@uol.com.br,268 672 5930
Benedikt,Mudd,Male,bmuddhz@bigcartel.com,579 879 1659
Anders,Atkins,Male,aatkinsi0@aboutads.info,560 145 7170
Trumann,Wildblood,Male,twildbloodi1@mac.com,178 824 2752
Adriana,Mattiuzzi,Female,amattiuzzii2@wunderground.com,123 913 8453
Tabb,Whitham,Male,twhithami3@51.la,834 866 3350
Auroora,Cree,Female,acreei4@vistaprint.com,860 190 2458
Malinde,Hedden,Female,mheddeni5@arizona.edu,461 192 0598
Heinrik,Francisco,Male,hfranciscoi6@parallels.com,450 375 2276
Cordi,Corteney,Female,ccorteneyi7@ezinearticles.com,679 468 1019
Niki,Orgen,Female,norgeni8@addthis.com,456 398 1264
Norina,Ranking,Female,nrankingi9@wikia.com,333 835 1155
Kermy,Revel,Male,krevelia@shop-pro.jp,440 201 4879
Chere,Ciccottio,Female,cciccottioib@arstechnica.com,787 790 7130
Ode,Haddow,Male,ohaddowic@webeden.co.uk,505 268 2731
Damien,Tichner,Male,dtichnerid@ucsd.edu,894 973 9468
Franni,Mullenger,Female,fmullengerie@google.ru,995 635 7242
Nancy,O'Noland,Female,nonolandif@opera.com,872 751 5888
Montague,Clipsham,Male,mclipshamig@delicious.com,486 199 5776
Devonna,Foulser,Female,dfoulserih@amazon.co.jp,897 895 0806
Lavinia,Gilhespy,Female,lgilhespyii@redcross.org,538 515 5295
Filippo,Wheelhouse,Male,fwheelhouseij@blogtalkradio.com,547 330 5183
Tabor,Sillito,Male,tsillitoik@amazon.co.uk,652 564 3581
Mayne,Fenimore,Male,mfenimoreil@a8.net,630 751 1182
Justus,Desseine,Male,jdesseineim@ocn.ne.jp,635 121 7966
Ronni,Olliff,Female,rolliffin@amazon.com,959 525 5907
Elisabeth,Drew-Clifton,Agender,edrewcliftonio@ca.gov,992 111 4515
Lowe,Pencott,Male,lpencottip@imageshack.us,724 746 1065
Krispin,Legendre,Male,klegendreiq@google.de,230 718 7526
Gusta,Hughill,Genderqueer,ghughillir@about.com,672 626 4269
Eldon,Wardle,Male,ewardleis@is.gd,212 992 3666
Lukas,Chansonnau,Male,lchansonnauit@over-blog.com,373 820 9075
Babara,Macenzy,Female,bmacenzyiu@sitemeter.com,959 332 8403
Calli,Gumley,Female,cgumleyiv@wix.com,829 576 3706
Horton,Instock,Male,hinstockiw@huffingtonpost.com,747 680 0972
Lance,Staner,Male,lstanerix@t.co,296 854 1079
Jens,Goggins,Polygender,jgogginsiy@bluehost.com,140 405 6506
Perle,Fiddyment,Genderqueer,pfiddymentiz@google.com.au,726 151 3551
Angelo,MacConnel,Male,amacconnelj0@bigcartel.com,766 517 7655
Keene,Musson,Male,kmussonj1@google.es,332 471 2970
Hadlee,Arndt,Male,harndtj2@berkeley.edu,298 209 7505
Charley,Antoniou,Male,cantoniouj3@surveymonkey.com,533 419 2430
Gearalt,Bellhouse,Male,gbellhousej4@smh.com.au,274 503 0851
Kingston,Behling,Male,kbehlingj5@ycombinator.com,105 283 6458
Liliane,Lawrenceson,Female,llawrencesonj6@csmonitor.com,896 324 8057
Dimitri,Drei,Male,ddreij7@timesonline.co.uk,567 701 8739
Ayn,Yukhnini,Female,ayukhninij8@hc360.com,555 479 3883
Kalindi,Martinek,Female,kmartinekj9@nationalgeographic.com,885 834 4262
Culley,Trembley,Male,ctrembleyja@wisc.edu,215 747 5778
Ellene,Cusack,Female,ecusackjb@i2i.jp,119 617 4507
Edouard,Cadle,Male,ecadlejc@vimeo.com,587 592 7841
Adora,Ulyatt,Female,aulyattjd@senate.gov,662 736 5014
Mary,MacSkeaghan,Female,mmacskeaghanje@issuu.com,554 353 0749
Elvina,Peplay,Female,epeplayjf@naver.com,326 488 2898
Clevie,Sturdy,Male,csturdyjg@webmd.com,690 957 0525
Stephana,Jaan,Female,sjaanjh@dell.com,995 332 8592
Dewie,Seymark,Male,dseymarkji@opera.com,889 349 3424
Cristiano,Kerwick,Male,ckerwickjj@cmu.edu,292 117 8751
Rodrique,Womersley,Male,rwomersleyjk@google.co.uk,394 842 8486
Sunny,McLernon,Male,smclernonjl@who.int,294 169 4437
Upton,Wisham,Male,uwishamjm@ehow.com,482 434 2435
Hercules,Stratiff,Male,hstratiffjn@icio.us,684 427 1070
Aylmar,Garstang,Male,agarstangjo@jugem.jp,277 528 0611
Jeramie,Derdes,Male,jderdesjp@ocn.ne.jp,307 907 7271
Bruno,Bairstow,Male,bbairstowjq@slideshare.net,245 509 7656
Neysa,Dankersley,Female,ndankersleyjr@tmall.com,817 317 6337
Shannen,Clemenza,Female,sclemenzajs@craigslist.org,428 321 2389
Madella,Robert,Female,mrobertjt@rediff.com,495 333 9979
Nickola,Fusco,Male,nfuscoju@printfriendly.com,621 106 6686
Sapphire,Dotson,Female,sdotsonjv@networkadvertising.org,684 219 3581
Wang,Bendix,Male,wbendixjw@goo.ne.jp,479 480 2050
Dugald,Janz,Male,djanzjx@ezinearticles.com,647 218 6756
Shayna,Coppock.,Female,scoppockjy@123-reg.co.uk,970 632 1687
Tina,Erasmus,Female,terasmusjz@blinklist.com,282 638 3753
Lilyan,Blonfield,Female,lblonfieldk0@comcast.net,630 534 3674
Drusy,Greguol,Female,dgreguolk1@blogs.com,721 281 4384
Francklin,Pickburn,Male,fpickburnk2@jimdo.com,960 528 3947
Justinian,Swaysland,Male,jswayslandk3@drupal.org,273 158 8327
Margo,Smewings,Female,msmewingsk4@cocolog-nifty.com,339 642 9378
Dannie,Sissens,Male,dsissensk5@auda.org.au,304 868 8094
Benjie,Nielson,Male,bnielsonk6@nymag.com,580 221 9356
Julianna,Starbucke,Female,jstarbuckek7@slate.com,769 586 6376
Alair,Cockayme,Male,acockaymek8@google.com,500 541 3086
Stewart,Sellek,Male,ssellekk9@salon.com,774 729 6356
Jacob,Measor,Male,jmeasorka@irs.gov,369 626 0312
Germaine,MacCathay,Female,gmaccathaykb@artisteer.com,399 602 0290
Cherise,Pauly,Female,cpaulykc@shareasale.com,562 595 5424
Granger,Pury,Male,gpurykd@theglobeandmail.com,341 817 7349
Sheffie,Huncote,Male,shuncoteke@comsenz.com,488 283 0171
Marcy,Ogilvie,Bigender,mogilviekf@alexa.com,901 489 8871
Garry,Henderson,Male,ghendersonkg@geocities.jp,255 943 1436
Matthias,Ottery,Male,motterykh@chicagotribune.com,372 849 2313
Licha,Longford,Non-binary,llongfordki@hatena.ne.jp,328 778 2662
Georgi,Adamolli,Male,gadamollikj@wp.com,714 712 5430
Ambur,Killock,Female,akillockkk@paypal.com,601 740 0763
Turner,Fiddler,Male,tfiddlerkl@slashdot.org,206 784 1176
Baily,Candie,Male,bcandiekm@techcrunch.com,487 749 3834
Andie,Semple,Female,asemplekn@goo.gl,938 763 9082
Timmi,Ganning,Female,tganningko@epa.gov,790 409 8922
Danyelle,Ivain,Female,divainkp@techcrunch.com,487 377 4237
Georgianna,Munehay,Female,gmunehaykq@admin.ch,970 462 2892
Saree,Tumbelty,Female,stumbeltykr@omniture.com,959 569 9922
Yvor,Gorse,Male,ygorseks@wordpress.org,558 971 7901
Shelia,Sheldrick,Female,ssheldrickkt@fema.gov,912 837 2881
Cal,Skillen,Male,cskillenku@xing.com,678 111 6068
Sabrina,Aitken,Female,saitkenkv@symantec.com,850 145 5681
Wendie,Blanchette,Female,wblanchettekw@webs.com,206 782 1872
Base,Oubridge,Male,boubridgekx@eepurl.com,421 879 0003
Millicent,Bullick,Female,mbullickky@constantcontact.com,880 318 6846
Arnaldo,Allmen,Non-binary,aallmenkz@blogspot.com,968 396 0127
Jarid,Elverstone,Male,jelverstonel0@acquirethisname.com,645 226 2246
Cos,Vaughton,Male,cvaughtonl1@addthis.com,901 406 5596
Westley,Dytham,Male,wdythaml2@si.edu,211 777 6394
Trixi,Skylett,Bigender,tskylettl3@gravatar.com,892 929 6131
Lucias,Riglar,Male,lriglarl4@prweb.com,312 504 0506
Lizzie,Boobier,Female,lboobierl5@t-online.de,232 999 3955
Grace,Schuricht,Female,gschurichtl6@cnn.com,212 586 2494
Dot,Walls,Female,dwallsl7@mtv.com,203 228 2257
Lynde,Brunroth,Female,lbrunrothl8@google.it,268 646 3654
Delmore,Milier,Male,dmilierl9@mayoclinic.com,115 712 3805
Cross,Blackall,Male,cblackallla@paypal.com,393 880 6735
Allister,Nund,Male,anundlb@cpanel.net,869 978 4094
Skip,Pinfold,Male,spinfoldlc@mail.ru,827 498 0156
Raimund,Thoumas,Male,rthoumasld@comsenz.com,859 934 9483
Marshal,Molineux,Male,mmolineuxle@t-online.de,354 243 0852
Minna,Gilmore,Non-binary,mgilmorelf@weebly.com,765 643 3458
Raddie,Neaves,Male,rneaveslg@multiply.com,310 817 6866
Boniface,Probbing,Male,bprobbinglh@mysql.com,256 489 5643
Aldous,Tod,Male,atodli@ihg.com,581 807 1702
Debby,Hargey,Female,dhargeylj@aol.com,877 202 1856
Em,Mabbs,Female,emabbslk@qq.com,653 347 6398
Iorgos,Waghorn,Male,iwaghornll@pinterest.com,602 682 8973
Morgen,Luckhurst,Female,mluckhurstlm@wunderground.com,957 219 7534
Helenka,Humbey,Polygender,hhumbeyln@hibu.com,838 916 2259
Elfie,Verlander,Female,everlanderlo@mysql.com,643 974 8676
Astrid,Sedger,Bigender,asedgerlp@drupal.org,968 307 1796
Lynea,Bassett,Genderqueer,lbassettlq@patch.com,805 263 4532
Raeann,Heddon,Female,rheddonlr@businesswire.com,131 597 1686
Kat,Baldcock,Female,kbaldcockls@bloglovin.com,213 499 8043
Letti,Timperley,Female,ltimperleylt@drupal.org,939 194 2895
Reina,Dunn,Female,rdunnlu@hao123.com,142 417 0034
Guthrie,O'Heaney,Male,goheaneylv@nytimes.com,387 893 6850
Roscoe,Jurgen,Male,rjurgenlw@about.com,785 289 9687
Alf,MacBain,Male,amacbainlx@hugedomains.com,949 473 6133
Tabbitha,Bruckshaw,Genderfluid,tbruckshawly@behance.net,548 408 8848
Jacklyn,Yorston,Female,jyorstonlz@fotki.com,443 797 7765
Chauncey,Allmen,Male,callmenm0@webs.com,958 232 6633
Hector,Gavrielli,Male,hgavriellim1@themeforest.net,220 702 1089
Everard,Janiszewski,Male,ejaniszewskim2@army.mil,805 242 6018
Fields,Ingerfield,Male,fingerfieldm3@comsenz.com,211 339 1522
Mayor,Strahan,Male,mstrahanm4@photobucket.com,225 439 0415
Skylar,Zamboniari,Male,szamboniarim5@unesco.org,263 348 9218
Melvin,Cartledge,Male,mcartledgem6@live.com,864 694 7759
Burnard,Sholem,Male,bsholemm7@storify.com,946 556 2822
Maxy,Cauldfield,Male,mcauldfieldm8@ifeng.com,729 898 5143
Corey,Lascelles,Female,clascellesm9@noaa.gov,580 882 3757
Dukie,Lucus,Male,dlucusma@bigcartel.com,909 881 0633
Claus,Folks,Agender,cfolksmb@wordpress.org,569 558 8300
Kordula,Itzhayek,Female,kitzhayekmc@netscape.com,885 163 0189
Yule,Piotr,Male,ypiotrmd@globo.com,791 580 1734
Callida,Pixton,Female,cpixtonme@mashable.com,888 198 2357
Farah,Mattek,Female,fmattekmf@guardian.co.uk,804 314 5534
Carin,Oram,Female,corammg@clickbank.net,394 395 4480
Daphene,Maciaszek,Female,dmaciaszekmh@parallels.com,843 920 7258
Yolanda,Calan,Female,ycalanmi@wisc.edu,789 934 3215
Innis,Kohlert,Male,ikohlertmj@nydailynews.com,442 729 2227
Ernesta,Cashman,Female,ecashmanmk@un.org,617 186 5834
Sigismund,Duigenan,Male,sduigenanml@github.com,900 210 1637
Boycey,Karby,Male,bkarbymm@slate.com,650 784 4707
Maddy,Hamley,Female,mhamleymn@arstechnica.com,365 723 1659
Tabbie,Maly,Genderqueer,tmalymo@yandex.ru,335 949 4707
Nedda,Eisikovitsh,Female,neisikovitshmp@ed.gov,862 968 0369
Sybyl,Eborall,Female,seborallmq@flavors.me,796 252 0426
Xenos,Pauletto,Male,xpaulettomr@disqus.com,586 293 3617
Fern,Carrel,Female,fcarrelms@mail.ru,836 478 5028
Douglas,Minmagh,Male,dminmaghmt@sfgate.com,503 376 3113
Cati,Stockford,Female,cstockfordmu@behance.net,651 355 5590
Forrest,Dunniom,Male,fdunniommv@discuz.net,215 390 5695
Andrey,Lakenton,Male,alakentonmw@vk.com,512 713 3241
Dolly,Hambright,Female,dhambrightmx@marriott.com,774 511 8113
Domingo,Kennon,Male,dkennonmy@bloglines.com,433 374 1164
Edwin,Brower,Male,ebrowermz@salon.com,731 542 1155
Estel,Goodliff,Female,egoodliffn0@cyberchimps.com,205 743 4529
Nelly,Fosdyke,Female,nfosdyken1@sina.com.cn,570 935 2039
Rani,McKillop,Bigender,rmckillopn2@timesonline.co.uk,438 894 2322
Jean,Reary,Female,jrearyn3@goo.gl,838 307 8826
Lexy,Attle,Female,lattlen4@reuters.com,274 832 7025
Moyna,Roskell,Female,mroskelln5@weibo.com,800 411 0845
Frayda,Raven,Female,fravenn6@chicagotribune.com,320 355 2132
Richmond,Lingwood,Genderqueer,rlingwoodn7@histats.com,227 720 9700
Jonathan,Bernard,Male,jbernardn8@un.org,646 514 7705
Celestine,McCaig,Female,cmccaign9@bbc.co.uk,604 742 7125
Kleon,Malser,Male,kmalserna@mozilla.org,582 914 0010
Alastair,Statton,Genderfluid,astattonnb@acquirethisname.com,343 906 9064
Dionne,Hembry,Female,dhembrync@sciencedaily.com,822 436 6311
Berkley,Kreuzer,Male,bkreuzernd@shareasale.com,231 255 3529
Cross,Hould,Male,chouldne@fc2.com,197 616 9189
Cirstoforo,Palley,Male,cpalleynf@cnbc.com,208 314 4355
Darcie,Binden,Female,dbindenng@unc.edu,184 433 0426
Upton,Gaiger,Male,ugaigernh@europa.eu,192 711 0471
Bernardine,Shipp,Non-binary,bshippni@skyrock.com,431 576 7621
Horatia,Enoksson,Female,henokssonnj@wix.com,150 163 3997
Edie,Nugent,Non-binary,enugentnk@marriott.com,625 359 2011
Sylvia,Beresfore,Female,sberesforenl@163.com,216 427 3408
Jojo,Espinet,Female,jespinetnm@state.gov,412 821 3201
Babette,Giacomucci,Female,bgiacomuccinn@cnbc.com,712 885 1933
Merline,Levesque,Female,mlevesqueno@t-online.de,828 332 8137
Cheryl,Tutton,Female,ctuttonnp@friendfeed.com,315 424 1706
Blane,Northing,Male,bnorthingnq@columbia.edu,251 457 7057
Hughie,Marran,Male,hmarrannr@geocities.com,180 272 2038
Toinette,Kirkbride,Female,tkirkbridens@indiatimes.com,462 811 7506
Collen,Filmer,Female,cfilmernt@skyrock.com,119 877 3152
Zared,Noquet,Male,znoquetnu@techcrunch.com,141 633 3391
Averil,Greensite,Female,agreensitenv@ed.gov,658 519 2123
Odie,Soule,Male,osoulenw@engadget.com,869 293 5051
Pietrek,Demcak,Male,pdemcaknx@berkeley.edu,351 900 3266
Kele,Creelman,Male,kcreelmanny@howstuffworks.com,344 703 4190
Sheppard,Daout,Male,sdaoutnz@ed.gov,657 771 0932
Dwain,Bidewell,Agender,dbidewello0@amazon.com,743 445 4825
Jolene,Scatchard,Female,jscatchardo1@reddit.com,918 632 3454
Cornall,Gillease,Male,cgilleaseo2@wikispaces.com,843 968 6328
Genevra,Alphege,Female,galphegeo3@issuu.com,643 741 3673
Tate,Wickey,Male,twickeyo4@ask.com,387 181 8623
Sisile,Strawbridge,Female,sstrawbridgeo5@opensource.org,429 274 8717
Neron,Teager,Male,nteagero6@vimeo.com,686 730 0539
Romain,Ovenell,Male,rovenello7@nps.gov,320 844 4776
Chiarra,MacQueen,Genderfluid,cmacqueeno8@berkeley.edu,855 584 3979
Conny,Duncklee,Male,cdunckleeo9@github.com,252 924 6887
Yuri,Hammor,Male,yhammoroa@live.com,767 130 8980
Lizette,Liven,Female,llivenob@arizona.edu,497 734 5824
Avictor,Bodle,Male,abodleoc@mtv.com,391 293 8489
Langsdon,Peealess,Male,lpeealessod@vk.com,577 819 2831
Anstice,Stockle,Female,astockleoe@hibu.com,558 212 1265
Yasmeen,Pieters,Female,ypietersof@studiopress.com,271 248 3854
Rouvin,Pirot,Male,rpirotog@webeden.co.uk,367 157 8111
Adriano,Russi,Male,arussioh@trellian.com,873 477 4694
Weston,McGahy,Male,wmcgahyoi@soundcloud.com,130 598 2094
Nicol,Poon,Genderfluid,npoonoj@npr.org,161 859 7822
Morris,Wornham,Male,mwornhamok@wp.com,186 356 9339
Mahalia,Drury,Female,mdruryol@over-blog.com,845 255 3183
Neile,O'Cosgra,Female,nocosgraom@redcross.org,250 411 1594
Kiri,Welburn,Female,kwelburnon@nba.com,692 531 0726
Buckie,Vivian,Male,bvivianoo@free.fr,223 772 0081
Doretta,Skechley,Female,dskechleyop@washington.edu,809 616 8952
Malena,Maraga,Female,mmaragaoq@dailymotion.com,701 913 3077
Jameson,Boorman,Male,jboormanor@blogs.com,330 837 1892
Rebeka,Wainscoat,Female,rwainscoatos@nationalgeographic.com,168 389 5877
Lyndell,Growden,Female,lgrowdenot@paginegialle.it,430 588 0790
Kerr,Lilie,Male,klilieou@artisteer.com,533 322 6815
Davie,Grossman,Male,dgrossmanov@blogger.com,916 916 7140
Nina,Speedy,Female,nspeedyow@gizmodo.com,880 623 0329
Silvio,Emloch,Male,semlochox@nps.gov,668 597 0504
Garrard,Neicho,Male,gneichooy@miitbeian.gov.cn,768 762 3122
Sigismund,Chellam,Male,schellamoz@yolasite.com,386 250 6528
Nikos,Durtnell,Male,ndurtnellp0@mit.edu,271 387 4450
Towney,Zanuciolii,Male,tzanucioliip1@dailymotion.com,277 824 4128
Rosalind,Troker,Female,rtrokerp2@blog.com,702 794 1850
Sheffy,Sly,Male,sslyp3@upenn.edu,654 607 5731
Ammamaria,Pilsbury,Female,apilsburyp4@friendfeed.com,977 502 6266
Thom,Sore,Male,tsorep5@amazon.de,866 379 1003
Reinwald,Noulton,Male,rnoultonp6@usa.gov,693 598 2585
Niels,Gealle,Male,ngeallep7@amazon.com,815 831 1767
Pryce,Cosyns,Male,pcosynsp8@twitpic.com,658 355 7935
Kara-lynn,Bugbird,Female,kbugbirdp9@163.com,444 503 5653
Valera,Stowell,Female,vstowellpa@jugem.jp,168 872 8799
Dayna,Melloi,Female,dmelloipb@hatena.ne.jp,390 596 1931
Adan,Soots,Male,asootspc@chron.com,862 713 7524
Annmaria,Szwarc,Female,aszwarcpd@skyrock.com,366 754 0517
Sauncho,Lummasana,Male,slummasanape@state.tx.us,149 728 2220
Janina,Menat,Female,jmenatpf@macromedia.com,732 134 6829
Regina,Cancellieri,Female,rcancellieripg@163.com,682 977 9202
Romona,Pharrow,Female,rpharrowph@reference.com,752 613 0697
Sheppard,Sleford,Male,sslefordpi@cnet.com,541 880 0515
Sam,Schruyer,Bigender,sschruyerpj@wufoo.com,720 119 0988
Arturo,Roofe,Male,aroofepk@multiply.com,780 798 2135
Fax,McJury,Male,fmcjurypl@shop-pro.jp,360 418 9278
Thorin,Eggerton,Male,teggertonpm@addthis.com,153 829 2702
Shina,Guinan,Female,sguinanpn@wiley.com,487 800 2329
Boothe,O'Cassidy,Male,bocassidypo@homestead.com,696 706 3438
Giusto,Trueman,Male,gtruemanpp@wikipedia.org,140 477 7993
Lowe,Shrubb,Male,lshrubbpq@ezinearticles.com,480 500 9637
Dorthy,Meldon,Female,dmeldonpr@rediff.com,625 470 1697
Ulrica,MacAlees,Female,umacaleesps@google.pl,369 110 1602
Mano,Stuke,Male,mstukept@apple.com,304 658 4356
Darnell,Scargle,Male,dscarglepu@woothemes.com,134 813 9675
Gardener,Paine,Male,gpainepv@theglobeandmail.com,232 941 5730
Tiertza,Lambourne,Female,tlambournepw@clickbank.net,809 893 7771
Kipp,Redsell,Male,kredsellpx@moonfruit.com,204 472 4787
Felix,Linstead,Male,flinsteadpy@deliciousdays.com,984 130 0697
Keslie,Spillard,Non-binary,kspillardpz@comcast.net,244 723 9554
Brita,Harsant,Female,bharsantq0@apache.org,678 570 0580
Tallou,Gittens,Female,tgittensq1@google.it,890 863 6054
Woodie,Terrett,Male,wterrettq2@symantec.com,139 166 1719
Anatol,Priddy,Male,apriddyq3@chronoengine.com,147 579 8805
Benson,Damsell,Male,bdamsellq4@joomla.org,888 151 6381
Shelly,Lackey,Female,slackeyq5@timesonline.co.uk,798 396 0249
Maurits,Heinsen,Male,mheinsenq6@noaa.gov,451 250 6789
Stirling,Courtenay,Male,scourtenayq7@miitbeian.gov.cn,707 296 8196
Hanson,Waring,Male,hwaringq8@flavors.me,266 643 7615
Bess,Harrema,Female,bharremaq9@bluehost.com,796 425 5338
Jimmie,Ladbrooke,Male,jladbrookeqa@nydailynews.com,562 535 6046
Vaclav,Roadnight,Male,vroadnightqb@yellowpages.com,800 664 7900
Fionna,Doiley,Female,fdoileyqc@fastcompany.com,418 353 5133
Brendis,Hazelden,Male,bhazeldenqd@dmoz.org,500 133 2527
Madge,Doylend,Female,mdoylendqe@live.com,842 535 8749
Cesar,Mayow,Male,cmayowqf@hhs.gov,243 720 2589
Javier,Charlo,Male,jcharloqg@odnoklassniki.ru,665 284 6468
El,Alywin,Male,ealywinqh@jigsy.com,869 166 2171
Adam,Limb,Male,alimbqi@stanford.edu,897 373 4200
Jeniece,Decker,Female,jdeckerqj@51.la,357 233 8707
Leslie,Batchellor,Female,lbatchellorqk@de.vu,321 536 9265
Leonidas,Goodliffe,Male,lgoodliffeql@cnbc.com,831 211 7517
Maggy,Branca,Female,mbrancaqm@home.pl,398 343 0632
Ab,Ruzek,Male,aruzekqn@statcounter.com,868 765 1438
Candace,De Lasci,Agender,cdelasciqo@naver.com,916 217 9605
Aron,Tillyer,Male,atillyerqp@lycos.com,873 177 2081
Lodovico,Chidlow,Male,lchidlowqq@instagram.com,894 333 5751
Murielle,Purvis,Polygender,mpurvisqr@storify.com,679 558 1705
Porter,Morter,Agender,pmorterqs@example.com,967 112 4680
Kean,Clemanceau,Male,kclemanceauqt@umich.edu,330 831 8074
Othilie,Deegan,Female,odeeganqu@github.io,610 778 8609
Dido,Paget,Female,dpagetqv@twitter.com,717 275 4493
Arte,Corkitt,Male,acorkittqw@bloglines.com,132 740 9110
Rosemary,Lounds,Female,rloundsqx@ezinearticles.com,245 517 7303
Kathy,Roskell,Female,kroskellqy@comcast.net,214 906 4094
Loren,Coote,Female,lcooteqz@salon.com,229 235 2281
Ado,Isherwood,Male,aisherwoodr0@so-net.ne.jp,125 571 0451
Papageno,Gillam,Male,pgillamr1@gravatar.com,591 870 9827
Alicia,Gallon,Bigender,agallonr2@sphinn.com,846 634 9831
Cher,Brandon,Female,cbrandonr3@umich.edu,921 409 9661
Clement,McRobert,Male,cmcrobertr4@unicef.org,585 801 7043
Avie,Babington,Female,ababingtonr5@e-recht24.de,543 317 7327
Deeann,Philpin,Female,dphilpinr6@lycos.com,943 124 8603
Desirae,Gallyhaock,Female,dgallyhaockr7@creativecommons.org,862 297 6993
Dalis,O'Harney,Male,doharneyr8@fc2.com,518 832 8212
Marthe,Dubock,Agender,mdubockr9@rakuten.co.jp,648 806 7009
Shaine,Palfreeman,Female,spalfreemanra@oracle.com,385 900 4373
Fraze,Blench,Male,fblenchrb@storify.com,557 332 3805
Roselle,La Croce,Female,rlacrocerc@exblog.jp,353 390 5306
Robenia,Keward,Female,rkewardrd@toplist.cz,859 854 4238
Andee,Netti,Female,anettire@mit.edu,859 783 6634
Rogerio,Fairlaw,Male,rfairlawrf@vimeo.com,412 684 4461
Constantine,Richardeau,Male,crichardeaurg@buzzfeed.com,358 399 5953
Reggi,Pedroli,Female,rpedrolirh@hatena.ne.jp,879 289 7360
Daisey,Litchmore,Female,dlitchmoreri@nymag.com,254 809 2754
Tomkin,Holdren,Male,tholdrenrj@apache.org,110 885 5668
Jeanna,MacMeeking,Genderqueer,jmacmeekingrk@nature.com,878 695 5425
Boigie,Bettesworth,Male,bbettesworthrl@cnbc.com,687 895 1674
Dottie,Redmond,Female,dredmondrm@ihg.com,676 471 1941
Elset,Howship,Female,ehowshiprn@phoca.cz,888 337 8622
Tabbi,Sapson,Polygender,tsapsonro@irs.gov,215 462 8408
Kerrie,Tompion,Female,ktompionrp@ebay.co.uk,588 877 5471
Jefferson,Delahunty,Male,jdelahuntyrq@skyrock.com,849 182 4482
Ariella,Iggo,Female,aiggorr@reference.com,696 207 1637
