first_name,last_name,gender,email,phone
Howie,Albrecht,Male,halbrecht0@devhub.com,949 296 0694
Nicoli,Zanutti,Female,nzanutti1@wikispaces.com,983 805 2119
Elianora,Pesik,Female,epesik2@gravatar.com,361 678 4614
Aguste,Pitchers,Male,apitchers3@sitemeter.com,345 846 4281
Bartram,Worwood,Male,bworwood4@cargocollective.com,789 358 4204
Minda,Blatcher,Female,mblatcher5@mlb.com,757 193 1195
Jocko,Edgeon,Male,jedgeon6@mozilla.org,437 984 3329
Xenia,Hamilton,Female,xhamilton7@tiny.cc,652 818 2828
Noll,Latus,Male,nlatus8@europa.eu,624 142 1421
Florri,MacNeill,Female,fmacneill9@bbc.co.uk,412 949 4185
Constantina,Soutar,Female,csoutara@wisc.edu,215 830 7483
Ebenezer,Hallad,Male,ehalladb@linkedin.com,639 983 0189
Kesley,Mardlin,Female,kmardlinc@discovery.com,443 453 7077
Ilyssa,Chander,Female,ichanderd@smugmug.com,269 606 6807
Holmes,Temperton,Male,htempertone@linkedin.com,339 600 5621
Dorine,Elsmor,Genderfluid,delsmorf@fda.gov,441 230 5089
Mathe,Malafe,Male,mmalafeg@telegraph.co.uk,148 405 1048
Gearalt,Abbyss,Male,gabbyssh@php.net,165 980 0902
Carey,Geater,Bigender,cgeateri@yahoo.co.jp,217 230 5463
Chaddie,MacCahey,Bigender,cmaccaheyj@163.com,490 574 9457
Ingaberg,Collip,Female,icollipk@guardian.co.uk,570 502 5763
Boot,Moatt,Male,bmoattl@ucla.edu,556 795 5914
Cristiano,Hogsden,Male,chogsdenm@army.mil,771 466 6003
Saxe,Benfield,Male,sbenfieldn@webeden.co.uk,652 689 0944
Kendricks,Scogin,Male,kscogino@soup.io,817 834 3665
Nicolle,Blake,Agender,nblakep@dagondesign.com,717 901 4818
Tamas,O'Currigan,Male,tocurriganq@barnesandnoble.com,742 368 6972
Emelda,Frenchum,Female,efrenchumr@gnu.org,890 677 6667
Carri,Peddowe,Female,cpeddowes@huffingtonpost.com,452 996 3788
Gretna,Dahill,Female,gdahillt@weebly.com,709 523 6851
Corby,Musslewhite,Male,cmusslewhiteu@desdev.cn,699 367 6222
Lucina,Fentem,Female,lfentemv@domainmarket.com,552 631 2088
Hermon,Padbury,Male,hpadburyw@wordpress.org,123 145 4426
Harald,Marjoribanks,Male,hmarjoribanksx@ning.com,609 961 3844
Tripp,Standing,Agender,tstandingy@microsoft.com,472 102 7819
Ferrel,Eastwood,Genderqueer,feastwoodz@dagondesign.com,841 131 8549
Palmer,Dauber,Male,pdauber10@taobao.com,649 949 9777
Hashim,Rushmare,Male,hrushmare11@deviantart.com,733 610 5136
Marlon,Antonovic,Male,mantonovic12@chicagotribune.com,342 852 0898
Werner,Mc Curlye,Male,wmccurlye13@php.net,762 620 2353
Sibyl,Sunman,Female,ssunman14@accuweather.com,287 480 2013
Deidre,Crus,Bigender,dcrus15@multiply.com,930 699 7155
Kayley,Shugg,Female,kshugg16@shareasale.com,725 892 3296
Susi,Abdey,Female,sabdey17@nydailynews.com,839 660 1706
Derick,Calltone,Male,dcalltone18@nymag.com,782 130 8774
Brandon,Pert,Male,bpert19@unesco.org,616 567 6052
Christoforo,Ferrelli,Male,cferrelli1a@youtu.be,566 546 6241
Lynnette,Epinoy,Female,lepinoy1b@cargocollective.com,450 762 1564
Aliza,Sterman,Female,asterman1c@wikispaces.com,215 731 5683
George,Moyce,Female,gmoyce1d@1und1.de,253 951 4635
Billy,Palke,Female,bpalke1e@amazon.co.jp,164 292 4791
Jacquetta,MacArdle,Female,jmacardle1f@lycos.com,719 166 8671
Ede,Pedel,Female,epedel1g@home.pl,165 729 4199
Ursala,Pinkie,Female,upinkie1h@hibu.com,945 320 4452
Ettore,Fulk,Male,efulk1i@tiny.cc,719 228 6013
Zorina,Brimilcombe,Female,zbrimilcombe1j@com.com,449 368 7809
Neill,Holleworth,Male,nholleworth1k@storify.com,813 901 6122
Kiri,Boays,Female,kboays1l@narod.ru,730 459 3986
Danette,Ribbens,Female,dribbens1m@is.gd,484 902 4543
Cherida,Sumner,Female,csumner1n@about.com,498 406 7899
Gisela,Fountain,Genderfluid,gfountain1o@cornell.edu,439 725 5253
Sarajane,Durham,Female,sdurham1p@yellowbook.com,285 880 1541
Didi,Toope,Female,dtoope1q@imdb.com,169 475 7603
Ibrahim,Dominik,Male,idominik1r@wordpress.com,601 785 4804
Ashby,Huetson,Male,ahuetson1s@state.gov,965 150 6377
Martie,Laity,Male,mlaity1t@e-recht24.de,867 276 2569
Kennan,Wetter,Male,kwetter1u@altervista.org,638 144 7464
Nick,Elcy,Male,nelcy1v@apple.com,596 502 7444
Mack,Steels,Genderqueer,msteels1w@prnewswire.com,114 687 7458
Kendra,Kimberley,Female,kkimberley1x@yandex.ru,301 555 3543
Rock,Grumell,Male,rgrumell1y@wikipedia.org,427 792 5500
Minnie,Trathan,Female,mtrathan1z@marketwatch.com,547 597 2382
Cristabel,Sodor,Female,csodor20@odnoklassniki.ru,284 509 4076
Dewie,Torfin,Male,dtorfin21@adobe.com,873 256 1359
Mayor,Maletratt,Male,mmaletratt22@china.com.cn,715 655 1954
Xerxes,Oxherd,Polygender,xoxherd23@typepad.com,363 969 8699
Minetta,Asgodby,Female,masgodby24@epa.gov,489 968 3802
Moise,Thickett,Male,mthickett25@360.cn,560 191 6818
Annadiane,O'Sherrin,Female,aosherrin26@ted.com,388 918 7614
Wright,Ager,Male,wager27@netscape.com,581 204 5094
Ganny,Negri,Male,gnegri28@walmart.com,367 464 9958
Delano,Jenton,Male,djenton29@illinois.edu,281 186 3250
Wheeler,Achurch,Male,wachurch2a@oracle.com,535 861 0422
Benji,Thompkins,Male,bthompkins2b@icio.us,668 853 1740
Bronnie,Woodeson,Male,bwoodeson2c@i2i.jp,710 254 5851
Douglass,Littell,Non-binary,dlittell2d@ibm.com,619 981 8022
Padriac,Gaukroger,Male,pgaukroger2e@uiuc.edu,205 340 8732
Olive,Glabach,Female,oglabach2f@msu.edu,807 473 4976
Brewster,Wadelin,Male,bwadelin2g@npr.org,283 298 7008
Augy,Sinderland,Male,asinderland2h@gov.uk,820 931 9607
Stephie,Manton,Female,smanton2i@tripadvisor.com,102 568 3639
Darya,Broadberrie,Female,dbroadberrie2j@newyorker.com,902 103 6954
Worden,Willgrass,Male,wwillgrass2k@spiegel.de,921 483 2493
Julee,Epton,Female,jepton2l@unesco.org,350 648 7931
Yehudi,Ondra,Male,yondra2m@facebook.com,926 661 7492
Vernice,Caddies,Polygender,vcaddies2n@icio.us,292 817 1825
Dominique,McMurty,Female,dmcmurty2o@de.vu,470 521 9771
Ode,Muddicliffe,Male,omuddicliffe2p@army.mil,856 826 5345
Claybourne,Nasey,Male,cnasey2q@liveinternet.ru,859 932 3105
Tannie,Costello,Male,tcostello2r@unblog.fr,508 124 4680
Ermengarde,Erskin,Female,eerskin2s@surveymonkey.com,334 335 2748
Candida,Shakle,Female,cshakle2t@toplist.cz,475 744 3504
Cesar,Dilger,Male,cdilger2u@msn.com,765 573 9876
Judah,Scarffe,Male,jscarffe2v@imageshack.us,634 359 8505
Glen,Addey,Female,gaddey2w@hao123.com,670 563 7112
Renato,Lere,Male,rlere2x@drupal.org,764 340 3916
Palm,Mann,Male,pmann2y@princeton.edu,587 517 9384
Heinrick,Falla,Male,hfalla2z@naver.com,198 715 4155
Kelsy,Izhak,Female,kizhak30@sohu.com,873 104 7550
Dael,Hague,Male,dhague31@economist.com,128 688 4924
Keen,Verrechia,Male,kverrechia32@youku.com,710 825 9712
Dore,Gisbourn,Female,dgisbourn33@odnoklassniki.ru,650 659 8591
Tabina,Bridat,Female,tbridat34@google.com.au,386 906 9664
Benoite,Huskisson,Female,bhuskisson35@webs.com,506 693 8450
Millie,Brennans,Female,mbrennans36@sfgate.com,188 771 9686
Skyler,Todeo,Male,stodeo37@godaddy.com,639 642 5980
Joete,Constable,Female,jconstable38@topsy.com,444 890 5857
Linc,Radbourn,Male,lradbourn39@baidu.com,215 468 2353
Irena,Blasing,Female,iblasing3a@ibm.com,622 186 7288
Sally,Gronowe,Female,sgronowe3b@adobe.com,374 376 4989
Ruben,Whittington,Male,rwhittington3c@ihg.com,508 688 0054
Renard,Jevons,Male,rjevons3d@sfgate.com,950 887 5853
Evelin,Dengel,Male,edengel3e@google.co.jp,895 193 8785
Maury,Cisneros,Male,mcisneros3f@auda.org.au,605 296 0559
Lavinia,Royston,Female,lroyston3g@joomla.org,396 115 2161
Jocko,Bliss,Male,jbliss3h@simplemachines.org,142 257 3708
Olivette,Gomery,Female,ogomery3i@foxnews.com,314 373 8011
Clotilda,Brandts,Female,cbrandts3j@friendfeed.com,805 314 3505
Scot,Lead,Male,slead3k@netscape.com,420 655 4058
Chauncey,Straniero,Agender,cstraniero3l@jimdo.com,286 727 0162
Annadiane,Ablewhite,Female,aablewhite3m@accuweather.com,444 594 5606
Xylina,Townsend,Female,xtownsend3n@biglobe.ne.jp,532 776 6063
Theodosia,Dyers,Female,tdyers3o@discuz.net,271 916 9448
Morris,Robard,Male,mrobard3p@japanpost.jp,791 468 2605
Edyth,Glynne,Female,eglynne3q@imgur.com,143 271 8767
Burnard,Ygo,Male,bygo3r@stumbleupon.com,526 615 2622
Veriee,Tiler,Female,vtiler3s@reverbnation.com,689 653 0387
Lavinia,Fist,Female,lfist3t@businesswire.com,437 865 9480
Carrol,Tate,Male,ctate3u@washington.edu,221 889 6066
Sissie,Talton,Female,stalton3v@yelp.com,998 282 3233
Ellery,McGlade,Male,emcglade3w@apache.org,999 243 7753
Orran,Panchin,Male,opanchin3x@amazon.de,170 652 7614
Ailsun,Kingscote,Polygender,akingscote3y@scribd.com,555 440 8380
Bar,Gentiry,Male,bgentiry3z@xing.com,226 952 1301
Liuka,Rawsthorn,Genderqueer,lrawsthorn40@springer.com,871 636 5400
Vasily,Hallums,Male,vhallums41@so-net.ne.jp,565 978 2585
Gabriello,Sutherington,Male,gsutherington42@nationalgeographic.com,305 605 6819
Jarred,Timbridge,Male,jtimbridge43@cocolog-nifty.com,737 806 4032
Holli,Ubsdale,Female,hubsdale44@cpanel.net,651 328 9068
Conn,Cockram,Male,ccockram45@paginegialle.it,512 220 5801
Hannah,Sotheron,Female,hsotheron46@zimbio.com,965 761 7832
Kiley,Coie,Male,kcoie47@about.me,763 929 6549
Jordanna,Hartford,Female,jhartford48@ucoz.com,568 138 5572
Teresita,Ipsly,Female,tipsly49@phoca.cz,401 888 7031
Jarrett,Hugett,Male,jhugett4a@craigslist.org,802 101 1107
Teriann,Giacopetti,Genderfluid,tgiacopetti4b@acquirethisname.com,379 698 6641
Berenice,Ogilvie,Female,bogilvie4c@japanpost.jp,425 318 1746
Bree,Skippings,Female,bskippings4d@fema.gov,443 625 8924
Britt,Custard,Female,bcustard4e@ox.ac.uk,591 254 1667
Brandais,Meachan,Female,bmeachan4f@paypal.com,436 993 2966
Yalonda,Jimmes,Female,yjimmes4g@cbslocal.com,450 751 2985
Ronald,Routley,Male,rroutley4h@acquirethisname.com,518 835 9404
Tandy,Stearn,Female,tstearn4i@spotify.com,490 157 2558
Luisa,Hubane,Female,lhubane4j@latimes.com,291 897 0807
Jolynn,Pigot,Female,jpigot4k@woothemes.com,904 588 7353
Dino,Cleugher,Genderfluid,dcleugher4l@yale.edu,187 472 3908
Tedmund,Clifton,Male,tclifton4m@infoseek.co.jp,140 492 9060
Wilone,Cawtheray,Genderfluid,wcawtheray4n@elpais.com,432 172 5721
Red,Mee,Male,rmee4o@timesonline.co.uk,766 903 8481
Diandra,Irvin,Agender,dirvin4p@virginia.edu,798 321 7568
Selene,Howel,Female,showel4q@dedecms.com,364 998 0881
Sheila,de Tocqueville,Female,sdetocqueville4r@mac.com,494 140 2533
Orelle,Pickthorne,Polygender,opickthorne4s@digg.com,983 592 9567
Blakeley,Arundell,Female,barundell4t@cdc.gov,429 852 8041
Lenette,Itschakov,Female,litschakov4u@themeforest.net,831 581 5335
Trenton,Annice,Bigender,tannice4v@addtoany.com,939 332 3855
Aldrich,Hadleigh,Male,ahadleigh4w@tripadvisor.com,935 884 4745
Glori,Lorenzini,Female,glorenzini4x@go.com,282 134 2640
Sidoney,Campagne,Female,scampagne4y@census.gov,297 808 3808
Darn,Gerardot,Male,dgerardot4z@npr.org,602 589 3534
Patton,O'Shiel,Male,poshiel50@myspace.com,921 461 0398
Cristen,Sillars,Female,csillars51@webmd.com,678 433 8497
Merell,MacAfee,Male,mmacafee52@google.co.uk,446 807 7730
Rand,Balazot,Male,rbalazot53@miibeian.gov.cn,793 262 8955
Llewellyn,MacFarlan,Male,lmacfarlan54@geocities.jp,827 406 1634
Jeanine,Defty,Female,jdefty55@cdc.gov,165 277 4415
Jobie,Dyball,Female,jdyball56@unc.edu,255 735 0365
Kellen,Laurand,Female,klaurand57@tumblr.com,718 866 3939
Dorris,Ivakhno,Female,divakhno58@techcrunch.com,892 835 9030
Val,Mazonowicz,Male,vmazonowicz59@a8.net,699 725 3088
Desmund,Stratten,Male,dstratten5a@theguardian.com,755 114 6150
Chico,Radin,Male,cradin5b@imdb.com,680 723 9369
Caitlin,McSkin,Female,cmcskin5c@yandex.ru,954 390 7138
Corbet,Beeze,Genderfluid,cbeeze5d@cisco.com,699 335 9066
Meghann,Stagg,Female,mstagg5e@psu.edu,900 866 2407
Ruby,Dyball,Male,rdyball5f@yolasite.com,553 499 7885
Susanna,Phizackarley,Female,sphizackarley5g@elegantthemes.com,408 974 6710
Lucina,Arson,Female,larson5h@cloudflare.com,249 362 6948
Kristal,Stannion,Agender,kstannion5i@answers.com,959 700 3322
Hugh,Brosnan,Male,hbrosnan5j@topsy.com,117 208 5279
Bone,Stoute,Male,bstoute5k@wikispaces.com,192 179 0524
Noelani,Norheny,Bigender,nnorheny5l@upenn.edu,275 193 6140
Mattias,Flanner,Male,mflanner5m@hao123.com,651 586 7921
Reinhold,Bloys,Male,rbloys5n@liveinternet.ru,775 896 6893
Guthrey,Hazlewood,Male,ghazlewood5o@g.co,353 853 8932
Shantee,Waltering,Female,swaltering5p@unblog.fr,653 921 1885
Brier,Maurice,Female,bmaurice5q@amazon.com,522 588 7112
Zared,Muris,Male,zmuris5r@nytimes.com,548 743 1353
Godart,Henner,Male,ghenner5s@google.cn,371 850 4750
Lonnie,Nutting,Male,lnutting5t@cyberchimps.com,493 511 4331
Neysa,Haldin,Female,nhaldin5u@flickr.com,900 136 8973
Janna,Menpes,Female,jmenpes5v@joomla.org,921 383 7706
Winny,Duigan,Female,wduigan5w@salon.com,733 664 9055
Ellswerth,Durning,Male,edurning5x@ted.com,527 651 2648
Marion,Saintpierre,Male,msaintpierre5y@bluehost.com,335 310 9835
Reed,Stephenson,Male,rstephenson5z@t.co,858 743 4459
Gilli,Golson,Female,ggolson60@wunderground.com,264 146 6968
Phil,Abbess,Male,pabbess61@sitemeter.com,940 813 0515
Hildegaard,Toderini,Female,htoderini62@theguardian.com,534 340 5277
Krissie,Wisbey,Female,kwisbey63@lulu.com,387 761 1360
Ariella,Martinec,Polygender,amartinec64@ameblo.jp,305 554 3370
Kerby,Iskow,Male,kiskow65@gravatar.com,976 526 3978
Edan,Ackeroyd,Male,eackeroyd66@livejournal.com,905 157 2234
Damon,Ruffell,Male,druffell67@dropbox.com,150 603 3702
Blinnie,Pringuer,Female,bpringuer68@google.co.jp,512 259 5548
Andre,Ram,Male,aram69@discovery.com,695 799 4723
Erich,Longfoot,Male,elongfoot6a@chron.com,387 847 2049
Madeleine,Scurlock,Female,mscurlock6b@netscape.com,541 740 4543
Reginald,Emlin,Male,remlin6c@free.fr,481 701 2615
Skylar,Haggith,Male,shaggith6d@cbslocal.com,509 621 3124
Daphne,Rees,Female,drees6e@issuu.com,807 690 4914
Delbert,Hedde,Male,dhedde6f@java.com,659 498 1042
Bailey,Mouncher,Male,bmouncher6g@topsy.com,528 108 4443
Othella,Bree,Female,obree6h@dailymotion.com,165 322 0897
Axe,Livesay,Male,alivesay6i@pen.io,242 163 6396
Lenee,Wankling,Female,lwankling6j@ycombinator.com,294 716 8610
Thedric,Villa,Male,tvilla6k@weather.com,546 971 2009
Ursuline,Dunk,Female,udunk6l@quantcast.com,825 695 5348
Archaimbaud,Hearst,Male,ahearst6m@sphinn.com,874 816 2700
Thomas,Bamlett,Male,tbamlett6n@indiegogo.com,246 649 3430
Ailyn,Smurfit,Female,asmurfit6o@fema.gov,263 448 2649
Pavel,Baselio,Male,pbaselio6p@noaa.gov,642 669 2628
Bowie,Knotte,Male,bknotte6q@va.gov,302 727 9931
Sela,Vallentin,Polygender,svallentin6r@flickr.com,650 398 3472
Anselm,Filipyev,Male,afilipyev6s@mlb.com,608 183 4297
Arne,Quennell,Male,aquennell6t@webnode.com,713 575 2288
Elora,Clynter,Female,eclynter6u@nhs.uk,821 398 8425
Miguel,Goldsack,Male,mgoldsack6v@usa.gov,226 203 3272
Shelby,Dabernott,Male,sdabernott6w@senate.gov,894 528 0863
Ynez,Brugden,Female,ybrugden6x@house.gov,239 202 1898
Tomlin,Rissom,Male,trissom6y@i2i.jp,189 577 8104
Bear,Brunelleschi,Male,bbrunelleschi6z@acquirethisname.com,832 563 1796
Robbie,Gatty,Female,rgatty70@blogs.com,310 335 3865
Corenda,Dainty,Female,cdainty71@nsw.gov.au,881 208 0750
Tabby,Chittleburgh,Female,tchittleburgh72@harvard.edu,284 743 0633
Melitta,de Glanville,Female,mdeglanville73@microsoft.com,330 129 5639
Clarie,Lyard,Female,clyard74@exblog.jp,400 795 1596
Idell,Widdocks,Female,iwiddocks75@census.gov,728 840 6806
Kitti,Smitherham,Female,ksmitherham76@hatena.ne.jp,926 523 3767
Danila,Couche,Genderfluid,dcouche77@angelfire.com,585 588 1949
Eveleen,Matokhnin,Genderfluid,ematokhnin78@webnode.com,217 308 8420
Vanda,Cund,Female,vcund79@adobe.com,850 324 4707
Rob,Wenderott,Male,rwenderott7a@pen.io,957 989 3936
Theodore,Ghent,Male,tghent7b@joomla.org,769 580 7571
Malachi,Jahn,Male,mjahn7c@msu.edu,608 235 4612
Elfrieda,Goter,Agender,egoter7d@foxnews.com,812 738 0678
Jase,Dominighi,Male,jdominighi7e@sciencedirect.com,502 233 5427
Pepi,Spurrier,Female,pspurrier7f@linkedin.com,344 623 6132
Dorrie,Daber,Female,ddaber7g@seesaa.net,245 213 8107
Fletch,Roome,Male,froome7h@gnu.org,897 544 6662
Marielle,Chaston,Female,mchaston7i@simplemachines.org,634 596 8130
Guillaume,Tregidga,Male,gtregidga7j@naver.com,357 575 2369
Lesley,Danbye,Female,ldanbye7k@wufoo.com,234 689 6418
Saxon,Cubberley,Male,scubberley7l@opera.com,564 215 2601
Sunny,Crepin,Genderqueer,screpin7m@amazonaws.com,755 615 6779
Rustin,McGill,Male,rmcgill7n@bbc.co.uk,550 650 8173
Annice,Sawl,Female,asawl7o@mac.com,862 843 9365
Caro,Whitmell,Female,cwhitmell7p@squidoo.com,825 563 0706
Shalom,Bagby,Male,sbagby7q@unc.edu,972 726 1338
Jolyn,Harken,Female,jharken7r@miitbeian.gov.cn,460 147 2182
Claudetta,Cosley,Female,ccosley7s@miitbeian.gov.cn,279 508 1749
Linnie,Bletso,Female,lbletso7t@noaa.gov,648 673 1022
Sydney,Hibbart,Female,shibbart7u@china.com.cn,678 675 4934
Koressa,Docwra,Female,kdocwra7v@patch.com,510 126 3400
Lyndsie,Dumbrell,Female,ldumbrell7w@plala.or.jp,734 591 7876
Noble,Chesshyre,Male,nchesshyre7x@spotify.com,414 782 9675
Claudina,Kinze,Female,ckinze7y@twitpic.com,292 815 4649
Scotti,Robardet,Male,srobardet7z@dailymail.co.uk,347 850 3504
Agathe,Mundee,Female,amundee80@cnbc.com,249 609 7760
Hussein,Rattrie,Male,hrattrie81@people.com.cn,193 464 5712
Geordie,Sturmey,Male,gsturmey82@naver.com,936 988 2963
Alia,Pairpoint,Female,apairpoint83@dell.com,444 331 8058
Patience,Lincke,Female,plincke84@dailymotion.com,981 405 4738
Claiborn,Glandfield,Male,cglandfield85@cafepress.com,795 809 1859
Ethelin,Clearley,Female,eclearley86@sourceforge.net,182 279 7321
Larina,St. Leger,Female,lstleger87@tinypic.com,168 844 6564
Dniren,Gluyas,Female,dgluyas88@prweb.com,359 823 5141
Pattin,Weall,Male,pweall89@techcrunch.com,488 193 8445
Zolly,Deyes,Male,zdeyes8a@odnoklassniki.ru,332 651 6665
Cassaundra,Ofener,Female,cofener8b@upenn.edu,205 428 0808
Ethan,Fingleton,Male,efingleton8c@nytimes.com,677 374 9910
Kerri,Rugieri,Female,krugieri8d@army.mil,898 734 7934
Carina,Darcey,Female,cdarcey8e@prlog.org,755 928 2516
Beverley,Leatham,Female,bleatham8f@seesaa.net,721 530 7394
Constantine,Ledbury,Male,cledbury8g@virginia.edu,104 709 7513
Lilith,Mennear,Female,lmennear8h@walmart.com,210 863 5166
Noam,Stannard,Male,nstannard8i@unc.edu,417 308 5154
Chaddy,Conechie,Male,cconechie8j@reddit.com,772 928 8603
Brice,Ponten,Male,bponten8k@surveymonkey.com,930 101 7882
John,Whannel,Male,jwhannel8l@ibm.com,350 673 7349
Stefania,Zum Felde,Female,szumfelde8m@seattletimes.com,755 824 3884
Carolann,Prudham,Agender,cprudham8n@noaa.gov,489 855 2985
Kendall,Bartusek,Male,kbartusek8o@1688.com,800 165 4999
Munmro,Orht,Male,morht8p@prlog.org,788 476 9323
Calv,Gaines,Male,cgaines8q@europa.eu,973 102 4473
Benedicta,Roja,Female,broja8r@fotki.com,377 792 4256
Panchito,Milroy,Male,pmilroy8s@cornell.edu,425 603 6004
Fernando,Yusupov,Male,fyusupov8t@goodreads.com,764 637 7795
Dagny,Wrate,Male,dwrate8u@slate.com,571 620 7119
Hephzibah,Mulderrig,Female,hmulderrig8v@mozilla.org,703 711 1943
Robina,Pallant,Female,rpallant8w@eventbrite.com,301 469 5225
Karyn,Stubbeley,Female,kstubbeley8x@themeforest.net,317 500 6005
Tye,Bestwick,Male,tbestwick8y@ucoz.com,117 363 2532
Staford,Scoon,Agender,sscoon8z@hao123.com,660 473 7234
Huntlee,Tyrwhitt,Male,htyrwhitt90@usa.gov,895 875 9556
Suzie,Schuster,Female,sschuster91@rediff.com,608 687 3581
Beauregard,Weinberg,Male,bweinberg92@bravesites.com,664 646 2619
Demetra,Marchbank,Female,dmarchbank93@mac.com,533 539 0423
Pauli,Aleksankov,Non-binary,paleksankov94@google.es,412 188 2999
Johnny,Shakshaft,Male,jshakshaft95@printfriendly.com,276 357 1639
Shea,Camerana,Agender,scamerana96@google.com.hk,800 619 6242
Etti,Cheel,Female,echeel97@sina.com.cn,228 812 0326
Gunter,Kissock,Male,gkissock98@businessinsider.com,660 723 7440
Dorie,Avramovsky,Agender,davramovsky99@over-blog.com,722 595 6823
Terrel,Necolds,Male,tnecolds9a@nydailynews.com,907 303 6587
Amargo,Tatlowe,Female,atatlowe9b@yale.edu,497 319 2012
Waverley,Whistlecraft,Male,wwhistlecraft9c@deliciousdays.com,423 671 0858
Florette,Viggars,Female,fviggars9d@topsy.com,580 337 6048
Papagena,Sellek,Female,psellek9e@jugem.jp,298 924 9558
Adolf,Jimes,Male,ajimes9f@fema.gov,662 665 7605
Anya,Kyllford,Genderqueer,akyllford9g@wufoo.com,514 192 6661
Rufe,Eytel,Male,reytel9h@businesswire.com,650 203 3783
Case,Dearlove,Male,cdearlove9i@wordpress.org,237 134 2720
Jobye,Stittle,Female,jstittle9j@comcast.net,530 228 6250
Benedikta,Mockler,Female,bmockler9k@buzzfeed.com,581 729 2039
Edi,Piggford,Female,epiggford9l@mapquest.com,923 361 0134
Jere,Hefferon,Bigender,jhefferon9m@wsj.com,260 197 1295
Jillana,Alliot,Female,jalliot9n@xrea.com,161 633 0816
Redford,Gregor,Male,rgregor9o@samsung.com,220 763 0986
Doretta,Minghi,Female,dminghi9p@squarespace.com,238 233 0672
Flemming,Joesbury,Male,fjoesbury9q@globo.com,801 759 7413
Roma,Moakes,Male,rmoakes9r@digg.com,337 748 0756
Mickie,Tydd,Male,mtydd9s@addthis.com,240 205 4945
Fields,Hallbord,Male,fhallbord9t@myspace.com,203 371 6379
Manolo,Whitely,Male,mwhitely9u@dailymail.co.uk,217 551 9016
Eustace,Gowry,Male,egowry9v@stumbleupon.com,234 554 2478
Rosa,Wetherburn,Female,rwetherburn9w@bigcartel.com,904 333 2433
Marcella,Muffett,Female,mmuffett9x@qq.com,521 995 5317
Adriano,Nornable,Male,anornable9y@topsy.com,300 916 4168
Trish,Le Bosse,Bigender,tlebosse9z@flickr.com,453 435 0951
John,Tarplee,Male,jtarpleea0@php.net,942 161 5435
Ferris,Lerego,Male,fleregoa1@multiply.com,965 652 3344
Durward,Dowsett,Male,ddowsetta2@wordpress.org,475 966 9911
Duane,Gallymore,Male,dgallymorea3@privacy.gov.au,477 272 8321
Cindelyn,Olyonov,Female,colyonova4@patch.com,806 157 9127
Hendrick,Gaynsford,Male,hgaynsforda5@ebay.co.uk,700 141 5157
Daniel,Auckland,Male,daucklanda6@furl.net,982 326 5227
Angelo,Ambrogi,Male,aambrogia7@oracle.com,773 845 4521
Baryram,Arnke,Male,barnkea8@cbc.ca,873 902 8080
Leonanie,Ingham,Female,linghama9@php.net,208 304 5846
Emlynne,Fuxman,Female,efuxmanaa@ycombinator.com,846 302 1636
Helsa,Shallow,Female,hshallowab@nature.com,921 902 0810
Letisha,Varker,Female,lvarkerac@latimes.com,136 119 6379
Launce,Greendale,Male,lgreendalead@nytimes.com,801 361 4928
Mildrid,Denzey,Female,mdenzeyae@comsenz.com,993 238 2211
Yolane,Lyall,Female,ylyallaf@sbwire.com,506 892 5441
Allianora,Srawley,Female,asrawleyag@sogou.com,511 659 5981
Gustavo,Rawlcliffe,Male,grawlcliffeah@qq.com,255 352 5917
Ethelbert,Duding,Male,edudingai@yellowbook.com,369 512 8863
Ellary,Jenkison,Male,ejenkisonaj@about.me,672 384 7382
Norton,Lynett,Male,nlynettak@mozilla.com,199 326 0007
Esther,Terrey,Genderqueer,eterreyal@1688.com,943 136 4390
Othelia,Alyonov,Female,oalyonovam@europa.eu,482 950 8419
Leda,Wilmot,Female,lwilmotan@msu.edu,328 957 2985
Filmore,Brunt,Male,fbruntao@squidoo.com,559 100 3012
Gabriele,Liley,Male,glileyap@com.com,303 568 8875
Morgen,Andreacci,Male,mandreacciaq@webnode.com,416 867 1866
Sher,Gadaud,Female,sgadaudar@cisco.com,385 814 6057
Wash,Capozzi,Male,wcapozzias@bloomberg.com,134 690 0451
Bret,Temlett,Male,btemlettat@ebay.com,863 887 2297
Randee,Townley,Female,rtownleyau@apple.com,940 333 3460
Vonnie,Duckfield,Female,vduckfieldav@bloglines.com,517 463 7065
Riordan,Milvarnie,Male,rmilvarnieaw@csmonitor.com,315 781 5386
Mile,Barehead,Genderfluid,mbareheadax@meetup.com,781 401 6126
Misha,Assard,Female,massarday@time.com,723 306 9044
Lorraine,Serridge,Female,lserridgeaz@nymag.com,217 489 5839
Germain,Smithe,Male,gsmitheb0@usa.gov,856 307 0085
Marwin,Lehr,Male,mlehrb1@squidoo.com,842 941 8944
Hester,Anniwell,Female,hanniwellb2@wunderground.com,668 945 4269
Pablo,Durbyn,Male,pdurbynb3@msu.edu,483 263 1561
Ellery,Benyan,Male,ebenyanb4@wufoo.com,528 209 0400
Maxine,Muggleton,Female,mmuggletonb5@fda.gov,895 444 1881
Bride,Hounsom,Female,bhounsomb6@de.vu,148 522 1002
Freddi,Bassill,Female,fbassillb7@opensource.org,814 907 8649
Anjela,Pechan,Female,apechanb8@va.gov,265 559 4367
Lauretta,Sutterfield,Female,lsutterfieldb9@microsoft.com,423 185 6860
Herb,Steffans,Male,hsteffansba@earthlink.net,332 804 4981
Osbourn,Buntain,Male,obuntainbb@prweb.com,408 913 0642
Donnell,Solon,Male,dsolonbc@shutterfly.com,830 355 9059
Alexia,Vizor,Female,avizorbd@state.gov,530 157 7697
Vale,Whybray,Female,vwhybraybe@barnesandnoble.com,966 357 4183
Demetri,Copcott,Male,dcopcottbf@list-manage.com,640 304 6732
Flori,Casali,Female,fcasalibg@tripadvisor.com,502 673 4076
Marika,Goncaves,Bigender,mgoncavesbh@statcounter.com,496 159 9455
Carry,Skelton,Female,cskeltonbi@amazon.co.jp,574 568 2880
Felicia,Linzee,Female,flinzeebj@simplemachines.org,767 282 9145
Zsazsa,Scanterbury,Female,zscanterburybk@bing.com,824 215 7938
Mellisent,Genders,Female,mgendersbl@hao123.com,848 526 7693
Judith,Pinson,Female,jpinsonbm@google.fr,545 746 3572
Sean,Wickerson,Female,swickersonbn@blogs.com,579 392 4778
Siusan,Paraman,Female,sparamanbo@icq.com,286 544 5869
Abeu,Lorant,Male,alorantbp@ifeng.com,789 293 9947
Peirce,Cornwell,Male,pcornwellbq@technorati.com,576 211 0610
Nananne,Worters,Female,nwortersbr@aboutads.info,416 274 3137
Saudra,Shotboulte,Female,sshotboultebs@friendfeed.com,858 291 1971
June,MacCoughan,Female,jmaccoughanbt@mozilla.org,356 217 7639
Brandon,Collin,Male,bcollinbu@storify.com,757 138 3417
Chelsey,Tomasik,Female,ctomasikbv@cnbc.com,160 563 5421
Stacy,Nunnery,Male,snunnerybw@artisteer.com,397 559 2478
Lutero,Harrhy,Male,lharrhybx@google.nl,659 701 1051
Vinson,Egre,Genderfluid,vegreby@pbs.org,282 921 1432
Venus,Rhymer,Female,vrhymerbz@vimeo.com,227 848 7765
Ruby,MacEvilly,Female,rmacevillyc0@sciencedirect.com,224 349 7067
Oralie,Thorne,Female,othornec1@wiley.com,907 924 0481
Jacob,Mathias,Male,jmathiasc2@google.com.br,741 882 1860
Dannie,Inde,Male,dindec3@abc.net.au,140 403 4941
Rosemary,Hassall,Female,rhassallc4@soundcloud.com,953 847 3664
Sonia,Learie,Female,sleariec5@kickstarter.com,790 397 9903
Krishnah,Ornils,Male,kornilsc6@360.cn,201 223 7111
Krissie,Hafner,Female,khafnerc7@newyorker.com,843 590 3258
Godard,Dripps,Male,gdrippsc8@clickbank.net,231 573 4051
Betsy,Gabbitis,Female,bgabbitisc9@unblog.fr,700 412 9229
Sander,Northcliffe,Male,snorthcliffeca@wikimedia.org,732 116 7913
Torey,Late,Female,tlatecb@home.pl,293 878 1845
Joice,Golsby,Female,jgolsbycc@webeden.co.uk,499 467 1534
Berty,Alvarado,Male,balvaradocd@upenn.edu,284 321 1963
Kassandra,Quidenham,Female,kquidenhamce@plala.or.jp,823 325 2918
Bella,Marunchak,Polygender,bmarunchakcf@mtv.com,409 321 3986
Sanford,Courcey,Male,scourceycg@privacy.gov.au,233 119 3441
Arlette,Burney,Female,aburneych@biglobe.ne.jp,222 395 9646
Tedda,Maybey,Female,tmaybeyci@yellowpages.com,727 207 9104
Leese,Howman,Female,lhowmancj@yellowpages.com,590 757 9947
Reg,Mandeville,Male,rmandevilleck@indiatimes.com,396 239 3930
Nana,Shoulder,Female,nshouldercl@huffingtonpost.com,862 826 5631
Lorene,Oxford,Female,loxfordcm@ucoz.com,469 325 1402
Curtice,Elan,Male,celancn@unblog.fr,888 971 7049
Rockwell,Longman,Male,rlongmanco@imageshack.us,774 125 5177
Lorenza,d'Arcy,Female,ldarcycp@mtv.com,629 739 9290
Anneliese,Hanks,Female,ahankscq@rakuten.co.jp,587 737 3589
Renata,Draisey,Female,rdraiseycr@yellowbook.com,581 577 2121
Max,Dyshart,Bigender,mdyshartcs@accuweather.com,885 162 0291
Willabella,Carroll,Non-binary,wcarrollct@ustream.tv,559 827 0556
Willis,Symers,Male,wsymerscu@springer.com,527 365 2942
Kitty,Devonside,Female,kdevonsidecv@yolasite.com,265 524 4712
Orelee,Ivachyov,Female,oivachyovcw@jiathis.com,649 190 1742
Inger,McCudden,Male,imccuddencx@tuttocitta.it,668 535 2272
Alfy,Revely,Male,arevelycy@csmonitor.com,201 409 9121
Ernaline,Tilney,Female,etilneycz@ed.gov,846 496 3721
Cyndie,Greenstreet,Female,cgreenstreetd0@google.ru,915 322 6131
Kenny,Bendle,Male,kbendled1@multiply.com,929 817 0544
Lazarus,Lackney,Male,llackneyd2@paypal.com,975 226 1013
Madelene,Matthias,Female,mmatthiasd3@spotify.com,974 986 6394
Allegra,Samarth,Female,asamarthd4@washington.edu,292 716 9394
Norean,Kuhn,Non-binary,nkuhnd5@networksolutions.com,913 256 2213
Venus,Abramowitz,Female,vabramowitzd6@printfriendly.com,758 103 9575
Jessi,Ellinor,Female,jellinord7@tmall.com,280 388 8268
Gary,Chastan,Male,gchastand8@usatoday.com,860 403 8189
Danya,Guly,Agender,dgulyd9@alexa.com,298 929 5136
Wang,Gover,Male,wgoverda@wordpress.com,456 283 4613
Kare,Dennistoun,Bigender,kdennistoundb@businesswire.com,893 157 9191
Tamas,Wescott,Male,twescottdc@dedecms.com,562 776 4656
Sidney,Feakins,Male,sfeakinsdd@theguardian.com,205 620 8884
Tiertza,Keningley,Female,tkeningleyde@w3.org,704 197 9022
Shae,Krysztowczyk,Male,skrysztowczykdf@theatlantic.com,209 224 4794
Isacco,Sangar,Male,isangardg@youtu.be,710 365 8146
Lamond,Springthorp,Male,lspringthorpdh@joomla.org,480 643 6669
Valida,Masseo,Bigender,vmasseodi@businesswire.com,507 707 9162
Courtnay,Farnish,Male,cfarnishdj@tuttocitta.it,630 539 4917
Sebastiano,Terry,Bigender,sterrydk@nsw.gov.au,976 624 7168
Gan,Bullick,Male,gbullickdl@ft.com,943 200 2466
Jamima,Hyde,Female,jhydedm@aol.com,495 503 9885
Carter,Fife,Genderfluid,cfifedn@biglobe.ne.jp,451 875 3582
Alejandrina,Treadgall,Female,atreadgalldo@nsw.gov.au,329 319 0742
Batholomew,Constable,Male,bconstabledp@i2i.jp,635 291 3412
Dunc,Roddick,Male,droddickdq@flavors.me,877 510 9055
Shep,Clemett,Male,sclemettdr@china.com.cn,747 778 3591
Gena,Berkery,Non-binary,gberkeryds@lycos.com,970 673 1710
Scotty,Zecchinelli,Male,szecchinellidt@springer.com,230 848 5973
Esme,Bantick,Male,ebantickdu@ovh.net,934 908 8894
Orly,Taylot,Female,otaylotdv@reference.com,322 494 0991
Rosalynd,Scutcheon,Female,rscutcheondw@arizona.edu,358 373 9960
Bartlet,Patershall,Male,bpatershalldx@dedecms.com,865 205 7725
Von,Farriar,Male,vfarriardy@shop-pro.jp,131 298 7810
Charlena,Lilloe,Female,clilloedz@cpanel.net,265 550 4290
Audi,Skipsea,Female,askipseae0@topsy.com,431 671 3702
Ginger,Membry,Male,gmembrye1@skyrock.com,903 733 0565
Bret,Apdell,Male,bapdelle2@gmpg.org,887 785 4965
Fabian,Januszkiewicz,Male,fjanuszkiewicze3@independent.co.uk,544 133 4174
Isahella,Jagger,Female,ijaggere4@storify.com,127 199 3864
Adolf,Boriston,Male,aboristone5@so-net.ne.jp,603 504 7341
Janifer,Bickers,Genderfluid,jbickerse6@indiegogo.com,477 307 5135
Shina,Cayser,Female,scaysere7@furl.net,252 516 5368
Fawne,Keays,Female,fkeayse8@ifeng.com,474 761 2764
Moises,Emmert,Male,memmerte9@shutterfly.com,402 268 5709
Talbert,De Roberto,Male,tderobertoea@ed.gov,320 260 1153
Jerrilee,Jersch,Genderqueer,jjerscheb@washington.edu,337 164 9391
Francoise,Oger,Female,fogerec@cam.ac.uk,815 358 8014
Kevon,Causbey,Male,kcausbeyed@craigslist.org,189 347 6267
Jerrold,Linklater,Male,jlinklateree@google.co.uk,625 919 9527
Ingemar,Falk,Male,ifalkef@wired.com,512 855 3437
Ag,Orrah,Agender,aorraheg@reverbnation.com,881 701 7635
Werner,Putterill,Male,wputterilleh@arstechnica.com,342 576 6942
Gael,Gheorghescu,Male,ggheorghescuei@dropbox.com,987 537 7174
Abigale,Fitzpatrick,Female,afitzpatrickej@joomla.org,690 431 3586
Lanie,Abella,Female,labellaek@g.co,616 348 2705
Davon,Isaacson,Genderqueer,disaacsonel@walmart.com,766 510 3525
Peria,Adne,Polygender,padneem@vk.com,215 681 1552
Erie,Haydon,Male,ehaydonen@ovh.net,481 786 3411
Thia,Salmen,Female,tsalmeneo@who.int,840 715 4893
Doe,Wimbury,Female,dwimburyep@microsoft.com,621 849 8773
Deane,Hanmer,Male,dhanmereq@businesswire.com,691 466 1031
Lin,Kennsley,Male,lkennsleyer@ow.ly,800 440 1124
Clio,Delgado,Female,cdelgadoes@admin.ch,157 641 2530
Samuele,Bleasdille,Polygender,sbleasdilleet@ning.com,842 626 8355
Paten,Fer,Genderfluid,pfereu@plala.or.jp,166 484 1229
Rachele,McAviy,Female,rmcaviyev@usnews.com,350 154 6514
Shay,Baldini,Male,sbaldiniew@plala.or.jp,275 133 5039
Lemmy,Drakeford,Male,ldrakefordex@prnewswire.com,199 540 3729
Quinta,Gorgl,Female,qgorgley@slideshare.net,329 925 2298
Emily,Sellick,Female,esellickez@digg.com,122 329 3128
Anya,Turone,Female,aturonef0@deviantart.com,212 430 5387
Biron,Farress,Male,bfarressf1@vimeo.com,436 718 5636
Bobine,Duquesnay,Female,bduquesnayf2@yahoo.co.jp,182 222 4176
Lyndsay,Whate,Female,lwhatef3@google.com.br,523 446 0139
Anson,De Vile,Male,adevilef4@skype.com,963 789 1934
West,Kuhl,Male,wkuhlf5@columbia.edu,734 308 8539
Reggie,Downage,Male,rdownagef6@ocn.ne.jp,531 924 6067
Renee,Christofol,Female,rchristofolf7@elegantthemes.com,797 237 7131
Kellen,Seamen,Male,kseamenf8@tmall.com,203 459 0894
Kennedy,Brownhall,Male,kbrownhallf9@youku.com,271 867 7426
Leo,Jersh,Male,ljershfa@twitpic.com,695 586 6183
Isadora,Dickenson,Female,idickensonfb@i2i.jp,595 818 2939
Burgess,Perch,Male,bperchfc@last.fm,817 913 1737
Kris,Spicer,Female,kspicerfd@disqus.com,169 882 5069
Esmeralda,Fabb,Female,efabbfe@oracle.com,994 599 7462
Tani,Spragge,Female,tspraggeff@salon.com,166 587 4229
Hazlett,Imlacke,Male,himlackefg@craigslist.org,660 269 5193
Boony,Paulus,Male,bpaulusfh@lulu.com,628 315 0891
Dario,Skipsea,Bigender,dskipseafi@dedecms.com,549 247 8443
Benjamin,Collibear,Male,bcollibearfj@aboutads.info,243 991 0273
Harv,Laity,Male,hlaityfk@4shared.com,459 316 9057
Grace,Rosling,Male,groslingfl@patch.com,249 361 1554
Selestina,Cristofor,Female,scristoforfm@jiathis.com,483 499 1692
Shalna,Gniewosz,Female,sgniewoszfn@nifty.com,924 547 4814
Anatol,Macilhench,Male,amacilhenchfo@zdnet.com,802 770 7333
Dorelia,Virgo,Female,dvirgofp@about.me,179 668 7351
Abbe,Plumley,Male,aplumleyfq@howstuffworks.com,788 321 6109
Karlyn,Grimditch,Agender,kgrimditchfr@china.com.cn,124 658 7399
Wat,Hairsnape,Male,whairsnapefs@ted.com,866 239 8766
Juliana,Andresser,Female,jandresserft@stanford.edu,395 735 2095
Papageno,Filpi,Male,pfilpifu@pinterest.com,477 450 7560
Bat,Feedome,Male,bfeedomefv@issuu.com,148 125 1634
Barbie,Corona,Female,bcoronafw@newyorker.com,649 772 8068
Levi,Mc Ilory,Polygender,lmciloryfx@123-reg.co.uk,543 156 4822
Lilah,Seint,Female,lseintfy@typepad.com,347 384 5840
Opal,Fabler,Female,ofablerfz@alexa.com,481 656 1737
Correna,Dossit,Female,cdossitg0@taobao.com,395 836 8056
Meir,Jellis,Male,mjellisg1@mail.ru,973 536 0924
Halsey,Franchioni,Male,hfranchionig2@uiuc.edu,211 183 1047
Lindy,Normanvell,Bigender,lnormanvellg3@globo.com,753 447 2277
Neda,Ledford,Female,nledfordg4@smh.com.au,772 208 6871
Gibb,Elmer,Male,gelmerg5@tinyurl.com,421 131 4679
Erda,Garth,Female,egarthg6@com.com,942 953 1450
Gran,Skotcher,Male,gskotcherg7@sbwire.com,223 531 6627
Shoshanna,Birchner,Female,sbirchnerg8@godaddy.com,978 873 9965
Moll,Snaddon,Bigender,msnaddong9@columbia.edu,190 301 5828
Gabriela,Crackett,Polygender,gcrackettga@delicious.com,388 901 1167
Darlene,Lanceley,Female,dlanceleygb@apple.com,318 968 5602
Page,Roadknight,Female,proadknightgc@slate.com,374 470 5560
Allen,Comellini,Male,acomellinigd@nba.com,399 830 3562
Monte,Headings,Bigender,mheadingsge@nsw.gov.au,493 192 8327
Christophorus,Cracknall,Male,ccracknallgf@miitbeian.gov.cn,351 163 0236
Estella,Evitts,Female,eevittsgg@home.pl,740 475 0188
Bryon,Baldcock,Male,bbaldcockgh@etsy.com,652 177 7182
Joye,Geal,Female,jgealgi@youtube.com,309 174 6657
Gabie,Kingswood,Female,gkingswoodgj@mashable.com,356 398 7733
Boot,Lorriman,Male,blorrimangk@accuweather.com,901 956 0679
Glynda,Percy,Female,gpercygl@wikispaces.com,746 980 0086
Jazmin,Shercliff,Female,jshercliffgm@opera.com,994 349 5983
Stefa,Turvey,Female,sturveygn@yolasite.com,275 370 1937
Mordecai,O'Rafferty,Male,moraffertygo@berkeley.edu,626 939 2075
Kimberlyn,McIlwrick,Female,kmcilwrickgp@bloglovin.com,864 851 9563
Rodolph,Bartot,Male,rbartotgq@cbslocal.com,209 728 4558
Gwendolen,Keays,Female,gkeaysgr@oaic.gov.au,428 714 8164
Lyn,Degenhardt,Male,ldegenhardtgs@xing.com,767 927 5503
Ariela,Brecon,Female,abrecongt@narod.ru,514 455 5746
Tedi,Beaven,Female,tbeavengu@engadget.com,439 234 8759
Odell,Lyosik,Male,olyosikgv@archive.org,634 798 8130
Noble,Coffey,Male,ncoffeygw@skype.com,893 321 7004
Abagael,Keeri,Female,akeerigx@hp.com,466 649 5130
Matthaeus,Fulmen,Male,mfulmengy@gov.uk,638 245 0798
Karrah,Chalcraft,Female,kchalcraftgz@imageshack.us,781 840 7071
Giffard,Webberley,Male,gwebberleyh0@prweb.com,523 591 7145
Birgit,Neljes,Female,bneljesh1@mozilla.org,362 501 4107
Clayborne,Presslie,Male,cpresslieh2@census.gov,700 597 1873
Frederick,Stavers,Male,fstaversh3@mayoclinic.com,941 232 7479
Sherwood,Du Hamel,Male,sduhamelh4@cafepress.com,210 148 8582
Charlene,Godly,Female,cgodlyh5@ucsd.edu,460 913 6736
Charita,Bothe,Agender,cbotheh6@amazon.de,548 505 1770
Chrysa,Ferri,Genderfluid,cferrih7@hud.gov,585 743 2131
Bellina,Zollner,Female,bzollnerh8@webnode.com,741 779 7201
Margret,Cratchley,Female,mcratchleyh9@globo.com,336 609 9502
Elmo,Piddle,Male,epiddleha@mapy.cz,576 654 6217
Shana,O'Cannon,Female,socannonhb@blogspot.com,894 769 3566
Dari,Faint,Female,dfainthc@reddit.com,563 242 1547
Donnamarie,Woodyatt,Female,dwoodyatthd@i2i.jp,360 527 0659
May,Malpas,Female,mmalpashe@icq.com,867 799 3606
Alvy,Hearons,Male,ahearonshf@webeden.co.uk,133 240 5740
Cindelyn,Berrick,Female,cberrickhg@meetup.com,897 370 7086
Crichton,Johannes,Male,cjohanneshh@youku.com,253 540 5165
Barney,Dulany,Male,bdulanyhi@etsy.com,345 893 0360
Free,Spivey,Male,fspiveyhj@ox.ac.uk,585 539 0517
Hatti,Licas,Non-binary,hlicashk@tuttocitta.it,926 654 7742
Marrissa,Casol,Female,mcasolhl@cyberchimps.com,758 546 6278
Joey,Jentzsch,Male,jjentzschhm@princeton.edu,301 663 2515
Eula,Bromehead,Female,ebromeheadhn@shinystat.com,288 702 7868
Gerhard,O'Spellissey,Male,gospellisseyho@seesaa.net,841 389 9824
Eleanore,Gebbe,Female,egebbehp@imageshack.us,667 332 1359
Emanuele,Loblie,Agender,elobliehq@51.la,339 407 3818
Bran,Greenaway,Male,bgreenawayhr@rakuten.co.jp,134 374 5961
Nicko,Theunissen,Male,ntheunissenhs@huffingtonpost.com,360 186 4201
Brooks,Crates,Female,bcratesht@guardian.co.uk,418 964 9286
Beale,Pacht,Male,bpachthu@smh.com.au,301 461 1592
Karim,Asaaf,Male,kasaafhv@berkeley.edu,650 200 3425
Shoshana,Fernandez,Female,sfernandezhw@ucoz.ru,204 162 8154
Camala,Trevarthen,Female,ctrevarthenhx@yellowpages.com,764 658 7090
Merrill,Trymme,Male,mtrymmehy@wikipedia.org,750 713 6808
Alice,Lampel,Female,alampelhz@theglobeandmail.com,180 999 0643
Paxton,Duckit,Male,pduckiti0@meetup.com,388 430 1772
Hillery,Gullis,Male,hgullisi1@qq.com,381 483 0436
Flossy,Pacquet,Genderqueer,fpacqueti2@cnn.com,572 890 6892
Joshuah,Lanfear,Male,jlanfeari3@yale.edu,168 632 9161
Camala,Quinion,Female,cquinioni4@fc2.com,681 280 5707
Toby,Habard,Female,thabardi5@flickr.com,434 266 1983
Mariel,Winton,Female,mwintoni6@wikipedia.org,475 967 3975
Rancell,McEttigen,Male,rmcettigeni7@squidoo.com,114 276 5993
Valeda,Everil,Female,veverili8@sohu.com,190 130 4599
Gerrilee,Lavallie,Female,glavalliei9@hexun.com,821 704 4749
Boote,Hoyes,Male,bhoyesia@wikimedia.org,641 312 9091
George,Ousby,Male,gousbyib@com.com,638 982 0620
Noelle,Andrzejak,Female,nandrzejakic@npr.org,772 226 4628
Donovan,Paddon,Male,dpaddonid@sourceforge.net,424 515 4606
Willa,Foxworthy,Female,wfoxworthyie@unesco.org,351 347 8950
Sansone,Baccus,Male,sbaccusif@ucoz.ru,651 686 8558
Cindie,Craigmyle,Female,ccraigmyleig@slideshare.net,195 860 6137
Finley,Palister,Bigender,fpalisterih@redcross.org,849 423 5337
Teodora,Betteriss,Female,tbetterissii@1688.com,866 315 4100
Avie,McCrea,Female,amccreaij@wufoo.com,306 325 8829
Dee,Hufton,Female,dhuftonik@mac.com,692 226 5472
Ferguson,Clulow,Male,fclulowil@addtoany.com,702 878 7065
Hughie,Hendrikse,Male,hhendrikseim@ask.com,445 884 0328
Wyn,Senecaut,Male,wsenecautin@free.fr,488 186 0430
Domingo,Purser,Male,dpurserio@360.cn,652 325 1608
Blinnie,Gorce,Female,bgorceip@usnews.com,259 753 9093
Kile,McCulloch,Male,kmccullochiq@usnews.com,945 687 3621
Timothee,Lotte,Male,tlotteir@cnet.com,804 695 8104
Beatriz,Detoile,Female,bdetoileis@photobucket.com,583 881 3685
Kristos,Velasquez,Male,kvelasquezit@unc.edu,412 535 0780
Katy,Melvin,Female,kmelviniu@google.co.uk,323 537 4500
Nissa,Gyles,Female,ngylesiv@flickr.com,771 896 9134
Tripp,Hanburry,Male,thanburryiw@amazonaws.com,948 947 5801
Felix,Oylett,Male,foylettix@usatoday.com,167 848 6604
Chevalier,Gumbley,Male,cgumbleyiy@un.org,240 136 7354
Danita,Mant,Female,dmantiz@goo.gl,325 598 0677
Eolande,Glyne,Female,eglynej0@last.fm,463 127 5831
Rickie,Caspell,Male,rcaspellj1@clickbank.net,845 340 7056
Aleta,Lode,Female,alodej2@xing.com,138 721 4891
Rozelle,Ible,Female,riblej3@blinklist.com,582 914 1372
Tedman,Behrend,Male,tbehrendj4@mozilla.com,449 331 8895
Bennett,Goolden,Male,bgooldenj5@bluehost.com,247 342 6638
Fleur,Simms,Female,fsimmsj6@123-reg.co.uk,306 341 8772
Carley,Million,Female,cmillionj7@ezinearticles.com,525 255 8527
Franky,Copsey,Female,fcopseyj8@netvibes.com,257 503 3390
Bartlett,Brawley,Male,bbrawleyj9@spotify.com,767 335 0031
Lawton,McArthur,Male,lmcarthurja@wix.com,351 254 5340
Stephanie,Morant,Female,smorantjb@drupal.org,976 787 4327
Alfie,Cowpertwait,Male,acowpertwaitjc@constantcontact.com,686 651 5766
Zane,Kaiser,Male,zkaiserjd@blogs.com,649 866 3627
Bevan,Babcock,Male,bbabcockje@buzzfeed.com,631 799 3293
Sidney,Burder,Male,sburderjf@ustream.tv,251 705 1838
Beatrisa,Ivakin,Genderqueer,bivakinjg@360.cn,265 162 7743
Aharon,Hatherleigh,Male,ahatherleighjh@drupal.org,822 916 4537
Hilliard,Hancox,Male,hhancoxji@netscape.com,839 502 4139
Herby,Marieton,Bigender,hmarietonjj@issuu.com,708 874 4859
Early,Brearton,Male,ebreartonjk@blog.com,316 429 4586
Megan,Petroselli,Female,mpetrosellijl@sakura.ne.jp,161 228 7131
Lucilia,Ventum,Female,lventumjm@is.gd,399 682 1738
Art,Methingam,Male,amethingamjn@spotify.com,437 804 1758
Steward,Juanico,Male,sjuanicojo@cbslocal.com,636 375 0547
Jude,Bowell,Male,jbowelljp@comsenz.com,673 786 8007
Leola,Chateau,Female,lchateaujq@usatoday.com,954 125 7353
Jasen,Mechic,Male,jmechicjr@dyndns.org,165 330 2890
Devina,Chastanet,Genderqueer,dchastanetjs@rediff.com,541 129 1877
Penrod,Cleve,Male,pclevejt@over-blog.com,915 737 1259
Tori,Bickerstaff,Female,tbickerstaffju@xing.com,693 204 4813
Ignacio,Julien,Male,ijulienjv@fc2.com,161 208 8404
Lorin,Amesbury,Male,lamesburyjw@newyorker.com,917 290 5467
Ave,Queste,Male,aquestejx@slideshare.net,557 185 0021
Becka,Spellard,Female,bspellardjy@ucla.edu,266 229 1219
Ivor,McGannon,Male,imcgannonjz@nba.com,433 661 8369
Gayle,Giovannacci,Male,ggiovannaccik0@tinyurl.com,917 572 6023
Modestine,Tyhurst,Female,mtyhurstk1@virginia.edu,278 324 1888
Agna,McInerney,Non-binary,amcinerneyk2@netvibes.com,619 857 3091
Swen,Shalcros,Genderfluid,sshalcrosk3@miitbeian.gov.cn,431 794 2269
Mable,Vamplew,Female,mvamplewk4@oakley.com,674 501 5596
Lauree,Alfuso,Female,lalfusok5@house.gov,590 452 4710
Hannah,Pykerman,Female,hpykermank6@homestead.com,878 538 2807
Emmott,Bamb,Male,ebambk7@g.co,253 200 6769
Gregor,Pescud,Male,gpescudk8@theatlantic.com,932 428 0380
Sacha,Dinis,Female,sdinisk9@goodreads.com,563 936 3553
Padriac,Chisman,Male,pchismanka@purevolume.com,339 177 3039
Chic,Pensom,Male,cpensomkb@nytimes.com,357 781 5522
Ferdinanda,Tebbutt,Female,ftebbuttkc@uol.com.br,632 947 0189
Ogdan,Cramb,Male,ocrambkd@huffingtonpost.com,760 303 4010
Reg,Symons,Male,rsymonske@booking.com,498 604 0266
Wynn,Hartop,Non-binary,whartopkf@cafepress.com,756 198 3860
Marin,Endley,Female,mendleykg@msn.com,556 427 0555
Vachel,Terrans,Male,vterranskh@skype.com,441 187 4786
Glen,Buttress,Male,gbuttresski@i2i.jp,915 470 8731
Avril,Gerrels,Female,agerrelskj@webnode.com,108 590 5818
Lenora,Strongitharm,Female,lstrongitharmkk@discovery.com,706 750 0260
Liam,Bradley,Male,lbradleykl@nature.com,837 458 3992
Angelique,Russan,Female,arussankm@seesaa.net,666 394 5446
Merle,Dungate,Female,mdungatekn@unc.edu,812 724 8732
Saudra,Boatwright,Female,sboatwrightko@ibm.com,969 139 6511
Benjie,Dederick,Non-binary,bdederickkp@weather.com,199 284 2461
Mela,Gladstone,Female,mgladstonekq@cnbc.com,414 998 0444
Leonelle,Rubinsaft,Female,lrubinsaftkr@tumblr.com,664 915 2978
Nathanil,Wignall,Male,nwignallks@epa.gov,700 659 5347
Hertha,Lamplough,Female,hlamploughkt@noaa.gov,513 837 4399
Saunders,Mebs,Male,smebsku@webs.com,721 966 6545
Karel,Brooksby,Female,kbrooksbykv@simplemachines.org,787 822 4423
Angela,Stennard,Female,astennardkw@last.fm,865 117 9820
Peg,Gilford,Female,pgilfordkx@mozilla.com,991 951 4850
Nicola,Rillstone,Female,nrillstoneky@typepad.com,553 260 0749
Birch,Smails,Male,bsmailskz@gizmodo.com,392 822 9415
Oliviero,Cobbing,Male,ocobbingl0@bravesites.com,336 841 7842
Reinaldos,Addis,Male,raddisl1@prnewswire.com,560 325 3249
Ramona,Courtliff,Genderqueer,rcourtliffl2@nsw.gov.au,961 343 0581
Mayor,Dodamead,Male,mdodameadl3@icq.com,940 169 0803
Correna,Sussans,Female,csussansl4@thetimes.co.uk,444 482 6687
Debbi,Muspratt,Female,dmusprattl5@twitter.com,178 616 6766
Bobinette,Ableson,Female,bablesonl6@infoseek.co.jp,202 272 4857
Koren,Dufour,Agender,kdufourl7@sbwire.com,115 102 7729
Daryl,Downie,Male,ddowniel8@bloglines.com,866 183 3970
Waylan,Arblaster,Male,warblasterl9@ameblo.jp,540 613 7818
Charlotte,Manilo,Female,cmanilola@google.co.jp,469 173 9175
Darya,Gellan,Female,dgellanlb@squarespace.com,426 211 5826
Elvina,Stirtle,Genderfluid,estirtlelc@discovery.com,164 793 9789
Terrie,Lowth,Female,tlowthld@de.vu,275 236 1418
Heindrick,Spincks,Male,hspincksle@sohu.com,628 616 0201
Sally,Cornew,Female,scornewlf@vinaora.com,196 488 8046
Rodolph,Pimlott,Male,rpimlottlg@cargocollective.com,762 857 1406
Dalt,Turfin,Male,dturfinlh@free.fr,317 350 0905
Heloise,Perryn,Female,hperrynli@youku.com,110 769 2626
Annaliese,Schulze,Female,aschulzelj@com.com,838 726 4279
Bernarr,Letts,Male,blettslk@canalblog.com,403 495 0620
Brianne,Bon,Female,bbonll@microsoft.com,186 268 7490
Kristyn,Yablsley,Female,kyablsleylm@pagesperso-orange.fr,625 355 6102
Antonetta,Leere,Female,aleereln@si.edu,121 618 9340
Marleen,Fintoph,Female,mfintophlo@purevolume.com,932 498 7139
Eydie,Clewlow,Female,eclewlowlp@shareasale.com,855 199 7384
Zenia,Becconsall,Female,zbecconsalllq@marriott.com,279 799 3356
Shae,Hanscome,Female,shanscomelr@printfriendly.com,325 679 4280
Carce,Kerswell,Male,ckerswellls@drupal.org,272 703 5953
Waring,Romanin,Male,wromaninlt@vinaora.com,389 773 4564
Abra,Thieme,Female,athiemelu@mlb.com,702 694 9610
Arthur,McNamara,Male,amcnamaralv@icq.com,220 191 8269
Klaus,Crosio,Male,kcrosiolw@mac.com,478 718 5352
Adda,Vanyushkin,Female,avanyushkinlx@wordpress.org,342 838 6588
Hinze,Hurle,Male,hhurlely@taobao.com,111 484 7377
Pedro,Arnaldo,Male,parnaldolz@edublogs.org,170 806 6809
Janeta,Learoyde,Female,jlearoydem0@cafepress.com,595 657 8629
Torrie,Talboy,Female,ttalboym1@umich.edu,652 131 8107
Perla,Sandon,Genderqueer,psandonm2@cnn.com,455 600 9342
Blair,Casterton,Female,bcastertonm3@fda.gov,360 899 2842
Cy,Grzeszczyk,Male,cgrzeszczykm4@unicef.org,278 164 5886
Hadrian,Iacavone,Male,hiacavonem5@scientificamerican.com,724 397 2136
Bob,Limrick,Male,blimrickm6@cafepress.com,243 312 7603
Morgan,Gliddon,Male,mgliddonm7@army.mil,563 733 0242
Burch,Barkess,Male,bbarkessm8@webeden.co.uk,916 841 0851
Hernando,Longega,Male,hlongegam9@ow.ly,887 828 9258
Giffy,Dinzey,Male,gdinzeyma@weibo.com,533 287 0925
Katherine,Bonson,Female,kbonsonmb@sitemeter.com,367 131 4602
Livvy,Llewellin,Female,lllewellinmc@issuu.com,710 102 1035
Myles,Treece,Male,mtreecemd@jalbum.net,261 243 6626
Ilise,Landre,Non-binary,ilandreme@blog.com,522 723 3823
Derwin,Schaffler,Male,dschafflermf@e-recht24.de,491 598 9069
Barthel,Bengtson,Male,bbengtsonmg@census.gov,214 402 0721
Elle,Nerne,Bigender,enernemh@nps.gov,997 120 5422
Wren,Knapper,Female,wknappermi@printfriendly.com,327 847 2758
Leighton,Jotham,Male,ljothammj@yahoo.co.jp,204 720 0191
Noemi,Beauchop,Female,nbeauchopmk@edublogs.org,810 422 0378
Kippie,Downey,Male,kdowneyml@gnu.org,578 133 4587
Brigida,Napolitano,Female,bnapolitanomm@ft.com,611 624 8067
Lars,Dailly,Non-binary,ldaillymn@columbia.edu,196 511 6875
Gilles,Kirwin,Male,gkirwinmo@usnews.com,212 370 4661
Worthy,Vickery,Male,wvickerymp@harvard.edu,785 619 3332
Selene,Halwell,Female,shalwellmq@yolasite.com,608 502 5105
Valentin,Duckett,Male,vduckettmr@msu.edu,740 921 7463
Fayina,Eric,Female,fericms@oaic.gov.au,840 112 1061
Barde,Hubberstey,Male,bhubbersteymt@comcast.net,602 322 6004
Veriee,Napolione,Female,vnapolionemu@hhs.gov,818 109 7351
Knox,Franzelini,Male,kfranzelinimv@ucoz.ru,368 309 1263
Carney,Fordham,Male,cfordhammw@naver.com,670 963 5980
Karine,Fliege,Female,kfliegemx@prlog.org,607 991 3870
Howie,Ottosen,Male,hottosenmy@cdc.gov,644 447 3641
Emmi,Berzon,Female,eberzonmz@wordpress.com,173 435 0473
Papageno,Tort,Male,ptortn0@china.com.cn,853 653 5451
Devan,Cantu,Female,dcantun1@scientificamerican.com,847 113 5850
Pat,Goskar,Male,pgoskarn2@netlog.com,594 502 1503
Janelle,Robic,Genderqueer,jrobicn3@fda.gov,604 352 2642
Evangelin,Pietranek,Female,epietranekn4@github.com,928 534 7934
Scarlett,Ellett,Female,sellettn5@paginegialle.it,725 148 1956
Dallis,Wapplington,Male,dwapplingtonn6@booking.com,631 451 4334
Janette,Dumbrill,Female,jdumbrilln7@europa.eu,157 117 7905
Whitby,Cheesley,Male,wcheesleyn8@gnu.org,968 274 7677
Logan,Cowling,Male,lcowlingn9@ucla.edu,633 458 3864
Jobina,Crees,Female,jcreesna@squarespace.com,154 731 8676
Miguel,Markson,Male,mmarksonnb@statcounter.com,134 472 3630
Vallie,Faithfull,Female,vfaithfullnc@latimes.com,536 700 2005
Nevsa,Pritchard,Female,npritchardnd@freewebs.com,518 908 9398
Alanson,Fulle,Male,afullene@posterous.com,113 153 8395
Jeno,Semken,Male,jsemkennf@about.me,969 806 0648
Major,Mehaffey,Male,mmehaffeyng@ed.gov,785 336 4501
Hattie,Sibylla,Female,hsibyllanh@flavors.me,920 442 8273
Ailene,Wicks,Genderqueer,awicksni@biglobe.ne.jp,694 861 7319
Cody,Digby,Male,cdigbynj@statcounter.com,609 719 7695
Packston,McCaighey,Male,pmccaigheynk@cyberchimps.com,542 741 3215
Gran,Sayburn,Male,gsayburnnl@about.com,128 461 3989
Brenna,Fauning,Female,bfauningnm@edublogs.org,682 381 2297
Mia,Yearnes,Female,myearnesnn@reddit.com,816 602 9049
Adina,Aish,Female,aaishno@kickstarter.com,882 186 9669
Roth,Neiland,Male,rneilandnp@aol.com,343 128 5313
Perkin,Duchesne,Male,pduchesnenq@merriam-webster.com,201 414 6774
Janot,Bromet,Female,jbrometnr@earthlink.net,134 670 2221
Garald,Cursons,Male,gcursonsns@nationalgeographic.com,440 752 8611
Vernon,Hukin,Male,vhukinnt@imgur.com,763 652 2380
Clarisse,Ollerearnshaw,Female,collerearnshawnu@ebay.co.uk,916 366 3412
Olly,Power,Genderqueer,opowernv@woothemes.com,463 589 9534
Olivero,Oliphant,Male,ooliphantnw@washingtonpost.com,266 413 0437
Myrtle,Vardey,Genderfluid,mvardeynx@adobe.com,881 293 0559
Kellia,Vogl,Female,kvoglny@lulu.com,862 288 4426
Barn,Pechold,Male,bpecholdnz@w3.org,310 968 2863
Yvette,Ladbrooke,Female,yladbrookeo0@merriam-webster.com,220 816 4975
Zorina,Nowakowski,Female,znowakowskio1@soundcloud.com,543 280 3218
Franchot,Howselee,Male,fhowseleeo2@pinterest.com,638 516 2213
Gearalt,Hasselby,Male,ghasselbyo3@sbwire.com,131 547 3893
Chevalier,Zanini,Male,czaninio4@live.com,134 329 8264
Lodovico,Golston,Male,lgolstono5@buzzfeed.com,395 874 2511
Donetta,Marritt,Female,dmarritto6@dedecms.com,648 461 1600
Justis,Harrod,Male,jharrodo7@printfriendly.com,425 653 7772
Lorne,Duggen,Female,lduggeno8@shutterfly.com,245 946 0238
Elie,Barrus,Female,ebarruso9@techcrunch.com,963 148 7974
Antonetta,Cashman,Female,acashmanoa@google.co.uk,682 560 6690
Quincy,Cleverley,Male,qcleverleyob@1688.com,541 267 2177
Adair,Epton,Male,aeptonoc@youtu.be,101 677 6150
Elmer,Hewins,Male,ehewinsod@noaa.gov,526 852 8166
Guglielmo,Ogden,Male,gogdenoe@aboutads.info,989 325 4652
Cyndie,Pitson,Female,cpitsonof@technorati.com,156 596 3357
Giacomo,Cahey,Male,gcaheyog@jigsy.com,260 196 3536
Ario,Taber,Male,ataberoh@bbb.org,282 233 0537
Caspar,Oliffe,Male,coliffeoi@webeden.co.uk,983 490 0037
Clayborne,Hallford,Male,challfordoj@google.co.uk,466 695 7275
Sabrina,Rattenberie,Female,srattenberieok@cnn.com,644 158 3455
Alick,Piletic,Male,apileticol@boston.com,379 389 9410
Adrianne,Blunsden,Female,ablunsdenom@weather.com,745 470 8734
Dacy,Bertome,Female,dbertomeon@gmpg.org,523 548 1490
Maxie,Giraudat,Male,mgiraudatoo@economist.com,825 179 1509
Si,Chaudret,Male,schaudretop@ft.com,650 214 3544
Inger,Storrah,Male,istorrahoq@google.it,974 583 4172
Roobbie,Spindler,Female,rspindleror@google.ru,974 227 1019
Malvin,Consterdine,Male,mconsterdineos@wikispaces.com,461 430 6484
Timmi,Titt,Female,ttittot@utexas.edu,390 554 2815
Milty,Georgins,Male,mgeorginsou@so-net.ne.jp,285 515 2419
Babbette,Farriar,Female,bfarriarov@alexa.com,388 590 8249
Elfrida,Sline,Female,eslineow@latimes.com,878 728 0699
Emmalee,Daniell,Female,edaniellox@mapquest.com,841 482 2493
Elysia,Penwarden,Female,epenwardenoy@netlog.com,510 405 6075
Dari,Lusgdin,Female,dlusgdinoz@jiathis.com,107 447 2063
Courtney,Mcsarry,Male,cmcsarryp0@smugmug.com,110 450 3817
Jorge,Swabey,Male,jswabeyp1@google.com,747 840 8643
Way,Huson,Male,whusonp2@biglobe.ne.jp,951 929 2297
Correy,Mickan,Male,cmickanp3@blogs.com,728 318 0695
Tony,Jarville,Female,tjarvillep4@studiopress.com,547 449 8446
Perceval,Godwin,Male,pgodwinp5@free.fr,331 398 5419
Kim,Matthiae,Agender,kmatthiaep6@google.es,535 407 5523
Neila,Claughton,Female,nclaughtonp7@geocities.com,415 211 0902
Arlie,Ridler,Female,aridlerp8@dedecms.com,247 509 2874
Pablo,O'Doran,Male,podoranp9@phpbb.com,388 203 0781
Bartholomeus,Rudgard,Non-binary,brudgardpa@prweb.com,579 892 2517
Grant,Godbold,Male,ggodboldpb@apache.org,607 107 2171
Haleigh,Simper,Male,hsimperpc@symantec.com,439 920 0089
Holly-anne,Connop,Female,hconnoppd@businesswire.com,686 918 5211
Gillan,McSorley,Female,gmcsorleype@printfriendly.com,811 480 4558
Dominique,Grieg,Male,dgriegpf@ask.com,918 156 5178
Giorgio,Dunks,Male,gdunkspg@businessweek.com,566 661 2142
Chrisse,Ginnaly,Male,cginnalyph@patch.com,632 444 8842
Sharline,Ventris,Female,sventrispi@joomla.org,164 232 4579
Inglebert,Westley,Male,iwestleypj@cornell.edu,836 640 6788
Hugh,Magor,Male,hmagorpk@cisco.com,490 796 0185
Bryon,Seniour,Male,bseniourpl@blogtalkradio.com,904 453 4074
Erma,Maple,Female,emaplepm@hugedomains.com,967 433 5043
Xerxes,Zeale,Male,xzealepn@globo.com,365 245 8256
Loria,Gages,Female,lgagespo@ed.gov,121 981 4653
Lydia,Keiling,Female,lkeilingpp@hexun.com,542 960 0453
Patsy,Staines,Female,pstainespq@wordpress.com,646 182 0012
Grenville,Rafter,Genderfluid,grafterpr@netscape.com,313 708 3007
Tedie,Van der Kruis,Agender,tvanderkruisps@ebay.com,651 677 0930
Puff,Pegrum,Male,ppegrumpt@economist.com,286 847 9646
Courtney,Rodson,Male,crodsonpu@discovery.com,384 745 5963
Zabrina,Guerrero,Female,zguerreropv@springer.com,125 858 5105
Ira,Donkersley,Male,idonkersleypw@walmart.com,861 840 1634
Dollie,Childs,Female,dchildspx@sun.com,376 478 6018
Rancell,Paviour,Male,rpaviourpy@reference.com,634 145 0225
Eduard,O'Regan,Male,eoreganpz@cisco.com,576 505 6179
Hedwig,Goldingay,Female,hgoldingayq0@creativecommons.org,959 135 4169
Rozele,Tukesby,Female,rtukesbyq1@alibaba.com,237 725 1565
Marlowe,Gallon,Male,mgallonq2@pcworld.com,270 160 6837
Clementina,Scanterbury,Female,cscanterburyq3@skyrock.com,284 435 9131
Emily,McKeaney,Female,emckeaneyq4@icq.com,961 424 9239
Mirilla,Anlay,Female,manlayq5@networkadvertising.org,303 923 6161
Lorin,Linny,Male,llinnyq6@who.int,694 599 1772
Harp,Moss,Male,hmossq7@smugmug.com,272 154 9088
Bax,Martignon,Male,bmartignonq8@businessinsider.com,253 640 4024
Erskine,Alesin,Male,ealesinq9@hp.com,115 531 9695
Merola,Strasse,Female,mstrasseqa@msn.com,781 129 8979
Carlee,Last,Female,clastqb@opera.com,427 972 8052
Palm,Settle,Male,psettleqc@whitehouse.gov,583 274 7139
Edwin,Lifsey,Bigender,elifseyqd@gravatar.com,297 556 2417
Anderson,Alpine,Male,aalpineqe@adobe.com,745 195 2611
Bruno,Da Costa,Polygender,bdacostaqf@amazon.com,976 474 5687
Chauncey,O'Sullivan,Genderqueer,cosullivanqg@amazon.co.jp,988 770 2484
Lacy,Blackshaw,Female,lblackshawqh@studiopress.com,949 235 0291
Kippy,O' Brian,Female,kobrianqi@pinterest.com,955 601 2500
Joice,Slafford,Genderqueer,jslaffordqj@seattletimes.com,900 690 8817
Michel,Pearde,Female,mpeardeqk@histats.com,242 609 1793
Deanne,Postill,Female,dpostillql@360.cn,423 258 9419
Beitris,Halt,Female,bhaltqm@imdb.com,870 925 6833
Celestia,Ballchin,Female,cballchinqn@flickr.com,621 635 0255
Chicky,Endersby,Male,cendersbyqo@slate.com,626 896 4733
Malvina,Descroix,Female,mdescroixqp@google.it,689 415 4259
Ignacio,Meijer,Male,imeijerqq@samsung.com,144 323 7767
Evangelin,Lorey,Female,eloreyqr@abc.net.au,157 958 2541
Alvis,Rousell,Male,arousellqs@state.tx.us,979 997 6441
Kale,Demsey,Male,kdemseyqt@boston.com,339 823 7158
Christophe,Ewenson,Male,cewensonqu@digg.com,303 316 5193
Muriel,Pilger,Female,mpilgerqv@youtu.be,503 307 8956
Augie,Covolini,Non-binary,acovoliniqw@hugedomains.com,563 405 1594
Dagny,Swiffin,Male,dswiffinqx@over-blog.com,217 438 4875
Farrah,Yurinov,Female,fyurinovqy@usgs.gov,800 607 9616
Anallise,Chalder,Female,achalderqz@buzzfeed.com,709 121 5330
Hewitt,Carabine,Male,hcarabiner0@gov.uk,172 634 0792
Candida,Amis,Bigender,camisr1@cbsnews.com,208 486 2283
Elvera,McAneny,Female,emcanenyr2@timesonline.co.uk,440 434 3294
Sayres,Redihough,Male,sredihoughr3@kickstarter.com,709 862 4364
Roddy,Reffe,Male,rreffer4@umn.edu,113 148 7992
Trixy,Morson,Female,tmorsonr5@blogger.com,895 948 2913
Davide,Pickworth,Male,dpickworthr6@dailymail.co.uk,469 430 4495
Jereme,Dainton,Male,jdaintonr7@ow.ly,218 254 1412
Iggy,Verty,Male,ivertyr8@wikimedia.org,343 822 1774
Nissa,O'Sirin,Female,nosirinr9@nationalgeographic.com,254 411 5511
Courtnay,Divisek,Male,cdivisekra@noaa.gov,524 380 9393
Eunice,Greer,Female,egreerrb@sitemeter.com,802 843 7600
Rudyard,Mapam,Male,rmapamrc@sakura.ne.jp,898 408 6872
Cinnamon,Bratchell,Female,cbratchellrd@oaic.gov.au,185 474 7108
Eula,Briztman,Female,ebriztmanre@delicious.com,258 162 8480
Ange,Millichap,Female,amillichaprf@google.de,289 913 4013
Sylvester,Ecclesall,Male,secclesallrg@miitbeian.gov.cn,313 713 0640
Ann-marie,Grafton,Female,agraftonrh@cbslocal.com,884 489 5007
Giuditta,McPhee,Female,gmcpheeri@plala.or.jp,641 462 6242
Eberhard,Duer,Male,eduerrj@youku.com,909 959 4099
Jeanette,Tidbold,Female,jtidboldrk@blogspot.com,437 246 3666
Reynard,Davidovic,Non-binary,rdavidovicrl@mlb.com,607 723 1585
Sandor,Conws,Male,sconwsrm@bluehost.com,919 366 6908
Cyrillus,Balston,Male,cbalstonrn@walmart.com,312 152 2827
Goldie,Tett,Genderfluid,gtettro@hc360.com,494 249 0277
Mikael,Taggett,Male,mtaggettrp@washingtonpost.com,406 130 7905
Peria,Dedman,Female,pdedmanrq@ca.gov,417 311 8223
Dorothee,Kloisner,Female,dkloisnerrr@dyndns.org,808 808 4632
