first_name,last_name,gender,email,phone
Etti,Jenckes,Female,ejenckes0@flavors.me,786 274 2786
Jameson,Vasichev,Male,jvasichev1@washington.edu,742 318 4832
Lindy,Vear,Male,lvear2@virginia.edu,167 393 3472
Cortney,Klauer,Female,cklauer3@icq.com,227 595 0553
Cyndia,Delieu,Female,cdelieu4@ucoz.com,790 314 6028
Northrup,Johl,Male,njohl5@prlog.org,615 838 3797
Marcelo,Lodevick,Male,mlodevick6@icq.com,258 191 7985
Elga,Doughill,Female,edoughill7@addtoany.com,814 209 4542
Brandyn,Tomowicz,Male,btomowicz8@mlb.com,596 382 1048
Prentice,Sommerled,Male,psommerled9@disqus.com,308 325 7347
Sigvard,Darth,Male,sdartha@biblegateway.com,622 491 0550
Marita,Bartolacci,Female,mbartolaccib@bbb.org,841 204 7627
Mellicent,Jestico,Female,mjesticoc@miitbeian.gov.cn,132 642 5290
Alia,Rodgerson,Female,arodgersond@pbs.org,898 577 2282
Goldy,Mitchel,Agender,gmitchele@blogger.com,969 859 8589
Raeann,Southcott,Female,rsouthcottf@delicious.com,496 850 3924
Clemence,Vittle,Female,cvittleg@whitehouse.gov,441 979 8529
Rudy,Coultous,Male,rcoultoush@bloglines.com,825 343 6114
Jaye,Hargreves,Male,jhargrevesi@drupal.org,446 506 2362
Petronilla,Betts,Female,pbettsj@bigcartel.com,118 318 7828
Emlynn,Cutts,Female,ecuttsk@omniture.com,609 492 5892
Hesther,Romanini,Female,hromaninil@ebay.com,871 942 6565
Frazier,Eddis,Male,feddism@squidoo.com,865 525 8567
Corrine,Brummitt,Female,cbrummittn@miitbeian.gov.cn,223 477 3757
Joanne,Jewson,Female,jjewsono@woothemes.com,918 628 5569
Jana,Tonkin,Female,jtonkinp@wikispaces.com,467 376 8395
Millisent,Harborow,Female,mharborowq@smh.com.au,848 372 1041
Hamid,Pluvier,Genderqueer,hpluvierr@marketwatch.com,950 253 9256
Frederico,Winkett,Male,fwinketts@wunderground.com,297 491 9763
Xenia,Gallienne,Female,xgalliennet@feedburner.com,406 740 0898
Brett,Hannon,Agender,bhannonu@nydailynews.com,587 431 6915
Carrol,Rosoman,Male,crosomanv@wunderground.com,672 253 7839
Normie,Fritschmann,Male,nfritschmannw@purevolume.com,773 347 0600
Dorisa,Duckels,Female,dduckelsx@nydailynews.com,201 696 9497
Oran,Late,Male,olatey@comsenz.com,839 701 7859
Lynna,Keyhoe,Female,lkeyhoez@vk.com,135 473 4585
Dianne,Escott,Female,descott10@deviantart.com,771 952 6755
Gawain,Tenby,Male,gtenby11@constantcontact.com,377 155 7157
Allene,Cartlidge,Female,acartlidge12@cloudflare.com,966 978 7548
Monty,Burbidge,Male,mburbidge13@lycos.com,464 854 7649
Ferdinande,Dockwra,Female,fdockwra14@cafepress.com,441 913 2136
Esmeralda,Halls,Female,ehalls15@washingtonpost.com,960 982 6476
Tawnya,Simkovitz,Non-binary,tsimkovitz16@edublogs.org,258 192 7057
Marthena,Folkerd,Female,mfolkerd17@flickr.com,491 469 6913
Angil,Pobjay,Female,apobjay18@uiuc.edu,448 228 0362
Guillema,O'Leahy,Female,goleahy19@canalblog.com,447 544 1240
Glen,Aizikov,Male,gaizikov1a@addtoany.com,225 428 9913
Randee,Manhare,Female,rmanhare1b@creativecommons.org,211 463 6807
Nanni,Cathery,Female,ncathery1c@miitbeian.gov.cn,608 888 5245
Stinky,Dolman,Male,sdolman1d@fema.gov,874 526 0131
Monte,Pandya,Male,mpandya1e@omniture.com,487 705 4766
Kizzie,Dashper,Agender,kdashper1f@ftc.gov,311 301 0193
Maryann,Preston,Female,mpreston1g@drupal.org,592 429 8883
Amelina,Physic,Female,aphysic1h@about.me,729 379 2123
Jamal,Gammidge,Male,jgammidge1i@bloomberg.com,371 783 6306
Colan,Rhoades,Male,crhoades1j@si.edu,775 724 8746
Vivie,Amber,Female,vamber1k@prlog.org,660 289 6873
Lannie,Markl,Male,lmarkl1l@ebay.co.uk,316 166 9038
Hilliary,Burles,Female,hburles1m@army.mil,855 206 9908
Dori,Penzer,Female,dpenzer1n@meetup.com,760 386 5332
Wayland,Durward,Male,wdurward1o@miibeian.gov.cn,885 528 3515
Kalle,Lapworth,Male,klapworth1p@t-online.de,320 873 7638
Lillis,Bubeer,Female,lbubeer1q@ft.com,480 396 9507
Kariotta,McCabe,Female,kmccabe1r@google.nl,304 409 4369
Christabella,Premble,Female,cpremble1s@lulu.com,325 395 7160
Ainslie,Osselton,Female,aosselton1t@google.com.au,814 440 0424
Ashia,Rickersy,Female,arickersy1u@independent.co.uk,892 786 7044
Norman,Sebright,Male,nsebright1v@addtoany.com,245 223 6711
Shanan,Kippins,Male,skippins1w@nyu.edu,787 324 5963
Elvera,Truscott,Female,etruscott1x@va.gov,372 720 4440
Ingaborg,Di Bartolommeo,Female,idibartolommeo1y@house.gov,259 736 1492
Johan,Smewings,Male,jsmewings1z@huffingtonpost.com,649 970 4422
Wilburt,Brack,Male,wbrack20@china.com.cn,317 335 1409
Bernadina,Pinchbeck,Female,bpinchbeck21@mozilla.com,721 957 4946
Tandie,Trunchion,Female,ttrunchion22@usda.gov,274 284 8127
Adda,Gashion,Female,agashion23@dmoz.org,867 473 2140
Kendall,Breewood,Male,kbreewood24@arstechnica.com,679 328 0241
Gayla,Schmidt,Female,gschmidt25@hc360.com,180 342 9800
Saree,Skitteral,Female,sskitteral26@php.net,632 413 2140
Casi,Guise,Female,cguise27@miibeian.gov.cn,284 487 3769
Ring,Normington,Male,rnormington28@addthis.com,765 193 6093
Adams,Dulwich,Male,adulwich29@myspace.com,532 985 8762
Scot,O'Dwyer,Male,sodwyer2a@jimdo.com,276 660 7318
Florian,Turfus,Male,fturfus2b@drupal.org,410 991 4094
Urson,Sherville,Male,usherville2c@naver.com,282 739 4484
Willi,Zolini,Male,wzolini2d@ted.com,568 460 4805
Annabel,McVie,Female,amcvie2e@theguardian.com,847 385 9880
Lori,Rableau,Female,lrableau2f@ox.ac.uk,945 409 9097
Bennie,Bill,Male,bbill2g@digg.com,970 562 3178
Jodi,Marchand,Female,jmarchand2h@booking.com,121 436 1520
Jeremiah,Pennycord,Male,jpennycord2i@noaa.gov,689 136 6225
Jason,Tibbs,Male,jtibbs2j@lulu.com,165 594 6334
Kamilah,Wotherspoon,Female,kwotherspoon2k@statcounter.com,554 918 2796
Giovanni,Burnes,Male,gburnes2l@techcrunch.com,346 866 9767
Clay,Woodall,Bigender,cwoodall2m@deviantart.com,197 584 6956
Boony,Hyndman,Male,bhyndman2n@symantec.com,473 555 7779
Conway,Drysdall,Male,cdrysdall2o@comsenz.com,714 331 5934
Oriana,O'Gavin,Female,oogavin2p@sbwire.com,922 446 1182
Wendel,Ajsik,Male,wajsik2q@va.gov,270 122 0113
Redford,Goldie,Male,rgoldie2r@mozilla.org,435 867 4296
Brand,Southernwood,Male,bsouthernwood2s@rediff.com,621 225 4933
Oriana,Lowen,Female,olowen2t@thetimes.co.uk,492 339 9135
Donalt,Ferrandez,Male,dferrandez2u@eventbrite.com,338 783 2529
Katine,Wiper,Female,kwiper2v@nifty.com,317 818 3551
Mayne,Crookshanks,Genderqueer,mcrookshanks2w@blogspot.com,678 718 6356
Leena,Haccleton,Female,lhaccleton2x@vinaora.com,605 177 1839
Tedie,Batchelder,Male,tbatchelder2y@comsenz.com,929 415 4368
Charmian,Sitch,Female,csitch2z@abc.net.au,384 694 8354
Rinaldo,Benedick,Male,rbenedick30@constantcontact.com,218 848 4012
Belita,Rennebach,Female,brennebach31@gravatar.com,759 584 4527
Graeme,Bigland,Male,gbigland32@columbia.edu,146 431 7051
Rafaelia,Banasiak,Genderqueer,rbanasiak33@yale.edu,438 547 0364
Tamara,Aubin,Female,taubin34@themeforest.net,167 426 0230
Murdoch,Cantillon,Male,mcantillon35@chronoengine.com,162 969 9728
Angus,Leahair,Male,aleahair36@tinypic.com,689 267 8118
Susie,Morrill,Female,smorrill37@vimeo.com,924 656 8513
Jazmin,Leggate,Female,jleggate38@archive.org,160 599 2674
Nate,Jentgens,Male,njentgens39@soundcloud.com,127 756 2914
Dinnie,Alvarado,Female,dalvarado3a@canalblog.com,399 477 2728
Izaak,Devas,Male,idevas3b@etsy.com,358 284 5276
Stinky,Barge,Male,sbarge3c@yale.edu,600 349 7718
Say,Ralfe,Male,sralfe3d@studiopress.com,971 389 9098
Lacie,Turn,Female,lturn3e@sbwire.com,569 932 0541
Arie,Vouls,Male,avouls3f@sogou.com,161 262 4180
Jyoti,Guinery,Polygender,jguinery3g@goodreads.com,820 609 5578
Edgardo,Swift,Non-binary,eswift3h@sohu.com,898 303 7317
Nataline,Rudolfer,Female,nrudolfer3i@stanford.edu,626 954 3725
Penrod,Houlworth,Non-binary,phoulworth3j@columbia.edu,287 954 7274
Lonna,Safont,Female,lsafont3k@huffingtonpost.com,747 867 2411
Doralynne,Vause,Female,dvause3l@vimeo.com,291 280 9367
Jeannie,Babin,Female,jbabin3m@weibo.com,470 716 9241
Laure,Polgreen,Female,lpolgreen3n@blogtalkradio.com,765 687 8517
Tyler,Capinetti,Male,tcapinetti3o@cocolog-nifty.com,854 251 1259
Tobin,Roseborough,Male,troseborough3p@stumbleupon.com,851 544 3880
Brenda,Sawtell,Female,bsawtell3q@gmpg.org,753 584 0619
Jens,Cluet,Male,jcluet3r@netlog.com,154 904 1990
Web,Stroder,Male,wstroder3s@gnu.org,897 156 2951
Ede,Biffen,Female,ebiffen3t@about.me,312 324 7807
Archy,Milner,Male,amilner3u@sakura.ne.jp,961 290 9872
Reggie,Ivanchov,Female,rivanchov3v@kickstarter.com,809 903 9790
Stanwood,Cicculi,Male,scicculi3w@amazon.com,318 528 9866
Loydie,Lambarth,Male,llambarth3x@csmonitor.com,507 813 3347
Ardine,Abbatucci,Female,aabbatucci3y@reddit.com,262 509 4500
Kylila,Cahani,Polygender,kcahani3z@ovh.net,888 126 1755
Marylou,Fetherstone,Female,mfetherstone40@acquirethisname.com,722 145 5104
Kariotta,Gimbart,Female,kgimbart41@twitter.com,610 400 3818
Van,Hune,Female,vhune42@wikimedia.org,868 928 2101
Linc,Richardes,Male,lrichardes43@pagesperso-orange.fr,108 277 8741
Barri,Lambell,Male,blambell44@xinhuanet.com,165 123 3603
Imojean,Seeking,Female,iseeking45@csmonitor.com,948 501 6833
Edan,Kenningham,Male,ekenningham46@tiny.cc,215 576 7899
Jon,Doman,Male,jdoman47@vinaora.com,230 664 6064
Barbie,Guidera,Polygender,bguidera48@etsy.com,885 230 9269
Jacky,Sammars,Male,jsammars49@wsj.com,344 791 9312
Stanley,Jacquet,Male,sjacquet4a@baidu.com,965 458 3270
Aubry,Guerrin,Non-binary,aguerrin4b@list-manage.com,924 691 7696
Roberto,Pilger,Male,rpilger4c@newyorker.com,440 601 4426
Ky,Ranscomb,Male,kranscomb4d@simplemachines.org,965 282 6002
Hyacinth,Linfield,Female,hlinfield4e@cnet.com,827 802 7998
Oliviero,Siddons,Male,osiddons4f@berkeley.edu,805 336 0202
Laurens,Hucks,Male,lhucks4g@nasa.gov,430 820 0313
Clyve,Drysdall,Male,cdrysdall4h@123-reg.co.uk,233 433 6379
Shandra,Chavez,Female,schavez4i@joomla.org,819 557 9551
Vanessa,Parken,Female,vparken4j@cornell.edu,329 912 0570
Phylys,Rains,Female,prains4k@go.com,851 326 0977
Humfried,Derdes,Male,hderdes4l@qq.com,956 497 7106
Callida,Gotch,Female,cgotch4m@craigslist.org,598 237 5465
Prinz,Pickrill,Polygender,ppickrill4n@princeton.edu,611 916 4516
Sax,Gower,Male,sgower4o@pinterest.com,182 947 5339
Addie,Hasloch,Genderfluid,ahasloch4p@seattletimes.com,776 651 2259
Rickie,Harewood,Female,rharewood4q@eepurl.com,689 530 5910
Cirillo,Trouncer,Male,ctrouncer4r@huffingtonpost.com,136 855 7800
Linnea,Swain,Female,lswain4s@google.de,143 528 6489
Merline,Beltzner,Female,mbeltzner4t@yellowbook.com,934 262 7730
Shellie,Manoelli,Female,smanoelli4u@smugmug.com,828 444 5363
Hermine,Krimmer,Bigender,hkrimmer4v@jugem.jp,370 967 7085
Albert,Calderonello,Male,acalderonello4w@google.co.uk,226 691 4080
Jakob,Maffeo,Male,jmaffeo4x@g.co,565 824 8355
Deanne,Calver,Female,dcalver4y@census.gov,628 209 8388
Marissa,Szymanek,Female,mszymanek4z@pcworld.com,313 884 1805
Marja,Barrabeale,Non-binary,mbarrabeale50@issuu.com,900 424 8439
Henrik,Alfuso,Male,halfuso51@meetup.com,765 407 1792
Westbrook,Lowe,Male,wlowe52@phpbb.com,378 222 9744
Kingston,Laydon,Male,klaydon53@imdb.com,495 545 5917
Nat,Lettington,Male,nlettington54@blogger.com,919 677 5648
Sharl,Baskerville,Female,sbaskerville55@instagram.com,247 161 8852
Orazio,Pyzer,Male,opyzer56@imgur.com,837 714 2186
Bryan,McTeague,Male,bmcteague57@infoseek.co.jp,371 996 8184
Audra,Laurenz,Non-binary,alaurenz58@hc360.com,633 891 8578
Betteanne,Dosdale,Female,bdosdale59@umich.edu,319 857 0267
Legra,Vanini,Female,lvanini5a@china.com.cn,925 607 9207
Luciano,Guildford,Male,lguildford5b@deviantart.com,329 259 4344
Brett,Vogeller,Male,bvogeller5c@cyberchimps.com,337 363 2963
Dwayne,Railton,Male,drailton5d@economist.com,505 774 3333
Gregory,Fold,Male,gfold5e@artisteer.com,849 186 6562
Ferrel,Tzarkov,Male,ftzarkov5f@amazon.de,260 950 4449
Maurise,Faichnie,Male,mfaichnie5g@cocolog-nifty.com,672 268 4142
Peyter,Scargle,Male,pscargle5h@google.com.br,633 278 1841
Vito,Skeldinge,Bigender,vskeldinge5i@icio.us,895 372 1790
Jayme,Robilart,Bigender,jrobilart5j@usda.gov,199 529 5111
Hershel,Clemendet,Male,hclemendet5k@mail.ru,610 538 5483
Teddie,McClinton,Female,tmcclinton5l@intel.com,394 285 2520
Denyse,Legister,Female,dlegister5m@mayoclinic.com,558 511 4626
Clare,Fist,Female,cfist5n@foxnews.com,120 451 1777
Norma,Fagg,Female,nfagg5o@fastcompany.com,155 968 5651
Ad,Chambers,Male,achambers5p@japanpost.jp,980 278 1851
Huntley,Wright,Male,hwright5q@yahoo.com,509 722 2289
Madelon,Hundal,Female,mhundal5r@sohu.com,868 646 6007
Rockwell,Simonini,Male,rsimonini5s@php.net,487 923 1476
Bari,Hanaby,Female,bhanaby5t@homestead.com,193 391 6870
Gav,O'Teague,Male,goteague5u@ihg.com,168 567 8995
Sasha,Demare,Male,sdemare5v@usgs.gov,385 822 0264
Analiese,Whitechurch,Female,awhitechurch5w@booking.com,774 452 3298
Rollo,Mundwell,Male,rmundwell5x@dell.com,501 702 0610
Yolanda,Teasell,Female,yteasell5y@live.com,192 482 4610
Luke,Blackley,Genderfluid,lblackley5z@tmall.com,124 169 1379
Lark,Naper,Female,lnaper60@goo.ne.jp,934 813 4906
Grant,Jeenes,Male,gjeenes61@nba.com,676 267 0932
Naomi,Pingston,Female,npingston62@forbes.com,499 241 0234
Katerina,Chin,Female,kchin63@myspace.com,289 793 3280
Sallie,Brooker,Female,sbrooker64@nbcnews.com,439 267 6941
Garald,Thain,Male,gthain65@bbb.org,686 569 6495
Cathi,Swannie,Female,cswannie66@abc.net.au,859 724 4949
Tammy,Olsson,Male,tolsson67@hao123.com,769 574 1161
Chris,Delgadillo,Male,cdelgadillo68@xinhuanet.com,786 848 6411
Cale,Godding,Male,cgodding69@msu.edu,582 484 7948
Nananne,Livoir,Female,nlivoir6a@flickr.com,412 415 2944
Shina,Carnock,Female,scarnock6b@springer.com,356 239 3781
Syd,Cutchey,Male,scutchey6c@sciencedaily.com,392 958 2262
Hyatt,Chopping,Male,hchopping6d@feedburner.com,285 895 5091
Elysha,Stobbie,Female,estobbie6e@weather.com,632 174 7484
Warner,Pietranek,Male,wpietranek6f@china.com.cn,948 766 2526
Brear,Brotherhood,Female,bbrotherhood6g@skype.com,587 795 8981
Riva,Block,Female,rblock6h@tripadvisor.com,646 581 9342
Krystyna,Patman,Female,kpatman6i@census.gov,296 684 6565
Frederich,Persitt,Male,fpersitt6j@wired.com,770 738 9336
Duky,Blake,Male,dblake6k@twitter.com,460 551 9607
Nappie,Swafford,Male,nswafford6l@opensource.org,793 662 3849
Ira,Castagne,Male,icastagne6m@dedecms.com,800 852 7178
Abby,Chung,Female,achung6n@china.com.cn,982 947 6459
Mara,Ralston,Female,mralston6o@exblog.jp,312 854 1414
Melinde,Blenkhorn,Female,mblenkhorn6p@is.gd,770 676 0302
Erinn,Boyda,Female,eboyda6q@e-recht24.de,999 983 2538
Jacquelynn,Blake,Female,jblake6r@flavors.me,641 635 1359
Skyler,Lakeman,Male,slakeman6s@spotify.com,100 975 1173
Derry,Chalcroft,Genderqueer,dchalcroft6t@oaic.gov.au,307 308 0935
Evangelia,Jupp,Female,ejupp6u@biglobe.ne.jp,652 137 2621
Libbey,Laste,Female,llaste6v@drupal.org,755 946 2129
Nicholle,Breache,Female,nbreache6w@163.com,761 350 5923
Eolande,Mortlock,Female,emortlock6x@constantcontact.com,724 257 3352
Anneliese,Kirke,Female,akirke6y@photobucket.com,703 741 0819
Christy,Gude,Female,cgude6z@wiley.com,936 470 1608
Elliott,Caen,Male,ecaen70@unc.edu,326 963 5497
Wilbur,Moyler,Male,wmoyler71@flavors.me,149 722 5760
Donnie,Yoselevitch,Female,dyoselevitch72@guardian.co.uk,124 905 2415
Hewet,Jukubczak,Male,hjukubczak73@typepad.com,633 219 2517
Kristian,Ingles,Male,kingles74@yelp.com,495 130 3537
Wendeline,Buffery,Female,wbuffery75@ustream.tv,694 895 9772
Marcos,Binder,Male,mbinder76@liveinternet.ru,652 788 5236
Loren,Flowerden,Male,lflowerden77@theglobeandmail.com,336 788 5671
Cherey,Saleway,Female,csaleway78@jugem.jp,426 493 3907
Von,Leftridge,Male,vleftridge79@163.com,245 399 5816
Pernell,Joffe,Male,pjoffe7a@wikimedia.org,962 270 0920
Inge,Tippell,Female,itippell7b@pinterest.com,910 208 0188
Lek,Serraillier,Male,lserraillier7c@netlog.com,166 397 4293
Dagny,Gronno,Male,dgronno7d@psu.edu,811 547 4728
Jone,MacElharge,Male,jmacelharge7e@nbcnews.com,659 488 8721
Madlen,Brislawn,Female,mbrislawn7f@yellowpages.com,793 870 3566
Lucine,Vlasenkov,Female,lvlasenkov7g@sohu.com,526 407 6528
Genny,Kop,Female,gkop7h@bluehost.com,959 986 9164
Catrina,Ollerton,Female,collerton7i@g.co,946 739 8857
Frants,Giddings,Male,fgiddings7j@posterous.com,984 856 5350
Menard,Bemrose,Male,mbemrose7k@amazon.co.uk,619 607 3187
Carmelita,Legerton,Female,clegerton7l@loc.gov,815 320 3485
Kendell,Kettleson,Male,kkettleson7m@hubpages.com,737 780 0599
Isidoro,Odo,Male,iodo7n@moonfruit.com,575 657 5947
Farrell,Balleine,Male,fballeine7o@mac.com,425 815 8670
Nedi,Aimson,Female,naimson7p@cloudflare.com,823 232 2114
Garwood,Poynor,Male,gpoynor7q@privacy.gov.au,102 375 9846
Chaim,Scoines,Male,cscoines7r@com.com,338 625 1367
Amos,Shortall,Male,ashortall7s@unblog.fr,936 330 3169
Lilith,Galbraeth,Female,lgalbraeth7t@indiatimes.com,872 238 8984
Alford,Ferneyhough,Male,aferneyhough7u@storify.com,920 985 3940
Reamonn,Inett,Male,rinett7v@hugedomains.com,229 160 8681
Dallas,Tothe,Non-binary,dtothe7w@shutterfly.com,105 967 0526
Meghan,Blacklawe,Female,mblacklawe7x@printfriendly.com,993 839 7018
Ambrosi,Clews,Male,aclews7y@vistaprint.com,345 746 5997
Michal,Southon,Female,msouthon7z@forbes.com,642 455 7611
Orella,Gregon,Female,ogregon80@joomla.org,896 775 0780
Shoshana,Kipling,Female,skipling81@washington.edu,957 196 7870
Borden,Hallt,Male,bhallt82@acquirethisname.com,801 965 3718
Rosie,MacKeague,Female,rmackeague83@businessweek.com,610 367 5747
Lorene,Boylund,Female,lboylund84@walmart.com,108 964 3988
Mortimer,Averill,Male,maverill85@bigcartel.com,887 217 5385
Westbrooke,Hogbin,Male,whogbin86@hibu.com,721 195 0194
Jewel,Pratchett,Female,jpratchett87@wordpress.com,717 269 0277
Rianon,Hall,Female,rhall88@bandcamp.com,924 452 5827
Stephi,Bunhill,Non-binary,sbunhill89@amazon.co.uk,875 208 7133
Mario,Burke,Male,mburke8a@house.gov,391 490 6205
Margy,Hartfleet,Genderqueer,mhartfleet8b@live.com,334 160 9126
Donnajean,Havill,Female,dhavill8c@sakura.ne.jp,241 864 5009
Dev,Treker,Male,dtreker8d@fastcompany.com,489 604 3586
Babbette,Warton,Agender,bwarton8e@wunderground.com,512 583 4425
Jorey,Runge,Female,jrunge8f@dot.gov,315 637 1990
Fionnula,Manhare,Female,fmanhare8g@japanpost.jp,515 896 7079
Dwight,Rolf,Male,drolf8h@fotki.com,638 219 5504
Hailey,Lurriman,Non-binary,hlurriman8i@amazon.com,803 325 6915
Lacy,Tort,Female,ltort8j@prweb.com,261 374 5480
Jenifer,Pocock,Polygender,jpocock8k@nationalgeographic.com,917 167 8665
Thomasin,Robertis,Female,trobertis8l@fc2.com,879 598 7507
Cassandry,Chittey,Female,cchittey8m@nbcnews.com,123 789 8021
Sherwood,Spilsted,Male,sspilsted8n@about.com,106 531 1426
Rockwell,Hobble,Male,rhobble8o@google.co.jp,879 347 7890
Cassondra,Lengthorn,Female,clengthorn8p@twitter.com,464 131 4983
Tommy,Ullock,Male,tullock8q@slideshare.net,515 966 9681
Brina,Duddan,Female,bduddan8r@about.me,213 381 7637
Bryn,Guitel,Male,bguitel8s@ameblo.jp,771 593 7997
Benoite,Bollum,Bigender,bbollum8t@archive.org,975 996 2932
Rancell,Stratton,Male,rstratton8u@nih.gov,577 807 1099
Gabrila,Schechter,Female,gschechter8v@wufoo.com,968 481 5630
Kath,Trime,Female,ktrime8w@myspace.com,124 756 1001
Hilda,Gajewski,Female,hgajewski8x@chronoengine.com,770 551 8076
Xavier,Sigfrid,Polygender,xsigfrid8y@canalblog.com,568 770 0224
Katharine,Rochford,Female,krochford8z@huffingtonpost.com,171 458 9008
Jenifer,Kopf,Female,jkopf90@ucoz.com,695 338 6900
Waldemar,Danbi,Male,wdanbi91@shinystat.com,302 414 2601
Barb,Rodgier,Female,brodgier92@nationalgeographic.com,808 753 3148
Hunt,Fakes,Male,hfakes93@behance.net,708 104 0432
Teirtza,Shiel,Female,tshiel94@blinklist.com,675 686 5637
Kissie,Scaice,Female,kscaice95@loc.gov,473 502 3290
Livvy,Lewnden,Female,llewnden96@go.com,175 810 6344
Ceil,MacCardle,Female,cmaccardle97@un.org,254 900 9878
Haily,Allden,Male,hallden98@vimeo.com,323 946 8741
Loren,Burness,Female,lburness99@shutterfly.com,638 767 9574
Alanna,Henkens,Female,ahenkens9a@shinystat.com,411 936 0100
Amandi,Powley,Female,apowley9b@gov.uk,214 264 3947
Towney,Santer,Male,tsanter9c@europa.eu,276 178 9449
Elianora,Readett,Genderqueer,ereadett9d@mozilla.com,924 782 4888
Sabina,Deedes,Genderqueer,sdeedes9e@altervista.org,652 181 6884
Derron,Peyzer,Male,dpeyzer9f@networkadvertising.org,176 103 8408
Sibylle,Roskelly,Female,sroskelly9g@prlog.org,414 663 3366
Barnard,Reina,Male,breina9h@amazonaws.com,757 223 1387
Hobart,Frapwell,Male,hfrapwell9i@amazonaws.com,607 221 4455
Law,Sturges,Male,lsturges9j@angelfire.com,944 702 5892
Keslie,Bodycote,Female,kbodycote9k@ocn.ne.jp,763 533 4951
Ike,Sparshett,Male,isparshett9l@cornell.edu,399 719 7952
Gwenette,Misselbrook,Female,gmisselbrook9m@etsy.com,924 795 2338
Jennie,Cadden,Female,jcadden9n@devhub.com,609 897 1534
Cordy,Bartalot,Female,cbartalot9o@pinterest.com,470 234 2974
Denni,Drinkhill,Female,ddrinkhill9p@bloglines.com,648 400 5620
Lolita,Goldsby,Female,lgoldsby9q@people.com.cn,377 146 4956
Aloin,Gillino,Male,agillino9r@networksolutions.com,670 880 9082
Jsandye,Wycliffe,Female,jwycliffe9s@illinois.edu,544 781 0376
Happy,Burle,Female,hburle9t@netlog.com,608 931 7692
Bank,Olerenshaw,Male,bolerenshaw9u@ucoz.ru,492 749 6643
Petronille,Curtoys,Female,pcurtoys9v@narod.ru,440 602 8560
Franklin,Beccera,Male,fbeccera9w@sbwire.com,275 489 8777
Willem,Brusby,Male,wbrusby9x@squidoo.com,951 478 3772
Sal,Tomlinson,Male,stomlinson9y@imageshack.us,365 305 7604
Maurie,Bodman,Male,mbodman9z@meetup.com,705 187 7681
Constantine,Dovinson,Female,cdovinsona0@bbc.co.uk,554 650 1671
Annabell,Bowden,Female,abowdena1@typepad.com,438 638 8272
Riva,Wildes,Female,rwildesa2@zdnet.com,158 830 6761
Malachi,Cane,Male,mcanea3@artisteer.com,650 945 8854
Sharia,Trussman,Female,strussmana4@feedburner.com,149 262 2714
Cash,McMechan,Male,cmcmechana5@boston.com,754 687 3133
Brina,Tunaclift,Agender,btunaclifta6@wufoo.com,901 834 8328
Ravi,Penrith,Male,rpenritha7@eventbrite.com,955 621 7534
Molli,Mangin,Female,mmangina8@engadget.com,337 714 9931
Quinn,Dibden,Female,qdibdena9@whitehouse.gov,109 754 3432
Aloisia,Dansken,Female,adanskenaa@nymag.com,239 230 3512
Ker,Oxby,Male,koxbyab@xing.com,458 986 4342
Ruth,Jiricka,Female,rjirickaac@google.ca,581 992 3125
Anallese,Dooland,Genderfluid,adoolandad@google.nl,124 638 9514
Moritz,Ray,Male,mrayae@va.gov,342 975 5208
Timoteo,Luard,Male,tluardaf@barnesandnoble.com,151 731 2443
Cecil,Wanklyn,Female,cwanklynag@freewebs.com,707 233 4067
Christoper,Wakeford,Male,cwakefordah@google.ca,135 209 7050
Julee,Bownde,Female,jbowndeai@chron.com,154 493 6271
Feodor,Lodin,Male,flodinaj@woothemes.com,252 926 7861
Harry,Hammerich,Male,hhammerichak@sciencedaily.com,160 405 6585
Gates,Hammarberg,Female,ghammarbergal@tripod.com,516 868 3806
Lori,Worwood,Female,lworwoodam@miitbeian.gov.cn,310 992 7133
Aindrea,Sneesby,Female,asneesbyan@networkadvertising.org,964 347 9198
Patrizia,Schoenfisch,Female,pschoenfischao@multiply.com,818 613 2972
Annelise,Cockton,Female,acocktonap@alibaba.com,992 301 1114
Ker,Campanelle,Male,kcampanelleaq@surveymonkey.com,739 998 1679
Viola,McGirr,Female,vmcgirrar@prlog.org,852 723 3967
Selestina,McGuinley,Female,smcguinleyas@opera.com,997 367 7108
Nicki,Cheesman,Female,ncheesmanat@narod.ru,699 216 4218
Milli,Towsey,Female,mtowseyau@hostgator.com,208 425 6692
Rahal,Alexandre,Female,ralexandreav@blogspot.com,383 882 8251
Cherin,Larmet,Female,clarmetaw@odnoklassniki.ru,333 572 0678
Frank,Landal,Male,flandalax@home.pl,862 637 5955
Lanie,McAneny,Male,lmcanenyay@friendfeed.com,796 475 5559
Rice,Meates,Male,rmeatesaz@quantcast.com,905 921 4189
Alane,Bispham,Female,abisphamb0@va.gov,797 380 3482
Bette-ann,McKennan,Genderfluid,bmckennanb1@sogou.com,420 128 6906
Eduardo,Auty,Male,eautyb2@disqus.com,916 453 9888
Mirabelle,Danilenko,Female,mdanilenkob3@people.com.cn,461 317 0574
Nathalia,Hansmann,Female,nhansmannb4@samsung.com,699 941 5571
Niven,Thorald,Male,nthoraldb5@dyndns.org,847 943 0175
Lodovico,Gilphillan,Male,lgilphillanb6@goo.ne.jp,353 901 0080
Orelie,Hallowes,Female,ohallowesb7@taobao.com,442 913 3402
Napoleon,Swetenham,Male,nswetenhamb8@japanpost.jp,599 147 6020
Misti,Lodder,Female,mlodderb9@craigslist.org,705 826 6730
Ashil,Ney,Female,aneyba@vimeo.com,944 320 8747
Angel,Presswell,Male,apresswellbb@twitpic.com,584 574 4327
Janela,Yablsley,Female,jyablsleybc@engadget.com,805 933 3683
Lalo,Drysdale,Male,ldrysdalebd@joomla.org,859 615 2127
Dorise,Dugdale,Female,ddugdalebe@ihg.com,566 617 1787
Jo ann,Negri,Female,jnegribf@github.io,535 793 8527
Eilis,McElvogue,Female,emcelvoguebg@cmu.edu,870 713 2900
Lilah,Sissens,Female,lsissensbh@ocn.ne.jp,403 557 6513
Cooper,Walton,Male,cwaltonbi@skyrock.com,791 852 9620
Sergio,Bentje,Male,sbentjebj@friendfeed.com,140 184 5680
Benita,Rediers,Female,brediersbk@plala.or.jp,280 866 7721
Bridgette,Silvester,Female,bsilvesterbl@blog.com,525 380 7177
Gelya,Gummow,Female,ggummowbm@mapquest.com,880 283 2918
Florenza,Fidoe,Genderfluid,ffidoebn@gmpg.org,833 620 1727
Leonerd,Tolcharde,Male,ltolchardebo@pen.io,213 354 4258
Dorian,Blanko,Male,dblankobp@nyu.edu,793 897 3760
Bradney,Lambis,Male,blambisbq@webs.com,688 629 0183
Shermy,Creaser,Male,screaserbr@freewebs.com,540 144 9837
Maribelle,Lightwing,Female,mlightwingbs@washingtonpost.com,840 835 0101
Gerald,Wince,Male,gwincebt@printfriendly.com,676 314 2078
Flint,Eliet,Male,felietbu@alexa.com,887 147 3084
Kenon,Clandillon,Bigender,kclandillonbv@thetimes.co.uk,482 770 9247
Dorise,Charity,Female,dcharitybw@baidu.com,837 451 3253
Dorolisa,Remmer,Female,dremmerbx@ustream.tv,907 248 7246
Brody,Foucar,Male,bfoucarby@jugem.jp,135 922 6752
Marius,Robrose,Agender,mrobrosebz@dyndns.org,243 496 0289
Mike,Lippi,Male,mlippic0@harvard.edu,952 380 2990
Carroll,Reims,Male,creimsc1@who.int,790 602 2983
Danni,Hulle,Female,dhullec2@blogspot.com,778 155 2950
Orville,Petherick,Male,opetherickc3@weebly.com,304 281 3988
Cristian,Visick,Male,cvisickc4@amazon.de,982 820 1799
Cory,Day,Genderfluid,cdayc5@umn.edu,203 996 0318
Rufe,Swayte,Male,rswaytec6@princeton.edu,798 930 3103
Margalit,Killough,Polygender,mkilloughc7@usgs.gov,958 989 1674
Dukey,Whieldon,Male,dwhieldonc8@trellian.com,411 695 5815
Rae,Franceschielli,Female,rfranceschiellic9@cargocollective.com,903 942 4550
Lorelei,Fellgatt,Female,lfellgattca@archive.org,811 977 9785
Phyllis,Beacon,Female,pbeaconcb@tripadvisor.com,609 232 7701
Bernie,Gager,Male,bgagercc@pen.io,471 893 5979
Carin,Richin,Female,crichincd@youku.com,595 312 2218
Gerri,Werlock,Female,gwerlockce@amazon.co.jp,144 821 8249
Brice,Iannitti,Male,biannitticf@yahoo.co.jp,443 877 5989
Rollin,Seilmann,Male,rseilmanncg@washingtonpost.com,848 413 7279
Camala,Shier,Female,cshierch@discovery.com,719 400 9538
Mitchael,Antoszczyk,Male,mantoszczykci@histats.com,795 751 9379
Aundrea,Zavattiero,Female,azavattierocj@nih.gov,707 393 8268
Melamie,Grix,Female,mgrixck@networksolutions.com,667 783 2289
Erin,La Torre,Female,elatorrecl@barnesandnoble.com,482 592 3875
Junie,Cleminshaw,Female,jcleminshawcm@harvard.edu,886 266 1917
Roxy,Ranscome,Female,rranscomecn@nydailynews.com,575 902 9030
Dode,Poppy,Female,dpoppyco@mapy.cz,982 390 7141
Karissa,Pairpoint,Genderfluid,kpairpointcp@zdnet.com,842 494 0785
Deanne,Adamsky,Female,dadamskycq@google.com.br,384 655 8385
Lilias,Bottelstone,Female,lbottelstonecr@yolasite.com,428 744 1901
Margarete,Formie,Female,mformiecs@feedburner.com,663 226 8829
Ilysa,Sadler,Female,isadlerct@dyndns.org,822 913 9123
Rochella,Chasmer,Female,rchasmercu@apple.com,998 893 4729
Clare,Maginn,Female,cmaginncv@nih.gov,446 867 2911
Quentin,Whiskerd,Male,qwhiskerdcw@howstuffworks.com,132 305 2963
Dukie,Grinsdale,Male,dgrinsdalecx@facebook.com,378 839 6440
Toma,Yerbury,Polygender,tyerburycy@usa.gov,842 504 3198
Wendy,Redd,Female,wreddcz@scribd.com,979 677 5988
Lishe,Alders,Female,laldersd0@hubpages.com,766 650 4921
Stan,Crees,Male,screesd1@networksolutions.com,421 250 7605
Dillie,Graine,Male,dgrained2@harvard.edu,320 409 0929
Darell,Warlowe,Bigender,dwarlowed3@independent.co.uk,337 968 5501
Elfrieda,Bracknall,Female,ebracknalld4@w3.org,675 702 2644
Stephine,Dempsey,Female,sdempseyd5@ebay.co.uk,745 212 0410
Max,Andreasen,Female,mandreasend6@ovh.net,428 750 0085
Rolando,Meran,Male,rmerand7@dedecms.com,128 936 6806
Annalise,Morson,Female,amorsond8@nsw.gov.au,322 611 1965
Gerome,Heinreich,Male,gheinreichd9@hhs.gov,531 411 9751
Isabelita,Jasper,Female,ijasperda@webnode.com,938 139 8987
Madelene,Molloy,Female,mmolloydb@clickbank.net,359 411 6726
Silvester,Lote,Genderqueer,slotedc@xrea.com,897 837 0206
Abe,Janusz,Male,ajanuszdd@liveinternet.ru,881 327 7457
Paco,McGenis,Male,pmcgenisde@ucoz.ru,136 641 2254
Locke,Winspare,Male,lwinsparedf@webmd.com,301 646 0454
Noah,Lawler,Male,nlawlerdg@wikipedia.org,227 218 8046
Cordula,Christofor,Female,cchristofordh@sfgate.com,551 293 5579
Lewie,Mapholm,Male,lmapholmdi@nymag.com,856 572 6033
Arley,Woodage,Male,awoodagedj@arstechnica.com,789 260 4916
Queenie,Pankhurst.,Female,qpankhurstdk@wordpress.org,688 577 7855
Sandy,Laible,Bigender,slaibledl@usgs.gov,763 971 3017
Bax,Murrhardt,Male,bmurrhardtdm@google.it,276 683 5045
Don,Lambdin,Male,dlambdindn@typepad.com,514 806 3918
Marsha,Hoston,Female,mhostondo@moonfruit.com,961 416 1161
Johnnie,Scoffham,Male,jscoffhamdp@wordpress.com,978 599 5322
Marietta,Davenall,Female,mdavenalldq@diigo.com,588 204 2621
Annabela,Barreau,Female,abarreaudr@yale.edu,679 823 9486
Chrisse,Brafferton,Male,cbraffertonds@homestead.com,917 891 4078
Rourke,Muggleton,Genderfluid,rmuggletondt@mapquest.com,216 710 9424
Brock,Sisse,Male,bsissedu@pcworld.com,140 755 9014
Biron,Bastick,Male,bbastickdv@studiopress.com,467 898 4556
Percival,Clute,Agender,pclutedw@techcrunch.com,128 448 1187
Ingamar,Seeger,Male,iseegerdx@desdev.cn,872 496 9455
Tiler,Piell,Male,tpielldy@google.com,956 490 3166
Astrid,Coggell,Female,acoggelldz@tamu.edu,251 520 3762
Ardis,Treffry,Female,atreffrye0@yale.edu,965 410 1072
Vincenty,Heims,Male,vheimse1@w3.org,246 490 5178
Tann,Markwelley,Male,tmarkwelleye2@tinypic.com,427 735 1767
Vevay,Heckner,Female,vhecknere3@qq.com,491 933 9349
Kare,Roels,Female,kroelse4@bbb.org,305 970 5431
Michel,Hanmer,Female,mhanmere5@ebay.com,812 723 5110
Reinaldo,Lillee,Male,rlilleee6@facebook.com,209 242 5723
Andros,Johns,Male,ajohnse7@sfgate.com,753 412 0965
Linda,Greenrde,Female,lgreenrdee8@printfriendly.com,559 517 2107
Anne-corinne,Davidavidovics,Female,adavidavidovicse9@infoseek.co.jp,980 366 4570
Linn,Massingberd,Male,lmassingberdea@illinois.edu,570 917 6684
Renard,Ecclestone,Male,recclestoneeb@webnode.com,186 394 6711
Archer,Sizeland,Male,asizelandec@ed.gov,557 556 4370
Tuck,Ansill,Male,tansilled@cocolog-nifty.com,103 389 0865
Orsola,Asel,Female,oaselee@sourceforge.net,296 139 7830
Jereme,Ferretti,Male,jferrettief@nhs.uk,731 954 2696
Pearla,Puddephatt,Polygender,ppuddephatteg@redcross.org,967 829 7922
Gail,Trow,Male,gtroweh@hud.gov,122 543 2277
Heidie,Tillard,Female,htillardei@odnoklassniki.ru,645 366 2844
Rudolf,Shilladay,Male,rshilladayej@fema.gov,680 219 5228
Nevile,Revett,Male,nrevettek@mayoclinic.com,762 825 1815
Flory,Luciano,Female,flucianoel@yelp.com,500 412 6801
Dene,Tsar,Male,dtsarem@taobao.com,599 317 2633
Bernete,Cornford,Female,bcornforden@omniture.com,921 355 4791
Zebadiah,Aikenhead,Male,zaikenheadeo@umich.edu,907 761 9189
Heinrik,Eccleshare,Male,heccleshareep@reverbnation.com,261 753 9446
Case,Spondley,Male,cspondleyeq@youtube.com,886 553 2998
Keefer,Daile,Male,kdaileer@boston.com,848 291 8908
Anton,O' Neligan,Male,aoneliganes@ucla.edu,465 129 4215
Nariko,D'Hooge,Female,ndhoogeet@purevolume.com,678 135 7187
Leandra,Perche,Female,lpercheeu@plala.or.jp,249 235 0297
Launce,Orred,Male,lorredev@microsoft.com,350 918 4873
Marven,Titmarsh,Male,mtitmarshew@webnode.com,831 322 5095
Terza,Housby,Female,thousbyex@cbslocal.com,627 880 3372
Jody,Kirwin,Female,jkirwiney@cpanel.net,657 380 8090
Ody,Borges,Male,oborgesez@jigsy.com,541 997 3519
Owen,Ellaway,Male,oellawayf0@go.com,771 681 5487
Anita,Pettis,Female,apettisf1@state.gov,754 366 0533
Mick,Feetham,Agender,mfeethamf2@is.gd,899 334 1124
Carney,Musson,Male,cmussonf3@unesco.org,373 997 7827
Matilda,Gillopp,Female,mgilloppf4@wikia.com,414 518 0052
Shaine,Tiffany,Bigender,stiffanyf5@webeden.co.uk,974 532 5710
Arleyne,MacPeake,Genderfluid,amacpeakef6@fotki.com,741 876 0372
Johan,Fuller,Male,jfullerf7@vkontakte.ru,389 521 5533
Lindsay,Attril,Male,lattrilf8@newsvine.com,506 890 5977
Hilton,East,Male,heastf9@google.fr,511 661 5614
Norina,Kuschek,Non-binary,nkuschekfa@tinypic.com,869 585 6411
Claudette,Bending,Female,cbendingfb@google.co.jp,992 656 3582
Chaunce,Gane,Male,cganefc@google.it,795 695 2759
Angel,Dyshart,Male,adyshartfd@exblog.jp,100 395 6835
Ondrea,Aldrick,Female,oaldrickfe@ucoz.com,340 181 4434
Trude,Walklot,Female,twalklotff@ifeng.com,434 733 3268
Kayle,McGaughey,Genderfluid,kmcgaugheyfg@aol.com,840 278 2546
Kip,Hopfer,Female,khopferfh@intel.com,453 551 7935
Morty,Reape,Male,mreapefi@wisc.edu,873 877 9104
Maje,Sinkin,Genderfluid,msinkinfj@ucla.edu,111 395 0624
Helenka,Roseburgh,Female,hroseburghfk@independent.co.uk,996 675 0831
Kelly,Kubis,Male,kkubisfl@who.int,714 699 3554
Chilton,Duferie,Male,cduferiefm@irs.gov,121 172 9458
Johny,Traylen,Male,jtraylenfn@mysql.com,706 361 9995
Carilyn,Graffin,Female,cgraffinfo@twitter.com,146 308 2458
Norris,Cove,Male,ncovefp@toplist.cz,797 664 7150
Lynelle,Drummer,Female,ldrummerfq@booking.com,125 731 5963
Jeri,Peel,Female,jpeelfr@nih.gov,489 560 5181
Aguistin,Dunston,Male,adunstonfs@purevolume.com,533 954 3832
Pepi,Livermore,Agender,plivermoreft@apache.org,515 200 3050
Lindy,Crannis,Male,lcrannisfu@columbia.edu,465 685 5238
Melly,Laker,Female,mlakerfv@wordpress.com,532 439 5675
Cesare,Echlin,Male,cechlinfw@phoca.cz,336 145 4270
Gino,Audus,Male,gaudusfx@irs.gov,584 457 3752
Janine,Eary,Female,jearyfy@paypal.com,537 509 1314
Nita,Ogilby,Polygender,nogilbyfz@cdc.gov,887 832 9521
Gabrielle,Louedey,Female,glouedeyg0@php.net,446 761 4711
Giulia,Rodinger,Female,grodingerg1@statcounter.com,265 236 1229
Ruddy,Gleave,Male,rgleaveg2@apache.org,208 142 4981
Merill,Edie,Male,medieg3@vistaprint.com,718 959 7794
Welch,Kettow,Male,wkettowg4@sourceforge.net,130 997 3823
Engelbert,Dust,Male,edustg5@wordpress.org,873 189 5235
Halli,Urey,Female,hureyg6@fema.gov,901 726 0289
Howie,Connochie,Male,hconnochieg7@clickbank.net,348 141 4851
Elise,Iron,Female,eirong8@tuttocitta.it,995 123 9550
Rafferty,Vertigan,Male,rvertigang9@ask.com,687 265 5436
Danny,Goude,Agender,dgoudega@tumblr.com,507 974 6240
Darbie,Fasey,Female,dfaseygb@barnesandnoble.com,827 239 2510
Gideon,Rowly,Male,growlygc@imageshack.us,500 468 8683
Kristian,Whitley,Male,kwhitleygd@xrea.com,495 294 2344
Kerr,Carbin,Male,kcarbinge@paginegialle.it,810 341 4244
Stoddard,Beadon,Female,sbeadongf@yandex.ru,906 945 3812
Carol-jean,Middleweek,Female,cmiddleweekgg@constantcontact.com,446 655 7229
Kippy,Woolner,Male,kwoolnergh@apache.org,993 756 5951
Jere,Jacquot,Male,jjacquotgi@nydailynews.com,110 879 3934
Timothy,Stacey,Male,tstaceygj@homestead.com,598 190 0666
Hazel,Petters,Male,hpettersgk@kickstarter.com,512 604 1410
Patience,Stollenberg,Female,pstollenberggl@wix.com,112 543 0644
Fawnia,O'Gaven,Genderqueer,fogavengm@cnn.com,896 164 5425
Anette,Pittwood,Female,apittwoodgn@usnews.com,988 465 4301
Lissie,Marcroft,Female,lmarcroftgo@sina.com.cn,123 448 6951
Brucie,Muslim,Male,bmuslimgp@upenn.edu,975 557 6949
Faustine,Lannin,Female,flanningq@apache.org,151 714 6010
Albrecht,Puleston,Male,apulestongr@wufoo.com,499 521 2936
Adriana,Thal,Female,athalgs@sourceforge.net,307 732 6902
Olimpia,Bettington,Female,obettingtongt@jiathis.com,957 433 3228
Manon,Creese,Female,mcreesegu@economist.com,362 377 0293
Dolf,Sundin,Male,dsundingv@marriott.com,544 497 7487
Giralda,Backhouse,Female,gbackhousegw@ibm.com,884 289 3446
Micaela,Keymer,Female,mkeymergx@ted.com,552 491 8712
Pascal,Grevatt,Male,pgrevattgy@abc.net.au,303 805 5010
Celine,Vasentsov,Female,cvasentsovgz@sogou.com,257 422 5359
Hercules,Stellman,Male,hstellmanh0@ed.gov,743 702 8546
Erie,Strotone,Male,estrotoneh1@tinyurl.com,508 685 1028
Rivalee,Laugier,Female,rlaugierh2@bandcamp.com,251 902 2745
Red,Howman,Male,rhowmanh3@goodreads.com,139 982 7384
Milicent,Lorent,Female,mlorenth4@cloudflare.com,563 136 2779
Caprice,Klimecki,Female,cklimeckih5@cocolog-nifty.com,328 620 5022
Annabal,Zanetti,Female,azanettih6@google.co.jp,884 209 6841
Aime,Rochell,Female,arochellh7@indiatimes.com,936 222 3975
Darby,Schwandt,Female,dschwandth8@nasa.gov,672 575 2833
Stanton,Kalisch,Male,skalischh9@npr.org,259 854 7459
Lynnea,Sulland,Female,lsullandha@goo.ne.jp,779 525 7912
Bartholemy,Ife,Male,bifehb@1688.com,729 715 1583
Shell,Sussans,Male,ssussanshc@blinklist.com,319 650 3175
Guillermo,Astbery,Male,gastberyhd@eventbrite.com,254 679 9071
Jacquelyn,Farnish,Female,jfarnishhe@mozilla.org,153 191 0274
Rodi,Leigh,Female,rleighhf@typepad.com,470 942 1520
Othelia,Fould,Female,ofouldhg@mediafire.com,621 493 7363
Gustave,Swin,Male,gswinhh@nifty.com,882 103 2075
Leticia,Iacobassi,Polygender,liacobassihi@shutterfly.com,912 533 2591
Babara,Sevier,Female,bsevierhj@biglobe.ne.jp,665 851 7745
Vincent,Pressnell,Male,vpressnellhk@army.mil,192 349 8721
Hadlee,Canham,Male,hcanhamhl@elegantthemes.com,606 369 2318
Coralyn,Weldon,Female,cweldonhm@prnewswire.com,215 732 5786
Dyanna,Dobell,Female,ddobellhn@alexa.com,836 678 2650
Guss,Davern,Male,gdavernho@narod.ru,135 152 1230
Alanah,Oake,Female,aoakehp@google.ca,286 693 3533
Tris,O'Hartnett,Male,tohartnetthq@utexas.edu,331 583 9933
Dorthea,Seger,Female,dsegerhr@a8.net,447 335 2014
Emmott,Recke,Male,ereckehs@google.nl,945 938 9021
Tamara,Cowdry,Female,tcowdryht@usatoday.com,931 302 5584
Miof mela,Kinkead,Female,mkinkeadhu@europa.eu,259 299 9355
Tarrah,Cruickshank,Female,tcruickshankhv@geocities.jp,155 248 6665
Rhianon,Braunle,Non-binary,rbraunlehw@parallels.com,315 500 1271
Maximilian,Perot,Male,mperothx@spotify.com,134 143 2786
Chad,MacFadzean,Male,cmacfadzeanhy@who.int,447 813 7469
Devin,Belchambers,Male,dbelchambershz@google.com.br,832 263 2024
Ruperta,Vooght,Female,rvooghti0@sciencedaily.com,984 309 4770
Mylo,O'Glassane,Male,moglassanei1@wix.com,364 207 7062
Debora,Mundy,Female,dmundyi2@so-net.ne.jp,631 139 6660
Marget,Huard,Female,mhuardi3@jugem.jp,181 418 2783
Joye,Wrought,Female,jwroughti4@mac.com,229 617 2076
Galven,Lunnon,Male,glunnoni5@huffingtonpost.com,817 670 8114
Mikey,Castree,Male,mcastreei6@tuttocitta.it,965 863 1510
Ty,Charity,Male,tcharityi7@bloglines.com,148 315 2801
Dionisio,Sennett,Male,dsennetti8@qq.com,388 940 7410
Fifi,Catherine,Non-binary,fcatherinei9@altervista.org,510 489 8890
Charmine,Cinderey,Agender,ccindereyia@purevolume.com,514 965 6115
Doreen,Torald,Female,dtoraldib@jiathis.com,394 322 8130
Perl,Bengoechea,Female,pbengoecheaic@ftc.gov,651 750 4380
Ailyn,Roxbee,Female,aroxbeeid@thetimes.co.uk,227 297 2189
Yvonne,Gaunson,Female,ygaunsonie@patch.com,335 193 2088
Harrietta,Lewsy,Female,hlewsyif@mysql.com,567 965 3434
Roze,Dionisii,Female,rdionisiiig@guardian.co.uk,237 288 0709
Cordell,Dalrymple,Male,cdalrympleih@elegantthemes.com,690 704 4501
Mort,Schlagh,Male,mschlaghii@sfgate.com,896 248 2497
Lemmie,Izzatt,Male,lizzattij@twitpic.com,206 541 9579
Patrica,Payne,Female,ppayneik@imdb.com,989 123 7843
Misty,Quelch,Female,mquelchil@arizona.edu,979 901 2044
Chrissy,Dukes,Genderqueer,cdukesim@nytimes.com,412 402 5093
Lisabeth,Gaiger,Female,lgaigerin@virginia.edu,757 419 9925
Halette,Chrippes,Female,hchrippesio@gov.uk,715 554 2714
Tomlin,Greenstock,Male,tgreenstockip@bluehost.com,969 117 6882
Kittie,Grint,Female,kgrintiq@lulu.com,570 672 9634
Reynard,Strothers,Male,rstrothersir@hubpages.com,843 765 9518
Alon,Noel,Male,anoelis@nytimes.com,773 847 3472
Helge,Fauning,Female,hfauningit@gmpg.org,599 731 4860
Tatum,Geaney,Female,tgeaneyiu@google.ru,179 950 2008
Isabelle,Woodman,Agender,iwoodmaniv@redcross.org,367 514 1554
Cosette,Futcher,Female,cfutcheriw@unblog.fr,447 327 9176
Karen,Stickney,Female,kstickneyix@miibeian.gov.cn,241 305 6567
Torrey,Stalf,Male,tstalfiy@about.me,773 185 4441
Brynne,Gartell,Female,bgartelliz@sun.com,652 328 6316
Nettle,Korfmann,Female,nkorfmannj0@smugmug.com,662 262 7775
Barrie,Hessenthaler,Male,bhessenthalerj1@bizjournals.com,952 887 8469
Noemi,Skeggs,Female,nskeggsj2@ovh.net,858 581 0442
Lexie,Voyce,Female,lvoycej3@timesonline.co.uk,256 397 1565
Philbert,Shevelin,Male,pshevelinj4@squidoo.com,375 175 2553
Tann,Calterone,Male,tcalteronej5@yahoo.com,550 151 0802
Loretta,Doolan,Female,ldoolanj6@1688.com,746 139 2672
Gabe,Fossey,Male,gfosseyj7@reddit.com,128 721 3082
Viv,Tamas,Female,vtamasj8@ebay.com,113 250 7739
Frazier,Drife,Male,fdrifej9@seesaa.net,870 456 2592
Byran,Newns,Male,bnewnsja@sohu.com,837 141 8927
Martyn,Yaus,Male,myausjb@yelp.com,474 390 2576
Wilmer,James,Male,wjamesjc@opera.com,357 527 4275
Anastassia,Shapiro,Female,ashapirojd@discovery.com,747 656 3588
Elianore,Dominick,Genderfluid,edominickje@xinhuanet.com,431 905 1871
Thorpe,Luciano,Male,tlucianojf@shinystat.com,608 216 5302
Celestine,Amis,Female,camisjg@simplemachines.org,610 389 9737
Johnny,Letham,Bigender,jlethamjh@dot.gov,184 803 5419
Alva,Ivanenko,Male,aivanenkoji@github.com,818 355 4852
Barny,Foard,Male,bfoardjj@tuttocitta.it,392 185 3618
Fraze,Whorlton,Male,fwhorltonjk@amazonaws.com,690 637 6238
Josi,Crosby,Female,jcrosbyjl@wikispaces.com,399 385 0593
Robina,Le Maitre,Polygender,rlemaitrejm@google.ru,603 304 5810
Ellerey,Surgeoner,Male,esurgeonerjn@alexa.com,876 638 4037
Laughton,Trathan,Male,ltrathanjo@mozilla.com,837 703 2563
Augusta,Rowlson,Female,arowlsonjp@liveinternet.ru,491 449 9752
Andrus,Heimann,Male,aheimannjq@wsj.com,459 420 3017
Giusto,Tyers,Male,gtyersjr@indiatimes.com,402 925 9275
Helsa,Zellick,Female,hzellickjs@unesco.org,778 484 3292
Sallyann,Devenish,Non-binary,sdevenishjt@reference.com,511 716 0634
Cecelia,Doornbos,Female,cdoornbosju@mail.ru,993 904 6920
Poppy,Medd,Female,pmeddjv@goo.ne.jp,998 281 2963
Rochella,Delicate,Female,rdelicatejw@icq.com,341 232 1672
Corabel,Shatliffe,Female,cshatliffejx@npr.org,221 425 4149
Lynnette,Terrazzo,Female,lterrazzojy@weibo.com,849 800 4058
Curt,Aslett,Male,caslettjz@cnet.com,338 826 5595
Heindrick,Critzen,Male,hcritzenk0@comsenz.com,209 798 5986
Garfield,MacConchie,Male,gmacconchiek1@flavors.me,211 849 1068
Alphonse,Werner,Male,awernerk2@google.de,430 979 6648
Dorotea,Klain,Female,dklaink3@reuters.com,820 819 0643
Emlyn,Crinage,Male,ecrinagek4@histats.com,851 273 0372
Moss,Branni,Male,mbrannik5@independent.co.uk,140 769 0120
Alissa,Goodfellow,Female,agoodfellowk6@uol.com.br,757 251 4739
Heywood,Reynoollds,Male,hreynoolldsk7@hhs.gov,192 260 2569
Alistair,Speedy,Genderqueer,aspeedyk8@51.la,713 870 2102
Haskel,Pycock,Male,hpycockk9@infoseek.co.jp,134 345 5850
Addi,Piburn,Female,apiburnka@squarespace.com,481 145 3900
Shem,Lorkins,Male,slorkinskb@illinois.edu,848 460 7736
Rudyard,McLenaghan,Male,rmclenaghankc@arizona.edu,654 668 4025
Timothee,Morcom,Male,tmorcomkd@illinois.edu,451 618 8348
Danya,Lafflina,Female,dlafflinake@marriott.com,371 797 8551
Gasparo,Aizik,Male,gaizikkf@kickstarter.com,525 589 0241
Farr,Pacht,Male,fpachtkg@cyberchimps.com,877 303 9643
Tommi,Figliovanni,Female,tfigliovannikh@weibo.com,701 230 4035
Rosemonde,Vinker,Female,rvinkerki@europa.eu,637 687 9625
Kippie,Telezhkin,Male,ktelezhkinkj@cdc.gov,866 511 8343
Aristotle,Mowsdale,Male,amowsdalekk@pcworld.com,878 967 8840
Karia,Lorait,Female,kloraitkl@guardian.co.uk,334 630 2906
Torrance,Josefowicz,Male,tjosefowiczkm@homestead.com,267 258 7522
Kira,Farmiloe,Female,kfarmiloekn@statcounter.com,850 192 8742
Hogan,Benezeit,Male,hbenezeitko@noaa.gov,442 212 4020
Berti,Boulstridge,Male,bboulstridgekp@acquirethisname.com,183 907 1301
Octavia,Bossel,Female,obosselkq@homestead.com,196 691 2401
Clarette,McKean,Female,cmckeankr@bloglines.com,456 796 7255
Coralie,Gamlen,Bigender,cgamlenks@deviantart.com,899 435 3730
Frances,Hurry,Female,fhurrykt@xing.com,289 644 5963
Alvie,Blower,Male,ablowerku@diigo.com,557 125 4000
Gare,Hardern,Male,ghardernkv@seattletimes.com,748 229 9591
Daffie,Batalini,Genderfluid,dbatalinikw@squidoo.com,157 238 4740
Waring,Bravington,Male,wbravingtonkx@sun.com,349 128 5719
Pepi,Mottershaw,Female,pmottershawky@amazon.de,373 874 7085
Carey,Matterdace,Polygender,cmatterdacekz@utexas.edu,377 747 8799
Benedicto,Northidge,Male,bnorthidgel0@oracle.com,845 319 9655
Vaughan,Derisly,Male,vderislyl1@who.int,953 541 2536
Desiri,Hoffman,Female,dhoffmanl2@sitemeter.com,231 431 4334
Zerk,Bartens,Male,zbartensl3@va.gov,291 305 7537
Roana,Matuszynski,Agender,rmatuszynskil4@pen.io,414 134 0462
Sully,Petteford,Male,spettefordl5@merriam-webster.com,385 412 1484
Issy,Vasyanin,Female,ivasyaninl6@reference.com,224 338 3451
Jamie,Friedank,Male,jfriedankl7@kickstarter.com,157 488 3259
Libbey,Enns,Female,lennsl8@ocn.ne.jp,860 816 9634
Rip,Ephgrave,Non-binary,rephgravel9@nbcnews.com,568 481 7389
Cammy,Kirkbright,Male,ckirkbrightla@boston.com,150 724 4935
Bryce,Mundee,Male,bmundeelb@ow.ly,723 340 8972
Amitie,O'Keevan,Female,aokeevanlc@ehow.com,841 687 1269
Celia,Lyddyard,Female,clyddyardld@blogs.com,191 540 3245
Nollie,Poli,Female,npolile@sphinn.com,227 392 2360
Gretna,Hawker,Female,ghawkerlf@earthlink.net,853 547 3232
Ginnifer,Walmsley,Female,gwalmsleylg@psu.edu,177 630 5516
Deane,Clarridge,Female,dclarridgelh@theglobeandmail.com,660 185 9153
Eb,Tildesley,Male,etildesleyli@google.ca,866 450 3608
Audy,Senett,Female,asenettlj@yolasite.com,814 176 9324
Dory,McKinlay,Female,dmckinlaylk@theguardian.com,102 684 9614
Alano,Domegan,Male,adomeganll@gnu.org,608 961 3444
Kelbee,Gurton,Male,kgurtonlm@epa.gov,372 790 9169
Evy,Smidmoor,Female,esmidmoorln@stanford.edu,877 629 4521
Gavrielle,Slark,Female,gslarklo@prlog.org,615 754 6856
Fletcher,Veracruysse,Male,fveracruysselp@tripadvisor.com,422 813 3899
Reyna,Richardes,Female,rrichardeslq@opensource.org,541 475 1060
Goldina,Reignolds,Female,greignoldslr@reddit.com,525 594 5350
Jerry,Zamorano,Genderqueer,jzamoranols@wunderground.com,513 242 0936
Lise,Counihan,Female,lcounihanlt@nyu.edu,268 194 8533
Natale,Briance,Male,nbriancelu@yelp.com,277 744 7443
Leora,Seebert,Female,lseebertlv@google.de,470 122 8954
Byrom,Hassall,Male,bhassalllw@netlog.com,943 423 5363
Jammal,Masserel,Male,jmasserellx@google.ru,428 665 9619
Jeremie,Cloake,Male,jcloakely@theatlantic.com,774 427 5587
Lauryn,Hurdedge,Female,lhurdedgelz@springer.com,889 918 9933
Binnie,Casini,Female,bcasinim0@e-recht24.de,237 551 4183
Cad,Dowsett,Male,cdowsettm1@google.co.jp,313 831 4396
Coralie,Leece,Female,cleecem2@yale.edu,274 739 0917
Danie,Matasov,Male,dmatasovm3@mapy.cz,398 910 2923
Stanford,Sawford,Male,ssawfordm4@about.me,360 609 2416
Leoline,Bilbrey,Female,lbilbreym5@businesswire.com,763 214 0163
Lazar,Lishmund,Male,llishmundm6@pcworld.com,275 899 6721
Tanhya,Danilyuk,Female,tdanilyukm7@ucoz.ru,722 849 2599
Marsiella,Ruppertz,Female,mruppertzm8@youtu.be,661 897 5676
Evie,Raselles,Female,erasellesm9@desdev.cn,941 288 1139
Renault,Girkins,Male,rgirkinsma@mozilla.org,865 837 3137
Spence,Insole,Male,sinsolemb@newyorker.com,682 433 4480
Dan,Ducastel,Male,dducastelmc@google.cn,223 454 8848
Janaya,Mensler,Female,jmenslermd@yahoo.com,357 336 9757
Ignacio,Beauly,Male,ibeaulyme@wisc.edu,477 821 2304
Jeni,Lumm,Female,jlummmf@netvibes.com,435 445 2682
Marrilee,Colenutt,Female,mcolenuttmg@cnn.com,595 727 2756
Guillemette,Hinchon,Female,ghinchonmh@dot.gov,362 121 5934
Bil,Eckart,Male,beckartmi@dropbox.com,219 120 6715
Emmaline,Folbige,Bigender,efolbigemj@ebay.com,299 462 7281
Emory,Broggetti,Male,ebroggettimk@meetup.com,247 984 6465
Delora,Brunelli,Female,dbrunelliml@weather.com,507 390 8257
Corinna,St. Quintin,Agender,cstquintinmm@t-online.de,801 491 2366
Jacquie,Malpas,Female,jmalpasmn@histats.com,832 910 7087
Corinna,Ruslinge,Female,cruslingemo@cdc.gov,127 530 8298
Winni,Rase,Female,wrasemp@yandex.ru,879 530 0051
Gordie,Dederich,Male,gdederichmq@about.com,318 109 2987
Kakalina,Gritsunov,Female,kgritsunovmr@google.de,201 364 7620
Phaedra,Sivewright,Female,psivewrightms@columbia.edu,459 390 2027
Tiertza,Prince,Female,tprincemt@baidu.com,400 120 0459
Lynnet,Stanesby,Female,lstanesbymu@merriam-webster.com,759 940 3825
Weston,Grinstead,Male,wgrinsteadmv@princeton.edu,806 922 7730
Calli,Daly,Female,cdalymw@bloomberg.com,366 771 5707
Emmy,Kerins,Male,ekerinsmx@purevolume.com,860 926 0637
Molly,Batrop,Female,mbatropmy@infoseek.co.jp,448 802 7872
Eddie,Izhakov,Female,eizhakovmz@facebook.com,880 873 4897
Tansy,Colter,Female,tcoltern0@ehow.com,546 200 9131
Sidonia,Elnor,Female,selnorn1@admin.ch,267 714 7710
Loralie,MacGaughey,Female,lmacgaugheyn2@about.com,347 658 7389
Neely,Forker,Female,nforkern3@tuttocitta.it,234 602 4813
Orv,Revel,Male,oreveln4@dot.gov,133 962 9895
Shamus,Aldersley,Male,saldersleyn5@tinyurl.com,602 594 6319
Lissy,Josefer,Female,ljosefern6@newsvine.com,180 141 4214
Eduardo,Reignard,Male,ereignardn7@gnu.org,312 305 9129
Danice,Withur,Female,dwithurn8@desdev.cn,708 104 8428
Kinna,Glayzer,Female,kglayzern9@hp.com,711 784 3026
Artie,Redgrave,Male,aredgravena@nyu.edu,897 870 0845
Marcela,Rackham,Female,mrackhamnb@nationalgeographic.com,378 625 4601
Stan,Yashunin,Male,syashuninnc@lulu.com,862 436 7531
Bee,Meader,Female,bmeadernd@delicious.com,713 811 2353
Virgilio,Menloe,Male,vmenloene@nationalgeographic.com,157 749 5517
Gabi,Jeandon,Male,gjeandonnf@amazon.de,716 491 8909
Claresta,Mayger,Female,cmaygerng@xrea.com,278 272 7126
Lurleen,Maro,Female,lmaronh@google.pl,421 701 9600
Cate,Compston,Female,ccompstonni@sina.com.cn,870 435 9495
Kleon,Vamplus,Male,kvamplusnj@is.gd,151 541 6401
Maridel,Symms,Female,msymmsnk@prlog.org,730 369 2444
Hakim,Gillbee,Male,hgillbeenl@go.com,671 451 0869
Dehlia,Laslett,Female,dlaslettnm@go.com,470 184 6517
Kathleen,Dauney,Female,kdauneynn@moonfruit.com,141 439 5641
Erica,Sermin,Polygender,eserminno@hubpages.com,560 534 7673
Lorin,Sahnow,Male,lsahnownp@tinyurl.com,401 834 1399
Miner,Crispe,Male,mcrispenq@g.co,207 755 6402
Wanda,Rubinsaft,Female,wrubinsaftnr@admin.ch,690 986 9826
Rhodie,Skinley,Genderfluid,rskinleyns@facebook.com,435 296 9999
Darsey,Coning,Female,dconingnt@xinhuanet.com,634 698 3744
Mufinella,Loft,Female,mloftnu@zimbio.com,408 298 4180
Fabien,Empringham,Male,fempringhamnv@narod.ru,942 808 2610
Aviva,Seabon,Female,aseabonnw@go.com,391 844 4595
Lexis,McKennan,Female,lmckennannx@dagondesign.com,765 139 8481
Aveline,Wingatt,Female,awingattny@desdev.cn,969 110 1682
Lettie,Oman,Female,lomannz@epa.gov,501 232 7281
Patience,Jubert,Female,pjuberto0@jalbum.net,858 502 0576
Job,Claypole,Male,jclaypoleo1@wordpress.org,292 942 6135
Briano,Cavee,Male,bcaveeo2@weebly.com,475 448 4359
Hetty,Burns,Female,hburnso3@rediff.com,118 712 2747
Lawton,Boteman,Male,lbotemano4@example.com,599 525 4533
Oby,Golda,Male,ogoldao5@blog.com,248 909 1279
Karim,Le Marchand,Male,klemarchando6@pbs.org,346 898 7232
Amara,Jeppensen,Female,ajeppenseno7@tamu.edu,587 438 3540
Raimundo,Clements,Male,rclementso8@toplist.cz,302 299 1835
Malva,Shrubb,Female,mshrubbo9@unicef.org,989 366 2067
Lucy,Guinnane,Female,lguinnaneoa@blogspot.com,319 830 1635
Nance,Sams,Female,nsamsob@toplist.cz,494 725 5644
De witt,Di Maria,Non-binary,ddimariaoc@phpbb.com,449 512 5130
Roderigo,Domnin,Male,rdomninod@mit.edu,582 157 5806
Cob,Yurivtsev,Agender,cyurivtsevoe@wikispaces.com,969 265 8810
Emerson,Jaspar,Male,ejasparof@myspace.com,784 770 5233
Tull,Kiff,Male,tkiffog@rambler.ru,975 892 7788
Berke,Eason,Male,beasonoh@intel.com,491 380 5746
Virgie,Wardlaw,Female,vwardlawoi@alibaba.com,467 388 7307
Shandy,Brydie,Female,sbrydieoj@jugem.jp,455 876 5100
Gwendolyn,Jacks,Female,gjacksok@cafepress.com,768 197 9822
Norean,Twinterman,Female,ntwintermanol@cnet.com,280 470 7504
Remington,Broxup,Male,rbroxupom@squidoo.com,747 224 0605
Leticia,Luard,Female,lluardon@vimeo.com,424 792 6637
Benjy,Stoving,Male,bstovingoo@nationalgeographic.com,895 872 1621
Briney,Moniker,Female,bmonikerop@google.nl,998 464 8009
Rosanna,Flannery,Female,rflanneryoq@ucoz.com,869 870 7739
Emmit,Plet,Male,epletor@patch.com,503 675 4867
Redd,Patmore,Male,rpatmoreos@biblegateway.com,177 765 1564
Milli,Sictornes,Female,msictornesot@odnoklassniki.ru,588 594 1975
Lynelle,Putman,Female,lputmanou@dion.ne.jp,803 599 2331
Ericha,Teare,Female,eteareov@wikimedia.org,525 572 5117
Bibbie,Bulcroft,Female,bbulcroftow@washington.edu,182 626 8104
Tito,Maraga,Genderfluid,tmaragaox@vinaora.com,879 672 5641
Marlo,Sketchley,Female,msketchleyoy@hao123.com,288 733 8387
Dorian,Burr,Female,dburroz@godaddy.com,680 301 9259
Percy,Lapwood,Male,plapwoodp0@xrea.com,683 416 8668
Jazmin,Russo,Female,jrussop1@chicagotribune.com,485 933 7117
Ailyn,Kilfoyle,Female,akilfoylep2@sogou.com,503 658 1086
Saunders,Trattles,Male,strattlesp3@booking.com,916 552 9319
Jacques,Semens,Male,jsemensp4@cbsnews.com,272 449 2015
Xerxes,Blowes,Male,xblowesp5@odnoklassniki.ru,720 673 4356
Emlyn,Margetson,Male,emargetsonp6@posterous.com,612 313 9327
Rhys,Leebetter,Male,rleebetterp7@rambler.ru,957 781 3255
Ange,Saffran,Male,asaffranp8@mit.edu,426 580 3433
Reg,Hawkshaw,Male,rhawkshawp9@bing.com,587 120 3898
Delly,Cookson,Female,dcooksonpa@discovery.com,780 238 8337
Carly,Thow,Male,cthowpb@virginia.edu,647 356 4647
Ephrem,Hukins,Male,ehukinspc@sfgate.com,508 728 8623
Andra,Skocroft,Female,askocroftpd@narod.ru,100 935 0340
Kirsten,Scotsbrook,Female,kscotsbrookpe@chronoengine.com,597 142 4267
Evelyn,Bolsover,Female,ebolsoverpf@360.cn,581 292 8941
Nerte,Stoakes,Female,nstoakespg@go.com,698 629 4986
Bibby,Halcro,Female,bhalcroph@alexa.com,354 854 0640
Rudy,Loosemore,Male,rloosemorepi@edublogs.org,313 974 3146
Sibley,Oakenfall,Female,soakenfallpj@pcworld.com,486 218 8079
Markus,Geerdts,Male,mgeerdtspk@360.cn,386 699 9960
Channa,Brothers,Female,cbrotherspl@shareasale.com,873 633 0093
Martita,Roser,Female,mroserpm@wix.com,503 611 9635
Don,Pearsall,Polygender,dpearsallpn@unicef.org,212 689 5902
Grenville,Fibbitts,Male,gfibbittspo@sitemeter.com,821 714 3033
Cinnamon,Notton,Female,cnottonpp@paginegialle.it,215 314 4583
Meriel,Matkovic,Female,mmatkovicpq@usnews.com,575 661 2573
Eulalie,Pischof,Female,epischofpr@ebay.co.uk,933 986 1209
Sauncho,Anglish,Male,sanglishps@forbes.com,572 412 1751
Jessey,Karpe,Bigender,jkarpept@reddit.com,225 134 3868
Waylon,Skelhorne,Male,wskelhornepu@networksolutions.com,255 109 9276
Jilleen,Discombe,Female,jdiscombepv@opera.com,534 212 4943
Raviv,Norway,Male,rnorwaypw@angelfire.com,587 939 0986
Roth,Artist,Male,rartistpx@sun.com,394 641 6765
Nikkie,Focke,Female,nfockepy@pen.io,961 981 8508
Arabel,McTrustey,Female,amctrusteypz@discovery.com,901 932 9230
Artemas,Bunyard,Male,abunyardq0@tiny.cc,737 385 1838
Jarib,Rathke,Genderfluid,jrathkeq1@wisc.edu,197 219 7673
Miguel,Leggs,Male,mleggsq2@unblog.fr,560 884 7117
Ogdan,Ferris,Male,oferrisq3@tinyurl.com,739 847 6079
Hirsch,Shanks,Male,hshanksq4@google.com.au,988 379 3608
Leigh,Swadden,Female,lswaddenq5@fema.gov,159 396 1028
Wilton,Dacombe,Male,wdacombeq6@nature.com,633 596 8797
Gustie,Barkway,Female,gbarkwayq7@oracle.com,501 885 1398
Ruperto,Nunes Nabarro,Male,rnunesnabarroq8@ycombinator.com,467 989 7145
Alexine,Cobbled,Female,acobbledq9@dailymotion.com,972 946 7197
Billi,Markovich,Female,bmarkovichqa@ted.com,397 301 8150
Aurthur,Winsome,Male,awinsomeqb@state.gov,112 381 9500
Federico,Ragdale,Male,fragdaleqc@aol.com,754 164 4012
Giustino,Debling,Male,gdeblingqd@xrea.com,963 256 2433
Nollie,Adlington,Male,nadlingtonqe@globo.com,971 268 5128
Hamilton,Priter,Male,hpriterqf@over-blog.com,995 678 2199
Ricca,Ossulton,Female,rossultonqg@yahoo.co.jp,508 396 7177
Clayborne,Smooth,Male,csmoothqh@cisco.com,539 250 7851
Mal,Ponte,Male,mponteqi@msn.com,879 507 6577
Othella,Alderwick,Female,oalderwickqj@php.net,328 126 9449
Wilden,Playford,Male,wplayfordqk@unesco.org,961 366 4304
Cayla,McPharlain,Female,cmcpharlainql@etsy.com,212 983 4655
Darci,Ramos,Female,dramosqm@lycos.com,989 908 8844
Jeniece,Kondratyuk,Polygender,jkondratyukqn@list-manage.com,677 610 9998
Clemmie,Tarplee,Female,ctarpleeqo@microsoft.com,742 406 8730
Emmet,Venners,Male,evennersqp@nasa.gov,828 867 2088
Gabbi,Batchellor,Female,gbatchellorqq@cargocollective.com,733 753 9332
Sanford,Couper,Male,scouperqr@army.mil,321 368 2785
Porty,Shallo,Male,pshalloqs@digg.com,421 646 6255
Filbert,Ten Broek,Male,ftenbroekqt@bluehost.com,713 671 1418
Brinna,Ghest,Female,bghestqu@dedecms.com,118 994 4047
Del,Nias,Non-binary,dniasqv@state.tx.us,905 799 3746
Sharron,Brooksby,Female,sbrooksbyqw@google.co.jp,592 340 4344
Abby,Nail,Male,anailqx@1und1.de,363 420 3863
Rosaline,Manklow,Female,rmanklowqy@edublogs.org,129 233 9608
Bennie,Hurren,Genderfluid,bhurrenqz@google.com,473 750 1687
Kirby,Ellerington,Female,kelleringtonr0@irs.gov,278 616 5979
Marget,Catterall,Female,mcatterallr1@newsvine.com,665 957 2152
Stacy,Eschalotte,Female,seschalotter2@nytimes.com,255 336 9647
Estevan,Pelosi,Male,epelosir3@berkeley.edu,527 641 2895
Ronni,Dotterill,Female,rdotterillr4@blog.com,514 124 4621
Farica,Elson,Female,felsonr5@hao123.com,411 401 0726
Darcie,Dyment,Female,ddymentr6@networksolutions.com,590 565 6998
Hirsch,Fihelly,Male,hfihellyr7@nymag.com,727 330 2546
Bettine,Prester,Female,bpresterr8@google.co.uk,454 308 8747
Ethel,Lambertazzi,Polygender,elambertazzir9@icq.com,720 713 7626
Berk,O' Donohue,Male,bodonohuera@instagram.com,371 788 9901
Dilly,Sawyer,Male,dsawyerrb@wix.com,330 619 5087
Noelle,Wyrill,Female,nwyrillrc@eventbrite.com,703 345 8810
Lodovico,Cohani,Male,lcohanird@wix.com,326 456 6450
Kelli,Doy,Female,kdoyre@php.net,482 502 7167
Starlene,Dikelin,Female,sdikelinrf@geocities.jp,769 974 3181
Oliy,Brailsford,Female,obrailsfordrg@hibu.com,255 196 1235
Myer,Swede,Male,mswederh@epa.gov,469 943 6706
Denice,Deniscke,Female,ddenisckeri@un.org,842 829 6624
Shantee,Grunnill,Female,sgrunnillrj@twitter.com,287 700 3720
Aguie,Kinsey,Genderqueer,akinseyrk@wp.com,244 624 7394
Marten,Morales,Male,mmoralesrl@alexa.com,869 300 4113
Derek,Kirley,Male,dkirleyrm@ehow.com,731 424 1366
Moore,Merriment,Male,mmerrimentrn@wsj.com,891 711 3984
Bunnie,Cottier,Genderfluid,bcottierro@dell.com,511 236 5964
Davey,Garrud,Male,dgarrudrp@stumbleupon.com,988 382 6591
Gray,Tale,Male,gtalerq@arstechnica.com,807 557 2697
Dena,Kulvear,Female,dkulvearrr@vistaprint.com,714 764 2716
