first_name,last_name,gender,email,phone
Giustina,Yashunin,Female,gyashunin0@aol.com,640 140 1411
Drake,Crocker,Male,dcrocker1@earthlink.net,597 310 9169
Zack,Thynn,Agender,zthynn2@devhub.com,516 112 0015
Dania,Bindin,Female,dbindin3@mediafire.com,481 532 6829
Madison,Glassman,Male,mglassman4@weebly.com,907 465 3820
Zebadiah,Litt,Male,zlitt5@youku.com,716 743 4968
Valry,Fardy,Female,vfardy6@blinklist.com,353 332 5032
Miguelita,Fernan,Female,mfernan7@youku.com,711 542 4137
Terri,Hugo,Female,thugo8@answers.com,477 292 8615
Reggis,Oakeby,Bigender,roakeby9@buzzfeed.com,553 441 3139
Aubry,Merrigan,Female,amerrigana@toplist.cz,613 421 3954
Jenn,Vinall,Female,jvinallb@wikispaces.com,535 273 0881
Lisbeth,Collie,Polygender,lcolliec@amazon.com,132 844 2269
Elyse,Reinger,Female,ereingerd@cnet.com,232 837 9626
Evyn,Parsall,Male,eparsalle@prlog.org,972 923 2570
Esme,Faunch,Female,efaunchf@columbia.edu,882 745 6618
Janis,Wissbey,Female,jwissbeyg@surveymonkey.com,757 853 8171
Reuben,Pracy,Male,rpracyh@purevolume.com,310 494 4579
Pren,Gierke,Bigender,pgierkei@arizona.edu,507 385 4508
Shay,Slewcock,Male,sslewcockj@sakura.ne.jp,648 737 2819
Uta,Lindenbluth,Female,ulindenbluthk@npr.org,195 729 5993
Brittney,Brotherton,Female,bbrothertonl@java.com,706 933 7787
Artemas,Carl,Male,acarlm@unc.edu,483 272 5663
Hall,Hyndson,Male,hhyndsonn@privacy.gov.au,653 503 3387
Milo,Condon,Male,mcondono@bbb.org,904 468 8958
Austin,Ohrtmann,Female,aohrtmannp@marriott.com,599 698 1648
Ellis,Povele,Male,epoveleq@prnewswire.com,261 345 3362
Lavinia,Quogan,Female,lquoganr@pagesperso-orange.fr,639 181 7644
Otis,Benda,Male,obendas@unicef.org,702 529 6729
Wally,Toquet,Male,wtoquett@house.gov,743 340 1271
Jillene,Bolstridge,Female,jbolstridgeu@businesswire.com,295 274 0618
Cletis,Olivet,Male,colivetv@chicagotribune.com,616 921 2813
Marsiella,Thomassen,Female,mthomassenw@ycombinator.com,344 736 3312
Bea,Heimann,Bigender,bheimannx@printfriendly.com,711 347 4673
Mareah,Moulton,Agender,mmoultony@multiply.com,176 948 7477
Tremayne,Lube,Male,tlubez@newsvine.com,359 946 0794
Coralie,Tremayle,Female,ctremayle10@cam.ac.uk,594 495 1521
Bobine,O'Dougherty,Bigender,bodougherty11@t-online.de,507 171 8061
Brunhilde,Southgate,Female,bsouthgate12@ox.ac.uk,727 486 1027
Osbert,Pennycook,Male,opennycook13@archive.org,930 834 9705
Aeriell,Oda,Female,aoda14@meetup.com,347 165 0594
Ronny,Sliney,Male,rsliney15@nba.com,797 248 5041
Carney,Britian,Male,cbritian16@mail.ru,378 354 7242
Clarisse,Halpine,Female,chalpine17@dyndns.org,500 871 7708
Maxwell,Dabling,Bigender,mdabling18@edublogs.org,689 151 8303
Filippo,Horry,Male,fhorry19@wikispaces.com,261 104 8272
Barbara-anne,Wyeld,Female,bwyeld1a@phoca.cz,147 507 8510
Reese,Byneth,Male,rbyneth1b@webnode.com,243 677 9304
Earvin,McCarlich,Male,emccarlich1c@amazon.de,482 852 1635
Syd,Bateup,Male,sbateup1d@cnet.com,321 526 0794
Aubrey,Wrench,Female,awrench1e@youtu.be,410 944 4869
Lyndy,Ropking,Female,lropking1f@indiatimes.com,286 185 3307
Kirby,Pashbee,Female,kpashbee1g@hexun.com,278 676 4531
Traver,Mottershead,Male,tmottershead1h@booking.com,570 438 1507
Nanette,Dyte,Non-binary,ndyte1i@shareasale.com,848 197 3808
Nessa,Colls,Female,ncolls1j@about.me,612 150 4771
Toby,Haglinton,Female,thaglinton1k@google.com,372 985 6542
Wilton,Gilham,Male,wgilham1l@ucoz.com,571 147 3856
Melantha,Syncke,Female,msyncke1m@boston.com,147 654 7171
Kylynn,Cabena,Female,kcabena1n@woothemes.com,581 868 4956
Wynny,Winslet,Female,wwinslet1o@photobucket.com,557 771 5031
Addison,Dennick,Male,adennick1p@nifty.com,251 955 5451
Berni,Ambrosch,Female,bambrosch1q@bbb.org,921 442 3415
Auguste,Necolds,Female,anecolds1r@1und1.de,194 795 2914
Ivy,Vautin,Female,ivautin1s@about.me,829 570 5247
Amitie,Drummer,Female,adrummer1t@amazon.co.uk,425 249 7731
Madelle,MacAnelley,Female,mmacanelley1u@multiply.com,389 570 8814
Rachele,Buffey,Female,rbuffey1v@netlog.com,154 451 9059
Chris,Borit,Male,cborit1w@mysql.com,365 840 4867
Joy,Barden,Female,jbarden1x@gravatar.com,196 647 6575
Dougy,Conningham,Male,dconningham1y@bloomberg.com,133 193 0022
Vladimir,Udden,Male,vudden1z@nbcnews.com,709 507 0647
Alexia,Cranney,Female,acranney20@godaddy.com,482 784 0349
Lynnette,Yerbury,Female,lyerbury21@rediff.com,924 236 8911
Buiron,Agastina,Male,bagastina22@issuu.com,844 685 2641
Bryna,Carle,Female,bcarle23@newsvine.com,597 182 0753
Garald,Sexten,Male,gsexten24@weather.com,116 247 7954
Hill,Hayland,Male,hhayland25@google.nl,899 448 6353
Zebedee,Mowatt,Male,zmowatt26@eepurl.com,496 417 7014
Tallou,Cheney,Female,tcheney27@w3.org,760 392 8670
Alfred,Huband,Male,ahuband28@disqus.com,652 715 9009
Brietta,Rykert,Female,brykert29@senate.gov,334 577 4906
Waldo,Kemster,Male,wkemster2a@reverbnation.com,623 248 5620
Radcliffe,Meuse,Male,rmeuse2b@a8.net,256 217 8783
Atalanta,Gretham,Female,agretham2c@foxnews.com,800 747 5660
Ivar,Dregan,Male,idregan2d@boston.com,192 955 4974
Allistir,Lambert,Male,alambert2e@csmonitor.com,883 934 6093
Barbara,Marcinkus,Female,bmarcinkus2f@ted.com,390 463 0733
Rasia,Stuchbury,Female,rstuchbury2g@google.pl,572 562 4437
Ruby,Barnett,Male,rbarnett2h@wunderground.com,202 201 1952
Pembroke,Astill,Male,pastill2i@opera.com,419 148 7802
Michel,Assiter,Female,massiter2j@usda.gov,763 342 8398
Pippa,Fearnall,Female,pfearnall2k@globo.com,628 561 5607
Gian,Rosenfrucht,Non-binary,grosenfrucht2l@dion.ne.jp,512 962 1629
Dasi,Ocheltree,Female,docheltree2m@yandex.ru,214 598 4705
Corrie,Medendorp,Female,cmedendorp2n@oracle.com,506 453 1331
Mendel,Rourke,Male,mrourke2o@earthlink.net,960 225 7557
Mersey,Gawke,Non-binary,mgawke2p@unc.edu,764 482 9630
Engelbert,Brooksbank,Male,ebrooksbank2q@yale.edu,595 268 6834
Teresa,Cawson,Female,tcawson2r@mysql.com,256 529 8883
Karlyn,Neem,Polygender,kneem2s@cnbc.com,960 182 2932
Briant,Gosart,Male,bgosart2t@soup.io,873 580 3500
Hobart,Mallatratt,Male,hmallatratt2u@nsw.gov.au,701 220 2037
Lucho,Lippatt,Genderqueer,llippatt2v@dell.com,103 670 3072
Tobi,Marquess,Female,tmarquess2w@yandex.ru,282 912 2526
Chen,Aleksandrov,Male,caleksandrov2x@prnewswire.com,871 159 8140
Borden,Titterell,Male,btitterell2y@arstechnica.com,483 956 8687
Athena,Govey,Female,agovey2z@yahoo.co.jp,421 686 3458
Fredek,Pettett,Male,fpettett30@buzzfeed.com,990 975 8722
Patrizius,Lindsley,Male,plindsley31@1688.com,960 542 5829
Trixi,Float,Female,tfloat32@geocities.com,317 565 2972
Guilbert,Leare,Male,gleare33@amazon.com,429 433 6810
Tate,Iliffe,Male,tiliffe34@usgs.gov,119 957 1980
Shara,Glen,Female,sglen35@china.com.cn,789 930 2002
Sibylle,Houlson,Agender,shoulson36@nydailynews.com,879 745 9950
Mendel,Keavy,Male,mkeavy37@tripadvisor.com,229 533 0479
Rupert,Brabon,Non-binary,rbrabon38@usgs.gov,771 664 7634
Hobard,McGilleghole,Male,hmcgilleghole39@comsenz.com,271 185 8621
Hersh,Oulet,Male,houlet3a@wordpress.org,503 214 1170
Vivianna,Collin,Female,vcollin3b@telegraph.co.uk,314 700 9737
Bruce,Dibdin,Male,bdibdin3c@geocities.com,771 464 6773
Conrad,Jeratt,Male,cjeratt3d@gravatar.com,383 926 8547
Susan,Gronav,Female,sgronav3e@friendfeed.com,744 769 8116
Queenie,Dominguez,Female,qdominguez3f@alexa.com,131 763 6815
Dore,Dikelin,Male,ddikelin3g@cpanel.net,640 422 0724
Alex,Rosengart,Male,arosengart3h@techcrunch.com,516 869 1027
Dehlia,Glasgow,Female,dglasgow3i@examiner.com,781 468 3759
Kermy,Stinson,Male,kstinson3j@zimbio.com,331 696 3666
Veradis,Achromov,Female,vachromov3k@digg.com,850 873 5089
Linette,Gawn,Female,lgawn3l@pen.io,638 568 3864
Gaspard,Cambling,Male,gcambling3m@microsoft.com,402 874 0992
Melesa,Clute,Female,mclute3n@clickbank.net,106 245 8900
Ennis,Godbehere,Genderqueer,egodbehere3o@amazon.co.uk,707 627 6288
Margarita,Metzel,Female,mmetzel3p@japanpost.jp,317 672 4586
Kristien,Jopp,Bigender,kjopp3q@bloglines.com,409 268 9791
Olympe,Corby,Genderqueer,ocorby3r@eepurl.com,201 626 2374
Lynette,Dewerson,Female,ldewerson3s@over-blog.com,814 636 7982
Claybourne,Beatens,Male,cbeatens3t@plala.or.jp,194 838 8419
Abdul,Pimley,Male,apimley3u@ca.gov,247 925 1906
Gussi,Heliot,Female,gheliot3v@blog.com,304 692 6669
Grannie,Lehrer,Male,glehrer3w@ucsd.edu,691 446 7152
Celestia,La Rosa,Female,clarosa3x@senate.gov,315 118 0070
Elonore,Povele,Genderfluid,epovele3y@telegraph.co.uk,900 954 4913
Jonell,Grayer,Bigender,jgrayer3z@who.int,613 774 2164
Byrann,Bartocci,Male,bbartocci40@exblog.jp,277 653 0255
Ade,Kolodziej,Male,akolodziej41@whitehouse.gov,310 658 1688
Tandie,Glaum,Female,tglaum42@google.fr,531 454 8380
Meredith,Maryan,Female,mmaryan43@squarespace.com,434 934 1174
Laurena,Smeuin,Female,lsmeuin44@chron.com,716 862 1994
Rodger,Leman,Male,rleman45@home.pl,664 913 3970
Maurice,Krolman,Male,mkrolman46@hud.gov,312 951 6313
Auberon,Pinkett,Male,apinkett47@edublogs.org,931 313 6606
Dory,Roncelli,Female,droncelli48@sciencedirect.com,465 254 6753
Billy,Ossenna,Male,bossenna49@feedburner.com,620 199 3120
Karina,Prestner,Female,kprestner4a@yahoo.com,269 151 3396
Franny,Tanser,Male,ftanser4b@feedburner.com,525 558 4497
Putnem,Habbershon,Male,phabbershon4c@cyberchimps.com,900 741 5482
Vivi,Breeds,Female,vbreeds4d@discuz.net,289 486 3756
Bunnie,Cloake,Female,bcloake4e@about.com,435 789 4897
Roman,Skelhorn,Male,rskelhorn4f@creativecommons.org,206 881 7632
Essa,Hewertson,Female,ehewertson4g@icio.us,194 634 4170
Pepita,Grady,Female,pgrady4h@go.com,824 573 8364
Aldis,Alabaster,Male,aalabaster4i@a8.net,544 746 9290
Dede,Fitzsimmons,Female,dfitzsimmons4j@abc.net.au,928 130 6514
Erin,Loughman,Male,eloughman4k@dot.gov,142 360 0004
Charlot,Vasyutochkin,Female,cvasyutochkin4l@reuters.com,143 945 9952
Almira,Missington,Non-binary,amissington4m@opensource.org,716 565 4901
Joseph,Spileman,Male,jspileman4n@huffingtonpost.com,570 224 0594
Mara,Sier,Female,msier4o@yahoo.com,133 705 9554
Agnes,Zuan,Female,azuan4p@redcross.org,436 577 4094
Richmound,Brassill,Male,rbrassill4q@furl.net,321 404 2102
Alfie,Rastrick,Polygender,arastrick4r@csmonitor.com,547 492 3133
Burgess,Easterbrook,Agender,beasterbrook4s@whitehouse.gov,804 145 1223
Bonnibelle,Bothams,Female,bbothams4t@tumblr.com,588 607 2292
Thatch,Maskill,Male,tmaskill4u@amazon.com,383 558 4470
Ignaz,MacLaverty,Male,imaclaverty4v@comsenz.com,516 626 2409
Mariana,McNeigh,Female,mmcneigh4w@networksolutions.com,647 787 8406
Sigismondo,Cammoile,Male,scammoile4x@google.de,815 740 0219
Cele,Ousley,Female,cousley4y@baidu.com,597 112 1090
Tiffie,Gregorin,Female,tgregorin4z@aol.com,331 939 7858
Connor,Eager,Male,ceager50@dion.ne.jp,369 943 6693
Trudi,Hawarden,Female,thawarden51@uiuc.edu,942 628 1132
Henrik,Chisman,Male,hchisman52@hubpages.com,480 794 8446
Lazarus,Fewless,Male,lfewless53@cnet.com,191 245 5791
Ivy,Nickerson,Female,inickerson54@lulu.com,575 890 1467
Winonah,Wayte,Non-binary,wwayte55@admin.ch,749 898 1975
Lissa,Crosio,Genderfluid,lcrosio56@jimdo.com,872 385 1435
Alicia,Kwiek,Female,akwiek57@csmonitor.com,994 709 4881
Neely,Hawkeridge,Female,nhawkeridge58@arizona.edu,593 812 0740
Bartolomeo,Aggas,Male,baggas59@example.com,613 356 3011
Rodolph,Jarley,Male,rjarley5a@cam.ac.uk,762 353 5480
Calv,McGray,Bigender,cmcgray5b@howstuffworks.com,991 564 0862
Valentin,Posen,Male,vposen5c@nhs.uk,560 643 6605
Gardiner,Colombier,Male,gcolombier5d@vimeo.com,671 926 3575
Wain,Evenden,Male,wevenden5e@google.cn,525 222 7096
Pierre,Daburn,Male,pdaburn5f@baidu.com,775 370 2448
Katy,Songust,Female,ksongust5g@twitter.com,904 798 4645
Blinni,Giovannacc@i,Female,bgiovannacci5h@oakley.com,120 423 3747
Bertha,Valerius,Female,bvalerius5i@nps.gov,800 395 5336
Burg,Ridings,Male,bridings5j@weibo.com,301 479 5800
Natka,Jandel,Agender,njandel5k@hexun.com,812 826 5968
Keely,Lurriman,Female,klurriman5l@friendfeed.com,515 121 2103
Rosina,Betho,Female,rbetho5m@reuters.com,834 226 1377
Susanna,Attew,Female,sattew5n@lulu.com,560 224 9379
Umberto,Furmenger,Male,ufurmenger5o@parallels.com,157 550 1870
Germain,Quan,Male,gquan5p@canalblog.com,262 556 2877
Kandy,Bruckshaw,Female,kbruckshaw5q@reddit.com,375 602 3725
Rois,Deport,Female,rdeport5r@tumblr.com,157 618 1396
Mindy,Lepick,Female,mlepick5s@ow.ly,219 955 0023
Fidole,Astupenas,Male,fastupenas5t@icq.com,655 914 1428
Peg,Halliburton,Female,phalliburton5u@dagondesign.com,890 360 5631
Starla,Siveter,Female,ssiveter5v@artisteer.com,323 562 0599
Renault,Goolden,Male,rgoolden5w@pbs.org,807 634 1943
Teddie,Shawcroft,Female,tshawcroft5x@cloudflare.com,236 317 9490
Storm,Limbrick,Female,slimbrick5y@cornell.edu,309 390 2801
Barton,Kilvington,Male,bkilvington5z@walmart.com,143 615 8228
Reade,Chessman,Male,rchessman60@skype.com,448 741 1777
Gard,Thirwell,Male,gthirwell61@twitter.com,855 288 9731
Karlotte,Evers,Polygender,kevers62@canalblog.com,130 154 3819
Park,Tuohy,Male,ptuohy63@bravesites.com,961 197 0012
Thadeus,Bienvenu,Male,tbienvenu64@squarespace.com,562 623 2883
Farrell,Rowlinson,Male,frowlinson65@hc360.com,970 702 9131
Hermine,Muldownie,Female,hmuldownie66@mit.edu,391 717 7504
Bettina,Hargreves,Female,bhargreves67@homestead.com,697 636 7244
Adore,Hazelton,Female,ahazelton68@mysql.com,163 218 0630
Bernadina,Cosson,Female,bcosson69@blog.com,334 174 7587
Wells,Giorgiutti,Male,wgiorgiutti6a@desdev.cn,583 508 4168
Rayna,Yannoni,Polygender,ryannoni6b@bloglovin.com,964 168 5000
Nataline,Garling,Female,ngarling6c@privacy.gov.au,324 487 6452
Daisi,Suttell,Female,dsuttell6d@wix.com,905 500 7400
Ella,Becerro,Female,ebecerro6e@google.de,538 825 1750
Jessie,Brunelleschi,Female,jbrunelleschi6f@digg.com,716 357 2371
Maxwell,Gras,Male,mgras6g@europa.eu,152 329 4329
Mallory,Eastman,Female,meastman6h@irs.gov,584 945 7961
Rutter,Oloshin,Male,roloshin6i@twitter.com,645 921 7003
Avery,Blakeley,Male,ablakeley6j@sakura.ne.jp,796 414 5068
Alexio,Curd,Male,acurd6k@ocn.ne.jp,135 962 9675
Ruperto,Matuszinski,Male,rmatuszinski6l@reference.com,727 482 2908
Noll,Bullas,Male,nbullas6m@unc.edu,246 693 6900
Nigel,McKomb,Male,nmckomb6n@wikipedia.org,153 464 5277
Hildagard,Saylor,Polygender,hsaylor6o@t.co,825 228 1363
Constancy,Edler,Female,cedler6p@google.de,604 374 5720
Othelia,Agates,Female,oagates6q@webs.com,157 368 9921
Salli,Flohard,Female,sflohard6r@ibm.com,187 950 1829
Spence,Crossdale,Male,scrossdale6s@storify.com,685 550 7531
Mordecai,Klaesson,Male,mklaesson6t@netscape.com,687 810 2683
Kenneth,Baunton,Male,kbaunton6u@newsvine.com,504 455 3956
Binny,Monan,Female,bmonan6v@spiegel.de,865 203 0917
Jackie,Daburn,Male,jdaburn6w@deviantart.com,529 266 7985
Cari,Manilo,Female,cmanilo6x@newsvine.com,155 489 0744
Viole,Hanscomb,Female,vhanscomb6y@e-recht24.de,404 854 5726
Anselm,Shelton,Male,ashelton6z@soup.io,435 371 2996
Giulio,Trendle,Genderfluid,gtrendle70@instagram.com,116 928 5445
Darcee,Lumsdale,Female,dlumsdale71@shutterfly.com,937 844 1212
Nathalie,Baldocci,Agender,nbaldocci72@hc360.com,115 400 9897
Marilee,Dunwoody,Female,mdunwoody73@ed.gov,998 246 4784
Coral,Gribben,Female,cgribben74@scribd.com,301 888 9592
Luisa,MacDonald,Female,lmacdonald75@yolasite.com,641 994 6223
Arlene,Sprowell,Female,asprowell76@trellian.com,533 410 6059
Kathie,Quantrell,Female,kquantrell77@google.pl,806 731 0629
Mike,Beetles,Male,mbeetles78@netscape.com,136 993 4002
Martyn,Dessant,Male,mdessant79@sfgate.com,973 487 0830
Lorri,Bolesworth,Female,lbolesworth7a@delicious.com,333 416 9380
Alleyn,Scrowton,Male,ascrowton7b@livejournal.com,765 917 7769
Gearalt,Yakunkin,Male,gyakunkin7c@bigcartel.com,872 982 6366
Ruthann,Diemer,Female,rdiemer7d@hao123.com,245 852 8791
Bartholomeus,Graeber,Male,bgraeber7e@eventbrite.com,417 287 3111
Aeriell,Barg,Female,abarg7f@slate.com,398 546 3584
Donnell,Risson,Male,drisson7g@sphinn.com,147 117 8431
Adrienne,Guiot,Female,aguiot7h@theguardian.com,541 620 4321
Ulrica,Antram,Female,uantram7i@gov.uk,960 370 9527
Henrietta,Trickett,Female,htrickett7j@mtv.com,949 317 1965
Dory,Humphries,Female,dhumphries7k@howstuffworks.com,714 742 8367
Hussein,Bolan,Male,hbolan7l@loc.gov,699 959 8902
Ron,Middler,Male,rmiddler7m@yandex.ru,498 910 7145
Calida,Greenleaf,Female,cgreenleaf7n@networksolutions.com,667 250 4860
Dannie,Gamble,Male,dgamble7o@usnews.com,326 739 4637
Cornelius,Barraclough,Male,cbarraclough7p@ox.ac.uk,450 864 9107
Ryon,Riggey,Male,rriggey7q@list-manage.com,438 358 8816
Mal,Cardinal,Male,mcardinal7r@facebook.com,765 275 7230
Leola,Boner,Genderfluid,lboner7s@xing.com,668 163 8091
Brody,Choffin,Male,bchoffin7t@usda.gov,113 775 2585
Andrea,Giacomoni,Female,agiacomoni7u@cloudflare.com,211 987 3617
Jenny,Dicky,Female,jdicky7v@tinypic.com,823 425 2563
Karissa,Schultze,Female,kschultze7w@aboutads.info,296 550 8232
Lacee,Stripp,Female,lstripp7x@t-online.de,298 345 7312
Teresa,Nowakowska,Female,tnowakowska7y@altervista.org,598 347 2178
Ulises,Ioselevich,Male,uioselevich7z@delicious.com,903 685 7218
Marsh,Spoure,Male,mspoure80@weibo.com,922 141 7361
Barclay,Reach,Male,breach81@hao123.com,298 494 2104
Conan,Pancoast,Male,cpancoast82@hp.com,538 116 4363
Joela,Di Dello,Female,jdidello83@unblog.fr,984 876 4051
Neala,Harbottle,Female,nharbottle84@wordpress.org,195 148 8346
Lorri,Clementson,Female,lclementson85@amazon.co.uk,892 307 6780
Joe,Petegree,Male,jpetegree86@chron.com,177 955 2614
Yasmeen,Quemby,Female,yquemby87@histats.com,644 976 5691
Biron,Beart,Male,bbeart88@microsoft.com,909 904 8102
Casey,Wilcockes,Male,cwilcockes89@xrea.com,513 307 0314
Emlen,Scoles,Male,escoles8a@umn.edu,762 754 1724
Ellissa,Hallybone,Female,ehallybone8b@mozilla.com,954 533 9970
Brody,Tatlowe,Male,btatlowe8c@wisc.edu,255 641 2174
Morry,Asbury,Male,masbury8d@feedburner.com,850 877 3549
Scarlet,Gilffillan,Female,sgilffillan8e@mozilla.org,180 248 3406
Seline,O'Quin,Female,soquin8f@i2i.jp,664 799 1073
Odelia,Raubenheim,Female,oraubenheim8g@github.io,996 554 8405
Filide,Bromage,Non-binary,fbromage8h@businessweek.com,480 216 9665
Isak,Conti,Male,iconti8i@amazonaws.com,202 952 6469
Moyna,Gorgl,Female,mgorgl8j@state.gov,570 186 7649
April,Marsh,Female,amarsh8k@tripadvisor.com,179 435 2860
Mignonne,Houlson,Female,mhoulson8l@woothemes.com,974 942 7621
Quinta,Blewett,Female,qblewett8m@icio.us,208 408 1203
Cherry,Blythin,Female,cblythin8n@nbcnews.com,396 618 5156
Joaquin,Innocent,Male,jinnocent8o@chron.com,422 642 6968
Anne-corinne,Fontell,Female,afontell8p@shop-pro.jp,116 398 7671
Judah,Le febre,Male,jlefebre8q@live.com,843 863 6300
Tremayne,Smeed,Male,tsmeed8r@auda.org.au,861 980 5786
Michell,Gosalvez,Female,mgosalvez8s@kickstarter.com,792 372 6960
Quincey,Redmond,Bigender,qredmond8t@mediafire.com,503 641 9778
Anissa,Haug,Female,ahaug8u@yelp.com,326 796 1790
Alida,Rubroe,Bigender,arubroe8v@bbb.org,384 556 9977
Lavinie,McGuckin,Female,lmcguckin8w@flavors.me,840 183 5902
Kaile,Leakner,Female,kleakner8x@go.com,791 484 9347
Babette,Milksop,Female,bmilksop8y@amazon.co.uk,539 305 7003
Kamillah,Sidlow,Female,ksidlow8z@ibm.com,428 784 0040
Dudley,Healks,Male,dhealks90@weibo.com,642 413 6190
Dasha,Molesworth,Female,dmolesworth91@earthlink.net,997 978 1039
Armin,Vecard,Male,avecard92@homestead.com,853 309 6468
Cristian,Greathead,Male,cgreathead93@ebay.co.uk,223 718 5605
Korey,Meikle,Genderqueer,kmeikle94@google.it,486 655 9799
Jayson,Golbourn,Male,jgolbourn95@blogger.com,649 273 1796
Holly-anne,Benthall,Female,hbenthall96@fastcompany.com,513 470 2256
Hephzibah,Szubert,Female,hszubert97@mozilla.com,673 474 7560
Davida,Scutchings,Female,dscutchings98@163.com,898 706 9780
Tove,Yewdall,Polygender,tyewdall99@zimbio.com,606 788 7530
Hartwell,Burleton,Male,hburleton9a@usda.gov,639 827 4574
Janene,Darcy,Female,jdarcy9b@ask.com,104 811 9967
Berti,Dyment,Male,bdyment9c@economist.com,207 411 9009
Benjamen,Verdy,Male,bverdy9d@ucla.edu,292 611 6312
Melisent,Spendlove,Female,mspendlove9e@youtube.com,608 632 2256
Coletta,Lindro,Female,clindro9f@stumbleupon.com,898 165 2628
Erminie,Evangelinos,Female,eevangelinos9g@blogger.com,810 658 7355
Saree,Lidgard,Female,slidgard9h@is.gd,858 663 3216
Isaiah,Latchford,Male,ilatchford9i@vistaprint.com,701 568 5467
Aindrea,Goff,Female,agoff9j@i2i.jp,608 682 7015
Mariele,Fettis,Female,mfettis9k@blinklist.com,186 466 8994
Anne-marie,McClure,Female,amcclure9l@si.edu,934 572 1960
Malvina,Gerlts,Female,mgerlts9m@elegantthemes.com,610 444 0033
Risa,Filipowicz,Female,rfilipowicz9n@tiny.cc,637 348 6548
Brice,Landells,Male,blandells9o@hud.gov,784 270 1421
Karl,O'Nolan,Male,konolan9p@washington.edu,810 791 4996
Heida,Caunce,Female,hcaunce9q@last.fm,692 847 9182
Royce,Ochterlonie,Male,rochterlonie9r@vk.com,865 994 8999
Oliy,Beggini,Female,obeggini9s@amazon.co.jp,799 130 2610
Doralynn,Pettingill,Female,dpettingill9t@nature.com,240 648 7058
Fan,Fraanchyonok,Female,ffraanchyonok9u@wikispaces.com,356 710 9669
Care,Garmey,Male,cgarmey9v@w3.org,380 334 8929
Tyler,Bath,Male,tbath9w@free.fr,400 638 6511
Sheppard,Casone,Male,scasone9x@cloudflare.com,725 892 0152
Temple,Rickwood,Male,trickwood9y@acquirethisname.com,924 548 3778
Osbourn,Powe,Male,opowe9z@dagondesign.com,352 718 8850
Clare,Causley,Male,ccausleya0@umn.edu,127 964 9502
Nerissa,Wharrier,Female,nwharriera1@hubpages.com,792 825 1735
Ashlin,Halstead,Male,ahalsteada2@mozilla.com,224 399 3242
Pet,Arch,Female,parcha3@ycombinator.com,286 160 9734
Terri,Fancet,Male,tfanceta4@artisteer.com,336 411 7647
Daniela,Joannet,Female,djoanneta5@wordpress.org,709 390 9198
Geoffry,Syder,Male,gsydera6@loc.gov,758 857 9729
Freedman,Auchinleck,Male,fauchinlecka7@google.com.au,830 134 0075
Moritz,Voaden,Male,mvoadena8@geocities.jp,664 649 4301
Kennan,Barcke,Male,kbarckea9@whitehouse.gov,941 884 7619
Odele,Hutcheon,Female,ohutcheonaa@msn.com,984 219 8623
Sayers,Wilfinger,Male,swilfingerab@usa.gov,719 447 4461
Hyacinthe,Probyn,Polygender,hprobynac@unblog.fr,513 520 7202
Arlan,Knobell,Male,aknobellad@zimbio.com,325 542 4864
Thoma,Sweetnam,Male,tsweetnamae@purevolume.com,852 734 5904
Jedediah,Gilstin,Male,jgilstinaf@goo.gl,951 595 3721
Aprilette,Favela,Female,afavelaag@example.com,134 729 8330
Van,Petrolli,Male,vpetrolliah@reddit.com,801 565 5142
Katuscha,Wallace,Genderqueer,kwallaceai@google.de,922 563 8621
Donn,Gurys,Non-binary,dgurysaj@xinhuanet.com,313 900 6237
Ado,Dargue,Male,adargueak@w3.org,406 142 1682
Ollie,Caghy,Female,ocaghyal@examiner.com,508 347 9799
Jarid,Keig,Male,jkeigam@mysql.com,696 732 7107
Selma,Harrington,Female,sharringtonan@dedecms.com,830 364 9765
Caye,Peskin,Female,cpeskinao@skype.com,496 803 6413
Wilt,Sexty,Male,wsextyap@deliciousdays.com,282 457 4447
D'arcy,Dorkens,Male,ddorkensaq@pbs.org,113 205 7779
Lindsy,Temperton,Female,ltempertonar@umn.edu,810 242 4097
Emlen,Shrieves,Male,eshrievesas@barnesandnoble.com,360 609 0915
Crichton,Feavearyear,Male,cfeavearyearat@yahoo.co.jp,517 524 2551
Ami,Tudball,Female,atudballau@usgs.gov,126 307 5309
Tania,Climo,Bigender,tclimoav@goo.ne.jp,828 449 8579
Reuven,Hove,Male,rhoveaw@berkeley.edu,779 823 9859
Kerrie,Corrett,Female,kcorrettax@soup.io,205 254 4051
Essy,Brach,Female,ebrachay@economist.com,710 751 2734
Veradis,Claypool,Female,vclaypoolaz@tinypic.com,716 584 4317
Lydie,Detoc,Female,ldetocb0@goo.gl,779 533 6870
Rodney,Besque,Male,rbesqueb1@a8.net,103 724 1689
Kirsti,Platts,Female,kplattsb2@paginegialle.it,222 719 2749
Keely,Choake,Female,kchoakeb3@house.gov,314 269 7146
Irene,Drakeford,Genderfluid,idrakefordb4@state.tx.us,644 855 9824
Sonnnie,Kybbye,Female,skybbyeb5@imageshack.us,645 366 9362
Zedekiah,Baughan,Male,zbaughanb6@ocn.ne.jp,555 383 1774
Twila,Smallpeace,Female,tsmallpeaceb7@eepurl.com,193 206 2248
Efrem,Verey,Male,evereyb8@abc.net.au,861 584 7416
Flory,Pavier,Female,fpavierb9@fc2.com,930 513 4757
Hy,Carus,Male,hcarusba@youtube.com,596 124 1445
Olivero,Castledine,Male,ocastledinebb@accuweather.com,331 474 8757
Frederik,Wrightim,Male,fwrightimbc@un.org,353 856 9421
Madella,Bilston,Female,mbilstonbd@ftc.gov,796 197 0996
Stirling,Faiers,Genderqueer,sfaiersbe@seesaa.net,712 825 7903
Bern,Marages,Male,bmaragesbf@independent.co.uk,741 100 4664
Michal,Ottewell,Female,mottewellbg@csmonitor.com,568 186 0115
Doralynn,Pauletto,Female,dpaulettobh@stanford.edu,519 979 7409
Chrysa,Batalini,Female,cbatalinibi@fotki.com,505 527 5224
Monica,Fogt,Female,mfogtbj@wix.com,735 858 6476
Reggy,Pote,Male,rpotebk@netscape.com,146 750 8908
Bay,Jakovijevic,Male,bjakovijevicbl@unicef.org,291 367 0348
Chevalier,Senten,Male,csentenbm@omniture.com,221 265 8213
Basile,Coutthart,Male,bcoutthartbn@moonfruit.com,541 164 5014
Arman,Lannin,Male,alanninbo@amazonaws.com,258 168 4625
Deanne,Claire,Female,dclairebp@nasa.gov,145 761 9116
Giffard,Cheetam,Male,gcheetambq@jimdo.com,776 691 2262
Corrina,Ketteringham,Genderfluid,cketteringhambr@hud.gov,226 988 3467
Kelbee,Sandells,Male,ksandellsbs@desdev.cn,876 511 2322
Claus,Leipold,Agender,cleipoldbt@cafepress.com,952 117 2614
Alina,Burger,Female,aburgerbu@themeforest.net,491 695 8183
Alexis,Dunrige,Male,adunrigebv@phpbb.com,770 482 2698
Lewiss,Panchin,Male,lpanchinbw@about.me,206 571 5093
Leslie,Sollett,Female,lsollettbx@cbsnews.com,285 633 1708
Michell,Staddom,Female,mstaddomby@wiley.com,942 657 5228
Clotilda,Rosendall,Female,crosendallbz@google.com.hk,385 179 6985
Lida,Antoniottii,Female,lantoniottiic0@zimbio.com,470 677 3476
Roman,Iczokvitz,Genderqueer,riczokvitzc1@php.net,115 807 0055
Frazier,Cheshire,Male,fcheshirec2@netlog.com,957 786 2592
Leanna,Oven,Female,lovenc3@netscape.com,698 471 2972
Codee,Segot,Female,csegotc4@nhs.uk,191 914 3068
Ailyn,Malim,Bigender,amalimc5@livejournal.com,402 458 2082
Ashlie,Bang,Female,abangc6@naver.com,369 835 0589
Dimitry,Aggus,Male,daggusc7@so-net.ne.jp,359 631 0803
Hirsch,Comiam,Male,hcomiamc8@wired.com,790 236 0200
Katy,Padrick,Female,kpadrickc9@imageshack.us,913 281 8742
Gill,Cramp,Male,gcrampca@macromedia.com,512 193 5663
Gualterio,Alvares,Male,galvarescb@domainmarket.com,870 550 9632
Horatia,Bortoloni,Female,hbortolonicc@kickstarter.com,715 353 8070
Shep,Robke,Agender,srobkecd@china.com.cn,273 407 5118
Phip,Vince,Male,pvincece@360.cn,229 648 0368
Ernesto,Eplett,Male,eeplettcf@noaa.gov,482 953 3234
Carin,Colegate,Genderqueer,ccolegatecg@hao123.com,163 520 0911
Ashby,Kenington,Male,akeningtonch@yelp.com,322 142 3705
Tresa,Augustine,Female,taugustineci@purevolume.com,929 100 5610
Fleurette,Mollen,Female,fmollencj@walmart.com,835 800 4246
Shina,Kerrich,Female,skerrichck@slate.com,187 520 3861
Woodrow,Monkman,Male,wmonkmancl@newsvine.com,238 500 0139
Cecil,Maus,Male,cmauscm@army.mil,507 712 5270
Tobye,Moukes,Female,tmoukescn@w3.org,431 881 2708
Evin,Alberts,Male,ealbertsco@freewebs.com,870 491 3325
Rolando,Wincott,Male,rwincottcp@illinois.edu,871 988 2117
Jordan,Roxburgh,Male,jroxburghcq@freewebs.com,342 830 9479
Karlee,Kindell,Genderqueer,kkindellcr@yandex.ru,130 345 7210
Hamlen,Pendock,Bigender,hpendockcs@craigslist.org,375 969 0457
Wilek,Corris,Male,wcorrisct@imageshack.us,756 710 3075
Grady,Carlow,Male,gcarlowcu@dion.ne.jp,397 615 3124
Thane,Egle,Male,teglecv@google.com,511 851 4120
Gibb,Cana,Male,gcanacw@topsy.com,218 159 3577
Cindy,Hussey,Female,chusseycx@google.it,719 140 5172
Emelina,Morcom,Female,emorcomcy@a8.net,527 180 6031
Natalee,Boughen,Female,nboughencz@bbb.org,685 766 5272
Genna,Bucktrout,Bigender,gbucktroutd0@chronoengine.com,558 547 9221
Brade,Dewett,Male,bdewettd1@wordpress.com,121 539 5589
Birgit,Budgett,Female,bbudgettd2@instagram.com,662 131 2927
Alair,Suett,Male,asuettd3@bizjournals.com,771 909 2872
Marilyn,Managh,Female,mmanaghd4@bloglines.com,303 719 3965
Charis,Rubes,Female,crubesd5@networkadvertising.org,321 821 4611
Rahel,Warwicker,Female,rwarwickerd6@latimes.com,899 200 6820
Caroljean,Flicker,Female,cflickerd7@bbc.co.uk,559 152 9810
Chrotoem,Castanos,Male,ccastanosd8@apple.com,261 803 7730
Quentin,Tiddy,Female,qtiddyd9@behance.net,470 991 6752
Celine,De La Salle,Bigender,cdelasalleda@amazon.co.jp,522 467 1606
Keely,Cirlos,Female,kcirlosdb@icq.com,349 365 0104
Lark,Seed,Genderfluid,lseeddc@hc360.com,788 652 6377
Bonnie,Woodrow,Female,bwoodrowdd@exblog.jp,450 323 1167
Lavena,Skone,Female,lskonede@hibu.com,778 617 5696
Glynn,Bourhill,Male,gbourhilldf@va.gov,497 948 7446
Gary,Whitmore,Male,gwhitmoredg@homestead.com,714 121 3132
Julianne,O'Fielly,Female,jofiellydh@craigslist.org,582 738 9454
Dorey,Ponsford,Female,dponsforddi@hostgator.com,853 337 4587
Umeko,Boshers,Female,uboshersdj@squidoo.com,135 789 1923
Urban,Ketcher,Male,uketcherdk@mashable.com,976 159 9560
Beck,Timbrell,Male,btimbrelldl@flavors.me,431 205 2873
Elvis,McIllroy,Male,emcillroydm@harvard.edu,235 686 4882
Caritta,Gilford,Female,cgilforddn@sohu.com,202 149 8162
Dana,Lennard,Genderfluid,dlennarddo@google.pl,939 308 1355
Cassandre,Merington,Female,cmeringtondp@tinypic.com,520 866 4497
Sancho,Fullager,Male,sfullagerdq@surveymonkey.com,410 174 2843
Ralina,Murfett,Female,rmurfettdr@zdnet.com,479 178 6427
Dallas,Banham,Male,dbanhamds@japanpost.jp,233 282 8186
Bride,Domeny,Female,bdomenydt@alexa.com,979 600 1121
Judd,Kinny,Male,jkinnydu@ox.ac.uk,453 534 6235
Elysia,Shillabeer,Female,eshillabeerdv@livejournal.com,487 254 9722
Reinhold,Evans,Male,revansdw@gizmodo.com,667 991 7984
Xerxes,Tzar,Male,xtzardx@nydailynews.com,353 457 9515
Charlotta,Causbey,Female,ccausbeydy@delicious.com,587 115 2747
Erika,Skewis,Female,eskewisdz@shop-pro.jp,666 870 1789
Renell,O'Heffernan,Female,roheffernane0@technorati.com,271 415 0067
Myles,Jolland,Male,mjollande1@hhs.gov,843 593 4410
Pamela,Klimecki,Female,pklimeckie2@nydailynews.com,526 207 8192
Adeline,Holwell,Female,aholwelle3@mozilla.org,812 625 0031
Ailyn,Standen,Female,astandene4@123-reg.co.uk,351 603 3999
Curcio,Nucci,Male,cnuccie5@usda.gov,285 481 0576
Karoly,Bolesworth,Male,kbolesworthe6@fotki.com,408 448 4816
Stacie,Szymonwicz,Female,sszymonwicze7@vk.com,819 918 1270
Isa,Jenkinson,Male,ijenkinsone8@mtv.com,134 781 2586
Vinny,Banishevitz,Female,vbanishevitze9@wsj.com,612 206 1224
Aurelea,Feltham,Female,afelthamea@baidu.com,573 880 6292
Farley,Lackney,Male,flackneyeb@washingtonpost.com,489 131 9440
Lorine,Degoey,Female,ldegoeyec@google.cn,741 670 6008
Daune,Bratchell,Female,dbratchelled@globo.com,655 919 0373
Alphonse,Stading,Male,astadingee@cbslocal.com,215 578 5441
Sheilakathryn,Pyvis,Non-binary,spyvisef@photobucket.com,907 928 5828
Talbert,Addicote,Non-binary,taddicoteeg@bbc.co.uk,714 296 0417
Idette,Nijssen,Agender,inijsseneh@webeden.co.uk,223 152 2993
Stanleigh,Gosalvez,Male,sgosalvezei@alibaba.com,967 754 8110
Vergil,Yurshev,Male,vyurshevej@prlog.org,315 115 3711
Chloris,Dengate,Polygender,cdengateek@surveymonkey.com,161 470 9266
Orelia,McAndrew,Female,omcandrewel@wisc.edu,618 118 1297
Riane,Dufour,Bigender,rdufourem@nifty.com,368 555 2133
Gretal,MacCaghan,Female,gmaccaghanen@soup.io,260 139 3222
Vivianne,Sekulla,Female,vsekullaeo@biglobe.ne.jp,899 157 5322
Salvatore,D'Aubney,Male,sdaubneyep@hexun.com,541 243 6927
Artur,Lammertz,Male,alammertzeq@weebly.com,197 670 0996
Veronica,Cheine,Polygender,vcheineer@wunderground.com,462 988 8661
Octavia,Phear,Female,opheares@examiner.com,698 804 9048
Noelle,McIlvoray,Female,nmcilvorayet@ft.com,397 195 0590
Alisun,Dyos,Female,adyoseu@prweb.com,370 455 0207
Griffie,Petrou,Male,gpetrouev@latimes.com,357 422 3048
Doralyn,Rowbrey,Female,drowbreyew@examiner.com,190 898 8445
Maurizio,Haresnape,Male,mharesnapeex@gizmodo.com,478 880 2816
Micheline,Kadar,Female,mkadarey@pcworld.com,667 582 0976
Dion,Shorthouse,Female,dshorthouseez@linkedin.com,132 372 8551
Nicolai,Buche,Male,nbuchef0@tinyurl.com,670 109 0699
Bartholomeo,Rawlingson,Male,brawlingsonf1@woothemes.com,317 174 1107
Barton,Gouinlock,Male,bgouinlockf2@japanpost.jp,362 881 5201
Daisi,Sackett,Female,dsackettf3@wordpress.com,996 624 7881
Valry,Linneman,Female,vlinnemanf4@telegraph.co.uk,109 574 0984
Maegan,Haresnape,Female,mharesnapef5@cbc.ca,888 237 6737
Jaymee,Bawme,Bigender,jbawmef6@accuweather.com,367 363 7587
Corry,Raddon,Female,craddonf7@nba.com,869 783 7098
Alix,Karlolczak,Female,akarlolczakf8@naver.com,831 248 8108
Graehme,Andre,Male,gandref9@barnesandnoble.com,904 345 9014
Eleanor,Halden,Female,ehaldenfa@ustream.tv,276 373 9016
Louie,MacCaghan,Male,lmaccaghanfb@weibo.com,561 726 1602
Vallie,Rainon,Female,vrainonfc@miitbeian.gov.cn,244 721 7929
Teresina,Baert,Female,tbaertfd@uiuc.edu,243 891 9181
Jaine,Dunsmore,Female,jdunsmorefe@princeton.edu,507 558 3152
Konstanze,Garrat,Female,kgarratff@themeforest.net,248 478 7175
Georges,Kapiloff,Male,gkapilofffg@google.com.au,490 112 9584
Yorker,Fawson,Male,yfawsonfh@1und1.de,336 980 4061
Alfie,Beccera,Male,abeccerafi@unesco.org,797 355 6076
Alfonse,Tampion,Male,atampionfj@un.org,490 128 1034
Tommy,Mocquer,Male,tmocquerfk@wikispaces.com,785 698 4891
Dennie,Gainsborough,Female,dgainsboroughfl@ask.com,347 948 1736
Sharia,Sedman,Female,ssedmanfm@ucla.edu,551 766 2020
Ainsley,Syratt,Female,asyrattfn@nature.com,826 863 9678
Starlin,Possa,Female,spossafo@nationalgeographic.com,731 773 9480
Kellina,Gorman,Female,kgormanfp@dmoz.org,165 523 5034
Kendre,Mont,Female,kmontfq@washington.edu,834 982 6076
Demott,Vouls,Male,dvoulsfr@reference.com,270 787 3469
Ivy,Haggas,Genderfluid,ihaggasfs@cafepress.com,956 135 5085
Rickey,Stodit,Male,rstoditft@cmu.edu,857 649 1632
Arlee,Commings,Female,acommingsfu@lycos.com,164 451 8474
Norine,Esmond,Female,nesmondfv@shareasale.com,655 592 2169
Marna,Bellelli,Female,mbellellifw@feedburner.com,889 418 7508
Chickie,Calterone,Male,ccalteronefx@ucoz.ru,674 465 1787
Odelle,Dannel,Female,odannelfy@huffingtonpost.com,416 623 2612
Tyrus,Simonetto,Male,tsimonettofz@360.cn,844 182 0830
Brett,Wenham,Male,bwenhamg0@biglobe.ne.jp,263 216 6126
Erie,McKillop,Non-binary,emckillopg1@hibu.com,412 114 4788
Joly,Yate,Female,jyateg2@nbcnews.com,289 713 8111
Ben,Ambrogetti,Male,bambrogettig3@bravesites.com,979 665 4642
Nadean,Shorto,Female,nshortog4@dropbox.com,341 164 2874
Jodie,Ivy,Male,jivyg5@sciencedaily.com,918 225 4856
Faustine,Williment,Female,fwillimentg6@mysql.com,951 189 2451
Gordon,Cheley,Male,gcheleyg7@cafepress.com,589 735 3308
Laurens,Bartomeu,Male,lbartomeug8@nydailynews.com,174 353 4286
Collen,Ions,Female,cionsg9@netscape.com,391 564 2150
Alvis,Biever,Male,abieverga@smh.com.au,547 775 3383
Magda,Goldby,Female,mgoldbygb@cargocollective.com,402 310 7206
Tressa,Berrey,Female,tberreygc@sohu.com,447 661 4557
Mavra,Cestard,Female,mcestardgd@posterous.com,308 527 5819
Haroun,Eltone,Male,heltonege@usgs.gov,825 100 5338
Way,Corain,Male,wcoraingf@pen.io,763 109 7798
Marcela,Ferrotti,Non-binary,mferrottigg@vkontakte.ru,551 650 1095
Lorna,Joriot,Female,ljoriotgh@yale.edu,851 544 5621
Irvin,Reasce,Male,ireascegi@irs.gov,699 617 3919
Milka,Petticrow,Female,mpetticrowgj@pinterest.com,186 373 5697
Elinore,Rubke,Female,erubkegk@fc2.com,334 893 8420
Kiel,Blinder,Male,kblindergl@blogtalkradio.com,378 206 5858
Killie,Goter,Male,kgotergm@istockphoto.com,945 303 8868
Jeanine,Mapholm,Female,jmapholmgn@nytimes.com,959 724 0291
Gabe,Basile,Male,gbasilego@xing.com,257 566 2452
Rhianna,Foxen,Female,rfoxengp@booking.com,815 955 6042
Benni,Di Francesco,Polygender,bdifrancescogq@salon.com,727 170 1073
Matthias,Beckham,Male,mbeckhamgr@shareasale.com,205 575 4359
Dunn,Cardozo,Male,dcardozogs@arizona.edu,733 228 5677
Lance,Anthes,Male,lanthesgt@ucoz.com,379 214 0200
Simona,Mallard,Female,smallardgu@reddit.com,199 310 2929
Paulette,Clever,Agender,pclevergv@epa.gov,670 390 7623
Herculie,Louder,Male,hloudergw@twitpic.com,304 660 3737
Giulia,Fiddeman,Female,gfiddemangx@cbsnews.com,837 822 5477
Koressa,Havik,Female,khavikgy@wordpress.org,853 216 8973
Paolo,Travis,Male,ptravisgz@dyndns.org,905 623 8045
Pooh,Fucher,Male,pfucherh0@sitemeter.com,484 326 8110
Karrah,Bickardike,Polygender,kbickardikeh1@miitbeian.gov.cn,965 373 7643
Cathi,Rawood,Female,crawoodh2@adobe.com,521 381 3955
Hunfredo,Deval,Male,hdevalh3@simplemachines.org,477 817 0082
Leila,Rizzello,Female,lrizzelloh4@si.edu,700 831 0099
Bibbie,Pring,Female,bpringh5@uiuc.edu,117 741 7147
Merrili,Driscoll,Female,mdriscollh6@army.mil,336 707 8024
Barton,Ellison,Male,bellisonh7@ycombinator.com,139 379 6889
Trent,Navarijo,Male,tnavarijoh8@so-net.ne.jp,430 373 8247
Wileen,Tenny,Female,wtennyh9@skyrock.com,325 180 1065
Tonya,Kenrack,Female,tkenrackha@symantec.com,232 677 9716
Marys,Cock,Female,mcockhb@wordpress.org,274 440 8540
Hali,Hovell,Female,hhovellhc@scribd.com,424 491 7741
Vonny,Gawke,Female,vgawkehd@intel.com,258 949 6048
Elana,Keson,Female,ekesonhe@amazon.de,180 119 8418
Hayley,Walkden,Female,hwalkdenhf@wisc.edu,591 362 8891
Eamon,Myerscough,Male,emyerscoughhg@seattletimes.com,336 520 9925
Marrilee,Robbe,Female,mrobbehh@gnu.org,627 553 0295
Alberta,Tammadge,Female,atammadgehi@irs.gov,489 782 3096
Nonna,Liston,Female,nlistonhj@1688.com,318 733 9000
Allin,Sorro,Male,asorrohk@booking.com,490 620 9587
Clerissa,Wyper,Female,cwyperhl@lulu.com,688 180 9833
Noelyn,Prise,Female,nprisehm@bbb.org,982 381 8557
Retha,McRuvie,Female,rmcruviehn@photobucket.com,974 303 0816
Jacques,Gadsden,Male,jgadsdenho@nhs.uk,491 512 8084
Dorie,Bambery,Female,dbamberyhp@imageshack.us,404 814 0343
Harmon,Scrivener,Male,hscrivenerhq@yale.edu,846 517 7509
Jeannine,Danes,Female,jdaneshr@blogspot.com,736 179 1628
Klaus,Cattroll,Male,kcattrollhs@shop-pro.jp,944 173 9047
Lia,Farnish,Genderfluid,lfarnishht@abc.net.au,692 308 8349
Annmaria,Schneider,Female,aschneiderhu@mail.ru,312 568 9697
Christos,Moreno,Male,cmorenohv@virginia.edu,353 181 9270
Dana,Swarbrick,Female,dswarbrickhw@typepad.com,163 252 3677
Rosana,Please,Female,rpleasehx@narod.ru,780 466 7423
Maire,Clyde,Female,mclydehy@shutterfly.com,583 711 2386
Madelaine,Stallebrass,Female,mstallebrasshz@princeton.edu,506 381 8152
Dulcie,Jakov,Female,djakovi0@t-online.de,685 847 5831
Abdul,Lenormand,Male,alenormandi1@rakuten.co.jp,880 271 0150
Caron,Croy,Female,ccroyi2@tamu.edu,466 571 3447
Maggy,Sancto,Female,msanctoi3@uol.com.br,346 688 3268
Michele,Burberry,Bigender,mburberryi4@opensource.org,458 106 4072
Gery,Astin,Agender,gastini5@delicious.com,328 387 1866
Winifield,McIlvaney,Male,wmcilvaneyi6@opensource.org,402 899 0169
Linda,Wildin,Female,lwildini7@vinaora.com,598 953 7260
Remus,De Bruijne,Male,rdebruijnei8@cocolog-nifty.com,718 512 0852
Dehlia,Fortman,Female,dfortmani9@free.fr,423 223 0586
Sada,Iannello,Female,siannelloia@chronoengine.com,972 126 4747
Julianne,Ellsbury,Female,jellsburyib@sitemeter.com,347 101 8891
Doralynne,Deplacido,Bigender,ddeplacidoic@nsw.gov.au,319 836 7423
Beth,Rock,Female,brockid@washington.edu,559 871 6919
Hughie,Signe,Male,hsigneie@unesco.org,995 659 3446
Sergent,Wilkerson,Male,swilkersonif@google.de,852 382 7105
Yvette,Wigin,Female,ywiginig@psu.edu,798 789 1185
Thane,Matyasik,Male,tmatyasikih@istockphoto.com,881 525 3334
Georgette,Dutteridge,Female,gdutteridgeii@lulu.com,269 743 7652
Gale,Bernardoni,Female,gbernardoniij@apple.com,887 759 4200
Land,Bold,Male,lboldik@free.fr,670 163 0717
Diarmid,Beckham,Male,dbeckhamil@bloglovin.com,550 120 5811
Lemar,Dionisio,Male,ldionisioim@imageshack.us,667 610 3285
Josie,Peet,Non-binary,jpeetin@theguardian.com,894 876 7420
Caterina,Grishakov,Female,cgrishakovio@berkeley.edu,681 521 9450
Saloma,Galliard,Female,sgalliardip@nasa.gov,682 597 4816
Tonye,Gomby,Female,tgombyiq@amazon.com,942 989 3879
Patrick,Gopsall,Male,pgopsallir@dropbox.com,209 331 0433
Elfie,Novotne,Female,enovotneis@github.io,786 157 2515
Wakefield,Banane,Male,wbananeit@time.com,966 177 8908
Darill,Trimbey,Non-binary,dtrimbeyiu@free.fr,387 667 4037
Karoly,Blencoe,Female,kblencoeiv@intel.com,735 477 2190
Chico,Duddy,Male,cduddyiw@indiatimes.com,875 402 6359
Melody,Duckerin,Female,mduckerinix@clickbank.net,596 705 1053
Gusta,Hymer,Female,ghymeriy@bizjournals.com,679 591 6477
Roselia,Baseggio,Female,rbaseggioiz@feedburner.com,955 216 5791
Cordie,Ismirnioglou,Female,cismirnioglouj0@meetup.com,208 554 9649
Netti,Neubigging,Female,nneubiggingj1@virginia.edu,861 587 0881
Woodie,Chastelain,Male,wchastelainj2@netvibes.com,468 496 0028
Celestyna,Sewter,Female,csewterj3@telegraph.co.uk,129 555 0822
Sunshine,Johnson,Female,sjohnsonj4@redcross.org,136 535 0824
Elva,Goodere,Female,egooderej5@indiatimes.com,208 351 7452
Bondy,Gerrill,Male,bgerrillj6@ft.com,733 500 4402
Koressa,Tuminini,Female,ktumininij7@icq.com,164 534 6772
Denise,Camellini,Female,dcamellinij8@eventbrite.com,234 231 5356
Dall,Newling,Male,dnewlingj9@washington.edu,331 759 0521
Nial,Butterick,Male,nbutterickja@ihg.com,645 295 2702
Hillard,Pettko,Male,hpettkojb@bloglovin.com,808 212 5006
Nye,Penhalurick,Male,npenhalurickjc@house.gov,287 873 8961
Erroll,Eastlake,Male,eeastlakejd@parallels.com,470 165 7354
Crystie,Moralis,Female,cmoralisje@parallels.com,430 354 1270
Chick,Tunuy,Male,ctunuyjf@google.pl,826 343 5520
Idalina,Bretland,Female,ibretlandjg@howstuffworks.com,379 320 6070
Gustav,Gontier,Male,ggontierjh@jalbum.net,478 934 0916
Moe,Wesley,Bigender,mwesleyji@ihg.com,425 713 3815
Hetti,McGreay,Female,hmcgreayjj@yellowbook.com,302 589 0159
Melonie,Darcy,Agender,mdarcyjk@technorati.com,993 352 4578
Dagny,Beardsall,Male,dbeardsalljl@yellowbook.com,217 973 9234
Zared,Cowlam,Male,zcowlamjm@stumbleupon.com,237 475 7402
Brooks,McGoon,Male,bmcgoonjn@cyberchimps.com,746 970 8003
Sammy,Standring,Male,sstandringjo@techcrunch.com,920 458 9765
Shelden,Mulholland,Male,smulhollandjp@drupal.org,613 145 5391
Fleming,Brooksby,Bigender,fbrooksbyjq@soup.io,857 547 4812
Bernice,McLaughlin,Female,bmclaughlinjr@about.com,600 734 6080
Tibold,Worsnip,Male,tworsnipjs@sphinn.com,439 344 9119
Carmita,Reasun,Female,creasunjt@yelp.com,527 937 0888
Raychel,Kunat,Female,rkunatju@digg.com,942 277 8033
Carmelle,Crimin,Female,ccriminjv@mit.edu,939 396 1996
Jacob,Brookzie,Male,jbrookziejw@earthlink.net,315 912 3198
Bogey,Riccioppo,Male,briccioppojx@mediafire.com,755 249 3167
Willard,Dorian,Male,wdorianjy@toplist.cz,607 935 9088
Gaylene,Warwicker,Female,gwarwickerjz@nbcnews.com,982 589 1497
Pietrek,Lithcow,Male,plithcowk0@friendfeed.com,250 295 0469
Laetitia,Wooller,Female,lwoollerk1@nationalgeographic.com,772 906 0042
Winne,Edler,Female,wedlerk2@list-manage.com,512 743 4338
Lacey,Yearne,Female,lyearnek3@zimbio.com,723 292 9349
Addy,Seger,Female,asegerk4@thetimes.co.uk,103 476 8547
Ax,Whereat,Male,awhereatk5@homestead.com,509 486 1333
Emmalynn,Houlston,Female,ehoulstonk6@merriam-webster.com,892 480 2864
Cyrille,Stobbs,Male,cstobbsk7@slideshare.net,429 991 2580
Xenos,Vasilmanov,Agender,xvasilmanovk8@w3.org,314 200 2516
Ignazio,Spillane,Bigender,ispillanek9@seesaa.net,682 616 8758
Lalo,Hulburd,Male,lhulburdka@usnews.com,274 970 9552
Udell,Dekeyser,Male,udekeyserkb@homestead.com,176 796 0540
Modesta,Tenaunt,Bigender,mtenauntkc@uiuc.edu,560 923 1304
Edward,Murrells,Male,emurrellskd@histats.com,403 111 6200
Bernette,Gillow,Female,bgillowke@com.com,531 465 0667
Jaymee,Testin,Female,jtestinkf@meetup.com,315 320 2964
Leonore,Ricciardiello,Female,lricciardiellokg@lulu.com,543 355 0415
Victor,Eich,Polygender,veichkh@ebay.co.uk,724 850 5766
Gideon,Quinion,Male,gquinionki@gmpg.org,969 209 0036
Oren,Menco,Male,omencokj@networksolutions.com,545 513 7182
Anselma,Dunkley,Female,adunkleykk@auda.org.au,389 645 3997
Obie,Pierucci,Male,opieruccikl@hibu.com,363 754 5533
Somerset,Doughty,Male,sdoughtykm@fema.gov,145 819 7788
Janice,Rallings,Female,jrallingskn@webs.com,278 320 8663
Georges,Maylam,Male,gmaylamko@discuz.net,224 709 6376
Paolina,Poxton,Female,ppoxtonkp@lulu.com,320 515 0179
Lauren,Guerrazzi,Female,lguerrazzikq@etsy.com,498 350 4739
Tana,Baggally,Female,tbaggallykr@thetimes.co.uk,557 113 5071
Ammamaria,Oxe,Female,aoxeks@sogou.com,649 407 9059
Karyl,Kullmann,Female,kkullmannkt@unblog.fr,894 847 7085
Elvis,Rabl,Male,erablku@loc.gov,653 913 1333
Desi,Sudron,Male,dsudronkv@umich.edu,483 136 2136
Melinde,Niesel,Female,mnieselkw@digg.com,685 385 8354
Gretchen,Redmond,Female,gredmondkx@bravesites.com,220 118 4550
Agnesse,Tours,Female,atoursky@samsung.com,921 781 8675
Junette,Adamolli,Female,jadamollikz@hexun.com,361 835 6642
Abbye,McDaid,Female,amcdaidl0@drupal.org,848 463 2830
Darnall,Lyven,Genderqueer,dlyvenl1@woothemes.com,263 457 2130
Casie,Woliter,Female,cwoliterl2@mapy.cz,971 740 6040
Simone,Doman,Male,sdomanl3@sbwire.com,249 742 4268
Corie,Ortner,Female,cortnerl4@blinklist.com,218 770 7441
Agnes,Gotcher,Female,agotcherl5@networkadvertising.org,213 400 1465
Randi,Sharples,Female,rsharplesl6@whitehouse.gov,701 254 0485
Phillis,Smeall,Female,psmealll7@mashable.com,981 699 5526
Marsh,Stanborough,Male,mstanboroughl8@cnet.com,469 599 2253
Emeline,Cockren,Female,ecockrenl9@ezinearticles.com,654 374 5396
Kelley,Hairsine,Male,khairsinela@auda.org.au,509 853 1196
Kristan,Rubinowitsch,Female,krubinowitschlb@gizmodo.com,771 750 3585
Shamus,Gateman,Male,sgatemanlc@nyu.edu,447 460 8076
Sapphira,Waszkiewicz,Female,swaszkiewiczld@webmd.com,575 135 9187
Bogey,Dosdale,Male,bdosdalele@tamu.edu,332 508 9039
Angela,Gulleford,Female,agullefordlf@sitemeter.com,635 311 1377
Muffin,Fielden,Female,mfieldenlg@opensource.org,620 213 4708
Loreen,Wadforth,Female,lwadforthlh@spotify.com,298 701 4293
Allin,Scambler,Male,ascamblerli@meetup.com,214 378 6655
Randi,Durham,Male,rdurhamlj@ebay.co.uk,446 918 4985
Garrott,Arendt,Male,garendtlk@cornell.edu,224 950 5441
Leoine,Fuente,Female,lfuentell@bing.com,512 446 2304
Lambert,Dehn,Male,ldehnlm@amazon.co.jp,222 441 1113
Stace,Bravey,Female,sbraveyln@sciencedirect.com,820 115 4723
Tabbitha,Galier,Female,tgalierlo@japanpost.jp,910 609 8254
Isiahi,Southway,Non-binary,isouthwaylp@indiegogo.com,793 183 6299
Anett,Adamo,Female,aadamolq@mapquest.com,221 581 2419
Aldo,Estoile,Male,aestoilelr@seesaa.net,144 590 5102
Banky,Marousek,Male,bmarousekls@storify.com,665 867 3547
Benedetto,Birks,Male,bbirkslt@businessweek.com,289 111 6730
Mallory,Dyne,Male,mdynelu@dagondesign.com,607 815 3124
Hi,Larmett,Male,hlarmettlv@bandcamp.com,315 429 4452
Shauna,Ornils,Female,sornilslw@sina.com.cn,252 250 9895
Tammy,Bayston,Male,tbaystonlx@oracle.com,823 458 1516
Erik,Loncaster,Male,eloncasterly@nbcnews.com,420 152 4206
Archambault,Chillistone,Male,achillistonelz@nymag.com,608 784 1238
Goober,Arons,Male,garonsm0@theglobeandmail.com,316 960 1135
Bernardine,Kemetz,Agender,bkemetzm1@symantec.com,223 397 2535
Lorenza,Troman,Female,ltromanm2@hugedomains.com,791 344 1776
Katheryn,Alyutin,Female,kalyutinm3@google.fr,196 570 0878
Mar,Dwight,Male,mdwightm4@apache.org,729 803 1506
Terrie,Faireclough,Female,tfairecloughm5@youtu.be,145 595 4763
Rodolfo,Millican,Male,rmillicanm6@bloglines.com,741 850 3666
Perceval,Iacivelli,Male,piacivellim7@businessweek.com,864 806 0331
Ulick,Benit,Male,ubenitm8@usnews.com,559 339 2163
Flem,Dimsdale,Male,fdimsdalem9@themeforest.net,981 225 4005
Harwilll,Stanfield,Male,hstanfieldma@theguardian.com,954 464 7185
Amalee,Satyford,Female,asatyfordmb@ted.com,584 604 3575
Joell,Dunbleton,Bigender,jdunbletonmc@kickstarter.com,806 837 4451
Rog,Chaucer,Male,rchaucermd@ibm.com,608 141 7091
Pascale,Kisting,Male,pkistingme@mit.edu,215 914 3954
Sid,Wagon,Male,swagonmf@arizona.edu,657 307 8741
Essy,Lippard,Female,elippardmg@t.co,965 327 4029
Jeramie,Janda,Male,jjandamh@telegraph.co.uk,926 462 0694
Kenyon,Warrilow,Male,kwarrilowmi@smugmug.com,321 694 8359
Ari,Callaghan,Male,acallaghanmj@slashdot.org,808 231 8432
Wilhelmine,Oris,Female,worismk@census.gov,602 593 0326
Abbie,Simnel,Female,asimnelml@ucsd.edu,460 250 9010
Hyacinthia,Burrill,Female,hburrillmm@hud.gov,267 415 7984
Kalie,Towler,Female,ktowlermn@lulu.com,300 434 3316
Ted,Moran,Male,tmoranmo@plala.or.jp,197 314 6497
Hi,Thorndale,Male,hthorndalemp@springer.com,483 147 1943
Brice,Cumberbatch,Male,bcumberbatchmq@uiuc.edu,489 209 4586
Jo-ann,Durante,Female,jdurantemr@google.de,738 215 7708
Tome,Atty,Male,tattyms@dion.ne.jp,591 367 4517
Whitney,Bothie,Male,wbothiemt@nationalgeographic.com,962 840 1263
Grazia,Dumberrill,Non-binary,gdumberrillmu@blogs.com,729 790 8520
Mayor,Sebyer,Male,msebyermv@naver.com,958 987 2322
Kamillah,Jzak,Female,kjzakmw@businessweek.com,219 478 7036
Ralf,Moule,Male,rmoulemx@sitemeter.com,579 553 7460
Donny,Oakenfull,Female,doakenfullmy@bloomberg.com,139 409 4380
Boigie,Humblestone,Male,bhumblestonemz@usatoday.com,652 650 1421
Nancy,Purchase,Female,npurchasen0@wisc.edu,804 743 4458
Pembroke,Betho,Male,pbethon1@pagesperso-orange.fr,404 999 7485
Beverlee,Gaitung,Female,bgaitungn2@state.tx.us,186 614 1792
Malchy,Carwithim,Male,mcarwithimn3@mit.edu,324 319 0690
Augustus,Lively,Male,alivelyn4@washington.edu,181 152 1167
Osborne,Huyge,Male,ohuygen5@dailymotion.com,202 375 8075
Wakefield,Matteo,Male,wmatteon6@hugedomains.com,922 625 5601
Osbourn,Lelievre,Male,olelievren7@blogs.com,355 417 4186
Christian,Boncoeur,Polygender,cboncoeurn8@hhs.gov,439 414 2559
Cody,McAusland,Female,cmcauslandn9@bizjournals.com,798 141 9456
Courtenay,Knoton,Bigender,cknotonna@histats.com,571 642 5413
Mirabel,Wheble,Female,mwheblenb@delicious.com,688 899 5820
Smith,Ishak,Male,sishaknc@xinhuanet.com,167 623 3027
Akim,Kirwood,Male,akirwoodnd@accuweather.com,441 499 9426
Jobie,Whitehurst,Non-binary,jwhitehurstne@de.vu,114 180 8226
Josselyn,Eccleshall,Female,jeccleshallnf@walmart.com,841 967 3227
Emera,Lerwill,Female,elerwillng@ustream.tv,597 988 0012
Kahaleel,Melluish,Male,kmelluishnh@hp.com,176 160 3459
Roseanna,Jakobssen,Female,rjakobssenni@angelfire.com,761 888 0260
Nat,Watkiss,Non-binary,nwatkissnj@weibo.com,530 924 6100
Towney,Doram,Male,tdoramnk@t.co,182 416 1712
Erl,Donnel,Male,edonnelnl@histats.com,562 669 6885
Garvey,Doughton,Male,gdoughtonnm@utexas.edu,810 712 2072
Edward,McGooch,Male,emcgoochnn@yahoo.co.jp,227 869 0335
Graig,Watsam,Male,gwatsamno@desdev.cn,298 313 3690
Consuela,Eam,Female,ceamnp@jalbum.net,632 864 0459
Lucretia,Slyde,Female,lslydenq@4shared.com,235 697 7576
Gideon,Giovanetti,Male,ggiovanettinr@opera.com,562 493 5886
Windham,Moggan,Male,wmogganns@cafepress.com,196 949 6032
David,Spaduzza,Polygender,dspaduzzant@go.com,384 519 0492
Reinaldo,Eccott,Male,reccottnu@eventbrite.com,874 607 0237
Lira,Cadney,Female,lcadneynv@hatena.ne.jp,221 445 1796
Malina,Jacop,Female,mjacopnw@bluehost.com,216 185 0324
Fair,Tresise,Non-binary,ftresisenx@joomla.org,212 948 5428
Sada,Cove,Female,scoveny@ted.com,612 332 8132
Byrle,McEniry,Male,bmcenirynz@fc2.com,281 569 3663
Ariel,Genge,Female,agengeo0@free.fr,214 731 4809
Kaleb,Nuzzi,Male,knuzzio1@mashable.com,242 824 9924
Rania,Bartosek,Female,rbartoseko2@fotki.com,962 985 1449
Stanton,Pawlicki,Male,spawlickio3@wikipedia.org,753 407 4687
Anallise,Danahar,Female,adanaharo4@aboutads.info,989 267 2551
Annamaria,Hebditch,Female,ahebditcho5@spiegel.de,260 214 5923
Bernardina,McNellis,Female,bmcnelliso6@prnewswire.com,225 220 5831
Kaile,Undy,Female,kundyo7@abc.net.au,337 817 4218
Gabriele,Dignum,Male,gdignumo8@about.me,282 736 1201
Warner,Garden,Male,wgardeno9@pinterest.com,788 512 7456
Fields,Hudd,Male,fhuddoa@shinystat.com,979 306 7386
Caleb,Jowers,Male,cjowersob@ovh.net,464 519 3033
Aubree,McGaw,Female,amcgawoc@deviantart.com,871 517 7144
Cordie,Rignall,Male,crignallod@ocn.ne.jp,198 975 9808
Mabel,Carss,Female,mcarssoe@princeton.edu,704 882 3806
Gallagher,Sturzaker,Male,gsturzakerof@boston.com,917 277 1620
Jock,Maycey,Agender,jmayceyog@wikimedia.org,633 457 6612
Woody,Monteath,Male,wmonteathoh@blogger.com,790 714 5059
Orazio,Mapson,Male,omapsonoi@imdb.com,276 814 3260
Kaspar,Rozycki,Male,krozyckioj@alexa.com,615 716 8874
Emmanuel,Hollindale,Male,ehollindaleok@chron.com,640 595 3877
Cecilia,Konrad,Female,ckonradol@pen.io,590 609 4175
Carrie,Amber,Female,camberom@sun.com,373 564 9104
Eilis,Leask,Female,eleaskon@hibu.com,954 604 0009
Morris,Kemmons,Male,mkemmonsoo@state.tx.us,174 206 8422
Jonis,Shiliton,Female,jshilitonop@webnode.com,186 391 8238
Rafael,Downse,Male,rdownseoq@spiegel.de,287 251 6050
Pammi,Wynch,Female,pwynchor@icq.com,160 904 7221
Evie,Fulk,Female,efulkos@usatoday.com,358 205 7082
Rois,Trahmel,Female,rtrahmelot@freewebs.com,566 726 5617
Elfie,Ffrench,Non-binary,effrenchou@topsy.com,386 944 1248
Abby,Skates,Male,askatesov@nifty.com,955 115 7712
Brodie,Kleen,Male,bkleenow@ifeng.com,896 680 1620
Erina,Napper,Female,enapperox@kickstarter.com,883 407 0043
Edwina,Banford,Female,ebanfordoy@weibo.com,685 142 9976
Gussie,McEnhill,Female,gmcenhilloz@amazon.com,350 127 3144
Neville,Pennycock,Male,npennycockp0@edublogs.org,181 109 6501
Dino,Goodfellowe,Male,dgoodfellowep1@reference.com,227 238 7393
Floyd,Colt,Male,fcoltp2@addthis.com,356 536 6175
Ilse,Guillon,Female,iguillonp3@usda.gov,884 312 1875
Bartholomeo,Castanie,Male,bcastaniep4@bloglovin.com,956 811 7240
Rayna,Lesek,Female,rlesekp5@altervista.org,832 744 2641
Terrie,Patington,Female,tpatingtonp6@istockphoto.com,334 486 4589
Jacenta,McLoughlin,Female,jmcloughlinp7@dedecms.com,329 782 4132
Nichole,Fever,Female,nfeverp8@army.mil,658 636 9481
Amery,McLoney,Male,amcloneyp9@illinois.edu,687 263 9936
Roger,Allwell,Male,rallwellpa@admin.ch,285 729 4804
Mureil,Skaif,Female,mskaifpb@purevolume.com,790 189 3543
Michel,Daffey,Male,mdaffeypc@prweb.com,235 269 1163
Oliviero,Dowker,Male,odowkerpd@netvibes.com,115 818 2959
Berton,Sargeant,Male,bsargeantpe@phoca.cz,884 149 0566
Maurise,Jeacock,Male,mjeacockpf@un.org,118 415 3872
Cordell,Arons,Male,caronspg@va.gov,106 421 0799
Fredrika,Helliwell,Female,fhelliwellph@jugem.jp,327 495 2248
Adah,Antonin,Female,aantoninpi@dailymail.co.uk,210 398 1549
Madelaine,Denington,Female,mdeningtonpj@stumbleupon.com,405 880 2511
Moll,Boyall,Female,mboyallpk@lycos.com,751 323 4214
Richmond,Ceely,Male,rceelypl@state.gov,352 967 6636
Madalena,Pirrone,Female,mpirronepm@wisc.edu,520 605 2439
Caren,Inglis,Female,cinglispn@symantec.com,654 930 8766
Meagan,Fleetwood,Non-binary,mfleetwoodpo@blogspot.com,194 866 7687
Katherina,Zupone,Female,kzuponepp@gizmodo.com,949 256 1643
Rinaldo,Brislane,Male,rbrislanepq@hc360.com,251 505 9725
Lorin,Gully,Male,lgullypr@sfgate.com,217 789 9303
Bettine,O'Coskerry,Female,bocoskerryps@eventbrite.com,313 995 2954
Ronni,Korejs,Female,rkorejspt@ustream.tv,119 279 3259
Corney,Beynkn,Male,cbeynknpu@blogtalkradio.com,595 476 0904
Silvanus,Van Merwe,Male,svanmerwepv@topsy.com,489 356 8514
Tatiania,Darridon,Female,tdarridonpw@oracle.com,911 805 6997
Tad,Fitchen,Male,tfitchenpx@nature.com,756 329 8544
Lowell,Waterstone,Male,lwaterstonepy@ycombinator.com,251 171 5843
Gabbey,Wickins,Female,gwickinspz@amazon.com,916 339 6279
Joseph,Crummey,Male,jcrummeyq0@yandex.ru,221 450 7693
Fons,Crollman,Male,fcrollmanq1@sakura.ne.jp,989 595 7861
Leta,Zeale,Female,lzealeq2@yale.edu,790 958 4385
Sabine,Schober,Female,sschoberq3@meetup.com,486 766 2722
Tanitansy,Gilhouley,Female,tgilhouleyq4@tumblr.com,244 577 9315
Eleanor,Growy,Bigender,egrowyq5@webnode.com,753 762 0880
Kenna,Walkden,Female,kwalkdenq6@oracle.com,169 248 1794
Cord,Stannard,Male,cstannardq7@g.co,825 262 5994
Melanie,Mogford,Female,mmogfordq8@etsy.com,131 223 2635
Carol,Iban,Non-binary,cibanq9@cmu.edu,910 374 9169
Merrile,Lippiello,Female,mlippielloqa@economist.com,831 195 3035
Tulley,Yakovitch,Male,tyakovitchqb@stanford.edu,599 969 9755
Sheri,Inworth,Female,sinworthqc@naver.com,707 652 5448
Sherwynd,D'Andrea,Male,sdandreaqd@bloglovin.com,752 418 2925
Corrie,Swansborough,Female,cswansboroughqe@miibeian.gov.cn,217 852 1671
Dodie,Aggis,Non-binary,daggisqf@flickr.com,322 756 2423
Addy,Di Bartolommeo,Male,adibartolommeoqg@amazon.de,395 398 9656
Maurie,Keyes,Male,mkeyesqh@wordpress.org,683 213 6173
Hodge,Inchley,Agender,hinchleyqi@barnesandnoble.com,371 150 6472
Tyson,Bromont,Male,tbromontqj@msn.com,615 748 4829
Bendicty,Walmsley,Male,bwalmsleyqk@ox.ac.uk,594 308 4847
Laraine,Halloway,Female,lhallowayql@cpanel.net,942 106 9142
Cal,Timmis,Male,ctimmisqm@jiathis.com,807 249 8281
Viola,McComiskie,Female,vmccomiskieqn@netvibes.com,808 507 0381
Lyman,Ghilks,Male,lghilksqo@flavors.me,634 761 4953
Roselle,Vint,Female,rvintqp@rediff.com,386 742 2748
Jobey,Trineman,Genderfluid,jtrinemanqq@upenn.edu,871 686 8908
Dorrie,Catcheside,Female,dcatchesideqr@ebay.co.uk,254 145 2796
Gnni,Martel,Female,gmartelqs@dmoz.org,465 671 7745
Shayne,Chetwynd,Female,schetwyndqt@indiatimes.com,755 289 9664
Ag,Redish,Female,aredishqu@unesco.org,883 100 4378
Lucias,Pybus,Male,lpybusqv@over-blog.com,711 326 6533
Shela,MacNockater,Female,smacnockaterqw@cnbc.com,705 279 1669
Edna,Ballintime,Female,eballintimeqx@smugmug.com,217 174 0539
Rosanna,Jakoubek,Female,rjakoubekqy@bizjournals.com,296 766 3181
Betsy,Byrd,Female,bbyrdqz@spotify.com,537 905 7206
Verney,Maisey,Male,vmaiseyr0@qq.com,648 171 8233
Albina,Mapis,Female,amapisr1@sbwire.com,776 808 3701
Conny,Grossier,Female,cgrossierr2@wordpress.com,934 179 5114
Karisa,Kinchin,Female,kkinchinr3@businessinsider.com,622 537 5836
Foster,Topper,Male,ftopperr4@psu.edu,888 428 2473
Guillermo,Cronk,Male,gcronkr5@slashdot.org,206 679 1999
Stu,Speachley,Male,sspeachleyr6@furl.net,675 988 3796
Judy,Bendall,Female,jbendallr7@surveymonkey.com,788 661 0739
Bram,Jochens,Male,bjochensr8@cbc.ca,881 488 8800
Reuben,Nott,Male,rnottr9@odnoklassniki.ru,796 399 1216
Bo,Herrema,Genderqueer,bherremara@reference.com,282 982 3847
Nikolos,O' Borne,Male,nobornerb@psu.edu,312 226 4694
Farrell,Stobie,Male,fstobierc@columbia.edu,385 609 4402
Tish,Queen,Female,tqueenrd@123-reg.co.uk,350 280 3308
Mart,Ferens,Genderqueer,mferensre@rambler.ru,270 186 0209
Nesta,Spat,Female,nspatrf@wisc.edu,654 611 6668
Donelle,Darling,Female,ddarlingrg@canalblog.com,813 110 0352
Cesaro,Ronnay,Male,cronnayrh@china.com.cn,773 552 8875
Lani,Pimley,Female,lpimleyri@yellowbook.com,355 861 5716
Aleksandr,Dartan,Male,adartanrj@yale.edu,520 213 7039
Lesly,Poate,Polygender,lpoaterk@hexun.com,789 510 0664
Wat,Sartin,Male,wsartinrl@liveinternet.ru,223 541 2582
Orlan,Palfreyman,Male,opalfreymanrm@census.gov,197 274 3728
Corbin,Forth,Male,cforthrn@i2i.jp,457 414 9182
Costa,McAlpine,Male,cmcalpinero@tinyurl.com,705 675 2187
Raymond,Pashby,Male,rpashbyrp@blogs.com,668 822 3208
Margot,Onthank,Female,monthankrq@studiopress.com,205 259 3244
Griffin,Standish,Male,gstandishrr@51.la,797 765 2077
